timestamp,cycle,furcations_count,scales_involved,complexities_involved,total_furcations,coherence
2026-04-05T04:22:53.734079,13,1,100.0,2,1,0.9931
2026-04-05T04:22:55.519066,46,1,10.0,2,2,0.9934
2026-04-05T04:22:57.099547,76,1,30.0,3,3,0.9937
2026-04-05T04:22:58.103367,95,1,30.0,2,4,0.9936
2026-04-05T04:22:58.760032,105,2,100.0;0.1,1;2,6,0.9937
2026-04-05T04:22:59.039627,110,1,10.0,1,7,0.9936
2026-04-05T04:22:59.117630,111,1,3.0,2,8,0.9933
2026-04-05T04:22:59.655635,120,1,3.0,3,9,0.9932
2026-04-05T04:23:00.710595,140,2,0.3;3.0,3;2,11,0.9937
2026-04-05T04:23:01.620034,156,1,1.0,3,12,0.9942
2026-04-05T04:23:03.011309,183,2,3.0;100.0,4;2,14,0.9943
2026-04-05T04:23:03.284308,187,3,100.0;1.0;1.0,3;4;1,17,0.9940
2026-04-05T04:23:03.502282,191,1,10.0,1,18,0.9937
2026-04-05T04:23:03.823575,196,1,100.0,2,19,0.9936
2026-04-05T04:23:05.632412,228,1,3.0,1,20,0.9939
2026-04-05T04:23:05.742095,230,1,1.0,2,21,0.9936
2026-04-05T04:23:06.332663,241,1,10.0,1,22,0.9933
2026-04-05T04:23:07.800633,268,1,10.0,2,23,0.9934
2026-04-05T04:23:07.973632,270,1,10.0,1,24,0.9931
2026-04-05T04:23:08.751196,284,3,3.0;30.0;3.0,3;2;2,27,0.9930
2026-04-05T04:23:08.964841,288,2,10.0;0.3,2;3,29,0.9927
2026-04-05T04:23:10.335112,311,2,3.0;10.0,3;2,31,0.9926
2026-04-05T04:23:10.404115,312,1,1.0,1,32,0.9923
2026-04-05T04:23:10.794355,319,2,3.0;0.1,2;3,34,0.9924
2026-04-05T04:23:11.535383,332,1,10.0,2,35,0.9925
2026-04-05T04:23:12.761391,354,2,30.0;100.0,1;1,37,0.9932
2026-04-05T04:23:13.171505,361,1,1.0,3,38,0.9931
2026-04-05T04:23:13.358516,364,2,30.0;10.0,1;2,40,0.9928
2026-04-05T04:23:15.456777,405,1,30.0,3,41,0.9925
2026-04-05T04:23:15.531779,406,2,0.1;10.0,1;3,43,0.9922
2026-04-05T04:23:15.796181,411,1,1.0,1,44,0.9919
2026-04-05T04:23:16.815571,428,1,0.1,1,45,0.9922
2026-04-05T04:23:16.888543,429,1,100.0,2,46,0.9919
2026-04-05T04:23:17.247571,436,2,0.3;0.1,3;1,48,0.9916
2026-04-05T04:23:17.579572,442,2,3.0;3.0,2;1,50,0.9913
2026-04-05T04:23:18.944968,464,2,100.0;1.0,2;1,52,0.9918
2026-04-05T04:23:19.482940,473,1,0.1,1,53,0.9923
2026-04-05T04:23:19.828431,479,1,30.0,3,54,0.9920
2026-04-05T04:23:19.933402,481,1,10.0,2,55,0.9917
2026-04-05T04:23:20.470431,490,2,0.1;3.0,1;2,57,0.9916
2026-04-05T04:23:21.158158,502,1,10.0,3,58,0.9919
2026-04-05T04:23:23.466975,542,1,10.0,1,59,0.9928
2026-04-05T04:23:23.686537,546,2,0.3;0.1,1;1,61,0.9925
2026-04-05T04:23:24.837789,565,1,3.0,3,62,0.9926
2026-04-05T04:23:25.666794,581,1,10.0,2,63,0.9925
2026-04-05T04:23:27.434324,610,1,30.0,3,64,0.9930
2026-04-05T04:23:28.133250,621,3,1.0;0.3;0.1,3;1;3,67,0.9933
2026-04-05T04:23:28.566249,627,1,10.0,2,68,0.9930
2026-04-05T04:23:29.230765,636,2,100.0;1.0,1;3,70,0.9929
2026-04-05T04:23:30.138578,650,1,3.0,3,71,0.9928
2026-04-05T04:23:30.913382,661,2,1.0;30.0,4;1,73,0.9925
2026-04-05T04:23:32.493802,687,1,1.0,4,74,0.9928
2026-04-05T04:23:32.813499,693,1,100.0,2,75,0.9925
2026-04-05T04:23:33.010479,696,1,30.0,3,76,0.9922
2026-04-05T04:23:33.545472,705,2,0.3;0.1,2;1,78,0.9921
2026-04-05T04:23:35.238697,733,1,100.0,4,79,0.9928
2026-04-05T04:23:35.332699,734,3,1.0;0.3;100.0,1;3;1,82,0.9925
2026-04-05T04:23:37.460261,767,1,1.0,3,83,0.9932
2026-04-05T04:23:37.743523,771,2,3.0;0.3,3;4,85,0.9931
2026-04-05T04:23:39.287035,797,2,0.3;10.0,3;1,87,0.9934
2026-04-05T04:23:39.403009,799,1,100.0,4,88,0.9931
2026-04-05T04:23:41.426559,833,1,0.3,1,89,0.9934
2026-04-05T04:23:41.971025,842,1,10.0,3,90,0.9935
2026-04-05T04:23:44.120119,877,2,100.0;10.0,2;2,92,0.9942
2026-04-05T04:23:44.962646,889,1,100.0,2,93,0.9941
2026-04-05T04:23:45.120618,892,3,0.3;10.0;0.3,1;4;1,96,0.9938
2026-04-05T04:23:46.227364,911,1,1.0,3,97,0.9939
2026-04-05T04:23:47.080950,924,2,3.0;100.0,1;2,99,0.9948
2026-04-05T04:23:47.279954,927,3,1.0;10.0;30.0,2;4;1,102,0.9949
2026-04-05T04:23:47.342951,928,1,10.0,1,103,0.9946
2026-04-05T04:23:47.818867,936,1,1.0,2,104,0.9947
2026-04-05T04:23:48.903232,953,1,0.1,3,105,0.9948
2026-04-05T04:23:49.203233,958,2,0.3;3.0,3;3,107,0.9945
2026-04-05T04:23:49.696645,966,2,30.0;30.0,1;1,109,0.9944
2026-04-05T04:23:49.885320,969,2,100.0;30.0,3;3,111,0.9941
2026-04-05T04:23:50.397345,978,2,3.0;30.0,1;2,113,0.9940
2026-04-05T04:23:51.194407,991,1,1.0,2,114,0.9939
2026-04-05T04:23:51.277378,992,1,0.1,2,115,0.9936
2026-04-05T04:23:51.695102,998,2,30.0;0.1,2;2,117,0.9937
2026-04-05T04:23:52.228843,1008,1,1.0,3,118,0.9934
2026-04-05T04:23:53.893872,1034,2,1.0;0.3,1;3,120,0.9939
2026-04-05T04:23:55.051940,1054,2,0.1;0.1,3;4,122,0.9936
2026-04-05T04:23:55.652941,1064,2,3.0;30.0,3;2,124,0.9935
2026-04-05T04:23:56.146931,1073,1,100.0,1,125,0.9934
2026-04-05T04:23:57.557257,1099,1,10.0,2,126,0.9939
2026-04-05T04:23:58.938288,1122,1,30.0,1,127,0.9940
2026-04-05T04:23:59.042286,1124,1,30.0,1,128,0.9939
2026-04-05T04:24:00.539219,1149,1,0.3,1,129,0.9944
2026-04-05T04:24:02.643742,1185,1,3.0,2,130,0.9963
2026-04-05T04:24:02.709717,1186,2,1.0;0.1,1;2,132,0.9960
2026-04-05T04:24:03.730851,1203,3,10.0;1.0;30.0,3;3;2,135,0.9957
2026-04-05T04:24:03.947909,1207,1,1.0,1,136,0.9954
2026-04-05T04:24:04.938779,1225,1,0.1,3,137,0.9953
2026-04-05T04:24:07.041601,1263,3,100.0;0.1;0.1,2;3;2,140,0.9962
2026-04-05T04:24:07.409630,1270,2,10.0;1.0,4;3,142,0.9961
2026-04-05T04:24:08.507551,1288,1,10.0,1,143,0.9962
2026-04-05T04:24:10.127031,1314,1,30.0,1,144,0.9967
2026-04-05T04:24:10.609031,1322,2,100.0;100.0,3;3,146,0.9966
2026-04-05T04:24:11.095832,1331,1,0.3,2,147,0.9963
2026-04-05T04:24:12.058349,1348,1,10.0,1,148,0.9966
2026-04-05T04:24:13.958871,1380,1,3.0,1,149,0.9975
2026-04-05T04:24:14.090875,1382,1,0.3,2,150,0.9972
2026-04-05T04:24:15.848411,1412,2,0.1;0.3,3;1,152,0.9973
2026-04-05T04:24:16.060403,1415,2,0.1;100.0,3;1,154,0.9972
2026-04-05T04:24:16.193405,1416,1,1.0,3,155,0.9969
2026-04-05T04:24:17.964065,1444,2,30.0;1.0,3;2,157,0.9974
2026-04-05T04:24:19.658798,1471,1,0.3,1,158,0.9977
2026-04-05T04:24:21.928850,1506,1,10.0,1,159,0.9977
2026-04-05T04:24:22.339830,1512,1,100.0,2,160,0.9977
2026-04-05T04:24:23.208442,1527,2,100.0;10.0,2;3,162,0.9977
2026-04-05T04:24:23.491442,1532,1,30.0,2,163,0.9974
2026-04-05T04:24:24.109749,1542,1,3.0,1,164,0.9975
2026-04-05T04:24:25.026683,1556,1,0.3,4,165,0.9974
2026-04-05T04:24:26.416988,1580,1,30.0,3,166,0.9977
2026-04-05T04:24:27.758113,1602,1,3.0,3,167,0.9977
2026-04-05T04:24:27.915848,1604,1,0.3,1,168,0.9974
2026-04-05T04:24:28.252851,1610,1,1.0,4,169,0.9971
2026-04-05T04:24:28.483870,1614,2,1.0;100.0,3;3,171,0.9968
2026-04-05T04:24:29.054566,1624,1,3.0,1,172,0.9969
2026-04-05T04:24:29.130567,1625,2,0.3;1.0,3;1,174,0.9966
2026-04-05T04:24:29.440562,1630,1,0.1,1,175,0.9963
2026-04-05T04:24:29.506568,1631,1,10.0,3,176,0.9960
2026-04-05T04:24:29.698736,1634,2,0.1;0.1,1;1,178,0.9959
2026-04-05T04:24:31.278177,1658,1,0.3,3,179,0.9972
2026-04-05T04:24:31.655183,1664,3,1.0;3.0;3.0,3;1;3,182,0.9971
2026-04-05T04:24:31.932431,1668,3,0.1;10.0;0.1,2;2;2,185,0.9968
2026-04-05T04:24:32.394437,1672,1,3.0,1,186,0.9967
2026-04-05T04:24:32.599436,1675,1,1.0,3,187,0.9964
2026-04-05T04:24:33.383651,1688,1,1.0,2,188,0.9963
2026-04-05T04:24:33.675251,1693,3,10.0;10.0;100.0,1;3;3,191,0.9964
2026-04-05T04:24:34.391296,1706,2,100.0;1.0,3;3,193,0.9961
2026-04-05T04:24:37.572159,1765,1,0.1,3,194,0.9970
2026-04-05T04:24:39.356898,1797,2,0.1;3.0,3;2,196,0.9975
2026-04-05T04:24:39.442895,1798,1,100.0,1,197,0.9972
2026-04-05T04:24:39.762540,1804,1,100.0,2,198,0.9971
2026-04-05T04:24:41.390884,1834,3,10.0;0.1;10.0,1;3;1,201,0.9974
2026-04-05T04:24:41.669860,1839,1,1.0,3,202,0.9973
2026-04-05T04:24:42.350035,1851,1,0.1,1,203,0.9972
2026-04-05T04:24:42.639035,1856,1,3.0,2,204,0.9969
2026-04-05T04:24:43.136315,1863,1,0.1,1,205,0.9970
2026-04-05T04:24:43.304317,1865,1,100.0,4,206,0.9967
2026-04-05T04:24:43.867826,1873,1,100.0,3,207,0.9968
2026-04-05T04:24:43.921822,1874,1,0.1,2,208,0.9965
2026-04-05T04:24:44.214827,1879,1,30.0,3,209,0.9964
2026-04-05T04:24:44.481827,1884,1,1.0,2,210,0.9963
2026-04-05T04:24:44.549821,1885,1,0.3,3,211,0.9960
2026-04-05T04:24:45.933045,1907,1,3.0,3,212,0.9971
2026-04-05T04:24:46.201046,1912,2,1.0;0.1,2;3,214,0.9968
2026-04-05T04:24:46.614047,1919,1,0.1,2,215,0.9965
2026-04-05T04:24:47.163410,1927,2,1.0;1.0,1;2,217,0.9964
2026-04-05T04:24:47.625409,1934,1,10.0,4,218,0.9963
2026-04-05T04:24:47.772518,1936,1,1.0,3,219,0.9960
2026-04-05T04:24:47.862765,1937,1,10.0,2,220,0.9957
2026-04-05T04:24:48.449756,1946,1,1.0,2,221,0.9960
2026-04-05T04:24:49.197645,1956,1,30.0,2,222,0.9963
2026-04-05T04:24:51.869108,2000,2,10.0;3.0,3;1,224,0.9977
2026-04-05T04:24:52.519103,2010,2,3.0;3.0,1;4,226,0.9977
2026-04-05T04:24:52.821513,2014,2,3.0;100.0,3;2,228,0.9977
2026-04-05T04:24:53.425514,2022,2,30.0;10.0,3;3,230,0.9977
2026-04-05T04:24:54.953682,2049,3,100.0;1.0;0.1,2;3;2,233,0.9977
2026-04-05T04:24:55.245659,2054,2,10.0;0.1,3;3,235,0.9976
2026-04-05T04:24:55.455683,2058,3,10.0;30.0;100.0,3;2;3,238,0.9973
2026-04-05T04:24:57.059352,2087,2,0.3;0.1,3;3,240,0.9972
2026-04-05T04:24:58.021525,2103,1,1.0,1,241,0.9975
2026-04-05T04:24:58.661525,2113,1,3.0,2,242,0.9976
2026-04-05T04:24:58.969310,2119,2,100.0;3.0,3;2,244,0.9973
2026-04-05T04:24:59.650310,2132,1,100.0,1,245,0.9972
2026-04-05T04:25:00.477087,2145,3,10.0;3.0;0.1,1;2;3,248,0.9975
2026-04-05T04:25:04.369134,2216,1,10.0,1,249,0.9977
2026-04-05T04:25:06.073866,2248,1,0.3,2,250,0.9977
2026-04-05T04:25:07.021736,2266,3,0.1;3.0;3.0,4;2;3,253,0.9976
2026-04-05T04:25:08.550933,2291,2,10.0;10.0,4;2,255,0.9977
2026-04-05T04:25:08.869440,2297,1,3.0,2,256,0.9974
2026-04-05T04:25:10.713960,2332,1,3.0,3,257,0.9975
2026-04-05T04:25:10.858802,2334,2,3.0;0.3,1;3,259,0.9972
2026-04-05T04:25:11.431826,2345,1,0.1,2,260,0.9969
2026-04-05T04:25:11.946074,2354,2,3.0;30.0,2;3,262,0.9966
2026-04-05T04:25:12.362074,2361,1,30.0,3,263,0.9965
2026-04-05T04:25:12.713697,2367,1,0.3,4,264,0.9962
2026-04-05T04:25:13.056691,2373,1,100.0,3,265,0.9959
2026-04-05T04:25:13.442691,2380,1,1.0,1,266,0.9956
2026-04-05T04:25:13.654691,2383,1,30.0,3,267,0.9953
2026-04-05T04:25:13.812156,2386,2,30.0;10.0,2;1,269,0.9950
2026-04-05T04:25:14.047175,2390,1,10.0,3,270,0.9947
2026-04-05T04:25:14.262175,2394,2,0.1;100.0,3;2,272,0.9946
2026-04-05T04:25:14.421149,2397,1,3.0,3,273,0.9943
2026-04-05T04:25:14.756449,2403,3,1.0;100.0;0.1,1;1;1,276,0.9940
2026-04-05T04:25:16.197538,2430,2,0.3;10.0,1;3,278,0.9943
2026-04-05T04:25:16.308510,2432,1,10.0,2,279,0.9940
2026-04-05T04:25:17.261508,2449,1,3.0,1,280,0.9943
2026-04-05T04:25:17.545481,2454,2,100.0;1.0,2;3,282,0.9942
2026-04-05T04:25:18.496208,2470,1,0.3,3,283,0.9943
2026-04-05T04:25:19.158649,2482,1,0.3,3,284,0.9940
2026-04-05T04:25:19.244623,2483,1,1.0,1,285,0.9937
2026-04-05T04:25:20.059873,2498,1,1.0,4,286,0.9942
2026-04-05T04:25:20.658870,2508,1,30.0,2,287,0.9945
2026-04-05T04:25:22.084840,2533,1,10.0,2,288,0.9950
2026-04-05T04:25:22.829158,2547,1,100.0,4,289,0.9947
2026-04-05T04:25:23.378158,2557,1,0.1,3,290,0.9944
2026-04-05T04:25:27.099795,2621,2,30.0;0.3,1;1,292,0.9961
2026-04-05T04:25:28.323483,2642,2,3.0;10.0,3;1,294,0.9968
2026-04-05T04:25:28.563465,2646,2,1.0;3.0,3;3,296,0.9965
2026-04-05T04:25:28.967061,2652,2,10.0;30.0,2;2,298,0.9966
2026-04-05T04:25:29.227058,2656,1,3.0,2,299,0.9965
2026-04-05T04:25:30.589211,2679,1,1.0,1,300,0.9974
2026-04-05T04:25:30.640182,2680,2,0.1;3.0,1;1,302,0.9971
2026-04-05T04:25:31.426052,2694,1,10.0,2,303,0.9974
2026-04-05T04:25:31.720968,2698,1,30.0,3,304,0.9973
2026-04-05T04:25:33.177109,2724,2,1.0;3.0,2;2,306,0.9976
2026-04-05T04:25:34.132517,2740,1,0.3,1,307,0.9977
2026-04-05T04:25:34.314537,2743,1,10.0,3,308,0.9974
2026-04-05T04:25:34.452508,2745,1,3.0,2,309,0.9971
2026-04-05T04:25:35.128767,2756,2,100.0;0.1,4;2,311,0.9972
2026-04-05T04:25:35.516744,2763,2,3.0;0.1,1;1,313,0.9969
2026-04-05T04:25:36.906249,2789,2,0.3;3.0,1;2,315,0.9966
2026-04-05T04:25:37.215223,2795,1,30.0,1,316,0.9963
2026-04-05T04:25:38.002809,2809,2,0.3;30.0,3;3,318,0.9964
2026-04-05T04:25:38.813924,2823,1,10.0,1,319,0.9965
2026-04-05T04:25:39.758610,2841,2,30.0;10.0,2;2,321,0.9962
2026-04-05T04:25:39.882384,2843,1,0.3,1,322,0.9959
2026-04-05T04:25:40.116412,2847,1,0.1,1,323,0.9956
2026-04-05T04:25:40.278393,2850,1,30.0,2,324,0.9953
2026-04-05T04:25:40.469385,2853,3,100.0;100.0;0.1,2;3;1,327,0.9954
2026-04-05T04:25:41.798401,2876,2,0.1;30.0,1;1,329,0.9957
2026-04-05T04:25:42.764046,2894,2,30.0;0.1,3;1,331,0.9954
2026-04-05T04:25:43.586172,2908,1,0.1,2,332,0.9953
2026-04-05T04:25:46.720053,2963,2,0.3;0.1,3;1,334,0.9958
2026-04-05T04:25:47.246830,2972,1,0.1,1,335,0.9957
2026-04-05T04:25:47.385802,2974,1,0.3,3,336,0.9954
2026-04-05T04:25:47.930514,2984,2,0.1;3.0,2;3,338,0.9951
2026-04-05T04:25:49.405800,3009,1,100.0,1,339,0.9958
2026-04-05T04:25:51.316289,3044,2,0.1;10.0,2;2,341,0.9959
2026-04-05T04:25:51.688938,3050,1,10.0,1,342,0.9958
2026-04-05T04:25:52.277514,3061,2,0.3;30.0,2;3,344,0.9957
2026-04-05T04:25:53.748070,3088,1,0.3,3,345,0.9958
2026-04-05T04:25:54.194935,3094,1,3.0,1,346,0.9961
2026-04-05T04:25:54.374915,3097,3,100.0;3.0;10.0,1;2;2,349,0.9958
2026-04-05T04:25:54.480906,3099,1,1.0,3,350,0.9955
2026-04-05T04:25:54.580906,3100,1,3.0,2,351,0.9952
2026-04-05T04:25:55.275222,3113,3,10.0;3.0;1.0,3;1;2,354,0.9951
2026-04-05T04:25:56.320136,3131,2,30.0;0.3,1;2,356,0.9956
2026-04-05T04:25:56.969215,3142,1,0.3,3,357,0.9957
2026-04-05T04:25:57.419216,3150,2,3.0;1.0,3;1,359,0.9954
2026-04-05T04:25:57.634216,3153,3,30.0;0.3;1.0,4;1;1,362,0.9951
2026-04-05T04:25:58.856276,3173,1,100.0,3,363,0.9956
2026-04-05T04:26:00.072356,3196,3,30.0;0.1;10.0,1;3;3,366,0.9955
2026-04-05T04:26:00.183332,3198,2,100.0;0.1,4;1,368,0.9952
2026-04-05T04:26:00.733814,3207,1,1.0,1,369,0.9951
2026-04-05T04:26:01.597804,3221,2,0.1;100.0,2;4,371,0.9954
2026-04-05T04:26:01.862012,3225,2,30.0;30.0,4;3,373,0.9953
2026-04-05T04:26:02.255983,3232,1,1.0,3,374,0.9952
2026-04-05T04:26:02.802262,3241,1,10.0,3,375,0.9951
2026-04-05T04:26:03.750883,3258,2,100.0;1.0,2;2,377,0.9950
2026-04-05T04:26:03.935284,3260,2,0.1;10.0,2;3,379,0.9947
2026-04-05T04:26:04.011261,3261,2,100.0;3.0,1;3,381,0.9944
2026-04-05T04:26:04.290284,3266,1,10.0,2,382,0.9941
2026-04-05T04:26:05.897006,3295,1,0.1,2,383,0.9944
2026-04-05T04:26:05.949011,3296,2,10.0;0.1,1;3,385,0.9941
2026-04-05T04:26:07.013736,3314,3,100.0;1.0;3.0,3;2;3,388,0.9946
2026-04-05T04:26:07.312736,3319,1,1.0,3,389,0.9945
2026-04-05T04:26:07.369707,3320,3,1.0;0.1;10.0,1;2;2,392,0.9942
2026-04-05T04:26:08.411869,3339,2,3.0;100.0,2;3,394,0.9947
2026-04-05T04:26:09.460328,3359,2,100.0;3.0,3;2,396,0.9950
2026-04-05T04:26:09.743018,3364,2,3.0;10.0,2;4,398,0.9947
2026-04-05T04:26:10.680252,3380,1,3.0,3,399,0.9952
2026-04-05T04:26:11.100412,3388,1,10.0,1,400,0.9949
2026-04-05T04:26:11.500391,3395,1,0.1,2,401,0.9948
2026-04-05T04:26:12.815539,3418,1,1.0,1,402,0.9951
2026-04-05T04:26:13.777860,3435,2,0.3;0.3,2;2,404,0.9952
2026-04-05T04:26:15.251484,3461,3,0.1;10.0;3.0,4;1;3,407,0.9949
2026-04-05T04:26:16.064120,3474,2,0.1;100.0,3;3,409,0.9952
2026-04-05T04:26:16.377116,3479,1,1.0,1,410,0.9953
2026-04-05T04:26:16.736755,3486,1,0.3,2,411,0.9950
2026-04-05T04:26:17.444407,3498,1,100.0,3,412,0.9951
2026-04-05T04:26:18.353962,3514,2,30.0;10.0,1;3,414,0.9954
2026-04-05T04:26:18.694868,3520,1,100.0,3,415,0.9953
2026-04-05T04:26:19.408869,3533,2,30.0;0.3,3;3,417,0.9950
2026-04-05T04:26:19.818200,3540,1,0.3,2,418,0.9949
2026-04-05T04:26:20.326201,3548,1,100.0,3,419,0.9950
2026-04-05T04:26:20.385172,3549,2,0.3;100.0,3;3,421,0.9947
2026-04-05T04:26:20.642201,3553,1,3.0,1,422,0.9944
2026-04-05T04:26:21.626711,3569,3,0.1;1.0;100.0,2;2;3,425,0.9947
2026-04-05T04:26:22.805158,3588,1,3.0,1,426,0.9958
2026-04-05T04:26:22.940503,3590,1,1.0,1,427,0.9955
2026-04-05T04:26:25.627855,3639,1,1.0,2,428,0.9962
2026-04-05T04:26:25.679555,3640,1,30.0,2,429,0.9959
2026-04-05T04:26:26.476574,3654,3,1.0;0.3;0.1,2;2;4,432,0.9964
2026-04-05T04:26:28.763868,3694,1,30.0,1,433,0.9973
2026-04-05T04:26:29.271868,3703,1,0.1,3,434,0.9972
2026-04-05T04:26:29.729499,3711,1,0.3,4,435,0.9971
2026-04-05T04:26:30.089805,3716,1,30.0,3,436,0.9970
2026-04-05T04:26:31.890654,3748,1,10.0,4,437,0.9971
2026-04-05T04:26:34.337518,3791,1,0.1,1,438,0.9977
2026-04-05T04:26:34.670195,3797,1,0.1,2,439,0.9974
2026-04-05T04:26:35.339918,3809,1,3.0,1,440,0.9977
2026-04-05T04:26:36.618731,3832,1,10.0,3,441,0.9977
2026-04-05T04:26:36.947654,3838,1,10.0,1,442,0.9974
2026-04-05T04:26:37.229673,3843,2,100.0;1.0,3;2,444,0.9971
2026-04-05T04:26:37.745409,3853,1,0.3,1,445,0.9968
2026-04-05T04:26:38.626423,3868,1,30.0,3,446,0.9969
2026-04-05T04:26:38.778740,3870,1,30.0,1,447,0.9966
2026-04-05T04:26:39.710541,3887,1,0.3,1,448,0.9965
2026-04-05T04:26:42.083797,3929,1,3.0,1,449,0.9974
2026-04-05T04:26:42.998826,3945,1,10.0,2,450,0.9975
2026-04-05T04:26:43.225798,3948,1,1.0,3,451,0.9974
2026-04-05T04:26:43.837527,3958,1,1.0,2,452,0.9975
2026-04-05T04:26:46.159175,3998,2,30.0;0.1,2;2,454,0.9977
2026-04-05T04:26:46.270147,4000,1,3.0,3,455,0.9974
2026-04-05T04:26:46.943994,4011,1,30.0,2,456,0.9971
2026-04-05T04:26:47.502994,4021,2,0.1;100.0,2;4,458,0.9970
2026-04-05T04:26:48.052555,4031,1,3.0,4,459,0.9969
2026-04-05T04:26:48.731202,4044,1,1.0,4,460,0.9966
2026-04-05T04:26:48.894096,4046,1,100.0,3,461,0.9963
2026-04-05T04:26:49.487125,4056,3,3.0;0.3;0.3,3;2;2,464,0.9962
2026-04-05T04:26:50.928742,4082,2,100.0;30.0,2;2,466,0.9965
2026-04-05T04:26:51.330720,4088,2,1.0;1.0,2;2,468,0.9964
2026-04-05T04:26:51.697664,4094,2,100.0;100.0,3;1,470,0.9963
2026-04-05T04:26:51.851349,4096,1,30.0,3,471,0.9960
2026-04-05T04:26:52.179373,4102,1,0.1,3,472,0.9957
2026-04-05T04:26:52.813605,4113,2,3.0;3.0,3;1,474,0.9956
2026-04-05T04:26:55.169363,4156,2,10.0;10.0,2;3,476,0.9959
2026-04-05T04:26:55.716508,4164,3,0.3;30.0;0.1,1;3;3,479,0.9960
2026-04-05T04:26:56.052757,4170,3,3.0;10.0;0.3,2;3;2,482,0.9957
2026-04-05T04:26:56.133759,4171,1,10.0,4,483,0.9954
2026-04-05T04:26:58.011168,4202,2,0.3;10.0,1;2,485,0.9959
2026-04-05T04:26:59.367579,4227,2,3.0;0.3,2;1,487,0.9962
2026-04-05T04:27:00.598936,4250,1,30.0,2,488,0.9961
2026-04-05T04:27:00.683912,4251,1,0.1,2,489,0.9958
2026-04-05T04:27:01.359994,4264,1,10.0,2,490,0.9955
2026-04-05T04:27:01.840304,4273,1,1.0,4,491,0.9952
2026-04-05T04:27:02.092304,4277,1,3.0,4,492,0.9949
2026-04-05T04:27:03.437657,4301,2,1.0;100.0,2;3,494,0.9948
2026-04-05T04:27:03.488630,4302,1,30.0,1,495,0.9945
2026-04-05T04:27:05.142332,4332,2,0.1;1.0,3;1,497,0.9948
2026-04-05T04:27:06.438601,4356,3,0.3;10.0;1.0,4;3;3,500,0.9951
2026-04-05T04:27:06.879807,4364,3,10.0;0.1;30.0,2;2;2,503,0.9950
2026-04-05T04:27:07.814110,4378,1,30.0,3,504,0.9955
2026-04-05T04:27:07.884107,4379,2,0.1;100.0,2;2,506,0.9952
2026-04-05T04:27:08.009116,4381,1,30.0,1,507,0.9949
2026-04-05T04:27:08.322110,4386,3,0.1;1.0;1.0,1;2;1,510,0.9948
2026-04-05T04:27:08.454106,4388,2,3.0;10.0,4;1,512,0.9945
2026-04-05T04:27:09.060590,4397,3,100.0;100.0;100.0,3;3;2,515,0.9948
2026-04-05T04:27:12.290784,4453,1,1.0,1,516,0.9961
2026-04-05T04:27:13.377041,4471,2,100.0;1.0,2;2,518,0.9964
2026-04-05T04:27:13.705653,4476,1,0.1,3,519,0.9963
2026-04-05T04:27:13.896353,4479,3,0.1;0.3;100.0,4;2;1,522,0.9960
2026-04-05T04:27:15.152880,4501,2,1.0;0.1,2;2,524,0.9967
2026-04-05T04:27:16.485572,4524,1,0.3,1,525,0.9970
2026-04-05T04:27:18.395119,4560,1,10.0,3,526,0.9971
2026-04-05T04:27:19.270423,4574,3,10.0;0.1;0.3,2;2;2,529,0.9977
2026-04-05T04:27:20.447755,4592,1,0.1,3,530,0.9977
2026-04-05T04:27:23.053408,4637,1,100.0,3,531,0.9977
2026-04-05T04:27:23.245436,4640,1,0.1,1,532,0.9974
2026-04-05T04:27:24.472906,4662,2,10.0;10.0,1;3,534,0.9975
2026-04-05T04:27:24.910471,4669,2,30.0;1.0,1;1,536,0.9974
2026-04-05T04:27:26.045828,4690,3,3.0;0.3;0.3,2;1;2,539,0.9973
2026-04-05T04:27:28.763123,4739,2,0.1;1.0,2;1,541,0.9977
2026-04-05T04:27:28.956775,4741,1,100.0,1,542,0.9974
2026-04-05T04:27:30.444996,4769,1,30.0,3,543,0.9975
2026-04-05T04:27:31.411216,4787,1,30.0,3,544,0.9976
2026-04-05T04:27:31.651245,4791,2,10.0;1.0,1;2,546,0.9973
2026-04-05T04:27:32.083236,4798,1,30.0,1,547,0.9970
2026-04-05T04:27:33.766635,4827,1,10.0,2,548,0.9971
2026-04-05T04:27:34.544635,4841,3,0.3;10.0;100.0,4;3;1,551,0.9970
2026-04-05T04:27:34.985032,4849,1,1.0,2,552,0.9969
2026-04-05T04:27:35.091033,4850,1,100.0,3,553,0.9966
2026-04-05T04:27:37.026751,4885,1,0.1,1,554,0.9973
2026-04-05T04:27:37.104727,4886,1,100.0,1,555,0.9970
2026-04-05T04:27:37.450751,4892,2,100.0;0.3,2;1,557,0.9969
2026-04-05T04:27:39.204346,4921,1,0.1,3,558,0.9972
2026-04-05T04:27:39.756995,4931,2,10.0;30.0,1;1,560,0.9971
2026-04-05T04:27:39.830009,4932,2,0.3;0.1,3;3,562,0.9968
2026-04-05T04:27:40.384031,4942,1,0.3,3,563,0.9967
2026-04-05T04:27:40.779021,4949,1,3.0,2,564,0.9964
2026-04-05T04:27:42.120310,4974,1,0.1,1,565,0.9967
2026-04-05T04:27:42.189284,4975,1,100.0,2,566,0.9964
2026-04-05T04:27:43.125956,4993,1,100.0,4,567,0.9963
2026-04-05T04:27:43.293937,4996,2,1.0;0.1,1;3,569,0.9960
2026-04-05T04:27:44.084232,5011,2,0.3;3.0,3;3,571,0.9957
2026-04-05T04:27:44.595233,5020,1,0.3,3,572,0.9956
2026-04-05T04:27:45.405017,5035,3,0.1;10.0;0.1,3;2;1,575,0.9955
2026-04-05T04:27:45.594036,5038,2,3.0;100.0,4;2,577,0.9954
2026-04-05T04:27:45.729623,5040,2,30.0;30.0,1;3,579,0.9951
2026-04-05T04:27:46.037227,5045,1,1.0,4,580,0.9948
2026-04-05T04:27:46.898487,5061,1,100.0,2,581,0.9949
2026-04-05T04:27:47.328487,5069,1,100.0,1,582,0.9946
2026-04-05T04:27:48.099749,5083,1,3.0,2,583,0.9945
2026-04-05T04:27:48.744380,5094,1,3.0,1,584,0.9944
2026-04-05T04:27:49.886154,5113,1,1.0,2,585,0.9951
2026-04-05T04:27:49.954125,5114,1,0.1,1,586,0.9948
2026-04-05T04:27:50.509154,5122,2,0.1;10.0,1;4,588,0.9951
2026-04-05T04:27:51.783721,5146,1,30.0,1,589,0.9950
2026-04-05T04:27:52.213746,5153,1,3.0,2,590,0.9949
2026-04-05T04:27:53.621684,5177,1,0.1,2,591,0.9954
2026-04-05T04:27:53.950877,5183,1,1.0,3,592,0.9951
2026-04-05T04:27:54.007856,5184,2,1.0;10.0,3;2,594,0.9948
2026-04-05T04:27:56.109106,5223,2,1.0;10.0,2;1,596,0.9953
2026-04-05T04:27:56.556078,5231,1,3.0,2,597,0.9952
2026-04-05T04:27:57.269255,5244,1,10.0,4,598,0.9951
2026-04-05T04:27:58.412415,5263,1,100.0,3,599,0.9954
2026-04-05T04:27:58.543391,5265,2,1.0;0.1,3;1,601,0.9951
2026-04-05T04:27:58.729020,5268,1,10.0,1,602,0.9948
2026-04-05T04:27:59.046571,5274,1,1.0,1,603,0.9945
2026-04-05T04:27:59.381544,5280,1,0.3,1,604,0.9946
2026-04-05T04:28:01.101765,5311,1,10.0,2,605,0.9951
2026-04-05T04:28:02.112517,5329,1,1.0,3,606,0.9952
2026-04-05T04:28:02.670536,5339,3,100.0;1.0;100.0,1;3;1,609,0.9951
2026-04-05T04:28:03.383151,5351,2,0.1;10.0,1;4,611,0.9954
2026-04-05T04:28:04.108197,5364,2,10.0;0.1,1;2,613,0.9953
2026-04-05T04:28:04.823174,5377,2,30.0;0.3,2;3,615,0.9954
2026-04-05T04:28:06.302555,5405,1,100.0,1,616,0.9953
2026-04-05T04:28:06.501553,5408,3,0.3;3.0;3.0,3;2;1,619,0.9952
2026-04-05T04:28:06.911181,5415,2,3.0;10.0,3;3,621,0.9949
2026-04-05T04:28:09.411132,5458,1,10.0,1,622,0.9960
2026-04-05T04:28:09.638132,5462,2,10.0;30.0,3;3,624,0.9957
2026-04-05T04:28:10.147003,5470,2,0.3;0.3,1;1,626,0.9958
2026-04-05T04:28:12.306695,5507,1,0.3,4,627,0.9967
2026-04-05T04:28:13.072020,5520,1,0.1,4,628,0.9968
2026-04-05T04:28:13.328042,5524,1,30.0,3,629,0.9965
2026-04-05T04:28:13.643042,5530,1,0.3,3,630,0.9962
2026-04-05T04:28:15.556447,5563,1,30.0,2,631,0.9967
2026-04-05T04:28:15.917268,5567,2,3.0;30.0,2;1,633,0.9966
2026-04-05T04:28:17.145258,5589,3,3.0;1.0;3.0,1;1;2,636,0.9967
2026-04-05T04:28:18.101462,5602,1,10.0,3,637,0.9972
2026-04-05T04:28:18.181448,5603,1,0.3,3,638,0.9969
2026-04-05T04:28:18.473452,5607,1,0.3,1,639,0.9968
2026-04-05T04:28:20.527576,5643,3,100.0;10.0;0.3,2;3;2,642,0.9975
2026-04-05T04:28:20.692417,5646,2,10.0;0.1,2;3,644,0.9972
2026-04-05T04:28:20.813070,5648,2,0.3;30.0,2;4,646,0.9969
2026-04-05T04:28:21.511094,5660,1,0.3,2,647,0.9968
2026-04-05T04:28:21.591074,5661,1,100.0,1,648,0.9965
2026-04-05T04:28:22.146810,5671,1,0.3,2,649,0.9964
2026-04-05T04:28:22.374806,5675,1,1.0,2,650,0.9961
2026-04-05T04:28:22.846872,5682,1,3.0,2,651,0.9960
2026-04-05T04:28:22.947876,5683,1,1.0,4,652,0.9957
2026-04-05T04:28:23.183901,5687,1,30.0,4,653,0.9954
2026-04-05T04:28:23.609872,5695,2,0.1;0.3,3;4,655,0.9955
2026-04-05T04:28:24.061382,5702,1,3.0,1,656,0.9954
2026-04-05T04:28:26.943802,5754,2,0.1;3.0,2;1,658,0.9963
2026-04-05T04:28:28.035285,5774,2,1.0;0.1,4;3,660,0.9962
2026-04-05T04:28:28.240311,5777,2,1.0;0.1,2;4,662,0.9959
2026-04-05T04:28:28.714019,5786,3,1.0;100.0;10.0,4;2;1,665,0.9956
2026-04-05T04:28:28.909039,5789,3,30.0;1.0;1.0,2;1;3,668,0.9953
2026-04-05T04:28:29.672687,5803,1,0.1,3,669,0.9952
2026-04-05T04:28:31.350972,5833,1,30.0,2,670,0.9957
2026-04-05T04:28:35.310761,5902,1,3.0,4,671,0.9972
2026-04-05T04:28:35.622739,5907,2,0.3;30.0,2;3,673,0.9973
2026-04-05T04:28:35.827445,5911,1,1.0,3,674,0.9970
2026-04-05T04:28:36.026417,5914,2,3.0;100.0,3;1,676,0.9969
2026-04-05T04:28:36.473425,5921,1,1.0,3,677,0.9968
2026-04-05T04:28:37.447789,5937,2,3.0;1.0,1;2,679,0.9973
2026-04-05T04:28:38.346090,5952,2,10.0;10.0,2;3,681,0.9974
2026-04-05T04:28:38.501093,5954,1,30.0,3,682,0.9971
2026-04-05T04:28:40.592925,5991,1,0.3,1,683,0.9977
2026-04-05T04:28:41.035737,5998,2,0.3;1.0,1;1,685,0.9977
2026-04-05T04:28:41.476711,6006,1,0.3,3,686,0.9974
2026-04-05T04:28:41.994361,6015,1,100.0,2,687,0.9975
2026-04-05T04:28:42.780638,6028,2,0.1;0.1,1;2,689,0.9974
2026-04-05T04:28:42.922629,6030,1,1.0,4,690,0.9971
2026-04-05T04:28:43.324651,6037,2,0.3;10.0,1;3,692,0.9968
2026-04-05T04:28:45.331732,6072,2,100.0;0.3,3;3,694,0.9971
2026-04-05T04:28:45.855340,6080,1,0.3,2,695,0.9972
2026-04-05T04:28:45.964314,6081,1,0.3,2,696,0.9969
2026-04-05T04:28:46.335315,6087,1,3.0,3,697,0.9968
2026-04-05T04:28:46.726403,6094,1,30.0,1,698,0.9965
2026-04-05T04:28:47.054510,6099,3,10.0;30.0;30.0,3;1;3,701,0.9964
2026-04-05T04:28:48.268194,6118,2,30.0;3.0,3;4,703,0.9971
2026-04-05T04:28:48.944445,6130,2,100.0;0.1,2;2,705,0.9970
2026-04-05T04:28:49.214464,6135,1,10.0,1,706,0.9967
2026-04-05T04:28:51.680294,6174,2,100.0;30.0,1;1,708,0.9977
2026-04-05T04:28:51.842681,6176,1,30.0,2,709,0.9974
2026-04-05T04:28:52.002677,6178,3,30.0;30.0;1.0,4;3;2,712,0.9971
2026-04-05T04:28:52.197677,6181,2,100.0;30.0,3;1,714,0.9970
2026-04-05T04:28:52.846701,6192,1,30.0,3,715,0.9975
2026-04-05T04:28:53.528730,6204,2,3.0;3.0,2;4,717,0.9972
2026-04-05T04:28:53.924895,6211,1,10.0,2,718,0.9973
2026-04-05T04:28:54.151923,6215,1,3.0,1,719,0.9970
2026-04-05T04:28:55.557602,6240,2,30.0;0.3,1;3,721,0.9971
2026-04-05T04:28:57.066716,6267,2,0.3;0.3,3;2,723,0.9976
2026-04-05T04:28:57.150691,6268,3,0.3;30.0;3.0,1;2;3,726,0.9973
2026-04-05T04:28:58.695339,6295,1,1.0,2,727,0.9977
2026-04-05T04:28:59.208022,6303,1,10.0,2,728,0.9976
2026-04-05T04:28:59.549020,6309,2,10.0;3.0,2;1,730,0.9975
2026-04-05T04:28:59.638021,6310,2,30.0;30.0,1;1,732,0.9972
2026-04-05T04:29:01.398570,6339,1,3.0,2,733,0.9977
2026-04-05T04:29:02.665528,6362,2,30.0;30.0,3;4,735,0.9977
2026-04-05T04:29:03.563192,6376,2,100.0;3.0,3;3,737,0.9977
2026-04-05T04:29:03.722089,6378,1,30.0,3,738,0.9974
2026-04-05T04:29:04.443854,6391,3,100.0;10.0;0.1,2;1;3,741,0.9977
2026-04-05T04:29:05.233269,6406,1,30.0,1,742,0.9974
2026-04-05T04:29:05.350240,6408,1,0.1,3,743,0.9971
2026-04-05T04:29:06.750180,6434,1,3.0,3,744,0.9972
2026-04-05T04:29:08.252061,6461,3,3.0;100.0;30.0,2;3;4,747,0.9977
2026-04-05T04:29:09.323709,6480,1,30.0,1,748,0.9977
2026-04-05T04:29:09.430706,6482,2,30.0;10.0,4;3,750,0.9974
2026-04-05T04:29:10.376905,6500,2,0.1;0.1,1;3,752,0.9975
2026-04-05T04:29:12.091073,6529,1,3.0,4,753,0.9977
2026-04-05T04:29:12.624073,6538,3,10.0;100.0;0.3,4;1;3,756,0.9976
2026-04-05T04:29:12.950159,6543,1,30.0,2,757,0.9973
2026-04-05T04:29:13.009131,6544,1,30.0,2,758,0.9970
2026-04-05T04:29:13.161132,6546,2,30.0;1.0,1;1,760,0.9969
2026-04-05T04:29:14.257785,6564,1,0.3,1,761,0.9972
2026-04-05T04:29:15.792638,6591,2,0.3;3.0,2;3,763,0.9977
2026-04-05T04:29:16.624618,6605,1,30.0,1,764,0.9977
2026-04-05T04:29:16.804098,6607,2,0.3;3.0,3;1,766,0.9974
2026-04-05T04:29:17.250519,6614,1,0.1,1,767,0.9971
2026-04-05T04:29:17.568519,6620,1,0.1,3,768,0.9968
2026-04-05T04:29:17.677090,6622,1,10.0,2,769,0.9965
2026-04-05T04:29:18.789392,6640,2,3.0;30.0,1;3,771,0.9970
2026-04-05T04:29:19.216421,6647,1,10.0,2,772,0.9969
2026-04-05T04:29:19.476421,6652,2,100.0;0.1,3;3,774,0.9966
2026-04-05T04:29:19.798730,6658,1,1.0,3,775,0.9963
2026-04-05T04:29:20.950614,6678,1,0.3,1,776,0.9966
2026-04-05T04:29:22.713554,6708,3,100.0;1.0;10.0,3;3;3,779,0.9971
2026-04-05T04:29:22.821554,6710,1,0.1,2,780,0.9968
2026-04-05T04:29:23.205583,6717,3,30.0;1.0;0.3,2;1;1,783,0.9965
2026-04-05T04:29:23.628583,6725,1,10.0,3,784,0.9962
2026-04-05T04:29:23.874609,6728,1,0.3,2,785,0.9963
2026-04-05T04:29:24.812287,6745,1,0.1,1,786,0.9962
2026-04-05T04:29:24.947283,6747,3,1.0;30.0;0.3,1;3;1,789,0.9959
2026-04-05T04:29:25.365288,6754,1,3.0,2,790,0.9958
2026-04-05T04:29:25.919943,6764,1,10.0,1,791,0.9955
2026-04-05T04:29:26.705646,6779,1,100.0,2,792,0.9952
2026-04-05T04:29:27.825581,6798,1,1.0,3,793,0.9959
2026-04-05T04:29:28.510580,6810,1,0.1,1,794,0.9960
2026-04-05T04:29:29.229423,6823,2,10.0;30.0,3;3,796,0.9959
2026-04-05T04:29:30.849460,6853,1,3.0,4,797,0.9964
2026-04-05T04:29:31.427461,6864,1,1.0,3,798,0.9961
2026-04-05T04:29:32.204731,6878,1,0.3,1,799,0.9960
2026-04-05T04:29:32.476731,6882,1,10.0,2,800,0.9957
2026-04-05T04:29:32.795891,6887,1,0.3,2,801,0.9956
2026-04-05T04:29:34.550067,6918,1,0.3,2,802,0.9969
2026-04-05T04:29:35.457690,6934,2,10.0;30.0,3;4,804,0.9972
2026-04-05T04:29:35.908692,6942,1,0.1,2,805,0.9971
2026-04-05T04:29:36.100692,6945,2,0.1;1.0,1;2,807,0.9968
2026-04-05T04:29:37.436176,6969,1,10.0,2,808,0.9971
2026-04-05T04:29:39.972938,7016,1,1.0,1,809,0.9976
2026-04-05T04:29:41.003167,7033,3,0.1;0.3;0.3,3;1;1,812,0.9977
2026-04-05T04:29:41.313167,7039,1,10.0,3,813,0.9974
2026-04-05T04:29:42.109010,7049,2,10.0;3.0,2;1,815,0.9975
2026-04-05T04:29:42.938513,7063,3,0.3;10.0;0.1,1;4;1,818,0.9976
2026-04-05T04:29:43.521484,7074,2,3.0;0.1,1;3,820,0.9975
2026-04-05T04:29:44.376158,7088,1,100.0,2,821,0.9977
2026-04-05T04:29:45.408698,7108,1,10.0,3,822,0.9974
2026-04-05T04:29:46.356441,7125,1,0.3,3,823,0.9975
2026-04-05T04:29:47.592909,7147,1,1.0,4,824,0.9977
2026-04-05T04:29:48.131445,7157,3,0.3;30.0;30.0,3;3;1,827,0.9974
2026-04-05T04:29:49.406697,7180,1,100.0,1,828,0.9977
2026-04-05T04:29:49.619697,7184,1,3.0,2,829,0.9974
2026-04-05T04:29:50.095651,7193,1,30.0,2,830,0.9971
2026-04-05T04:29:50.450631,7199,1,30.0,1,831,0.9972
2026-04-05T04:29:51.346928,7215,1,100.0,3,832,0.9971
2026-04-05T04:29:51.840170,7223,1,0.3,1,833,0.9972
2026-04-05T04:29:51.950147,7224,2,0.1;10.0,2;1,835,0.9969
2026-04-05T04:29:52.176151,7227,1,3.0,1,836,0.9966
2026-04-05T04:29:52.775459,7238,1,3.0,1,837,0.9965
2026-04-05T04:29:52.837454,7239,2,30.0;0.3,3;2,839,0.9962
2026-04-05T04:29:52.915452,7240,1,3.0,2,840,0.9959
2026-04-05T04:29:52.975450,7241,2,30.0;0.3,3;1,842,0.9956
2026-04-05T04:29:53.476479,7250,1,0.3,2,843,0.9955
2026-04-05T04:29:53.921129,7258,1,1.0,1,844,0.9952
2026-04-05T04:29:54.574101,7270,1,10.0,2,845,0.9953
2026-04-05T04:29:55.051473,7278,1,10.0,3,846,0.9952
2026-04-05T04:29:55.108444,7279,1,100.0,2,847,0.9949
2026-04-05T04:29:56.925616,7311,1,1.0,1,848,0.9958
2026-04-05T04:29:57.967164,7326,2,0.1;0.3,1;1,850,0.9961
2026-04-05T04:29:59.089512,7345,1,1.0,1,851,0.9966
2026-04-05T04:29:59.298541,7348,1,0.3,4,852,0.9965
2026-04-05T04:30:00.251192,7364,1,1.0,1,853,0.9966
2026-04-05T04:30:00.550193,7369,1,0.1,2,854,0.9963
2026-04-05T04:30:01.130818,7380,1,3.0,2,855,0.9960
2026-04-05T04:30:01.481818,7386,1,100.0,3,856,0.9957
2026-04-05T04:30:01.744509,7391,1,3.0,3,857,0.9954
2026-04-05T04:30:02.027326,7396,1,3.0,3,858,0.9951
2026-04-05T04:30:02.243345,7400,1,10.0,2,859,0.9948
2026-04-05T04:30:03.642733,7425,1,100.0,3,860,0.9949
2026-04-05T04:30:03.726655,7426,1,10.0,1,861,0.9946
2026-04-05T04:30:04.033269,7431,1,3.0,2,862,0.9945
2026-04-05T04:30:04.199269,7434,2,1.0;30.0,2;4,864,0.9942
2026-04-05T04:30:04.982642,7448,2,30.0;30.0,3;1,866,0.9943
2026-04-05T04:30:05.242623,7452,2,100.0;30.0,3;1,868,0.9940
2026-04-05T04:30:05.841523,7463,1,10.0,2,869,0.9939
2026-04-05T04:30:06.730951,7479,1,0.3,3,870,0.9940
2026-04-05T04:30:07.862421,7498,1,30.0,3,871,0.9937
2026-04-05T04:30:09.119100,7520,2,30.0;100.0,3;2,873,0.9938
2026-04-05T04:30:10.194685,7536,1,3.0,2,874,0.9941
2026-04-05T04:30:12.498313,7578,1,100.0,1,875,0.9948
2026-04-05T04:30:12.760544,7582,1,0.1,1,876,0.9947
2026-04-05T04:30:14.713372,7617,2,1.0;30.0,2;2,878,0.9946
2026-04-05T04:30:14.811832,7618,1,100.0,3,879,0.9943
2026-04-05T04:30:15.257956,7626,3,10.0;30.0;30.0,3;1;3,882,0.9940
2026-04-05T04:30:16.871858,7654,1,10.0,3,883,0.9941
2026-04-05T04:30:17.132882,7659,1,3.0,3,884,0.9938
2026-04-05T04:30:18.364282,7681,1,1.0,1,885,0.9939
2026-04-05T04:30:19.452803,7700,1,100.0,2,886,0.9940
2026-04-05T04:30:19.641802,7703,2,0.3;30.0,2;3,888,0.9937
2026-04-05T04:30:20.062594,7711,2,1.0;0.1,2;4,890,0.9934
2026-04-05T04:30:20.269565,7714,1,0.1,3,891,0.9933
2026-04-05T04:30:20.822857,7723,1,1.0,1,892,0.9934
2026-04-05T04:30:21.103882,7728,1,100.0,3,893,0.9931
2026-04-05T04:30:21.557882,7736,2,0.3;1.0,3;1,895,0.9928
2026-04-05T04:30:22.937013,7759,2,1.0;0.3,1;1,897,0.9931
2026-04-05T04:30:23.093010,7762,2,3.0;0.1,4;3,899,0.9928
2026-04-05T04:30:23.207004,7764,2,3.0;3.0,1;3,901,0.9925
2026-04-05T04:30:23.648033,7772,1,1.0,4,902,0.9922
2026-04-05T04:30:24.777937,7793,2,100.0;100.0,1;2,904,0.9923
2026-04-05T04:30:24.854915,7794,1,3.0,4,905,0.9920
2026-04-05T04:30:27.190863,7837,1,0.3,3,906,0.9929
2026-04-05T04:30:28.142155,7854,1,1.0,1,907,0.9932
2026-04-05T04:30:29.642740,7880,1,10.0,2,908,0.9935
2026-04-05T04:30:30.038328,7886,1,30.0,4,909,0.9936
2026-04-05T04:30:30.380324,7892,1,0.1,3,910,0.9933
2026-04-05T04:30:31.254814,7908,2,10.0;10.0,1;1,912,0.9932
2026-04-05T04:30:32.591742,7930,1,3.0,1,913,0.9933
2026-04-05T04:30:33.269948,7942,2,100.0;0.3,4;1,915,0.9932
2026-04-05T04:30:34.118912,7957,2,30.0;100.0,1;3,917,0.9931
2026-04-05T04:30:34.169884,7958,2,10.0;10.0,3;1,919,0.9928
2026-04-05T04:30:34.234883,7959,2,3.0;10.0,3;3,921,0.9925
2026-04-05T04:30:34.402889,7962,1,100.0,3,922,0.9922
2026-04-05T04:30:34.557887,7965,1,1.0,1,923,0.9919
2026-04-05T04:30:35.097159,7975,1,1.0,3,924,0.9916
2026-04-05T04:30:35.439132,7981,2,30.0;0.3,1;3,926,0.9915
2026-04-05T04:30:35.700888,7986,1,100.0,3,927,0.9912
2026-04-05T04:30:35.763799,7987,1,0.1,3,928,0.9909
2026-04-05T04:30:37.154768,8013,1,3.0,2,929,0.9912
2026-04-05T04:30:37.288740,8015,2,3.0;30.0,2;3,931,0.9911
2026-04-05T04:30:37.775859,8023,2,1.0;100.0,2;4,933,0.9910
2026-04-05T04:30:37.893831,8025,1,0.1,3,934,0.9907
2026-04-05T04:30:37.979831,8026,1,30.0,2,935,0.9904
2026-04-05T04:30:38.774124,8040,1,1.0,3,936,0.9905
2026-04-05T04:30:39.705836,8056,1,100.0,4,937,0.9910
2026-04-05T04:30:40.059076,8062,3,1.0;10.0;30.0,3;1;2,940,0.9907
2026-04-05T04:30:41.026896,8079,2,1.0;0.1,2;2,942,0.9910
2026-04-05T04:30:41.744962,8091,1,10.0,1,943,0.9909
2026-04-05T04:30:42.547525,8106,2,0.1;30.0,4;2,945,0.9908
2026-04-05T04:30:43.172263,8116,2,0.1;0.1,1;3,947,0.9909
2026-04-05T04:30:43.788490,8127,1,1.0,3,948,0.9908
2026-04-05T04:30:44.501488,8138,1,100.0,2,949,0.9911
2026-04-05T04:30:45.087500,8148,2,0.3;100.0,2;3,951,0.9910
2026-04-05T04:30:46.437112,8173,1,10.0,2,952,0.9915
2026-04-05T04:30:47.031289,8183,1,3.0,1,953,0.9916
2026-04-05T04:30:47.637437,8194,2,3.0;1.0,1;1,955,0.9919
2026-04-05T04:30:48.521231,8210,1,100.0,3,956,0.9920
2026-04-05T04:30:48.837383,8216,2,0.3;10.0,4;4,958,0.9919
2026-04-05T04:30:49.945885,8236,1,3.0,1,959,0.9922
2026-04-05T04:30:50.153908,8239,2,30.0;100.0,2;1,961,0.9921
2026-04-05T04:30:52.292749,8278,1,0.1,1,962,0.9922
2026-04-05T04:30:53.989630,8304,2,3.0;0.3,2;2,964,0.9923
2026-04-05T04:30:55.284824,8324,1,30.0,2,965,0.9928
2026-04-05T04:30:57.383215,8359,1,1.0,3,966,0.9935
2026-04-05T04:30:57.461191,8360,1,0.1,1,967,0.9932
2026-04-05T04:30:58.567196,8379,1,1.0,4,968,0.9935
2026-04-05T04:30:59.628196,8399,1,0.3,4,969,0.9938
2026-04-05T04:31:00.295216,8412,1,10.0,1,970,0.9935
2026-04-05T04:31:00.737216,8419,1,30.0,4,971,0.9934
2026-04-05T04:31:01.031215,8424,1,0.1,1,972,0.9931
2026-04-05T04:31:01.511216,8433,1,1.0,4,973,0.9930
2026-04-05T04:31:02.723216,8454,3,10.0;0.3;30.0,1;4;1,976,0.9931
2026-04-05T04:31:03.872190,8474,1,30.0,4,977,0.9936
2026-04-05T04:31:04.257190,8480,3,100.0;3.0;100.0,3;2;1,980,0.9937
2026-04-05T04:31:06.607187,8520,2,3.0;3.0,1;1,982,0.9950
2026-04-05T04:31:08.423188,8551,1,100.0,3,983,0.9957
2026-04-05T04:31:08.505188,8552,1,10.0,3,984,0.9954
2026-04-05T04:31:10.265217,8583,2,3.0;30.0,2;1,986,0.9957
2026-04-05T04:31:10.421188,8585,1,1.0,2,987,0.9956
2026-04-05T04:31:10.511195,8586,1,10.0,2,988,0.9953
2026-04-05T04:31:10.688194,8588,1,3.0,2,989,0.9952
2026-04-05T04:31:10.955197,8592,1,0.1,1,990,0.9951
2026-04-05T04:31:11.707191,8605,1,0.3,2,991,0.9954
2026-04-05T04:31:13.971217,8646,2,0.3;0.3,1;1,993,0.9957
2026-04-05T04:31:14.899217,8663,1,10.0,3,994,0.9956
2026-04-05T04:31:16.164189,8684,2,0.3;30.0,2;3,996,0.9963
2026-04-05T04:31:16.299199,8686,2,0.3;0.3,2;3,998,0.9960
2026-04-05T04:31:16.764217,8694,1,100.0,3,999,0.9957
2026-04-05T04:31:16.991197,8698,1,100.0,2,1000,0.9954
2026-04-05T04:31:17.059191,8699,3,30.0;100.0;10.0,2;2;3,1003,0.9951
2026-04-05T04:31:18.688217,8726,1,100.0,3,1004,0.9954
2026-04-05T04:31:18.968217,8731,1,0.3,2,1005,0.9951
2026-04-05T04:31:19.541217,8742,2,1.0;100.0,2;1,1007,0.9950
2026-04-05T04:31:19.965189,8747,1,0.3,3,1008,0.9951
2026-04-05T04:31:20.552194,8756,1,3.0,3,1009,0.9956
2026-04-05T04:31:20.817188,8761,2,3.0;0.1,1;2,1011,0.9955
2026-04-05T04:31:22.210193,8785,2,0.3;0.3,2;3,1013,0.9962
2026-04-05T04:31:22.555194,8790,1,30.0,3,1014,0.9963
2026-04-05T04:31:22.895189,8796,1,3.0,1,1015,0.9962
2026-04-05T04:31:22.979190,8797,1,0.3,2,1016,0.9959
2026-04-05T04:31:23.411190,8804,2,0.3;30.0,2;1,1018,0.9960
2026-04-05T04:31:23.471189,8805,2,10.0;1.0,1;2,1020,0.9957
2026-04-05T04:31:24.378189,8821,2,100.0;1.0,1;3,1022,0.9954
2026-04-05T04:31:24.631189,8824,1,30.0,4,1023,0.9953
2026-04-05T04:31:25.732218,8842,1,100.0,1,1024,0.9954
2026-04-05T04:31:25.885194,8845,2,10.0;1.0,1;3,1026,0.9951
2026-04-05T04:31:26.986190,8864,1,10.0,3,1027,0.9958
2026-04-05T04:31:27.499219,8873,1,10.0,3,1028,0.9957
2026-04-05T04:31:28.443218,8891,2,3.0;3.0,3;2,1030,0.9954
2026-04-05T04:31:28.823189,8897,1,30.0,4,1031,0.9953
2026-04-05T04:31:29.503219,8909,1,1.0,1,1032,0.9950
2026-04-05T04:31:29.708192,8912,1,1.0,3,1033,0.9947
2026-04-05T04:31:31.172219,8939,1,100.0,2,1034,0.9950
2026-04-05T04:31:32.458219,8962,1,0.1,3,1035,0.9957
2026-04-05T04:31:33.278219,8977,1,30.0,3,1036,0.9958
2026-04-05T04:31:34.226219,8992,1,0.1,2,1037,0.9959
2026-04-05T04:31:34.489219,8997,1,10.0,1,1038,0.9956
2026-04-05T04:31:34.655219,8999,1,0.1,2,1039,0.9953
2026-04-05T04:31:34.815199,9002,1,1.0,1,1040,0.9950
2026-04-05T04:31:35.225215,9008,2,100.0;30.0,1;3,1042,0.9949
2026-04-05T04:31:36.876219,9037,2,3.0;100.0,1;2,1044,0.9956
2026-04-05T04:31:37.517219,9048,1,0.1,3,1045,0.9953
2026-04-05T04:31:38.687193,9069,1,10.0,3,1046,0.9956
2026-04-05T04:31:38.891220,9073,1,3.0,3,1047,0.9953
2026-04-05T04:31:42.139200,9133,2,0.3;0.3,2;2,1049,0.9962
2026-04-05T04:31:42.957220,9148,1,3.0,4,1050,0.9963
2026-04-05T04:31:43.273201,9154,1,100.0,3,1051,0.9960
2026-04-05T04:31:43.493220,9158,1,0.1,2,1052,0.9957
2026-04-05T04:31:45.123193,9188,1,3.0,2,1053,0.9958
2026-04-05T04:31:46.134220,9205,1,0.3,2,1054,0.9959
2026-04-05T04:31:47.535220,9230,3,1.0;0.3;0.1,1;3;4,1057,0.9962
2026-04-05T04:31:47.866191,9235,2,10.0;10.0,3;2,1059,0.9961
2026-04-05T04:31:49.074196,9255,2,10.0;0.1,1;4,1061,0.9968
2026-04-05T04:31:49.307220,9259,2,10.0;3.0,2;3,1063,0.9965
2026-04-05T04:31:49.519221,9263,3,0.1;10.0;10.0,3;2;3,1066,0.9962
2026-04-05T04:31:49.588195,9264,1,30.0,1,1067,0.9959
2026-04-05T04:31:50.260220,9276,1,0.1,2,1068,0.9958
2026-04-05T04:31:51.594221,9299,1,30.0,3,1069,0.9959
2026-04-05T04:31:52.194201,9310,1,100.0,4,1070,0.9960
2026-04-05T04:31:52.392197,9313,2,100.0;3.0,2;1,1072,0.9959
2026-04-05T04:31:52.750221,9320,3,0.1;100.0;10.0,3;2;2,1075,0.9956
2026-04-05T04:31:54.218221,9346,3,1.0;0.1;0.3,2;2;3,1078,0.9959
2026-04-05T04:31:54.730221,9354,2,3.0;100.0,4;3,1080,0.9960
2026-04-05T04:31:55.436221,9367,1,0.3,3,1081,0.9957
2026-04-05T04:31:56.557194,9386,1,100.0,2,1082,0.9962
2026-04-05T04:31:57.361221,9400,1,1.0,3,1083,0.9965
2026-04-05T04:31:57.539201,9403,1,3.0,2,1084,0.9962
2026-04-05T04:31:57.591194,9404,1,0.3,3,1085,0.9959
2026-04-05T04:31:58.693221,9424,1,1.0,1,1086,0.9960
2026-04-05T04:31:58.885202,9427,1,0.3,4,1087,0.9957
2026-04-05T04:31:58.993192,9429,1,10.0,2,1088,0.9954
2026-04-05T04:31:59.241222,9433,1,30.0,2,1089,0.9951
2026-04-05T04:31:59.346198,9434,1,0.1,1,1090,0.9948
2026-04-05T04:31:59.435192,9435,1,30.0,1,1091,0.9945
2026-04-05T04:32:00.187193,9448,1,30.0,2,1092,0.9950
2026-04-05T04:32:00.555197,9454,1,1.0,3,1093,0.9949
2026-04-05T04:32:01.647193,9474,3,10.0;0.1;0.3,1;2;1,1096,0.9950
2026-04-05T04:32:01.880199,9478,1,30.0,1,1097,0.9949
2026-04-05T04:32:02.234192,9484,2,30.0;100.0,2;1,1099,0.9950
2026-04-05T04:32:05.128196,9531,1,3.0,1,1100,0.9953
2026-04-05T04:32:06.877222,9561,1,0.1,1,1101,0.9958
2026-04-05T04:32:07.214222,9567,1,3.0,4,1102,0.9955
2026-04-05T04:32:07.333194,9569,2,1.0;100.0,3;1,1104,0.9952
2026-04-05T04:32:08.121198,9582,1,10.0,3,1105,0.9951
2026-04-05T04:32:08.414194,9587,1,100.0,2,1106,0.9948
2026-04-05T04:32:09.230197,9601,3,1.0;10.0;3.0,2;3;2,1109,0.9945
2026-04-05T04:32:09.515194,9605,2,1.0;0.1,1;1,1111,0.9942
2026-04-05T04:32:09.753194,9609,2,3.0;0.3,4;3,1113,0.9939
2026-04-05T04:32:10.130198,9615,2,0.1;3.0,3;2,1115,0.9938
2026-04-05T04:32:10.493197,9621,1,3.0,4,1116,0.9937
2026-04-05T04:32:11.145194,9632,1,1.0,2,1117,0.9938
2026-04-05T04:32:11.347201,9635,3,0.3;0.3;1.0,1;3;2,1120,0.9935
2026-04-05T04:32:12.135198,9648,3,3.0;0.1;3.0,3;3;3,1123,0.9932
2026-04-05T04:32:12.675195,9657,3,30.0;3.0;30.0,2;3;3,1126,0.9931
2026-04-05T04:32:13.093200,9664,2,10.0;1.0,4;2,1128,0.9930
2026-04-05T04:32:13.269194,9667,2,30.0;10.0,4;4,1130,0.9927
2026-04-05T04:32:14.129200,9682,2,0.3;0.1,1;3,1132,0.9926
2026-04-05T04:32:14.235194,9684,1,1.0,1,1133,0.9923
2026-04-05T04:32:14.316195,9685,2,30.0;30.0,2;1,1135,0.9920
2026-04-05T04:32:14.728204,9693,1,0.1,3,1136,0.9917
2026-04-05T04:32:15.189223,9702,1,30.0,3,1137,0.9914
2026-04-05T04:32:16.441200,9725,3,0.1;10.0;10.0,1;3;3,1140,0.9915
2026-04-05T04:32:17.382223,9742,2,100.0;0.1,4;3,1142,0.9916
2026-04-05T04:32:17.462198,9743,1,10.0,3,1143,0.9913
2026-04-05T04:32:20.183195,9788,1,3.0,4,1144,0.9916
2026-04-05T04:32:20.325204,9790,2,0.1;100.0,2;3,1146,0.9913
2026-04-05T04:32:20.848197,9797,3,1.0;100.0;1.0,2;2;3,1149,0.9912
2026-04-05T04:32:20.961199,9799,2,0.1;1.0,3;4,1151,0.9909
2026-04-05T04:32:21.025195,9800,1,1.0,4,1152,0.9906
2026-04-05T04:32:21.798204,9813,1,0.1,2,1153,0.9907
2026-04-05T04:32:23.397195,9837,1,30.0,2,1154,0.9906
2026-04-05T04:32:23.875202,9845,1,30.0,2,1155,0.9903
2026-04-05T04:32:24.979206,9863,1,1.0,4,1156,0.9904
2026-04-05T04:32:25.718224,9877,1,3.0,2,1157,0.9901
2026-04-05T04:32:26.746224,9894,1,3.0,2,1158,0.9900
2026-04-05T04:32:27.523205,9908,1,0.1,2,1159,0.9901
2026-04-05T04:32:27.853200,9914,1,30.0,4,1160,0.9900
2026-04-05T04:32:28.061206,9918,1,30.0,1,1161,0.9897
2026-04-05T04:32:29.277205,9940,2,3.0;0.1,2;3,1163,0.9896
2026-04-05T04:32:29.410205,9942,1,0.3,1,1164,0.9893
2026-04-05T04:32:29.554200,9944,1,0.3,3,1165,0.9890
2026-04-05T04:32:29.725202,9946,1,3.0,1,1166,0.9887
2026-04-05T04:32:30.706225,9964,1,0.3,3,1167,0.9886
2026-04-05T04:32:35.651203,10051,1,3.0,2,1168,0.9897
2026-04-05T04:32:36.035202,10057,3,100.0;0.3;0.1,1;4;2,1171,0.9896
2026-04-05T04:32:36.679206,10069,1,1.0,3,1172,0.9893
2026-04-05T04:32:36.740203,10070,2,0.1;1.0,3;1,1174,0.9890
2026-04-05T04:32:37.152207,10077,1,100.0,2,1175,0.9887
2026-04-05T04:32:37.225204,10078,2,1.0;0.3,1;1,1177,0.9884
2026-04-05T04:32:39.004206,10109,2,100.0;0.3,4;3,1179,0.9887
2026-04-05T04:32:39.526201,10118,1,1.0,3,1180,0.9888
2026-04-05T04:32:39.617202,10119,1,100.0,1,1181,0.9885
2026-04-05T04:32:39.871201,10123,2,1.0;0.1,1;3,1183,0.9882
2026-04-05T04:32:40.437197,10131,2,100.0;3.0,3;4,1185,0.9889
2026-04-05T04:32:40.920206,10139,2,100.0;30.0,2;1,1187,0.9886
2026-04-05T04:32:42.589199,10167,1,3.0,1,1188,0.9893
2026-04-05T04:32:42.733197,10169,1,0.1,2,1189,0.9890
2026-04-05T04:32:44.364197,10196,2,100.0;0.3,2;3,1191,0.9897
2026-04-05T04:32:46.082226,10227,2,0.3;3.0,2;2,1193,0.9900
2026-04-05T04:32:46.452197,10232,1,10.0,3,1194,0.9899
2026-04-05T04:32:46.877200,10238,1,0.3,1,1195,0.9898
2026-04-05T04:32:47.129226,10242,1,30.0,4,1196,0.9895
2026-04-05T04:32:47.972201,10258,3,10.0;100.0;100.0,3;3;1,1199,0.9898
2026-04-05T04:32:48.686227,10270,2,30.0;1.0,2;2,1201,0.9899
2026-04-05T04:32:50.185203,10295,1,0.1,4,1202,0.9906
2026-04-05T04:32:50.743205,10304,2,100.0;100.0,3;1,1204,0.9907
2026-04-05T04:32:51.917198,10323,3,0.1;30.0;3.0,1;2;3,1207,0.9914
2026-04-05T04:32:52.166201,10326,3,30.0;100.0;3.0,1;2;2,1210,0.9913
2026-04-05T04:32:52.991198,10341,1,10.0,1,1211,0.9916
2026-04-05T04:32:53.166204,10343,1,0.1,2,1212,0.9913
2026-04-05T04:32:53.564207,10349,2,0.1;3.0,1;1,1214,0.9910
2026-04-05T04:32:54.590203,10366,1,30.0,1,1215,0.9913
2026-04-05T04:32:55.179227,10376,2,100.0;1.0,2;1,1217,0.9912
2026-04-05T04:32:55.393207,10379,1,1.0,4,1218,0.9909
2026-04-05T04:32:55.468205,10380,1,10.0,1,1219,0.9906
2026-04-05T04:32:55.803207,10385,1,3.0,2,1220,0.9903
2026-04-05T04:32:56.765208,10403,3,0.3;1.0;3.0,1;3;3,1223,0.9902
2026-04-05T04:32:57.045200,10407,2,100.0;0.3,2;1,1225,0.9901
2026-04-05T04:32:57.584207,10416,2,30.0;0.3,4;2,1227,0.9900
2026-04-05T04:32:57.764208,10419,3,10.0;10.0;10.0,1;2;1,1230,0.9897
2026-04-05T04:32:58.674202,10433,1,0.3,3,1231,0.9904
2026-04-05T04:32:59.056208,10439,2,10.0;0.1,2;3,1233,0.9903
2026-04-05T04:32:59.140199,10440,1,10.0,3,1234,0.9900
2026-04-05T04:32:59.587207,10448,1,3.0,3,1235,0.9897
2026-04-05T04:32:59.857206,10452,3,30.0;1.0;0.1,2;4;1,1238,0.9896
2026-04-05T04:33:00.102206,10455,1,0.3,3,1239,0.9895
2026-04-05T04:33:01.555207,10478,2,3.0;0.3,2;2,1241,0.9900
2026-04-05T04:33:01.985227,10486,1,10.0,1,1242,0.9897
2026-04-05T04:33:02.416228,10493,1,100.0,2,1243,0.9896
2026-04-05T04:33:02.607228,10496,1,3.0,3,1244,0.9893
2026-04-05T04:33:03.036204,10502,2,0.1;10.0,1;4,1246,0.9894
2026-04-05T04:33:03.199205,10504,2,3.0;1.0,1;4,1248,0.9891
2026-04-05T04:33:03.709204,10513,2,3.0;1.0,3;4,1250,0.9888
2026-04-05T04:33:03.938203,10516,1,30.0,2,1251,0.9887
2026-04-05T04:33:04.145228,10520,2,0.1;0.3,3;1,1253,0.9884
2026-04-05T04:33:05.582200,10545,1,3.0,2,1254,0.9891
2026-04-05T04:33:06.556228,10563,2,0.1;1.0,2;1,1256,0.9892
2026-04-05T04:33:06.816228,10567,1,3.0,2,1257,0.9889
2026-04-05T04:33:06.869200,10568,1,1.0,1,1258,0.9886
2026-04-05T04:33:07.642199,10581,1,0.3,3,1259,0.9889
2026-04-05T04:33:08.553229,10597,1,100.0,3,1260,0.9890
2026-04-05T04:33:09.415209,10612,1,3.0,1,1261,0.9895
2026-04-05T04:33:09.924228,10620,2,30.0;3.0,1;2,1263,0.9894
2026-04-05T04:33:10.888229,10638,1,1.0,3,1264,0.9891
2026-04-05T04:33:11.601200,10651,2,1.0;0.1,4;1,1266,0.9892
2026-04-05T04:33:11.811229,10654,1,3.0,2,1267,0.9889
2026-04-05T04:33:12.321209,10663,1,1.0,1,1268,0.9886
2026-04-05T04:33:13.072229,10675,1,30.0,1,1269,0.9889
2026-04-05T04:33:13.485229,10683,1,0.3,3,1270,0.9886
2026-04-05T04:33:14.350229,10698,1,100.0,2,1271,0.9889
2026-04-05T04:33:14.472203,10700,1,1.0,2,1272,0.9886
2026-04-05T04:33:15.220229,10714,3,100.0;1.0;3.0,2;3;2,1275,0.9885
2026-04-05T04:33:16.759229,10742,1,0.3,3,1276,0.9892
2026-04-05T04:33:16.987203,10746,2,0.3;3.0,2;4,1278,0.9889
2026-04-05T04:33:17.201229,10750,2,1.0;10.0,3;2,1280,0.9886
2026-04-05T04:33:17.879201,10761,1,100.0,2,1281,0.9887
2026-04-05T04:33:19.975230,10798,2,0.1;30.0,2;2,1283,0.9892
2026-04-05T04:33:20.034207,10799,1,0.3,3,1284,0.9889
2026-04-05T04:33:20.264229,10803,1,1.0,3,1285,0.9886
2026-04-05T04:33:21.177230,10820,1,10.0,2,1286,0.9889
2026-04-05T04:33:21.429206,10824,3,3.0;1.0;30.0,3;2;2,1289,0.9888
2026-04-05T04:33:22.337206,10841,3,30.0;0.1;10.0,2;3;3,1292,0.9887
2026-04-05T04:33:24.289230,10876,1,3.0,2,1293,0.9892
2026-04-05T04:33:24.819230,10885,1,0.3,3,1294,0.9889
2026-04-05T04:33:25.454207,10897,1,0.3,2,1295,0.9886
2026-04-05T04:33:26.608201,10916,3,100.0;30.0;0.3,2;1;1,1298,0.9891
2026-04-05T04:33:27.382230,10930,1,1.0,3,1299,0.9888
2026-04-05T04:33:27.828230,10938,2,0.3;30.0,2;1,1301,0.9885
2026-04-05T04:33:29.157230,10962,1,0.3,3,1302,0.9886
2026-04-05T04:33:30.907211,10993,1,1.0,2,1303,0.9891
2026-04-05T04:33:31.292209,11000,1,100.0,3,1304,0.9892
2026-04-05T04:33:32.063231,11015,2,30.0;1.0,1;4,1306,0.9889
2026-04-05T04:33:34.531203,11058,1,3.0,3,1307,0.9898
2026-04-05T04:33:34.782202,11062,1,30.0,1,1308,0.9897
2026-04-05T04:33:36.977203,11102,3,100.0;30.0;100.0,3;4;2,1311,0.9902
2026-04-05T04:33:37.197203,11105,1,1.0,1,1312,0.9901
2026-04-05T04:33:37.646203,11113,2,30.0;0.1,2;3,1314,0.9900
2026-04-05T04:33:38.771231,11131,1,100.0,4,1315,0.9905
2026-04-05T04:33:39.479232,11143,2,1.0;0.1,3;1,1317,0.9908
2026-04-05T04:33:39.646212,11146,2,0.1;0.1,3;1,1319,0.9905
2026-04-05T04:33:39.819212,11149,3,0.3;1.0;0.3,3;2;3,1322,0.9904
2026-04-05T04:33:40.852203,11166,2,10.0;3.0,3;2,1324,0.9909
2026-04-05T04:33:41.293212,11173,1,100.0,3,1325,0.9908
2026-04-05T04:33:43.124232,11205,2,100.0;10.0,2;1,1327,0.9913
2026-04-05T04:33:43.848206,11217,1,0.1,3,1328,0.9918
2026-04-05T04:33:45.814232,11252,2,1.0;10.0,1;3,1330,0.9923
2026-04-05T04:33:47.421232,11280,1,1.0,2,1331,0.9928
2026-04-05T04:33:48.349232,11296,3,1.0;100.0;1.0,3;4;2,1334,0.9927
2026-04-05T04:33:48.679213,11301,2,0.3;1.0,2;1,1336,0.9924
2026-04-05T04:33:48.734203,11302,1,3.0,3,1337,0.9921
2026-04-05T04:33:48.865232,11304,2,30.0;1.0,1;2,1339,0.9918
2026-04-05T04:33:49.111232,11308,1,100.0,2,1340,0.9915
2026-04-05T04:33:49.583232,11316,2,100.0;3.0,1;3,1342,0.9914
2026-04-05T04:33:51.914208,11357,1,0.1,3,1343,0.9921
2026-04-05T04:33:52.885233,11373,1,30.0,2,1344,0.9920
2026-04-05T04:33:53.102233,11377,2,1.0;10.0,1;4,1346,0.9917
2026-04-05T04:33:53.805233,11388,2,10.0;0.1,1;1,1348,0.9918
2026-04-05T04:33:53.864207,11389,1,3.0,3,1349,0.9915
2026-04-05T04:33:54.608233,11401,1,0.3,2,1350,0.9916
2026-04-05T04:33:54.793233,11404,1,10.0,1,1351,0.9913
2026-04-05T04:33:54.958204,11406,1,3.0,1,1352,0.9910
2026-04-05T04:33:55.670233,11419,1,30.0,1,1353,0.9915
2026-04-05T04:33:55.790204,11421,1,30.0,2,1354,0.9912
2026-04-05T04:33:56.958233,11442,1,30.0,2,1355,0.9915
2026-04-05T04:33:57.319233,11449,1,100.0,1,1356,0.9912
2026-04-05T04:33:58.146233,11463,2,100.0;1.0,2;2,1358,0.9911
2026-04-05T04:33:58.316214,11466,3,3.0;1.0;10.0,3;1;2,1361,0.9908
2026-04-05T04:33:59.126233,11481,2,0.3;0.1,2;2,1363,0.9907
2026-04-05T04:33:59.459206,11487,1,3.0,3,1364,0.9906
2026-04-05T04:33:59.534205,11488,2,0.1;10.0,4;4,1366,0.9903
2026-04-05T04:33:59.917207,11494,2,3.0;10.0,1;2,1368,0.9902
2026-04-05T04:34:00.819213,11507,3,1.0;100.0;0.3,2;2;2,1371,0.9907
2026-04-05T04:34:01.642234,11522,1,3.0,3,1372,0.9906
2026-04-05T04:34:01.935210,11525,3,0.3;30.0;10.0,4;1;1,1375,0.9903
2026-04-05T04:34:04.307233,11567,2,3.0;1.0,4;2,1377,0.9916
2026-04-05T04:34:04.788234,11576,2,3.0;0.3,2;3,1379,0.9915
2026-04-05T04:34:05.382234,11587,2,3.0;1.0,2;1,1381,0.9912
2026-04-05T04:34:06.423215,11606,1,0.3,3,1382,0.9913
2026-04-05T04:34:07.300234,11622,1,3.0,3,1383,0.9912
2026-04-05T04:34:08.009234,11635,1,3.0,3,1384,0.9913
2026-04-05T04:34:08.068206,11636,1,0.1,1,1385,0.9910
2026-04-05T04:34:09.413209,11661,1,3.0,4,1386,0.9915
2026-04-05T04:34:13.099208,11724,1,1.0,3,1387,0.9930
2026-04-05T04:34:13.305235,11728,1,30.0,2,1388,0.9927
2026-04-05T04:34:16.830209,11793,2,100.0;0.1,4;2,1390,0.9938
2026-04-05T04:34:16.964206,11795,3,1.0;10.0;10.0,1;1;2,1393,0.9935
2026-04-05T04:34:17.066207,11796,1,0.3,2,1394,0.9932
2026-04-05T04:34:17.509216,11803,2,1.0;3.0,3;1,1396,0.9933
2026-04-05T04:34:18.532235,11820,3,3.0;3.0;3.0,2;1;3,1399,0.9936
2026-04-05T04:34:19.355235,11835,1,10.0,1,1400,0.9935
2026-04-05T04:34:20.192236,11849,2,0.1;1.0,1;3,1402,0.9936
2026-04-05T04:34:20.480235,11854,1,100.0,3,1403,0.9933
2026-04-05T04:34:21.528211,11873,2,3.0;0.3,2;2,1405,0.9934
2026-04-05T04:34:21.896217,11879,1,10.0,3,1406,0.9935
2026-04-05T04:34:22.160215,11883,2,3.0;3.0,2;2,1408,0.9936
2026-04-05T04:34:22.287210,11885,1,0.3,3,1409,0.9933
2026-04-05T04:34:22.564236,11889,3,0.1;100.0;100.0,4;1;3,1412,0.9930
2026-04-05T04:34:22.827236,11893,2,0.1;3.0,3;1,1414,0.9927
2026-04-05T04:34:23.523213,11905,1,1.0,2,1415,0.9928
2026-04-05T04:34:24.272213,11916,2,1.0;100.0,1;3,1417,0.9929
2026-04-05T04:34:24.358212,11917,1,0.3,1,1418,0.9926
2026-04-05T04:34:24.598236,11921,1,3.0,2,1419,0.9923
2026-04-05T04:34:25.814217,11943,1,30.0,3,1420,0.9924
2026-04-05T04:34:26.065217,11947,3,3.0;0.1;0.3,2;3;3,1423,0.9921
2026-04-05T04:34:26.412236,11953,1,10.0,4,1424,0.9918
2026-04-05T04:34:26.624208,11956,3,0.1;1.0;10.0,1;1;2,1427,0.9917
2026-04-05T04:34:27.738217,11974,1,100.0,3,1428,0.9924
2026-04-05T04:34:27.911214,11976,2,10.0;3.0,3;3,1430,0.9921
2026-04-05T04:34:28.555236,11986,1,30.0,2,1431,0.9920
2026-04-05T04:34:28.888217,11991,2,0.3;0.3,1;4,1433,0.9919
2026-04-05T04:34:30.338210,12016,1,3.0,3,1434,0.9922
2026-04-05T04:34:31.710237,12040,2,0.1;1.0,2;3,1436,0.9925
2026-04-05T04:34:32.090236,12047,1,3.0,2,1437,0.9922
2026-04-05T04:34:32.301237,12050,2,1.0;3.0,1;2,1439,0.9919
2026-04-05T04:34:32.731212,12057,1,3.0,3,1440,0.9922
2026-04-05T04:34:32.879208,12059,2,1.0;30.0,2;1,1442,0.9919
2026-04-05T04:34:32.987209,12061,1,3.0,1,1443,0.9916
2026-04-05T04:34:34.277237,12083,2,10.0;100.0,2;3,1445,0.9917
2026-04-05T04:34:34.912215,12092,2,100.0;10.0,1;2,1447,0.9920
2026-04-05T04:34:35.599237,12102,1,10.0,3,1448,0.9919
2026-04-05T04:34:37.368212,12134,1,0.3,2,1449,0.9924
2026-04-05T04:34:37.477218,12136,2,0.3;100.0,2;2,1451,0.9921
2026-04-05T04:34:37.965237,12145,1,30.0,2,1452,0.9918
2026-04-05T04:34:39.162237,12165,1,0.1,3,1453,0.9925
2026-04-05T04:34:39.294208,12167,1,0.3,1,1454,0.9922
2026-04-05T04:34:39.902211,12178,2,1.0;1.0,1;2,1456,0.9919
2026-04-05T04:34:40.111238,12181,1,1.0,4,1457,0.9916
2026-04-05T04:34:40.532209,12188,1,10.0,1,1458,0.9915
2026-04-05T04:34:41.373238,12201,2,10.0;30.0,3;3,1460,0.9916
2026-04-05T04:34:41.455215,12202,3,30.0;30.0;0.3,3;2;3,1463,0.9913
2026-04-05T04:34:41.834209,12209,1,3.0,4,1464,0.9912
2026-04-05T04:34:42.134238,12214,1,3.0,3,1465,0.9909
2026-04-05T04:34:42.199214,12215,1,1.0,3,1466,0.9906
2026-04-05T04:34:45.161216,12268,3,1.0;100.0;30.0,2;4;2,1469,0.9915
2026-04-05T04:34:46.238239,12288,1,3.0,2,1470,0.9914
2026-04-05T04:34:46.599238,12294,1,100.0,1,1471,0.9911
2026-04-05T04:34:47.094209,12302,1,30.0,2,1472,0.9910
2026-04-05T04:34:50.378238,12361,2,1.0;100.0,2;1,1474,0.9925
2026-04-05T04:34:51.043218,12372,1,10.0,1,1475,0.9928
2026-04-05T04:34:51.354238,12378,2,1.0;10.0,2;4,1477,0.9925
2026-04-05T04:34:51.408217,12379,1,100.0,2,1478,0.9922
2026-04-05T04:34:52.846215,12405,1,0.3,1,1479,0.9925
2026-04-05T04:34:52.938216,12406,1,0.3,1,1480,0.9922
2026-04-05T04:34:54.081239,12426,1,30.0,4,1481,0.9923
2026-04-05T04:34:54.846219,12439,1,30.0,3,1482,0.9924
2026-04-05T04:34:55.108239,12444,1,30.0,2,1483,0.9921
2026-04-05T04:34:56.734240,12471,2,10.0;0.3,3;3,1485,0.9926
2026-04-05T04:34:57.397215,12482,1,30.0,3,1486,0.9925
2026-04-05T04:34:58.249215,12495,1,1.0,3,1487,0.9926
2026-04-05T04:34:58.416215,12498,2,0.3;10.0,1;1,1489,0.9923
2026-04-05T04:34:59.451213,12515,2,100.0;0.1,4;1,1491,0.9924
2026-04-05T04:35:00.634220,12536,1,0.1,2,1492,0.9927
2026-04-05T04:35:00.715216,12537,2,0.1;1.0,1;2,1494,0.9924
2026-04-05T04:35:01.695222,12554,2,10.0;3.0,2;1,1496,0.9925
2026-04-05T04:35:01.898240,12557,1,100.0,3,1497,0.9922
2026-04-05T04:35:02.243220,12562,1,0.1,4,1498,0.9919
2026-04-05T04:35:02.550215,12567,2,3.0;1.0,1;4,1500,0.9918
2026-04-05T04:35:02.810217,12571,1,0.3,3,1501,0.9915
2026-04-05T04:35:02.872218,12572,2,10.0;0.3,3;4,1503,0.9912
2026-04-05T04:35:03.128240,12576,1,100.0,3,1504,0.9909
2026-04-05T04:35:03.828216,12588,2,30.0;30.0,3;1,1506,0.9908
2026-04-05T04:35:04.394215,12598,1,100.0,2,1507,0.9907
2026-04-05T04:35:04.759240,12603,2,0.3;10.0,3;1,1509,0.9908
2026-04-05T04:35:05.100220,12608,2,1.0;100.0,2;1,1511,0.9905
2026-04-05T04:35:05.495240,12615,1,30.0,3,1512,0.9902
2026-04-05T04:35:09.153216,12678,2,100.0;30.0,2;4,1514,0.9917
2026-04-05T04:35:09.797241,12689,1,0.1,1,1515,0.9916
2026-04-05T04:35:10.202216,12696,3,100.0;1.0;100.0,3;3;1,1518,0.9913
2026-04-05T04:35:10.375241,12699,2,1.0;30.0,2;3,1520,0.9910
2026-04-05T04:35:10.594221,12703,2,3.0;100.0,1;3,1522,0.9907
2026-04-05T04:35:10.909221,12708,1,0.1,2,1523,0.9904
2026-04-05T04:35:12.400241,12735,2,1.0;0.1,3;3,1525,0.9911
2026-04-05T04:35:12.786213,12741,1,10.0,3,1526,0.9912
2026-04-05T04:35:13.210241,12747,1,0.1,2,1527,0.9911
2026-04-05T04:35:13.497212,12752,2,30.0;100.0,3;3,1529,0.9910
2026-04-05T04:35:14.195214,12765,1,100.0,1,1530,0.9907
2026-04-05T04:35:14.270218,12766,1,0.1,1,1531,0.9904
2026-04-05T04:35:14.378222,12768,2,3.0;0.3,1;4,1533,0.9901
2026-04-05T04:35:15.540220,12788,3,1.0;1.0;0.3,2;1;3,1536,0.9906
2026-04-05T04:35:15.753241,12792,2,1.0;0.3,2;4,1538,0.9903
2026-04-05T04:35:15.867212,12794,1,0.1,2,1539,0.9900
2026-04-05T04:35:16.049241,12796,1,30.0,4,1540,0.9897
2026-04-05T04:35:17.302241,12819,3,0.1;30.0;3.0,4;3;2,1543,0.9900
2026-04-05T04:35:18.392218,12838,1,0.1,2,1544,0.9903
2026-04-05T04:35:20.196222,12870,1,1.0,2,1545,0.9908
2026-04-05T04:35:21.035241,12885,1,30.0,1,1546,0.9909
2026-04-05T04:35:21.339215,12890,1,10.0,3,1547,0.9910
2026-04-05T04:35:24.293218,12943,2,0.1;10.0,3;2,1549,0.9923
2026-04-05T04:35:26.787242,12989,1,0.3,1,1550,0.9928
2026-04-05T04:35:27.246223,12997,1,100.0,2,1551,0.9927
2026-04-05T04:35:27.298214,12998,2,0.3;10.0,1;2,1553,0.9924
2026-04-05T04:35:27.496222,13001,3,0.1;3.0;1.0,3;2;4,1556,0.9921
2026-04-05T04:35:28.808243,13023,3,0.3;30.0;1.0,1;1;4,1559,0.9928
2026-04-05T04:35:30.017217,13045,2,100.0;0.1,1;1,1561,0.9929
2026-04-05T04:35:30.438243,13052,1,0.3,4,1562,0.9930
2026-04-05T04:35:31.080243,13063,1,1.0,2,1563,0.9929
2026-04-05T04:35:32.677243,13092,2,0.1;30.0,1;1,1565,0.9930
2026-04-05T04:35:34.440219,13124,1,1.0,1,1566,0.9933
2026-04-05T04:35:35.561224,13144,2,3.0;3.0,2;4,1568,0.9934
2026-04-05T04:35:36.091243,13153,2,3.0;100.0,1;3,1570,0.9935
2026-04-05T04:35:36.649217,13163,1,3.0,1,1571,0.9936
2026-04-05T04:35:37.429244,13178,1,3.0,3,1572,0.9933
2026-04-05T04:35:39.129218,13208,3,1.0;100.0;1.0,4;1;2,1575,0.9934
2026-04-05T04:35:39.191218,13209,1,10.0,1,1576,0.9931
2026-04-05T04:35:39.716216,13218,1,100.0,3,1577,0.9930
2026-04-05T04:35:43.265244,13280,1,0.3,1,1578,0.9947
2026-04-05T04:35:44.064217,13293,1,0.1,3,1579,0.9948
2026-04-05T04:35:44.115215,13294,2,10.0;10.0,2;2,1581,0.9945
2026-04-05T04:35:45.961218,13329,1,0.1,2,1582,0.9946
2026-04-05T04:35:48.482245,13372,1,1.0,3,1583,0.9955
2026-04-05T04:35:48.827244,13378,1,30.0,1,1584,0.9952
2026-04-05T04:35:48.926223,13379,2,30.0;100.0,2;3,1586,0.9949
2026-04-05T04:35:49.475244,13389,1,0.3,1,1587,0.9948
2026-04-05T04:35:50.628244,13411,1,3.0,1,1588,0.9947
2026-04-05T04:35:50.927244,13416,2,0.1;100.0,4;2,1590,0.9944
2026-04-05T04:35:52.186246,13438,1,1.0,3,1591,0.9947
2026-04-05T04:35:52.974245,13452,1,30.0,1,1592,0.9948
2026-04-05T04:35:54.713245,13481,1,0.3,1,1593,0.9959
2026-04-05T04:35:55.573216,13496,1,30.0,1,1594,0.9960
2026-04-05T04:35:56.148216,13505,1,0.1,4,1595,0.9963
2026-04-05T04:35:57.266220,13524,3,0.1;100.0;100.0,1;2;1,1598,0.9964
2026-04-05T04:35:58.174245,13541,1,10.0,3,1599,0.9963
2026-04-05T04:35:58.834226,13552,2,0.3;10.0,2;3,1601,0.9962
2026-04-05T04:35:59.009246,13555,2,0.3;1.0,1;1,1603,0.9959
2026-04-05T04:35:59.206217,13558,2,30.0;100.0,3;3,1605,0.9958
2026-04-05T04:36:00.109245,13574,1,0.3,3,1606,0.9957
2026-04-05T04:36:00.256225,13576,1,10.0,1,1607,0.9954
2026-04-05T04:36:00.312217,13577,1,100.0,2,1608,0.9951
2026-04-05T04:36:01.442246,13597,1,3.0,1,1609,0.9952
2026-04-05T04:36:01.667246,13601,1,0.1,4,1610,0.9949
2026-04-05T04:36:01.829227,13604,2,3.0;30.0,1;1,1612,0.9946
2026-04-05T04:36:02.909221,13623,3,100.0;0.3;10.0,3;2;4,1615,0.9951
2026-04-05T04:36:03.706246,13637,3,10.0;0.1;3.0,1;3;3,1618,0.9954
2026-04-05T04:36:03.928246,13641,3,0.3;30.0;10.0,2;2;3,1621,0.9951
2026-04-05T04:36:05.236246,13665,2,3.0;30.0,1;2,1623,0.9952
2026-04-05T04:36:05.735246,13674,2,0.1;30.0,3;2,1625,0.9951
2026-04-05T04:36:05.899246,13676,1,30.0,1,1626,0.9948
2026-04-05T04:36:06.840246,13692,1,3.0,3,1627,0.9951
2026-04-05T04:36:07.049246,13696,1,3.0,3,1628,0.9948
2026-04-05T04:36:07.789246,13710,2,10.0;0.3,1;3,1630,0.9945
2026-04-05T04:36:08.134227,13716,1,0.1,2,1631,0.9942
2026-04-05T04:36:08.373246,13719,1,0.1,1,1632,0.9939
2026-04-05T04:36:08.742247,13726,1,10.0,3,1633,0.9938
2026-04-05T04:36:09.189246,13734,1,1.0,2,1634,0.9937
2026-04-05T04:36:10.066221,13748,1,10.0,3,1635,0.9936
2026-04-05T04:36:10.570218,13756,2,100.0;30.0,2;2,1637,0.9937
2026-04-05T04:36:11.310247,13769,1,30.0,3,1638,0.9938
2026-04-05T04:36:12.725225,13794,2,3.0;0.1,4;3,1640,0.9945
2026-04-05T04:36:13.072222,13800,1,0.3,1,1641,0.9944
2026-04-05T04:36:13.212218,13802,1,0.1,2,1642,0.9941
2026-04-05T04:36:13.376219,13804,1,100.0,3,1643,0.9940
2026-04-05T04:36:14.977247,13832,2,0.3;10.0,3;2,1645,0.9943
2026-04-05T04:36:15.903227,13848,2,100.0;0.3,3;3,1647,0.9944
2026-04-05T04:36:16.587220,13858,2,3.0;3.0,1;3,1649,0.9943
2026-04-05T04:36:17.954247,13883,1,1.0,2,1650,0.9944
2026-04-05T04:36:19.098247,13904,2,30.0;0.1,2;1,1652,0.9943
2026-04-05T04:36:20.609248,13931,1,0.1,4,1653,0.9944
2026-04-05T04:36:24.366228,13998,1,30.0,1,1654,0.9955
2026-04-05T04:36:25.120248,14010,1,0.3,1,1655,0.9956
2026-04-05T04:36:25.807221,14022,3,1.0;10.0;0.3,1;3;1,1658,0.9957
2026-04-05T04:36:26.002221,14025,2,0.1;30.0,3;1,1660,0.9958
2026-04-05T04:36:26.827248,14039,2,10.0;0.1,4;2,1662,0.9959
2026-04-05T04:36:30.521249,14106,3,3.0;100.0;0.3,3;1;2,1665,0.9972
2026-04-05T04:36:30.999229,14114,2,100.0;3.0,2;3,1667,0.9971
2026-04-05T04:36:31.080227,14115,1,0.1,1,1668,0.9968
2026-04-05T04:36:31.404220,14121,1,3.0,4,1669,0.9969
2026-04-05T04:36:31.915220,14130,2,100.0;3.0,2;1,1671,0.9970
2026-04-05T04:36:32.512220,14139,2,1.0;0.3,4;3,1673,0.9971
2026-04-05T04:36:32.664220,14141,2,0.3;30.0,1;3,1675,0.9968
2026-04-05T04:36:32.742220,14142,1,10.0,1,1676,0.9965
2026-04-05T04:36:34.728249,14179,2,1.0;0.1,1;3,1678,0.9972
2026-04-05T04:36:34.999249,14184,1,100.0,4,1679,0.9969
2026-04-05T04:36:35.247249,14188,1,0.3,4,1680,0.9966
2026-04-05T04:36:35.533230,14193,1,0.3,1,1681,0.9963
2026-04-05T04:36:36.584250,14211,2,10.0;30.0,3;2,1683,0.9968
2026-04-05T04:36:39.374250,14261,2,10.0;0.1,4;4,1685,0.9977
2026-04-05T04:36:39.820222,14269,1,0.3,1,1686,0.9976
2026-04-05T04:36:40.230250,14277,1,30.0,1,1687,0.9973
2026-04-05T04:36:40.439249,14280,3,3.0;0.1;10.0,3;1;2,1690,0.9970
2026-04-05T04:36:40.842230,14287,1,0.1,3,1691,0.9967
2026-04-05T04:36:41.503227,14298,2,100.0;100.0,3;3,1693,0.9966
2026-04-05T04:36:44.282231,14349,1,0.1,2,1694,0.9967
2026-04-05T04:36:44.465233,14352,2,10.0;1.0,1;3,1696,0.9964
2026-04-05T04:36:45.423222,14368,2,1.0;1.0,2;4,1698,0.9967
2026-04-05T04:36:47.818222,14410,1,3.0,1,1699,0.9977
2026-04-05T04:36:47.908229,14411,3,3.0;0.1;30.0,3;3;4,1702,0.9974
2026-04-05T04:36:48.088231,14414,2,0.1;10.0,3;3,1704,0.9971
2026-04-05T04:36:49.935222,14446,2,1.0;0.1,2;1,1706,0.9976
2026-04-05T04:36:50.753250,14460,2,10.0;0.3,1;2,1708,0.9975
2026-04-05T04:36:51.179251,14467,1,1.0,3,1709,0.9974
2026-04-05T04:36:51.297222,14469,1,10.0,2,1710,0.9971
2026-04-05T04:36:51.881228,14480,1,1.0,2,1711,0.9970
2026-04-05T04:36:53.436251,14510,1,100.0,1,1712,0.9969
2026-04-05T04:36:53.802251,14517,2,3.0;0.3,2;1,1714,0.9966
2026-04-05T04:36:55.062251,14537,1,10.0,2,1715,0.9973
2026-04-05T04:36:56.227251,14559,2,0.3;30.0,1;1,1717,0.9972
2026-04-05T04:36:56.664225,14566,2,10.0;30.0,2;1,1719,0.9975
2026-04-05T04:36:57.867232,14588,2,1.0;0.3,1;4,1721,0.9974
2026-04-05T04:36:57.960230,14589,3,10.0;1.0;0.1,1;2;1,1724,0.9971
2026-04-05T04:36:58.281228,14594,3,3.0;1.0;0.1,2;3;1,1727,0.9970
2026-04-05T04:36:58.445251,14597,2,30.0;1.0,2;1,1729,0.9967
2026-04-05T04:36:59.164251,14608,1,30.0,2,1730,0.9970
2026-04-05T04:37:00.985227,14640,1,1.0,1,1731,0.9977
2026-04-05T04:37:02.268232,14665,1,30.0,3,1732,0.9974
2026-04-05T04:37:04.717252,14709,1,1.0,1,1733,0.9977
2026-04-05T04:37:05.069224,14713,1,1.0,3,1734,0.9976
2026-04-05T04:37:05.149230,14714,2,10.0;0.1,3;1,1736,0.9973
2026-04-05T04:37:06.144252,14731,2,3.0;1.0,1;1,1738,0.9976
2026-04-05T04:37:06.656234,14739,1,0.1,2,1739,0.9975
2026-04-05T04:37:06.832227,14742,1,30.0,1,1740,0.9972
2026-04-05T04:37:07.303252,14751,3,1.0;0.1;1.0,4;1;2,1743,0.9969
2026-04-05T04:37:08.166233,14767,2,0.1;1.0,2;1,1745,0.9972
2026-04-05T04:37:09.446228,14791,3,1.0;30.0;0.3,2;2;2,1748,0.9973
2026-04-05T04:37:09.779252,14797,2,3.0;30.0,1;2,1750,0.9970
2026-04-05T04:37:10.307231,14806,1,3.0,3,1751,0.9969
2026-04-05T04:37:10.978225,14817,3,1.0;30.0;1.0,4;1;4,1754,0.9974
2026-04-05T04:37:11.649227,14829,2,0.1;0.3,1;3,1756,0.9973
2026-04-05T04:37:12.660228,14846,1,100.0,2,1757,0.9976
2026-04-05T04:37:12.923253,14851,3,0.1;100.0;100.0,1;3;1,1760,0.9973
2026-04-05T04:37:14.042253,14872,3,1.0;3.0;3.0,1;1;2,1763,0.9972
2026-04-05T04:37:14.665228,14884,1,0.1,2,1764,0.9969
2026-04-05T04:37:15.896253,14903,2,0.3;1.0,1;2,1766,0.9974
2026-04-05T04:37:17.542253,14934,1,0.3,1,1767,0.9971
2026-04-05T04:37:17.652230,14935,2,10.0;3.0,2;3,1769,0.9968
2026-04-05T04:37:21.382254,15002,2,30.0;1.0,1;3,1771,0.9977
2026-04-05T04:37:21.579253,15005,1,0.1,1,1772,0.9974
2026-04-05T04:37:21.655231,15006,1,0.1,2,1773,0.9971
2026-04-05T04:37:21.815231,15009,2,0.1;100.0,1;4,1775,0.9968
2026-04-05T04:37:21.970254,15012,2,0.3;1.0,1;3,1777,0.9965
2026-04-05T04:37:22.377254,15019,2,1.0;100.0,2;4,1779,0.9966
2026-04-05T04:37:22.797236,15025,1,10.0,1,1780,0.9965
2026-04-05T04:37:22.956231,15027,1,0.3,2,1781,0.9962
2026-04-05T04:37:23.777254,15041,2,0.3;30.0,2;3,1783,0.9963
2026-04-05T04:37:24.513229,15055,1,30.0,4,1784,0.9962
2026-04-05T04:37:24.602230,15056,2,10.0;30.0,3;1,1786,0.9959
2026-04-05T04:37:25.513254,15070,1,100.0,3,1787,0.9958
2026-04-05T04:37:26.031229,15079,2,1.0;0.1,3;3,1789,0.9955
2026-04-05T04:37:26.644233,15089,2,10.0;1.0,4;1,1791,0.9954
2026-04-05T04:37:28.276229,15118,3,1.0;10.0;0.1,1;2;1,1794,0.9957
2026-04-05T04:37:28.360233,15119,1,100.0,2,1795,0.9954
2026-04-05T04:37:28.528255,15122,1,0.3,1,1796,0.9951
2026-04-05T04:37:29.044254,15131,2,1.0;0.1,4;1,1798,0.9952
2026-04-05T04:37:29.167231,15133,2,1.0;10.0,3;3,1800,0.9949
2026-04-05T04:37:29.319226,15135,1,10.0,3,1801,0.9948
2026-04-05T04:37:29.643255,15141,2,0.1;0.1,3;4,1803,0.9945
2026-04-05T04:37:29.812226,15143,3,30.0;10.0;3.0,2;1;4,1806,0.9942
2026-04-05T04:37:30.153234,15148,2,3.0;0.1,3;2,1808,0.9941
2026-04-05T04:37:30.517230,15154,2,100.0;3.0,4;2,1810,0.9940
2026-04-05T04:37:31.109229,15165,1,0.1,1,1811,0.9937
2026-04-05T04:37:31.764236,15176,1,100.0,2,1812,0.9938
2026-04-05T04:37:31.902232,15178,1,1.0,2,1813,0.9935
2026-04-05T04:37:32.802255,15195,2,30.0;30.0,2;2,1815,0.9934
2026-04-05T04:37:33.146232,15201,1,1.0,4,1816,0.9931
2026-04-05T04:37:33.306231,15202,2,30.0;0.3,1;1,1818,0.9928
2026-04-05T04:37:33.696235,15209,1,10.0,2,1819,0.9927
2026-04-05T04:37:34.144255,15217,1,0.3,2,1820,0.9924
2026-04-05T04:37:34.802255,15228,2,100.0;3.0,3;2,1822,0.9925
2026-04-05T04:37:35.747230,15245,2,30.0;100.0,3;1,1824,0.9924
2026-04-05T04:37:36.425236,15256,2,30.0;0.3,4;2,1826,0.9925
2026-04-05T04:37:37.167232,15268,1,10.0,2,1827,0.9928
2026-04-05T04:37:37.851255,15278,1,0.1,2,1828,0.9929
2026-04-05T04:37:38.018229,15281,1,1.0,4,1829,0.9926
2026-04-05T04:37:38.148232,15283,1,0.3,3,1830,0.9923
2026-04-05T04:37:38.556230,15290,1,0.3,2,1831,0.9922
2026-04-05T04:37:39.574229,15307,1,10.0,4,1832,0.9927
2026-04-05T04:37:39.959236,15314,3,0.1;100.0;100.0,3;2;1,1835,0.9924
2026-04-05T04:37:41.603236,15343,1,3.0,2,1836,0.9927
2026-04-05T04:37:41.762227,15345,1,100.0,2,1837,0.9924
2026-04-05T04:37:42.059236,15350,1,0.3,3,1838,0.9921
2026-04-05T04:37:43.336230,15373,1,100.0,4,1839,0.9924
2026-04-05T04:37:43.801256,15382,3,1.0;30.0;1.0,4;2;1,1842,0.9921
2026-04-05T04:37:44.337232,15392,2,3.0;3.0,1;4,1844,0.9918
2026-04-05T04:37:44.692256,15398,1,0.1,3,1845,0.9917
2026-04-05T04:37:45.489227,15411,1,30.0,1,1846,0.9920
2026-04-05T04:37:46.389256,15428,2,100.0;100.0,1;2,1848,0.9921
2026-04-05T04:37:46.568256,15431,3,3.0;100.0;10.0,1;1;1,1851,0.9918
2026-04-05T04:37:47.527256,15448,1,0.3,1,1852,0.9919
2026-04-05T04:37:49.937229,15492,1,3.0,1,1853,0.9926
2026-04-05T04:37:51.463239,15520,1,0.3,1,1854,0.9925
2026-04-05T04:37:52.224257,15533,1,30.0,4,1855,0.9926
2026-04-05T04:37:52.620257,15540,1,100.0,2,1856,0.9923
2026-04-05T04:37:52.838257,15544,1,0.1,3,1857,0.9920
2026-04-05T04:37:53.236257,15551,1,3.0,3,1858,0.9919
2026-04-05T04:37:53.295234,15552,2,100.0;3.0,3;4,1860,0.9916
2026-04-05T04:37:53.849257,15560,3,100.0;30.0;30.0,3;1;2,1863,0.9913
2026-04-05T04:37:55.288234,15586,1,100.0,2,1864,0.9918
2026-04-05T04:37:55.822231,15596,1,1.0,3,1865,0.9917
2026-04-05T04:37:56.525258,15609,1,0.1,4,1866,0.9914
2026-04-05T04:37:56.607232,15610,1,0.3,1,1867,0.9911
2026-04-05T04:37:56.688235,15611,2,3.0;3.0,3;3,1869,0.9908
2026-04-05T04:37:57.906257,15634,1,0.1,2,1870,0.9909
2026-04-05T04:37:58.544258,15646,2,1.0;3.0,2;4,1872,0.9906
2026-04-05T04:37:59.173258,15657,1,10.0,4,1873,0.9905
2026-04-05T04:37:59.292229,15659,1,3.0,2,1874,0.9902
2026-04-05T04:38:00.189258,15676,2,10.0;0.1,3;3,1876,0.9899
2026-04-05T04:38:01.872258,15703,1,1.0,3,1877,0.9904
2026-04-05T04:38:02.137231,15707,1,100.0,3,1878,0.9903
2026-04-05T04:38:02.358232,15711,1,3.0,1,1879,0.9900
2026-04-05T04:38:03.376232,15728,1,10.0,3,1880,0.9903
2026-04-05T04:38:03.752231,15732,1,0.1,2,1881,0.9902
2026-04-05T04:38:03.961241,15735,1,10.0,2,1882,0.9901
2026-04-05T04:38:05.823258,15769,1,0.1,3,1883,0.9906
2026-04-05T04:38:06.303259,15777,3,10.0;1.0;3.0,1;3;1,1886,0.9905
2026-04-05T04:38:07.306233,15794,1,10.0,2,1887,0.9906
2026-04-05T04:38:07.366230,15795,1,10.0,1,1888,0.9903
2026-04-05T04:38:08.908230,15823,2,0.1;30.0,3;1,1890,0.9904
2026-04-05T04:38:09.380236,15831,1,1.0,3,1891,0.9903
2026-04-05T04:38:09.841258,15839,3,0.1;100.0;100.0,2;2;3,1894,0.9902
2026-04-05T04:38:09.919231,15840,1,1.0,1,1895,0.9899
2026-04-05T04:38:10.535258,15851,2,3.0;10.0,2;1,1897,0.9898
2026-04-05T04:38:10.933259,15857,2,30.0;0.1,2;1,1899,0.9897
2026-04-05T04:38:11.502229,15867,2,1.0;0.1,3;3,1901,0.9894
2026-04-05T04:38:12.212234,15878,1,30.0,2,1902,0.9897
2026-04-05T04:38:12.561259,15884,1,100.0,2,1903,0.9894
2026-04-05T04:38:12.980234,15890,1,10.0,4,1904,0.9893
2026-04-05T04:38:13.092230,15892,1,100.0,1,1905,0.9890
2026-04-05T04:38:13.243259,15894,1,1.0,2,1906,0.9887
2026-04-05T04:38:13.744235,15901,1,100.0,1,1907,0.9888
2026-04-05T04:38:14.466235,15914,1,0.3,1,1908,0.9885
2026-04-05T04:38:15.270259,15929,1,3.0,3,1909,0.9886
2026-04-05T04:38:17.642259,15971,1,0.3,2,1910,0.9891
2026-04-05T04:38:18.079230,15979,2,10.0;0.3,2;3,1912,0.9890
2026-04-05T04:38:19.821259,16010,2,1.0;0.1,3;2,1914,0.9903
2026-04-05T04:38:19.890236,16011,2,3.0;0.3,1;2,1916,0.9900
2026-04-05T04:38:21.354260,16038,1,10.0,4,1917,0.9901
2026-04-05T04:38:21.939236,16048,1,100.0,2,1918,0.9902
2026-04-05T04:38:22.636260,16058,2,0.1;3.0,3;4,1920,0.9903
2026-04-05T04:38:22.701237,16059,1,100.0,3,1921,0.9900
2026-04-05T04:38:23.395260,16072,2,0.3;3.0,1;3,1923,0.9899
2026-04-05T04:38:25.189232,16103,1,3.0,1,1924,0.9908
2026-04-05T04:38:25.786260,16112,2,10.0;30.0,1;3,1926,0.9911
2026-04-05T04:38:26.172260,16118,1,0.1,3,1927,0.9912
2026-04-05T04:38:27.795236,16145,1,0.1,2,1928,0.9923
2026-04-05T04:38:28.164235,16152,2,1.0;0.3,3;3,1930,0.9920
2026-04-05T04:38:29.404236,16172,2,100.0;30.0,3;3,1932,0.9925
2026-04-05T04:38:29.639260,16176,1,100.0,4,1933,0.9922
2026-04-05T04:38:30.110238,16184,3,3.0;3.0;0.1,3;1;2,1936,0.9923
2026-04-05T04:38:30.186239,16185,2,30.0;0.3,1;4,1938,0.9920
2026-04-05T04:38:30.675261,16194,3,1.0;0.3;1.0,3;1;3,1941,0.9917
2026-04-05T04:38:31.063235,16200,2,1.0;3.0,2;3,1943,0.9918
2026-04-05T04:38:32.708261,16229,2,1.0;1.0,1;1,1945,0.9923
2026-04-05T04:38:32.941242,16233,1,0.3,3,1946,0.9922
2026-04-05T04:38:33.291261,16239,1,0.3,1,1947,0.9921
2026-04-05T04:38:33.433233,16241,1,0.1,2,1948,0.9918
2026-04-05T04:38:33.875261,16249,1,1.0,3,1949,0.9915
2026-04-05T04:38:34.189261,16255,1,0.1,3,1950,0.9912
2026-04-05T04:38:34.402261,16259,2,10.0;10.0,3;1,1952,0.9909
2026-04-05T04:38:34.883261,16268,1,100.0,3,1953,0.9906
2026-04-05T04:38:35.598243,16280,1,0.1,1,1954,0.9907
2026-04-05T04:38:35.730236,16282,3,100.0;3.0;3.0,3;2;3,1957,0.9904
2026-04-05T04:38:36.020233,16286,1,100.0,4,1958,0.9903
2026-04-05T04:38:36.646235,16296,1,10.0,3,1959,0.9902
2026-04-05T04:38:37.349236,16307,2,1.0;100.0,3;1,1961,0.9903
2026-04-05T04:38:37.987261,16319,3,0.1;0.1;30.0,3;1;2,1964,0.9900
2026-04-05T04:38:38.150261,16321,2,0.1;100.0,3;2,1966,0.9897
2026-04-05T04:38:38.379235,16325,1,30.0,2,1967,0.9894
2026-04-05T04:38:40.025262,16355,1,0.3,1,1968,0.9895
2026-04-05T04:38:40.672236,16367,1,100.0,3,1969,0.9894
2026-04-05T04:38:40.879243,16370,1,3.0,3,1970,0.9891
2026-04-05T04:38:40.988233,16372,2,10.0;0.3,2;2,1972,0.9888
2026-04-05T04:38:41.222262,16376,3,0.1;30.0;10.0,3;2;1,1975,0.9885
2026-04-05T04:38:42.609233,16401,2,30.0;1.0,4;3,1977,0.9888
2026-04-05T04:38:42.818235,16404,1,30.0,2,1978,0.9885
2026-04-05T04:38:44.043262,16425,2,0.3;1.0,1;3,1980,0.9888
2026-04-05T04:38:44.944234,16440,2,1.0;100.0,1;4,1982,0.9895
2026-04-05T04:38:45.044233,16441,2,0.3;30.0,2;3,1984,0.9892
2026-04-05T04:38:45.126235,16442,1,1.0,1,1985,0.9889
2026-04-05T04:38:45.459262,16448,2,0.1;0.3,3;3,1987,0.9886
2026-04-05T04:38:45.623242,16451,1,1.0,2,1988,0.9883
2026-04-05T04:38:45.687237,16452,1,10.0,3,1989,0.9880
2026-04-05T04:38:46.462243,16465,1,3.0,1,1990,0.9879
2026-04-05T04:38:47.022262,16475,1,10.0,4,1991,0.9876
2026-04-05T04:38:47.255262,16479,1,100.0,1,1992,0.9873
2026-04-05T04:38:48.029262,16493,1,0.1,2,1993,0.9872
2026-04-05T04:38:48.323236,16497,1,100.0,3,1994,0.9871
2026-04-05T04:38:48.449234,16499,2,30.0;1.0,3;3,1996,0.9868
2026-04-05T04:38:49.382241,16516,1,3.0,3,1997,0.9871
2026-04-05T04:38:49.696263,16522,1,3.0,3,1998,0.9868
2026-04-05T04:38:50.482236,16535,2,10.0;30.0,1;3,2000,0.9867
2026-04-05T04:38:50.790237,16541,1,100.0,2,2001,0.9864
2026-04-05T04:38:51.179246,16547,1,0.1,1,2002,0.9867
2026-04-05T04:38:54.306263,16602,1,0.3,1,2003,0.9872
2026-04-05T04:38:54.769263,16610,1,1.0,3,2004,0.9869
2026-04-05T04:38:54.915234,16612,2,10.0;100.0,1;3,2006,0.9866
2026-04-05T04:38:55.196263,16617,3,100.0;3.0;10.0,3;1;3,2009,0.9863
2026-04-05T04:38:56.079238,16634,1,0.3,1,2010,0.9860
2026-04-05T04:38:56.185240,16635,1,10.0,1,2011,0.9857
2026-04-05T04:38:56.767235,16644,2,3.0;0.1,4;1,2013,0.9860
2026-04-05T04:38:57.781250,16661,1,10.0,2,2014,0.9859
2026-04-05T04:38:58.501263,16675,2,10.0;30.0,3;2,2016,0.9856
2026-04-05T04:38:59.159238,16686,1,3.0,2,2017,0.9861
2026-04-05T04:38:59.323264,16689,1,0.3,1,2018,0.9858
2026-04-05T04:38:59.916235,16699,2,30.0;1.0,1;4,2020,0.9859
2026-04-05T04:39:00.937238,16718,2,0.1;0.3,2;2,2022,0.9858
2026-04-05T04:39:01.020240,16719,1,30.0,2,2023,0.9855
2026-04-05T04:39:01.484264,16728,2,1.0;100.0,3;1,2025,0.9852
2026-04-05T04:39:02.387238,16742,1,0.3,3,2026,0.9855
2026-04-05T04:39:02.882264,16750,2,10.0;10.0,1;1,2028,0.9854
2026-04-05T04:39:04.631264,16783,2,3.0;30.0,2;3,2030,0.9857
2026-04-05T04:39:04.850264,16787,1,0.1,2,2031,0.9854
2026-04-05T04:39:05.250264,16794,3,100.0;3.0;100.0,3;1;2,2034,0.9853
2026-04-05T04:39:06.765264,16819,1,0.3,1,2035,0.9858
2026-04-05T04:39:07.792264,16837,2,0.3;1.0,1;3,2037,0.9859
2026-04-05T04:39:09.283238,16865,2,1.0;30.0,1;4,2039,0.9858
2026-04-05T04:39:09.720264,16873,3,10.0;30.0;1.0,3;1;1,2042,0.9857
2026-04-05T04:39:09.879238,16876,2,3.0;10.0,3;2,2044,0.9854
2026-04-05T04:39:10.537265,16888,2,30.0;10.0,2;2,2046,0.9855
2026-04-05T04:39:11.222265,16900,2,0.3;1.0,2;3,2048,0.9858
2026-04-05T04:39:12.191265,16916,2,30.0;0.1,3;2,2050,0.9859
2026-04-05T04:39:13.987265,16946,1,10.0,1,2051,0.9864
2026-04-05T04:39:14.849265,16961,3,0.3;3.0;10.0,2;2;3,2054,0.9863
2026-04-05T04:39:15.162265,16967,2,10.0;3.0,2;1,2056,0.9860
2026-04-05T04:39:15.648238,16976,2,0.3;1.0,3;2,2058,0.9861
2026-04-05T04:39:16.396240,16990,2,3.0;0.3,1;2,2060,0.9858
2026-04-05T04:39:17.039237,17001,1,100.0,3,2061,0.9859
2026-04-05T04:39:17.422246,17008,2,30.0;10.0,4;1,2063,0.9858
2026-04-05T04:39:17.489237,17009,3,1.0;0.1;10.0,3;2;2,2066,0.9855
2026-04-05T04:39:17.984243,17018,1,1.0,2,2067,0.9856
2026-04-05T04:39:18.309242,17023,2,10.0;0.3,1;2,2069,0.9855
2026-04-05T04:39:18.760265,17031,2,30.0;30.0,3;1,2071,0.9854
2026-04-05T04:39:19.239246,17039,1,3.0,4,2072,0.9853
2026-04-05T04:39:20.084240,17053,3,0.1;1.0;30.0,2;3;2,2075,0.9858
2026-04-05T04:39:21.014247,17070,1,30.0,4,2076,0.9861
2026-04-05T04:39:21.075241,17071,2,1.0;0.3,3;3,2078,0.9858
2026-04-05T04:39:22.312266,17092,1,1.0,2,2079,0.9863
2026-04-05T04:39:22.560266,17096,1,1.0,2,2080,0.9860
2026-04-05T04:39:23.243246,17108,2,10.0;100.0,2;2,2082,0.9859
2026-04-05T04:39:23.649237,17115,1,10.0,1,2083,0.9860
2026-04-05T04:39:23.827237,17118,3,3.0;0.1;0.3,3;4;2,2086,0.9857
2026-04-05T04:39:24.052266,17122,2,100.0;0.1,2;3,2088,0.9854
2026-04-05T04:39:24.676266,17133,1,0.3,3,2089,0.9851
2026-04-05T04:39:26.409247,17160,2,1.0;100.0,2;2,2091,0.9860
2026-04-05T04:39:26.847237,17168,1,100.0,3,2092,0.9859
2026-04-05T04:39:27.896241,17187,1,100.0,2,2093,0.9860
2026-04-05T04:39:28.148266,17191,1,1.0,4,2094,0.9857
2026-04-05T04:39:29.265267,17208,2,30.0;1.0,3;1,2096,0.9860
2026-04-05T04:39:29.333242,17209,1,1.0,1,2097,0.9857
2026-04-05T04:39:29.903238,17218,2,3.0;100.0,1;4,2099,0.9862
2026-04-05T04:39:30.063241,17220,1,100.0,3,2100,0.9861
2026-04-05T04:39:30.138238,17221,2,1.0;0.1,1;2,2102,0.9858
2026-04-05T04:39:30.217238,17222,1,1.0,4,2103,0.9855
2026-04-05T04:39:30.441241,17225,3,0.3;1.0;100.0,2;2;3,2106,0.9854
2026-04-05T04:39:30.576238,17227,3,100.0;10.0;10.0,2;2;2,2109,0.9851
2026-04-05T04:39:31.420241,17241,1,0.1,3,2110,0.9852
2026-04-05T04:39:31.860267,17248,1,1.0,1,2111,0.9851
2026-04-05T04:39:32.223267,17253,1,100.0,2,2112,0.9848
2026-04-05T04:39:32.542241,17259,1,3.0,4,2113,0.9845
2026-04-05T04:39:32.802267,17263,1,30.0,2,2114,0.9842
2026-04-05T04:39:32.856241,17264,1,10.0,1,2115,0.9839
2026-04-05T04:39:32.934238,17265,3,0.1;30.0;0.3,3;2;1,2118,0.9836
2026-04-05T04:39:33.663267,17278,1,100.0,4,2119,0.9833
2026-04-05T04:39:34.498267,17293,3,100.0;0.1;0.3,1;2;2,2122,0.9834
2026-04-05T04:39:34.551244,17294,1,100.0,4,2123,0.9831
2026-04-05T04:39:35.607267,17314,2,1.0;1.0,2;3,2125,0.9830
2026-04-05T04:39:36.011248,17321,3,10.0;30.0;1.0,3;2;1,2128,0.9831
2026-04-05T04:39:37.285267,17341,1,3.0,3,2129,0.9832
2026-04-05T04:39:38.672267,17368,1,10.0,2,2130,0.9829
2026-04-05T04:39:38.911268,17372,3,100.0;0.1;0.3,4;2;2,2133,0.9828
2026-04-05T04:39:38.968241,17373,2,3.0;100.0,2;2,2135,0.9825
2026-04-05T04:39:40.226267,17395,1,30.0,2,2136,0.9826
2026-04-05T04:39:41.570268,17421,2,1.0;3.0,2;4,2138,0.9827
2026-04-05T04:39:41.624239,17422,1,3.0,2,2139,0.9824
2026-04-05T04:39:41.837248,17426,2,10.0;0.3,2;1,2141,0.9821
2026-04-05T04:39:41.894242,17427,2,100.0;0.3,1;1,2143,0.9818
2026-04-05T04:39:42.297239,17434,2,10.0;0.1,2;3,2145,0.9819
2026-04-05T04:39:42.886268,17445,2,30.0;3.0,2;3,2147,0.9816
2026-04-05T04:39:44.542268,17474,2,10.0;0.3,2;2,2149,0.9817
2026-04-05T04:39:44.702241,17477,1,0.1,3,2150,0.9814
2026-04-05T04:39:44.888248,17480,1,0.3,3,2151,0.9811
2026-04-05T04:39:45.042243,17483,1,30.0,2,2152,0.9808
2026-04-05T04:39:45.243239,17486,1,0.3,3,2153,0.9807
2026-04-05T04:39:46.471268,17507,1,0.1,2,2154,0.9812
2026-04-05T04:39:46.800268,17513,2,100.0;10.0,3;1,2156,0.9809
2026-04-05T04:39:46.970248,17516,2,0.3;30.0,2;2,2158,0.9806
2026-04-05T04:39:47.494249,17526,1,0.3,3,2159,0.9803
2026-04-05T04:39:48.959249,17553,2,30.0;100.0,2;1,2161,0.9808
2026-04-05T04:39:50.758268,17587,1,30.0,1,2162,0.9811
2026-04-05T04:39:51.256268,17596,1,0.3,3,2163,0.9810
2026-04-05T04:39:51.672269,17603,1,0.1,1,2164,0.9809
2026-04-05T04:39:52.703246,17622,2,3.0;3.0,3;3,2166,0.9810
2026-04-05T04:39:53.266269,17632,1,3.0,2,2167,0.9809
2026-04-05T04:39:54.298240,17651,1,3.0,3,2168,0.9810
2026-04-05T04:39:54.867269,17660,1,3.0,4,2169,0.9811
2026-04-05T04:39:55.230269,17667,1,10.0,2,2170,0.9808
2026-04-05T04:39:55.312248,17668,1,0.1,1,2171,0.9805
2026-04-05T04:39:55.657269,17673,1,0.1,2,2172,0.9804
2026-04-05T04:39:56.394269,17685,2,3.0;3.0,1;2,2174,0.9803
2026-04-05T04:39:56.559241,17688,2,1.0;0.3,4;3,2176,0.9802
2026-04-05T04:39:57.528270,17705,3,100.0;3.0;100.0,1;2;1,2179,0.9801
2026-04-05T04:39:57.752245,17709,1,100.0,2,2180,0.9800
2026-04-05T04:39:57.891240,17711,2,30.0;10.0,4;3,2182,0.9800
2026-04-05T04:39:58.509269,17722,1,10.0,1,2183,0.9800
2026-04-05T04:39:59.540244,17741,1,1.0,3,2184,0.9801
2026-04-05T04:40:01.115270,17768,1,3.0,1,2185,0.9804
2026-04-05T04:40:01.228247,17770,1,0.1,1,2186,0.9801
2026-04-05T04:40:01.768251,17780,2,3.0;0.1,1;1,2188,0.9800
2026-04-05T04:40:02.094271,17785,1,0.3,3,2189,0.9801
2026-04-05T04:40:02.489244,17792,1,0.3,2,2190,0.9800
2026-04-05T04:40:03.834245,17816,1,3.0,3,2191,0.9803
2026-04-05T04:40:04.085247,17819,2,0.3;100.0,4;3,2193,0.9802
2026-04-05T04:40:06.064246,17851,1,1.0,2,2194,0.9809
2026-04-05T04:40:06.232241,17853,1,0.1,3,2195,0.9806
2026-04-05T04:40:07.511270,17877,2,1.0;1.0,3;2,2197,0.9805
2026-04-05T04:40:09.303246,17907,2,1.0;3.0,1;1,2199,0.9810
2026-04-05T04:40:09.492271,17910,2,30.0;0.3,2;2,2201,0.9807
2026-04-05T04:40:10.058254,17921,2,0.1;100.0,4;4,2203,0.9804
2026-04-05T04:40:10.795271,17935,1,3.0,2,2204,0.9803
2026-04-05T04:40:11.699249,17951,3,30.0;10.0;1.0,1;2;3,2207,0.9802
2026-04-05T04:40:11.805252,17953,1,0.1,2,2208,0.9800
2026-04-05T04:40:11.993245,17956,1,3.0,1,2209,0.9800
2026-04-05T04:40:12.272271,17961,1,10.0,3,2210,0.9800
2026-04-05T04:40:12.584271,17967,1,1.0,2,2211,0.9800
2026-04-05T04:40:12.750249,17970,1,0.1,1,2212,0.9800
2026-04-05T04:40:13.166251,17977,2,30.0;100.0,3;3,2214,0.9800
2026-04-05T04:40:13.443245,17982,1,0.1,1,2215,0.9800
2026-04-05T04:40:14.312251,17997,2,100.0;100.0,1;2,2217,0.9800
2026-04-05T04:40:15.821271,18025,2,1.0;0.3,2;1,2219,0.9800
2026-04-05T04:40:16.099271,18029,2,10.0;100.0,2;1,2221,0.9800
2026-04-05T04:40:17.174243,18048,1,10.0,2,2222,0.9805
2026-04-05T04:40:17.505253,18054,1,30.0,2,2223,0.9804
2026-04-05T04:40:18.044246,18064,1,100.0,1,2224,0.9801
2026-04-05T04:40:18.371271,18070,2,1.0;3.0,3;1,2226,0.9800
2026-04-05T04:40:19.310249,18085,1,30.0,1,2227,0.9807
2026-04-05T04:40:20.175271,18101,2,10.0;10.0,3;1,2229,0.9810
2026-04-05T04:40:20.796243,18112,2,100.0;0.3,2;1,2231,0.9811
2026-04-05T04:40:21.024271,18116,2,1.0;0.1,3;1,2233,0.9808
2026-04-05T04:40:21.555253,18125,2,0.3;10.0,1;2,2235,0.9811
2026-04-05T04:40:22.223272,18137,1,0.1,1,2236,0.9812
2026-04-05T04:40:22.440272,18140,1,100.0,1,2237,0.9809
2026-04-05T04:40:22.619272,18143,1,0.1,2,2238,0.9806
2026-04-05T04:40:22.685247,18144,1,100.0,2,2239,0.9803
2026-04-05T04:40:22.815243,18146,2,100.0;0.3,3;2,2241,0.9800
2026-04-05T04:40:23.307272,18155,1,100.0,1,2242,0.9800
2026-04-05T04:40:23.651272,18161,1,3.0,3,2243,0.9800
2026-04-05T04:40:23.704248,18162,1,30.0,2,2244,0.9800
2026-04-05T04:40:23.864246,18165,2,100.0;3.0,1;3,2246,0.9800
2026-04-05T04:40:24.068252,18168,2,30.0;3.0,1;3,2248,0.9800
2026-04-05T04:40:24.994272,18185,1,1.0,3,2249,0.9800
2026-04-05T04:40:25.150246,18187,1,0.1,1,2250,0.9800
2026-04-05T04:40:25.994272,18203,1,10.0,2,2251,0.9800
2026-04-05T04:40:29.272273,18264,1,30.0,4,2252,0.9809
2026-04-05T04:40:29.718273,18271,1,30.0,2,2253,0.9810
2026-04-05T04:40:30.356272,18282,1,10.0,1,2254,0.9809
2026-04-05T04:40:30.908244,18291,1,0.1,2,2255,0.9812
2026-04-05T04:40:32.791272,18321,1,0.1,3,2256,0.9815
2026-04-05T04:40:33.247273,18328,2,10.0;100.0,2;3,2258,0.9814
2026-04-05T04:40:33.316250,18329,1,3.0,3,2259,0.9811
2026-04-05T04:40:34.502273,18350,1,0.1,1,2260,0.9814
2026-04-05T04:40:34.753273,18354,2,0.1;30.0,1;1,2262,0.9811
2026-04-05T04:40:34.870244,18356,1,0.1,1,2263,0.9808
2026-04-05T04:40:35.348246,18364,1,3.0,2,2264,0.9807
2026-04-05T04:40:35.672273,18370,1,100.0,1,2265,0.9806
2026-04-05T04:40:37.014273,18394,1,0.1,1,2266,0.9809
2026-04-05T04:40:37.372273,18400,2,0.3;30.0,2;1,2268,0.9806
2026-04-05T04:40:38.953274,18429,1,1.0,4,2269,0.9809
2026-04-05T04:40:39.442250,18437,1,1.0,1,2270,0.9808
2026-04-05T04:40:39.505245,18438,1,100.0,1,2271,0.9805
2026-04-05T04:40:40.525254,18457,1,1.0,2,2272,0.9806
2026-04-05T04:40:42.125245,18486,1,1.0,1,2273,0.9813
2026-04-05T04:40:45.444249,18545,3,0.3;0.1;0.1,3;1;1,2276,0.9832
2026-04-05T04:40:46.526248,18565,2,30.0;10.0,4;3,2278,0.9833
2026-04-05T04:40:47.551274,18583,1,3.0,2,2279,0.9834
2026-04-05T04:40:47.602252,18584,1,10.0,3,2280,0.9831
2026-04-05T04:40:49.125255,18613,2,0.3;0.1,2;3,2282,0.9830
2026-04-05T04:40:49.517275,18619,2,100.0;10.0,1;4,2284,0.9829
2026-04-05T04:40:50.469275,18636,2,1.0;1.0,4;1,2286,0.9830
2026-04-05T04:40:51.206255,18647,2,100.0;3.0,1;2,2288,0.9833
2026-04-05T04:40:51.637275,18655,1,0.3,1,2289,0.9832
2026-04-05T04:40:51.875247,18659,1,10.0,1,2290,0.9831
2026-04-05T04:40:52.214274,18665,2,1.0;100.0,3;1,2292,0.9828
2026-04-05T04:40:52.346246,18667,2,3.0;30.0,1;1,2294,0.9825
2026-04-05T04:40:53.314275,18684,2,30.0;30.0,2;1,2296,0.9826
2026-04-05T04:40:54.129275,18698,2,0.1;100.0,1;1,2298,0.9827
2026-04-05T04:40:55.104275,18716,1,10.0,3,2299,0.9826
2026-04-05T04:40:55.312250,18719,1,30.0,1,2300,0.9823
2026-04-05T04:40:55.577275,18724,1,0.1,3,2301,0.9820
2026-04-05T04:40:56.284275,18736,2,3.0;30.0,2;1,2303,0.9817
2026-04-05T04:40:56.949275,18748,1,0.3,3,2304,0.9814
2026-04-05T04:40:57.016253,18749,1,0.3,1,2305,0.9811
2026-04-05T04:40:57.324275,18755,2,0.3;0.1,2;3,2307,0.9808
2026-04-05T04:40:58.479276,18773,1,30.0,2,2308,0.9809
2026-04-05T04:40:58.617251,18775,1,100.0,4,2309,0.9806
2026-04-05T04:40:59.378266,18788,2,0.3;100.0,1;1,2311,0.9805
2026-04-05T04:41:00.217254,18802,1,30.0,2,2312,0.9810
2026-04-05T04:41:00.469247,18806,1,10.0,2,2313,0.9809
2026-04-05T04:41:00.679276,18809,1,0.3,1,2314,0.9806
2026-04-05T04:41:00.873276,18812,1,0.1,2,2315,0.9803
2026-04-05T04:41:01.009247,18814,1,30.0,1,2316,0.9800
2026-04-05T04:41:01.582276,18823,1,0.1,3,2317,0.9800
2026-04-05T04:41:01.823247,18826,1,10.0,2,2318,0.9800
2026-04-05T04:41:02.406276,18836,1,0.1,1,2319,0.9800
2026-04-05T04:41:02.947276,18846,3,0.1;3.0;100.0,1;1;1,2322,0.9800
2026-04-05T04:41:05.141254,18883,2,0.1;0.3,2;2,2324,0.9811
2026-04-05T04:41:05.303254,18885,1,1.0,1,2325,0.9808
2026-04-05T04:41:06.670276,18908,1,10.0,3,2326,0.9815
2026-04-05T04:41:06.922257,18912,1,0.1,2,2327,0.9814
2026-04-05T04:41:07.593277,18925,1,1.0,2,2328,0.9811
2026-04-05T04:41:07.978255,18931,2,100.0;0.3,2;3,2330,0.9812
2026-04-05T04:41:08.359252,18938,1,100.0,2,2331,0.9809
2026-04-05T04:41:09.219247,18954,3,3.0;0.1;1.0,1;2;2,2334,0.9810
2026-04-05T04:41:09.412257,18957,1,100.0,1,2335,0.9807
2026-04-05T04:41:10.577257,18978,1,1.0,3,2336,0.9810
2026-04-05T04:41:10.956277,18985,1,0.1,2,2337,0.9809
2026-04-05T04:41:11.025249,18986,1,0.3,2,2338,0.9806
2026-04-05T04:41:11.787249,18999,1,0.3,1,2339,0.9805
2026-04-05T04:41:12.505248,19011,1,100.0,3,2340,0.9810
2026-04-05T04:41:12.602253,19012,1,10.0,1,2341,0.9807
2026-04-05T04:41:13.014277,19020,1,3.0,1,2342,0.9804
2026-04-05T04:41:13.868277,19034,2,0.1;100.0,2;1,2344,0.9803
2026-04-05T04:41:14.908251,19054,1,3.0,3,2345,0.9800
2026-04-05T04:41:14.961257,19055,1,30.0,3,2346,0.9800
2026-04-05T04:41:15.527277,19065,1,30.0,1,2347,0.9800
2026-04-05T04:41:16.998249,19089,2,100.0;100.0,2;1,2349,0.9805
2026-04-05T04:41:17.050248,19090,2,10.0;1.0,2;1,2351,0.9802
2026-04-05T04:41:17.454277,19096,1,3.0,3,2352,0.9801
2026-04-05T04:41:17.517256,19097,1,100.0,2,2353,0.9800
2026-04-05T04:41:18.102277,19107,1,10.0,2,2354,0.9801
2026-04-05T04:41:20.577252,19153,2,10.0;0.3,3;3,2356,0.9806
2026-04-05T04:41:21.813277,19174,1,10.0,2,2357,0.9807
2026-04-05T04:41:22.429258,19183,1,3.0,3,2358,0.9806
2026-04-05T04:41:22.613258,19186,3,100.0;10.0;1.0,3;1;2,2361,0.9805
2026-04-05T04:41:22.849278,19190,1,0.1,3,2362,0.9802
2026-04-05T04:41:22.921255,19191,1,0.1,2,2363,0.9800
2026-04-05T04:41:23.569278,19203,1,1.0,2,2364,0.9801
2026-04-05T04:41:23.640256,19204,3,0.3;10.0;0.3,3;2;1,2367,0.9800
2026-04-05T04:41:23.834278,19207,1,30.0,2,2368,0.9800
2026-04-05T04:41:24.236249,19214,3,0.3;10.0;1.0,3;2;3,2371,0.9800
2026-04-05T04:41:24.931251,19225,1,30.0,3,2372,0.9801
2026-04-05T04:41:25.303278,19232,1,10.0,2,2373,0.9800
2026-04-05T04:41:26.317278,19251,2,1.0;30.0,3;3,2375,0.9800
2026-04-05T04:41:26.467253,19253,2,0.3;100.0,3;2,2377,0.9800
2026-04-05T04:41:26.571259,19255,1,100.0,4,2378,0.9800
2026-04-05T04:41:27.580257,19272,1,100.0,4,2379,0.9801
2026-04-05T04:41:28.572254,19290,1,1.0,3,2380,0.9802
2026-04-05T04:41:29.153279,19301,1,1.0,3,2381,0.9800
2026-04-05T04:41:30.145250,19319,1,0.3,1,2382,0.9801
2026-04-05T04:41:31.136279,19338,2,3.0;10.0,1;1,2384,0.9800
2026-04-05T04:41:32.559279,19364,2,1.0;1.0,3;1,2386,0.9803
2026-04-05T04:41:32.732259,19367,1,0.1,3,2387,0.9800
2026-04-05T04:41:33.410279,19379,1,10.0,3,2388,0.9801
2026-04-05T04:41:34.110253,19389,1,1.0,1,2389,0.9802
2026-04-05T04:41:35.660254,19417,1,3.0,4,2390,0.9807
2026-04-05T04:41:35.847260,19420,2,3.0;30.0,4;1,2392,0.9804
2026-04-05T04:41:36.016259,19423,1,3.0,3,2393,0.9801
2026-04-05T04:41:38.104279,19462,1,30.0,1,2394,0.9806
2026-04-05T04:41:38.563254,19470,2,0.1;30.0,4;1,2396,0.9805
2026-04-05T04:41:39.778279,19491,3,30.0;0.3;30.0,1;1;2,2399,0.9810
2026-04-05T04:41:39.829251,19492,1,100.0,3,2400,0.9807
2026-04-05T04:41:40.984250,19513,1,10.0,1,2401,0.9812
2026-04-05T04:41:41.365251,19519,1,0.1,2,2402,0.9811
2026-04-05T04:41:41.724254,19525,2,0.3;0.3,2;3,2404,0.9810
2026-04-05T04:41:42.305280,19536,1,3.0,3,2405,0.9809
2026-04-05T04:41:43.297280,19553,3,30.0;0.3;0.1,3;1;2,2408,0.9812
2026-04-05T04:41:43.792280,19561,3,0.3;0.3;10.0,3;2;2,2411,0.9809
2026-04-05T04:41:44.167280,19567,2,3.0;0.1,1;2,2413,0.9806
2026-04-05T04:41:44.321261,19570,1,100.0,4,2414,0.9803
2026-04-05T04:41:45.259260,19587,1,3.0,4,2415,0.9804
2026-04-05T04:41:45.847280,19596,2,100.0;0.3,4;1,2417,0.9805
2026-04-05T04:41:46.429281,19605,2,100.0;30.0,3;1,2419,0.9804
2026-04-05T04:41:46.616261,19608,2,3.0;30.0,1;3,2421,0.9801
2026-04-05T04:41:47.033280,19615,2,0.3;0.3,2;1,2423,0.9802
2026-04-05T04:41:48.738253,19645,2,1.0;0.1,3;1,2425,0.9811
2026-04-05T04:41:49.202281,19652,3,10.0;0.1;3.0,1;1;1,2428,0.9810
2026-04-05T04:41:49.986281,19665,1,10.0,2,2429,0.9815
2026-04-05T04:41:51.016257,19683,3,0.3;0.3;1.0,3;2;2,2432,0.9816
2026-04-05T04:41:51.856259,19698,1,0.3,4,2433,0.9819
2026-04-05T04:41:53.031281,19719,2,100.0;0.1,3;1,2435,0.9820
2026-04-05T04:41:56.235281,19776,1,100.0,2,2436,0.9829
2026-04-05T04:41:56.623262,19783,2,1.0;3.0,2;1,2438,0.9826
2026-04-05T04:41:56.924262,19787,2,3.0;30.0,2;3,2440,0.9825
2026-04-05T04:41:58.314260,19811,3,100.0;100.0;1.0,2;1;1,2443,0.9832
2026-04-05T04:41:58.930281,19823,1,10.0,3,2444,0.9829
2026-04-05T04:41:59.598259,19835,1,10.0,2,2445,0.9828
2026-04-05T04:42:00.182262,19844,1,1.0,2,2446,0.9829
2026-04-05T04:42:02.035262,19872,2,0.3;0.3,1;1,2448,0.9836
2026-04-05T04:42:02.852262,19886,3,1.0;1.0;10.0,3;2;1,2451,0.9835
2026-04-05T04:42:04.170282,19910,1,3.0,3,2452,0.9834
2026-04-05T04:42:04.300282,19912,1,0.1,4,2453,0.9831
2026-04-05T04:42:04.791263,19921,1,0.1,3,2454,0.9828
2026-04-05T04:42:05.112254,19925,2,1.0;3.0,2;2,2456,0.9829
2026-04-05T04:42:05.324260,19928,1,10.0,3,2457,0.9828
2026-04-05T04:42:07.135282,19958,1,100.0,4,2458,0.9835
2026-04-05T04:42:07.406263,19963,3,3.0;1.0;0.3,1;3;3,2461,0.9832
2026-04-05T04:42:08.899283,19990,2,100.0;0.3,2;2,2463,0.9833
2026-04-05T04:42:09.183283,19995,2,30.0;10.0,1;2,2465,0.9830
2026-04-05T04:42:09.554260,20000,1,3.0,2,2466,0.9831
2026-04-05T04:42:10.417257,20013,2,100.0;10.0,4;1,2468,0.9834
2026-04-05T04:42:11.088259,20025,1,3.0,1,2469,0.9831
2026-04-05T04:42:11.743283,20035,3,30.0;0.3;10.0,3;1;1,2472,0.9832
2026-04-05T04:42:11.814258,20036,1,0.3,2,2473,0.9829
2026-04-05T04:42:11.972259,20038,1,30.0,1,2474,0.9826
2026-04-05T04:42:12.239283,20042,2,30.0;0.3,1;3,2476,0.9823
2026-04-05T04:42:13.393283,20063,2,10.0;100.0,2;3,2478,0.9822
2026-04-05T04:42:13.623258,20067,1,30.0,2,2479,0.9819
2026-04-05T04:42:14.788264,20086,3,3.0;30.0;30.0,1;1;3,2482,0.9820
2026-04-05T04:42:15.175283,20092,1,3.0,3,2483,0.9819
2026-04-05T04:42:15.238257,20093,1,0.1,2,2484,0.9816
2026-04-05T04:42:16.871283,20122,1,0.1,2,2485,0.9819
2026-04-05T04:42:17.392283,20132,2,1.0;30.0,3;3,2487,0.9818
2026-04-05T04:42:17.735283,20138,2,100.0;100.0,3;2,2489,0.9817
2026-04-05T04:42:19.762284,20172,1,30.0,2,2490,0.9828
2026-04-05T04:42:19.883255,20174,1,30.0,2,2491,0.9827
2026-04-05T04:42:20.220255,20179,1,0.3,3,2492,0.9828
2026-04-05T04:42:20.648284,20186,1,0.1,3,2493,0.9827
2026-04-05T04:42:20.790261,20188,1,100.0,3,2494,0.9824
2026-04-05T04:42:22.550284,20220,2,0.3;1.0,1;1,2496,0.9827
2026-04-05T04:42:22.983284,20226,1,100.0,3,2497,0.9824
2026-04-05T04:42:23.244260,20231,2,10.0;30.0,1;3,2499,0.9821
2026-04-05T04:42:23.714284,20238,1,0.3,1,2500,0.9820
2026-04-05T04:42:23.853262,20240,1,30.0,1,2501,0.9819
2026-04-05T04:42:24.382284,20248,3,30.0;3.0;0.1,2;3;1,2504,0.9820
2026-04-05T04:42:27.567284,20304,1,100.0,1,2505,0.9825
2026-04-05T04:42:27.744262,20306,1,100.0,2,2506,0.9822
2026-04-05T04:42:27.851264,20308,2,30.0;3.0,1;2,2508,0.9819
2026-04-05T04:42:28.392264,20316,1,100.0,2,2509,0.9822
2026-04-05T04:42:29.028256,20326,2,0.3;10.0,3;2,2511,0.9823
2026-04-05T04:42:32.372256,20384,2,100.0;30.0,2;2,2513,0.9840
2026-04-05T04:42:32.544284,20387,1,1.0,2,2514,0.9837
2026-04-05T04:42:33.341266,20402,2,3.0;0.1,2;1,2516,0.9838
2026-04-05T04:42:33.791285,20410,1,10.0,2,2517,0.9837
2026-04-05T04:42:35.165264,20434,3,0.3;3.0;10.0,2;1;1,2520,0.9844
2026-04-05T04:42:35.690286,20443,2,30.0;3.0,1;2,2522,0.9843
2026-04-05T04:42:36.235285,20453,3,1.0;3.0;0.3,3;2;3,2525,0.9842
2026-04-05T04:42:36.878256,20465,3,3.0;10.0;3.0,1;4;3,2528,0.9843
2026-04-05T04:42:37.457257,20476,3,0.3;10.0;0.1,2;1;1,2531,0.9840
2026-04-05T04:42:38.819286,20501,1,10.0,1,2532,0.9843
2026-04-05T04:42:40.790266,20538,1,100.0,4,2533,0.9846
2026-04-05T04:42:41.947261,20560,2,3.0;30.0,1;2,2535,0.9845
2026-04-05T04:42:42.874267,20577,3,100.0;0.1;30.0,2;2;2,2538,0.9844
2026-04-05T04:42:45.014257,20616,2,10.0;10.0,3;4,2540,0.9849
2026-04-05T04:42:45.516286,20624,1,0.1,2,2541,0.9850
2026-04-05T04:42:46.697257,20644,1,30.0,2,2542,0.9851
2026-04-05T04:42:47.969286,20666,1,0.1,3,2543,0.9854
2026-04-05T04:42:48.034264,20667,1,100.0,2,2544,0.9851
2026-04-05T04:42:48.318286,20672,3,0.3;100.0;30.0,3;1;1,2547,0.9848
2026-04-05T04:42:48.875265,20681,1,100.0,3,2548,0.9847
2026-04-05T04:42:49.200286,20687,2,3.0;10.0,1;3,2550,0.9844
2026-04-05T04:42:49.554287,20693,2,1.0;0.3,3;4,2552,0.9843
2026-04-05T04:42:49.611262,20694,3,3.0;10.0;30.0,2;4;2,2555,0.9840
2026-04-05T04:42:50.251287,20706,1,1.0,2,2556,0.9837
2026-04-05T04:42:54.609268,20785,3,0.3;1.0;30.0,2;3;2,2559,0.9850
2026-04-05T04:42:54.863267,20789,2,10.0;3.0,3;3,2561,0.9847
2026-04-05T04:42:56.269264,20813,1,3.0,3,2562,0.9852
2026-04-05T04:42:57.850288,20843,2,0.1;10.0,2;3,2564,0.9851
2026-04-05T04:42:58.238288,20850,3,10.0;10.0;30.0,3;1;1,2567,0.9848
2026-04-05T04:42:58.325264,20851,1,30.0,2,2568,0.9845
2026-04-05T04:42:58.401266,20852,1,100.0,3,2569,0.9842
2026-04-05T04:42:59.375268,20870,2,100.0;100.0,1;3,2571,0.9841
2026-04-05T04:43:00.394288,20888,1,0.3,3,2572,0.9842
2026-04-05T04:43:01.611263,20907,1,100.0,2,2573,0.9843
2026-04-05T04:43:02.136288,20914,1,0.3,1,2574,0.9844
2026-04-05T04:43:02.326260,20917,1,3.0,1,2575,0.9843
2026-04-05T04:43:02.384260,20918,1,0.3,2,2576,0.9840
2026-04-05T04:43:02.835288,20925,1,0.3,2,2577,0.9839
2026-04-05T04:43:04.124265,20946,3,3.0;100.0;0.3,3;2;2,2580,0.9844
2026-04-05T04:43:05.103288,20961,1,0.1,2,2581,0.9847
2026-04-05T04:43:06.304264,20981,1,100.0,1,2582,0.9850
2026-04-05T04:43:06.531271,20984,1,30.0,3,2583,0.9847
2026-04-05T04:43:07.362263,20999,1,100.0,1,2584,0.9844
2026-04-05T04:43:08.025269,21010,1,3.0,3,2585,0.9847
2026-04-05T04:43:09.110266,21028,1,3.0,2,2586,0.9848
2026-04-05T04:43:09.255272,21030,2,10.0;100.0,1;3,2588,0.9845
2026-04-05T04:43:09.821264,21040,1,0.3,1,2589,0.9844
2026-04-05T04:43:10.348262,21049,3,0.3;100.0;30.0,2;4;3,2592,0.9841
2026-04-05T04:43:10.475260,21051,1,3.0,4,2593,0.9838
2026-04-05T04:43:11.250260,21064,1,1.0,1,2594,0.9839
2026-04-05T04:43:11.646267,21071,1,100.0,1,2595,0.9838
2026-04-05T04:43:11.711261,21072,1,0.1,4,2596,0.9835
2026-04-05T04:43:12.012259,21077,2,1.0;100.0,4;1,2598,0.9832
2026-04-05T04:43:12.514289,21084,2,0.1;100.0,1;3,2600,0.9833
2026-04-05T04:43:13.533267,21103,1,100.0,3,2601,0.9832
2026-04-05T04:43:14.166289,21114,1,0.3,1,2602,0.9831
2026-04-05T04:43:16.887289,21161,1,10.0,1,2603,0.9840
2026-04-05T04:43:17.331263,21168,1,1.0,4,2604,0.9841
2026-04-05T04:43:18.067289,21182,1,0.1,2,2605,0.9838
2026-04-05T04:43:18.381265,21187,2,0.3;3.0,3;2,2607,0.9835
2026-04-05T04:43:18.549263,21190,1,1.0,1,2608,0.9832
2026-04-05T04:43:19.353289,21204,1,0.1,3,2609,0.9835
2026-04-05T04:43:19.968264,21216,2,3.0;1.0,1;1,2611,0.9836
2026-04-05T04:43:20.026271,21217,2,3.0;1.0,2;1,2613,0.9833
2026-04-05T04:43:21.047289,21237,2,0.1;30.0,2;4,2615,0.9836
2026-04-05T04:43:21.560290,21247,1,0.3,3,2616,0.9837
2026-04-05T04:43:21.917290,21254,3,30.0;100.0;3.0,1;4;1,2619,0.9834
2026-04-05T04:43:22.019264,21256,3,100.0;0.3;100.0,4;1;2,2622,0.9831
2026-04-05T04:43:22.376290,21263,2,100.0;100.0,2;1,2624,0.9828
2026-04-05T04:43:23.050265,21276,1,3.0,2,2625,0.9827
2026-04-05T04:43:23.428268,21283,1,100.0,2,2626,0.9828
2026-04-05T04:43:24.399268,21302,3,0.3;3.0;30.0,4;2;1,2629,0.9829
2026-04-05T04:43:25.219290,21318,2,10.0;100.0,1;2,2631,0.9828
2026-04-05T04:43:25.372266,21321,1,100.0,1,2632,0.9825
2026-04-05T04:43:26.664266,21346,1,0.3,2,2633,0.9834
2026-04-05T04:43:27.072290,21354,2,3.0;100.0,3;1,2635,0.9833
2026-04-05T04:43:27.175266,21356,2,10.0;0.3,4;1,2637,0.9830
2026-04-05T04:43:27.560272,21363,2,1.0;100.0,3;1,2639,0.9827
2026-04-05T04:43:27.764290,21367,2,0.3;1.0,2;1,2641,0.9824
2026-04-05T04:43:28.223292,21376,1,100.0,2,2642,0.9823
2026-04-05T04:43:28.428266,21380,2,30.0;100.0,1;1,2644,0.9822
2026-04-05T04:43:28.531290,21382,2,100.0;30.0,4;4,2646,0.9819
2026-04-05T04:43:30.477264,21420,1,100.0,3,2647,0.9820
2026-04-05T04:43:30.961290,21429,3,10.0;30.0;0.3,2;4;2,2650,0.9819
2026-04-05T04:43:32.084290,21451,1,10.0,2,2651,0.9818
2026-04-05T04:43:32.444291,21458,1,30.0,3,2652,0.9821
2026-04-05T04:43:32.852291,21466,2,30.0;10.0,2;2,2654,0.9820
2026-04-05T04:43:32.954291,21468,1,0.3,3,2655,0.9819
2026-04-05T04:43:34.179291,21492,2,0.1;0.3,1;1,2657,0.9822
2026-04-05T04:43:34.485291,21498,1,0.1,2,2658,0.9819
2026-04-05T04:43:35.454268,21517,3,10.0;1.0;1.0,3;2;2,2661,0.9818
2026-04-05T04:43:38.940292,21585,1,100.0,3,2662,0.9827
2026-04-05T04:43:39.450292,21595,1,10.0,1,2663,0.9830
2026-04-05T04:43:39.552273,21597,2,3.0;3.0,2;3,2665,0.9827
2026-04-05T04:43:41.048272,21626,1,0.3,4,2666,0.9836
2026-04-05T04:43:41.456292,21634,2,1.0;1.0,2;3,2668,0.9833
2026-04-05T04:43:41.915292,21643,1,0.3,2,2669,0.9830
2026-04-05T04:43:42.069292,21646,2,3.0;10.0,1;1,2671,0.9827
2026-04-05T04:43:42.477274,21654,1,100.0,3,2672,0.9824
2026-04-05T04:43:43.193273,21668,1,3.0,2,2673,0.9825
2026-04-05T04:43:43.347270,21671,1,3.0,2,2674,0.9822
2026-04-05T04:43:43.706273,21678,1,30.0,3,2675,0.9821
2026-04-05T04:43:44.019269,21684,1,3.0,1,2676,0.9822
2026-04-05T04:43:44.072273,21685,1,30.0,3,2677,0.9819
2026-04-05T04:43:44.123273,21686,1,100.0,4,2678,0.9816
2026-04-05T04:43:44.174292,21687,1,1.0,4,2679,0.9813
2026-04-05T04:43:45.398292,21711,2,1.0;3.0,2;2,2681,0.9812
2026-04-05T04:43:45.449292,21712,1,0.3,2,2682,0.9809
2026-04-05T04:43:47.254267,21747,2,1.0;3.0,2;2,2684,0.9820
2026-04-05T04:43:47.509292,21752,1,3.0,1,2685,0.9819
2026-04-05T04:43:47.560292,21753,2,0.1;100.0,3;4,2687,0.9816
2026-04-05T04:43:47.663292,21755,1,100.0,2,2688,0.9813
2026-04-05T04:43:47.716271,21756,2,30.0;0.3,2;1,2690,0.9810
2026-04-05T04:43:48.236272,21766,2,100.0;0.3,3;2,2692,0.9811
2026-04-05T04:43:50.130292,21803,1,100.0,1,2693,0.9816
2026-04-05T04:43:50.436293,21809,3,3.0;1.0;3.0,1;4;3,2696,0.9815
2026-04-05T04:43:50.998273,21820,3,0.1;30.0;0.3,2;2;1,2699,0.9814
2026-04-05T04:43:52.296274,21844,2,30.0;1.0,3;3,2701,0.9821
2026-04-05T04:43:52.688267,21851,1,1.0,3,2702,0.9818
2026-04-05T04:43:52.847274,21854,2,3.0;30.0,1;3,2704,0.9815
2026-04-05T04:43:53.052265,21858,1,0.3,4,2705,0.9814
2026-04-05T04:43:53.307274,21863,1,3.0,3,2706,0.9813
2026-04-05T04:43:53.635273,21868,3,0.1;100.0;30.0,2;3;1,2709,0.9814
2026-04-05T04:43:55.281293,21900,1,1.0,3,2710,0.9813
2026-04-05T04:43:55.434293,21903,1,100.0,2,2711,0.9810
2026-04-05T04:43:55.587272,21906,1,10.0,3,2712,0.9807
2026-04-05T04:43:55.690293,21908,1,0.3,2,2713,0.9806
2026-04-05T04:43:56.255294,21919,2,0.3;10.0,3;1,2715,0.9803
2026-04-05T04:43:57.815293,21949,1,30.0,1,2716,0.9808
2026-04-05T04:43:58.427294,21961,2,10.0;0.3,1;4,2718,0.9807
2026-04-05T04:43:59.040269,21973,3,3.0;100.0;1.0,4;1;2,2721,0.9808
2026-04-05T04:43:59.091293,21974,3,30.0;3.0;0.3,1;4;3,2724,0.9805
2026-04-05T04:44:00.265293,21997,3,10.0;0.1;100.0,2;1;3,2727,0.9810
2026-04-05T04:44:00.571271,22003,2,100.0;100.0,4;1,2729,0.9807
2026-04-05T04:44:01.848293,22028,1,1.0,3,2730,0.9810
2026-04-05T04:44:02.112264,22032,2,100.0;10.0,2;3,2732,0.9809
2026-04-05T04:44:03.441294,22058,2,0.3;30.0,1;1,2734,0.9814
2026-04-05T04:44:03.696295,22063,1,0.1,3,2735,0.9811
2026-04-05T04:44:03.801269,22065,1,10.0,1,2736,0.9810
2026-04-05T04:44:04.008294,22069,1,0.3,3,2737,0.9809
2026-04-05T04:44:04.365294,22076,2,3.0;1.0,1;1,2739,0.9808
2026-04-05T04:44:05.487275,22098,2,10.0;30.0,1;4,2741,0.9805
2026-04-05T04:44:06.919294,22126,1,30.0,2,2742,0.9812
2026-04-05T04:44:07.944269,22146,1,100.0,2,2743,0.9813
2026-04-05T04:44:08.200294,22151,2,0.1;30.0,2;3,2745,0.9814
2026-04-05T04:44:08.251269,22152,2,30.0;100.0,3;3,2747,0.9811
2026-04-05T04:44:08.354270,22154,2,1.0;3.0,3;2,2749,0.9808
2026-04-05T04:44:08.661294,22160,1,0.3,2,2750,0.9807
2026-04-05T04:44:09.120271,22169,2,1.0;0.1,3;3,2752,0.9804
2026-04-05T04:44:09.783294,22182,1,30.0,3,2753,0.9801
2026-04-05T04:44:10.396295,22194,2,1.0;100.0,4;2,2755,0.9800
2026-04-05T04:44:12.190268,22229,2,3.0;100.0,1;1,2757,0.9807
2026-04-05T04:44:13.416295,22253,1,10.0,1,2758,0.9812
2026-04-05T04:44:13.518295,22255,1,1.0,1,2759,0.9809
2026-04-05T04:44:13.621295,22257,1,0.3,2,2760,0.9808
2026-04-05T04:44:13.674295,22258,2,0.1;0.3,4;3,2762,0.9805
2026-04-05T04:44:17.378296,22330,1,0.3,2,2763,0.9830
2026-04-05T04:44:17.531295,22333,1,10.0,4,2764,0.9827
2026-04-05T04:44:18.095269,22344,1,3.0,2,2765,0.9824
2026-04-05T04:44:18.607295,22354,2,30.0;1.0,1;4,2767,0.9823
2026-04-05T04:44:19.781276,22377,2,1.0;100.0,3;3,2769,0.9826
2026-04-05T04:44:20.358276,22388,3,100.0;1.0;0.3,2;2;1,2772,0.9823
2026-04-05T04:44:20.817276,22397,2,30.0;30.0,3;3,2774,0.9820
2026-04-05T04:44:21.021296,22401,2,0.3;0.3,3;2,2776,0.9817
2026-04-05T04:44:21.183269,22404,1,30.0,2,2777,0.9816
2026-04-05T04:44:21.806296,22416,1,10.0,3,2778,0.9815
2026-04-05T04:44:21.908276,22418,2,3.0;100.0,3;2,2780,0.9814
2026-04-05T04:44:22.367273,22427,2,100.0;0.1,1;3,2782,0.9819
2026-04-05T04:44:22.623276,22432,1,30.0,3,2783,0.9818
2026-04-05T04:44:22.936277,22438,1,10.0,2,2784,0.9815
2026-04-05T04:44:23.498276,22449,3,30.0;3.0;100.0,4;3;3,2787,0.9816
2026-04-05T04:44:23.681269,22452,1,0.1,1,2788,0.9815
2026-04-05T04:44:24.090270,22460,1,10.0,3,2789,0.9814
2026-04-05T04:44:25.677296,22491,2,0.3;0.1,3;2,2791,0.9819
2026-04-05T04:44:26.595296,22509,1,10.0,1,2792,0.9816
2026-04-05T04:44:27.617296,22529,1,0.1,2,2793,0.9813
2026-04-05T04:44:30.599279,22586,1,30.0,3,2794,0.9830
2026-04-05T04:44:30.753278,22589,3,0.1;30.0;3.0,1;1;2,2797,0.9827
2026-04-05T04:44:31.213297,22598,2,0.3;30.0,4;2,2799,0.9826
2026-04-05T04:44:32.590272,22625,1,3.0,2,2800,0.9827
2026-04-05T04:44:33.716273,22645,1,0.1,2,2801,0.9830
2026-04-05T04:44:35.658297,22683,2,3.0;10.0,3;1,2803,0.9839
2026-04-05T04:44:36.953279,22708,1,10.0,2,2804,0.9844
2026-04-05T04:44:37.565298,22720,2,3.0;3.0,2;3,2806,0.9845
2026-04-05T04:44:37.616297,22721,3,0.1;0.1;100.0,3;2;1,2809,0.9842
2026-04-05T04:44:37.718297,22723,1,3.0,4,2810,0.9839
2026-04-05T04:44:37.923279,22727,1,10.0,3,2811,0.9838
2026-04-05T04:44:38.690298,22742,1,1.0,2,2812,0.9837
2026-04-05T04:44:38.742297,22743,2,0.3;3.0,2;3,2814,0.9834
2026-04-05T04:44:39.333283,22754,2,0.3;30.0,3;3,2816,0.9831
2026-04-05T04:44:40.873298,22784,1,0.3,3,2817,0.9836
2026-04-05T04:44:41.493278,22796,1,0.1,3,2818,0.9835
2026-04-05T04:44:41.544298,22797,2,10.0;100.0,3;2,2820,0.9832
2026-04-05T04:44:42.462298,22815,1,0.1,1,2821,0.9833
2026-04-05T04:44:42.972280,22825,1,0.3,4,2822,0.9830
2026-04-05T04:44:43.127272,22828,3,0.1;3.0;3.0,2;2;2,2825,0.9827
2026-04-05T04:44:47.015300,22902,2,30.0;0.3,2;1,2827,0.9838
2026-04-05T04:44:47.864276,22917,1,100.0,2,2828,0.9839
2026-04-05T04:44:48.168275,22922,2,0.3;3.0,3;1,2830,0.9838
2026-04-05T04:44:48.993272,22933,2,0.3;0.3,2;2,2832,0.9841
2026-04-05T04:44:49.416276,22937,1,0.1,2,2833,0.9840
2026-04-05T04:44:50.237274,22951,1,10.0,1,2834,0.9841
2026-04-05T04:44:50.399275,22953,2,10.0;100.0,2;2,2836,0.9838
2026-04-05T04:44:50.651275,22957,1,10.0,1,2837,0.9835
2026-04-05T04:44:50.841274,22959,1,1.0,4,2838,0.9834
2026-04-05T04:44:51.588275,22971,1,10.0,3,2839,0.9833
2026-04-05T04:44:51.742299,22974,2,0.3;100.0,3;2,2841,0.9830
2026-04-05T04:44:52.303280,22985,2,0.1;30.0,3;2,2843,0.9833
2026-04-05T04:44:52.558299,22990,1,3.0,1,2844,0.9832
2026-04-05T04:44:53.633299,23011,2,10.0;0.3,1;2,2846,0.9833
2026-04-05T04:44:54.112270,23020,1,30.0,3,2847,0.9832
2026-04-05T04:44:54.954299,23036,2,10.0;0.3,3;4,2849,0.9835
2026-04-05T04:44:55.005275,23037,3,1.0;30.0;10.0,2;1;2,2852,0.9832
2026-04-05T04:44:55.521274,23047,2,30.0;10.0,3;3,2854,0.9831
2026-04-05T04:44:55.767275,23051,3,0.1;0.1;30.0,3;2;3,2857,0.9830
2026-04-05T04:44:57.507299,23083,1,10.0,3,2858,0.9837
2026-04-05T04:44:57.662280,23086,3,1.0;10.0;0.1,3;2;2,2861,0.9834
2026-04-05T04:44:57.917299,23091,1,30.0,3,2862,0.9831
2026-04-05T04:44:57.968299,23092,1,0.1,3,2863,0.9828
2026-04-05T04:44:58.435299,23101,1,1.0,3,2864,0.9827
2026-04-05T04:44:58.538299,23103,1,30.0,2,2865,0.9824
2026-04-05T04:44:58.640281,23105,1,100.0,3,2866,0.9821
2026-04-05T04:44:59.356299,23119,1,0.1,2,2867,0.9820
2026-04-05T04:45:00.123281,23134,3,1.0;3.0;100.0,3;4;2,2870,0.9821
2026-04-05T04:45:00.175275,23135,2,30.0;0.3,3;2,2872,0.9818
2026-04-05T04:45:01.013280,23151,2,1.0;1.0,1;3,2874,0.9815
2026-04-05T04:45:01.982300,23170,1,0.3,1,2875,0.9812
2026-04-05T04:45:02.390300,23178,1,0.3,3,2876,0.9811
2026-04-05T04:45:02.747300,23185,1,1.0,3,2877,0.9810
2026-04-05T04:45:03.259300,23195,3,1.0;3.0;10.0,2;3;2,2880,0.9809
2026-04-05T04:45:03.463300,23199,1,0.1,3,2881,0.9806
2026-04-05T04:45:03.566300,23201,1,3.0,3,2882,0.9805
2026-04-05T04:45:03.874281,23207,1,10.0,2,2883,0.9808
2026-04-05T04:45:04.284280,23215,1,1.0,2,2884,0.9813
2026-04-05T04:45:04.437282,23218,2,1.0;30.0,1;1,2886,0.9810
2026-04-05T04:45:05.255300,23234,1,100.0,3,2887,0.9815
2026-04-05T04:45:05.765300,23244,1,0.3,3,2888,0.9814
2026-04-05T04:45:05.867301,23246,1,10.0,2,2889,0.9811
2026-04-05T04:45:06.020281,23249,3,0.3;10.0;0.3,3;2;1,2892,0.9808
2026-04-05T04:45:06.684281,23262,1,30.0,4,2893,0.9805
2026-04-05T04:45:07.857275,23285,1,3.0,4,2894,0.9804
2026-04-05T04:45:08.151280,23290,1,0.1,2,2895,0.9801
2026-04-05T04:45:08.305300,23293,3,30.0;100.0;3.0,1;2;2,2898,0.9800
2026-04-05T04:45:09.971300,23323,1,1.0,3,2899,0.9809
2026-04-05T04:45:10.689301,23337,1,3.0,2,2900,0.9808
2026-04-05T04:45:11.712301,23357,1,0.1,2,2901,0.9809
2026-04-05T04:45:11.969276,23362,1,30.0,2,2902,0.9810
2026-04-05T04:45:12.956275,23381,1,0.1,3,2903,0.9811
2026-04-05T04:45:14.855301,23417,2,30.0;10.0,1;1,2905,0.9824
2026-04-05T04:45:15.519301,23430,2,10.0;0.1,2;2,2907,0.9821
2026-04-05T04:45:17.813302,23473,1,1.0,3,2908,0.9832
2026-04-05T04:45:18.021301,23477,1,100.0,3,2909,0.9829
2026-04-05T04:45:18.072301,23478,1,30.0,1,2910,0.9826
2026-04-05T04:45:19.422302,23503,2,3.0;0.1,2;4,2912,0.9829
2026-04-05T04:45:19.779276,23510,1,10.0,3,2913,0.9826
2026-04-05T04:45:20.035275,23515,1,1.0,2,2914,0.9823
2026-04-05T04:45:21.827279,23550,2,0.1;10.0,4;1,2916,0.9824
2026-04-05T04:45:22.990302,23571,1,0.1,2,2917,0.9833
2026-04-05T04:45:23.402283,23579,1,10.0,2,2918,0.9832
2026-04-05T04:45:24.373273,23598,1,10.0,3,2919,0.9831
2026-04-05T04:45:25.145278,23612,1,0.1,4,2920,0.9832
2026-04-05T04:45:26.380302,23635,1,10.0,4,2921,0.9837
2026-04-05T04:45:26.867302,23644,2,10.0;0.3,2;1,2923,0.9836
2026-04-05T04:45:27.793302,23662,2,30.0;0.3,3;3,2925,0.9837
2026-04-05T04:45:28.556278,23675,2,1.0;0.3,1;4,2927,0.9844
2026-04-05T04:45:28.762275,23679,2,0.1;10.0,4;4,2929,0.9841
2026-04-05T04:45:29.274280,23689,3,30.0;30.0;100.0,3;3;1,2932,0.9838
2026-04-05T04:45:30.350289,23710,2,0.1;3.0,2;2,2934,0.9843
2026-04-05T04:45:30.967302,23722,1,30.0,4,2935,0.9844
2026-04-05T04:45:32.705278,23756,2,30.0;1.0,1;3,2937,0.9851
2026-04-05T04:45:34.698280,23795,1,100.0,1,2938,0.9858
2026-04-05T04:45:34.851277,23798,1,10.0,1,2939,0.9855
2026-04-05T04:45:35.055281,23802,1,1.0,3,2940,0.9852
2026-04-05T04:45:35.107303,23803,1,0.3,1,2941,0.9849
2026-04-05T04:45:37.711303,23854,1,10.0,4,2942,0.9860
2026-04-05T04:45:37.813303,23856,1,1.0,1,2943,0.9857
2026-04-05T04:45:39.706284,23893,2,0.1;1.0,1;1,2945,0.9860
2026-04-05T04:45:40.526304,23909,1,1.0,3,2946,0.9865
2026-04-05T04:45:41.342288,23925,1,3.0,1,2947,0.9864
2026-04-05T04:45:42.108304,23940,1,100.0,1,2948,0.9865
2026-04-05T04:45:42.261304,23943,1,100.0,2,2949,0.9862
2026-04-05T04:45:42.465284,23947,1,3.0,3,2950,0.9859
2026-04-05T04:45:42.914304,23955,1,30.0,1,2951,0.9860
2026-04-05T04:45:42.965285,23956,2,1.0;0.1,1;2,2953,0.9857
2026-04-05T04:45:43.119280,23959,3,0.1;10.0;0.1,1;1;4,2956,0.9854
2026-04-05T04:45:45.062304,23997,2,0.1;0.1,3;3,2958,0.9853
2026-04-05T04:45:45.318281,24002,3,30.0;100.0;10.0,1;2;1,2961,0.9850
2026-04-05T04:45:45.829304,24012,1,10.0,2,2962,0.9849
2026-04-05T04:45:46.651286,24028,1,10.0,3,2963,0.9848
2026-04-05T04:45:46.753278,24030,1,1.0,1,2964,0.9845
2026-04-05T04:45:49.786305,24088,1,0.1,1,2965,0.9858
2026-04-05T04:45:50.143304,24095,1,0.1,2,2966,0.9855
2026-04-05T04:45:50.808305,24108,3,30.0;100.0;30.0,1;3;3,2969,0.9856
2026-04-05T04:45:50.859304,24109,1,0.3,4,2970,0.9853
2026-04-05T04:45:51.472304,24121,2,10.0;10.0,1;2,2972,0.9852
2026-04-05T04:45:52.288305,24137,1,1.0,3,2973,0.9851
2026-04-05T04:45:52.492305,24141,2,0.1;10.0,4;1,2975,0.9848
2026-04-05T04:45:52.594285,24143,2,0.3;10.0,1;4,2977,0.9845
2026-04-05T04:45:54.096305,24172,1,0.1,1,2978,0.9846
2026-04-05T04:45:55.109305,24191,2,0.1;30.0,1;2,2980,0.9847
2026-04-05T04:45:55.517305,24199,1,1.0,1,2981,0.9846
2026-04-05T04:45:55.977305,24208,1,30.0,2,2982,0.9845
2026-04-05T04:45:56.692305,24222,1,1.0,2,2983,0.9846
2026-04-05T04:45:57.208281,24232,3,0.3;0.3;0.1,2;1;3,2986,0.9845
2026-04-05T04:45:58.178305,24251,2,3.0;0.1,3;2,2988,0.9842
2026-04-05T04:45:59.556306,24278,1,1.0,4,2989,0.9845
2026-04-05T04:45:59.709305,24281,2,0.1;1.0,2;2,2991,0.9842
2026-04-05T04:46:00.780305,24302,2,0.3;1.0,4;2,2993,0.9841
2026-04-05T04:46:00.882305,24304,3,100.0;0.3;10.0,2;3;1,2996,0.9838
2026-04-05T04:46:02.669306,24338,1,3.0,4,2997,0.9843
2026-04-05T04:46:04.318306,24370,2,30.0;100.0,3;4,2999,0.9852
2026-04-05T04:46:04.777306,24379,1,30.0,3,3000,0.9851
2026-04-05T04:46:05.542286,24394,2,0.1;0.3,2;1,3002,0.9848
2026-04-05T04:46:05.593290,24395,2,30.0;100.0,1;2,3004,0.9845
2026-04-05T04:46:06.175306,24406,3,1.0;100.0;3.0,2;2;2,3007,0.9844
2026-04-05T04:46:10.429306,24488,1,0.3,1,3008,0.9865
2026-04-05T04:46:10.480306,24489,1,10.0,3,3009,0.9862
2026-04-05T04:46:10.531287,24490,1,1.0,1,3010,0.9859
2026-04-05T04:46:11.810307,24515,3,100.0;0.1;30.0,1;2;2,3013,0.9866
2026-04-05T04:46:12.015307,24519,2,100.0;1.0,3;1,3015,0.9865
2026-04-05T04:46:13.099282,24540,3,10.0;30.0;10.0,2;2;2,3018,0.9872
2026-04-05T04:46:13.969307,24557,2,0.1;30.0,3;4,3020,0.9877
2026-04-05T04:46:15.249288,24582,2,0.1;100.0,1;2,3022,0.9882
2026-04-05T04:46:17.039286,24617,2,1.0;100.0,2;3,3024,0.9893
2026-04-05T04:46:17.973307,24635,1,0.3,1,3025,0.9894
2026-04-05T04:46:18.179307,24639,1,10.0,1,3026,0.9893
2026-04-05T04:46:19.063308,24656,1,0.3,3,3027,0.9892
2026-04-05T04:46:19.886307,24672,1,1.0,2,3028,0.9891
2026-04-05T04:46:20.906307,24692,1,3.0,2,3029,0.9888
2026-04-05T04:46:21.110308,24696,3,0.3;3.0;30.0,1;1;1,3032,0.9885
2026-04-05T04:46:22.540308,24724,1,30.0,2,3033,0.9888
2026-04-05T04:46:23.611308,24745,2,100.0;100.0,1;3,3035,0.9889
2026-04-05T04:46:24.172283,24756,1,3.0,1,3036,0.9888
2026-04-05T04:46:24.916308,24770,1,30.0,4,3037,0.9887
2026-04-05T04:46:24.967282,24771,1,3.0,3,3038,0.9884
2026-04-05T04:46:25.786308,24787,1,0.3,3,3039,0.9889
2026-04-05T04:46:26.194309,24795,2,1.0;0.3,3;1,3041,0.9890
2026-04-05T04:46:30.141309,24871,1,3.0,2,3042,0.9907
2026-04-05T04:46:30.854309,24884,2,0.1;10.0,3;1,3044,0.9906
2026-04-05T04:46:31.623309,24899,3,1.0;0.3;1.0,1;3;1,3047,0.9907
2026-04-05T04:46:31.674309,24900,2,10.0;100.0,3;3,3049,0.9904
2026-04-05T04:46:31.827309,24903,1,10.0,4,3050,0.9901
2026-04-05T04:46:32.031283,24907,1,100.0,3,3051,0.9898
2026-04-05T04:46:32.083283,24908,1,3.0,4,3052,0.9895
2026-04-05T04:46:32.237308,24911,1,3.0,1,3053,0.9892
2026-04-05T04:46:32.288310,24912,1,0.3,1,3054,0.9889
2026-04-05T04:46:32.645309,24919,2,30.0;0.3,2;2,3056,0.9894
2026-04-05T04:46:35.064280,24964,1,3.0,3,3057,0.9911
2026-04-05T04:46:35.943280,24977,1,0.1,1,3058,0.9910
2026-04-05T04:46:36.685309,24990,2,1.0;0.3,4;2,3060,0.9909
2026-04-05T04:46:36.940309,24995,1,30.0,3,3061,0.9906
2026-04-05T04:46:37.044309,24997,3,30.0;30.0;1.0,1;2;2,3064,0.9905
2026-04-05T04:46:37.669310,25007,2,3.0;100.0,1;1,3066,0.9902
2026-04-05T04:46:38.692290,25025,1,0.1,2,3067,0.9905
2026-04-05T04:46:39.472310,25039,1,10.0,1,3068,0.9904
2026-04-05T04:46:39.835286,25046,2,0.1;3.0,1;1,3070,0.9901
2026-04-05T04:46:40.246286,25054,1,0.1,2,3071,0.9900
2026-04-05T04:46:41.575310,25079,1,3.0,1,3072,0.9907
2026-04-05T04:46:41.677309,25081,1,1.0,4,3073,0.9904
2026-04-05T04:46:42.289310,25093,2,0.1;1.0,1;4,3075,0.9903
2026-04-05T04:46:43.900285,25124,1,30.0,1,3076,0.9914
2026-04-05T04:46:45.447291,25153,1,30.0,1,3077,0.9929
2026-04-05T04:46:45.602291,25156,1,0.3,4,3078,0.9928
2026-04-05T04:46:45.806284,25160,2,100.0;1.0,4;4,3080,0.9925
2026-04-05T04:46:46.265310,25169,1,0.3,3,3081,0.9924
2026-04-05T04:46:47.766288,25198,1,0.1,3,3082,0.9929
2026-04-05T04:46:48.533312,25213,2,30.0;30.0,1;2,3084,0.9930
2026-04-05T04:46:49.758291,25237,2,3.0;10.0,1;2,3086,0.9935
2026-04-05T04:46:49.912291,25240,1,3.0,4,3087,0.9932
2026-04-05T04:46:50.428285,25250,1,0.1,1,3088,0.9931
2026-04-05T04:46:50.786283,25257,1,0.1,1,3089,0.9928
2026-04-05T04:46:51.659291,25274,2,0.1;0.1,3;3,3091,0.9927
2026-04-05T04:46:51.812291,25277,3,3.0;10.0;0.3,4;2;2,3094,0.9924
2026-04-05T04:46:52.322292,25287,1,100.0,3,3095,0.9921
2026-04-05T04:46:52.888287,25298,3,0.1;1.0;0.1,2;3;3,3098,0.9920
2026-04-05T04:46:52.990311,25300,1,3.0,3,3099,0.9917
2026-04-05T04:46:53.551293,25311,2,3.0;0.3,2;1,3101,0.9918
2026-04-05T04:46:53.806291,25316,1,0.3,1,3102,0.9915
2026-04-05T04:46:54.678311,25333,2,100.0;3.0,2;2,3104,0.9914
2026-04-05T04:46:56.583311,25370,1,30.0,3,3105,0.9915
2026-04-05T04:46:56.736287,25373,1,1.0,2,3106,0.9912
2026-04-05T04:46:56.994285,25378,2,1.0;100.0,3;3,3108,0.9911
2026-04-05T04:46:57.405311,25386,2,30.0;30.0,3;4,3110,0.9912
2026-04-05T04:46:57.457287,25387,2,100.0;1.0,1;2,3112,0.9909
2026-04-05T04:46:57.561311,25389,1,3.0,1,3113,0.9906
2026-04-05T04:46:57.817292,25394,1,30.0,2,3114,0.9905
2026-04-05T04:46:58.276292,25403,2,0.1;3.0,1;1,3116,0.9908
2026-04-05T04:46:58.736311,25412,1,0.3,3,3117,0.9907
2026-04-05T04:46:59.096312,25419,1,100.0,3,3118,0.9906
2026-04-05T04:46:59.978311,25436,1,3.0,2,3119,0.9909
2026-04-05T04:47:01.700287,25469,2,1.0;3.0,2;1,3121,0.9918
2026-04-05T04:47:01.905312,25473,2,0.1;1.0,1;4,3123,0.9915
2026-04-05T04:47:02.007292,25475,1,0.1,1,3124,0.9912
2026-04-05T04:47:02.211312,25479,2,100.0;1.0,2;1,3126,0.9911
2026-04-05T04:47:04.502312,25523,1,0.3,1,3127,0.9920
2026-04-05T04:47:05.216293,25537,3,30.0;1.0;1.0,2;3;2,3130,0.9929
2026-04-05T04:47:05.472312,25542,1,30.0,1,3131,0.9926
2026-04-05T04:47:06.300293,25558,3,0.3;1.0;100.0,3;3;3,3134,0.9925
2026-04-05T04:47:06.760312,25567,1,10.0,3,3135,0.9924
2026-04-05T04:47:06.965312,25571,2,1.0;0.1,1;3,3137,0.9921
2026-04-05T04:47:07.630313,25584,1,1.0,3,3138,0.9920
2026-04-05T04:47:08.600312,25603,1,100.0,3,3139,0.9917
2026-04-05T04:47:08.702294,25605,2,100.0;100.0,3;1,3141,0.9914
2026-04-05T04:47:09.059312,25612,3,0.3;1.0;10.0,3;2;3,3144,0.9915
2026-04-05T04:47:09.789312,25626,1,0.3,3,3145,0.9918
2026-04-05T04:47:09.943312,25629,1,0.3,3,3146,0.9917
2026-04-05T04:47:10.351288,25637,2,10.0;10.0,4;2,3148,0.9914
2026-04-05T04:47:10.403313,25638,1,10.0,1,3149,0.9911
2026-04-05T04:47:11.287283,25655,1,0.3,4,3150,0.9912
2026-04-05T04:47:12.769313,25684,1,10.0,4,3151,0.9913
2026-04-05T04:47:13.687287,25702,1,0.1,2,3152,0.9916
2026-04-05T04:47:13.840313,25705,1,0.3,2,3153,0.9913
2026-04-05T04:47:16.099288,25749,1,30.0,3,3154,0.9924
2026-04-05T04:47:16.407313,25755,1,0.1,2,3155,0.9925
2026-04-05T04:47:16.616313,25759,1,0.1,4,3156,0.9924
2026-04-05T04:47:17.331313,25773,2,0.3;0.1,3;3,3158,0.9927
2026-04-05T04:47:20.261313,25830,1,3.0,1,3159,0.9940
2026-04-05T04:47:20.976313,25844,1,100.0,3,3160,0.9939
2026-04-05T04:47:21.903314,25862,1,3.0,2,3161,0.9942
2026-04-05T04:47:22.209314,25868,3,0.3;0.1;30.0,2;1;2,3164,0.9941
2026-04-05T04:47:22.679314,25877,2,100.0;100.0,2;4,3166,0.9942
2026-04-05T04:47:25.288314,25928,2,10.0;100.0,1;1,3168,0.9955
2026-04-05T04:47:25.339314,25929,2,3.0;10.0,3;4,3170,0.9952
2026-04-05T04:47:25.390314,25930,2,100.0;1.0,2;2,3172,0.9949
2026-04-05T04:47:25.751295,25937,1,10.0,3,3173,0.9946
2026-04-05T04:47:26.006314,25942,1,1.0,1,3174,0.9945
2026-04-05T04:47:26.313314,25948,1,30.0,2,3175,0.9946
2026-04-05T04:47:26.622314,25954,1,0.3,3,3176,0.9943
2026-04-05T04:47:28.034289,25981,2,100.0;0.1,2;1,3178,0.9948
2026-04-05T04:47:28.545314,25991,2,0.1;1.0,3;2,3180,0.9951
2026-04-05T04:47:29.973314,26019,1,1.0,4,3181,0.9950
2026-04-05T04:47:30.279315,26025,2,3.0;30.0,3;2,3183,0.9949
2026-04-05T04:47:30.585314,26031,1,0.3,3,3184,0.9948
2026-04-05T04:47:30.942315,26038,1,100.0,3,3185,0.9947
2026-04-05T04:47:31.197315,26043,3,10.0;1.0;3.0,3;3;3,3188,0.9944
2026-04-05T04:47:31.711315,26053,2,1.0;3.0,1;2,3190,0.9941
2026-04-05T04:47:32.425315,26067,1,3.0,3,3191,0.9940
2026-04-05T04:47:32.782315,26074,1,100.0,3,3192,0.9941
2026-04-05T04:47:34.893316,26115,1,10.0,1,3193,0.9966
2026-04-05T04:47:36.272315,26142,2,30.0;100.0,1;1,3195,0.9969
2026-04-05T04:47:36.476315,26146,1,3.0,2,3196,0.9968
2026-04-05T04:47:36.629315,26149,2,30.0;1.0,3;3,3198,0.9965
2026-04-05T04:47:37.302289,26161,2,10.0;100.0,2;1,3200,0.9966
2026-04-05T04:47:38.080290,26175,2,3.0;10.0,2;2,3202,0.9973
2026-04-05T04:47:38.234315,26178,2,10.0;100.0,1;3,3204,0.9970
2026-04-05T04:47:38.951291,26192,1,30.0,2,3205,0.9967
2026-04-05T04:47:39.462315,26202,3,10.0;0.3;3.0,4;2;4,3208,0.9966
2026-04-05T04:47:39.517291,26203,2,0.3;3.0,2;2,3210,0.9963
2026-04-05T04:47:39.978315,26212,2,0.3;0.3,1;3,3212,0.9964
2026-04-05T04:47:40.713315,26226,1,100.0,3,3213,0.9963
2026-04-05T04:47:41.393315,26239,2,1.0;10.0,2;2,3215,0.9962
2026-04-05T04:47:42.057316,26252,1,30.0,1,3216,0.9963
2026-04-05T04:47:42.720316,26265,1,100.0,3,3217,0.9962
2026-04-05T04:47:42.771316,26266,1,100.0,2,3218,0.9959
2026-04-05T04:47:43.268291,26275,1,30.0,1,3219,0.9958
2026-04-05T04:47:43.324316,26276,1,30.0,4,3220,0.9955
2026-04-05T04:47:43.429316,26278,1,0.1,1,3221,0.9952
2026-04-05T04:47:43.796316,26285,2,10.0;10.0,3;1,3223,0.9953
2026-04-05T04:47:45.530316,26319,2,1.0;0.1,3;2,3225,0.9960
2026-04-05T04:47:45.632316,26321,1,100.0,1,3226,0.9957
2026-04-05T04:47:45.683317,26322,1,3.0,2,3227,0.9954
2026-04-05T04:47:45.887316,26326,3,100.0;3.0;30.0,1;4;2,3230,0.9953
2026-04-05T04:47:46.346290,26335,1,1.0,3,3231,0.9954
2026-04-05T04:47:47.229317,26352,3,1.0;0.3;0.3,2;2;1,3234,0.9951
2026-04-05T04:47:47.640316,26360,1,30.0,1,3235,0.9950
2026-04-05T04:47:48.930316,26385,1,0.3,1,3236,0.9949
2026-04-05T04:47:49.135316,26389,1,0.3,2,3237,0.9948
2026-04-05T04:47:50.270298,26411,1,0.3,3,3238,0.9951
2026-04-05T04:47:50.525317,26416,1,100.0,2,3239,0.9948
2026-04-05T04:47:50.576317,26417,3,1.0;3.0;0.3,1;3;2,3242,0.9945
2026-04-05T04:47:51.802292,26441,1,0.1,1,3243,0.9950
2026-04-05T04:47:52.670317,26458,3,3.0;100.0;30.0,4;3;3,3246,0.9955
2026-04-05T04:47:52.976316,26464,3,0.1;1.0;100.0,3;4;4,3249,0.9954
2026-04-05T04:47:53.282292,26470,1,1.0,2,3250,0.9951
2026-04-05T04:47:54.561293,26495,1,1.0,2,3251,0.9958
2026-04-05T04:47:55.029298,26504,2,0.1;3.0,2;1,3253,0.9957
2026-04-05T04:47:56.050298,26524,1,0.1,2,3254,0.9954
2026-04-05T04:47:57.184298,26546,2,3.0;1.0,1;1,3256,0.9951
2026-04-05T04:47:57.286318,26548,2,30.0;0.1,1;3,3258,0.9948
2026-04-05T04:48:01.095318,26622,1,30.0,1,3259,0.9963
2026-04-05T04:48:01.452298,26629,2,10.0;1.0,2;2,3261,0.9962
2026-04-05T04:48:02.250293,26644,1,100.0,1,3262,0.9961
2026-04-05T04:48:02.968318,26658,3,1.0;0.3;100.0,3;2;2,3265,0.9960
2026-04-05T04:48:03.337291,26665,3,10.0;0.1;100.0,1;1;3,3268,0.9961
2026-04-05T04:48:03.388317,26666,1,1.0,3,3269,0.9958
2026-04-05T04:48:04.051318,26679,1,0.1,2,3270,0.9957
2026-04-05T04:48:04.676318,26691,2,100.0;1.0,2;4,3272,0.9956
2026-04-05T04:48:05.136298,26700,2,1.0;1.0,3;2,3274,0.9955
2026-04-05T04:48:05.698292,26711,1,100.0,1,3275,0.9952
2026-04-05T04:48:06.361293,26724,1,0.3,2,3276,0.9953
2026-04-05T04:48:06.721295,26731,2,0.1;0.3,2;1,3278,0.9952
2026-04-05T04:48:06.824318,26733,1,1.0,4,3279,0.9949
2026-04-05T04:48:07.642299,26749,2,1.0;30.0,3;3,3281,0.9948
2026-04-05T04:48:08.155300,26759,1,0.1,3,3282,0.9949
2026-04-05T04:48:08.258318,26761,3,3.0;30.0;0.3,1;2;4,3285,0.9946
2026-04-05T04:48:08.513295,26766,2,0.1;30.0,3;1,3287,0.9947
2026-04-05T04:48:09.381319,26783,2,100.0;0.3,3;3,3289,0.9950
2026-04-05T04:48:09.891299,26793,2,0.1;1.0,1;2,3291,0.9949
2026-04-05T04:48:11.282319,26818,1,1.0,3,3292,0.9958
2026-04-05T04:48:11.587294,26822,1,10.0,2,3293,0.9955
2026-04-05T04:48:13.744294,26856,1,0.1,1,3294,0.9958
2026-04-05T04:48:14.095290,26862,3,1.0;0.1;3.0,1;1;4,3297,0.9959
2026-04-05T04:48:15.802319,26895,2,1.0;100.0,2;1,3299,0.9960
2026-04-05T04:48:17.133294,26919,2,3.0;0.3,3;3,3301,0.9969
2026-04-05T04:48:18.098294,26937,2,10.0;30.0,2;2,3303,0.9972
2026-04-05T04:48:18.303300,26941,3,0.3;0.1;100.0,4;3;3,3306,0.9969
2026-04-05T04:48:18.865293,26952,1,100.0,2,3307,0.9972
2026-04-05T04:48:18.967295,26954,1,3.0,2,3308,0.9969
2026-04-05T04:48:20.246319,26979,1,0.3,3,3309,0.9974
2026-04-05T04:48:20.862320,26991,2,3.0;0.1,3;3,3311,0.9975
2026-04-05T04:48:21.132290,26996,1,0.1,3,3312,0.9972
2026-04-05T04:48:21.186319,26997,2,10.0;1.0,1;2,3314,0.9969
2026-04-05T04:48:21.339294,27000,1,100.0,1,3315,0.9966
2026-04-05T04:48:22.668320,27026,3,1.0;10.0;10.0,3;2;1,3318,0.9971
2026-04-05T04:48:22.719320,27027,1,0.1,2,3319,0.9968
2026-04-05T04:48:24.099291,27054,1,3.0,1,3320,0.9975
2026-04-05T04:48:24.285293,27057,2,30.0;10.0,3;3,3322,0.9972
2026-04-05T04:48:24.569292,27062,1,3.0,1,3323,0.9971
2026-04-05T04:48:25.055302,27071,2,30.0;0.1,1;1,3325,0.9970
2026-04-05T04:48:25.688293,27080,2,3.0;30.0,2;4,3327,0.9967
2026-04-05T04:48:26.557320,27097,1,10.0,4,3328,0.9968
2026-04-05T04:48:26.982295,27105,2,0.1;0.1,1;2,3330,0.9969
2026-04-05T04:48:27.136301,27108,1,0.3,3,3331,0.9968
2026-04-05T04:48:27.187296,27109,2,0.1;100.0,3;1,3333,0.9965
2026-04-05T04:48:27.956320,27124,2,0.3;0.3,2;3,3335,0.9970
2026-04-05T04:48:28.721294,27139,1,30.0,2,3336,0.9975
2026-04-05T04:48:28.926320,27143,1,0.1,3,3337,0.9976
2026-04-05T04:48:29.337295,27151,1,0.3,1,3338,0.9977
2026-04-05T04:48:32.043321,27204,1,0.3,4,3339,0.9977
2026-04-05T04:48:32.863298,27220,1,10.0,2,3340,0.9977
2026-04-05T04:48:33.068321,27224,1,30.0,1,3341,0.9974
2026-04-05T04:48:34.874321,27258,1,100.0,3,3342,0.9975
2026-04-05T04:48:35.180295,27264,1,3.0,2,3343,0.9974
2026-04-05T04:48:35.282321,27266,1,1.0,1,3344,0.9971
2026-04-05T04:48:35.899302,27278,3,100.0;100.0;100.0,1;3;1,3347,0.9974
2026-04-05T04:48:36.463321,27289,1,100.0,4,3348,0.9977
2026-04-05T04:48:36.927321,27298,2,0.3;100.0,1;3,3350,0.9974
2026-04-05T04:48:37.818321,27315,1,30.0,2,3351,0.9971
2026-04-05T04:48:38.227322,27323,1,0.1,3,3352,0.9970
2026-04-05T04:48:38.533322,27329,2,0.3;100.0,4;4,3354,0.9967
2026-04-05T04:48:39.304302,27344,2,3.0;0.1,2;2,3356,0.9972
2026-04-05T04:48:40.744295,27371,1,0.1,1,3357,0.9975
2026-04-05T04:48:41.122314,27377,2,30.0;0.1,3;1,3359,0.9972
2026-04-05T04:48:43.754298,27426,1,10.0,1,3360,0.9977
2026-04-05T04:48:44.138297,27433,1,30.0,3,3361,0.9974
2026-04-05T04:48:44.241295,27435,1,1.0,3,3362,0.9971
2026-04-05T04:48:44.908303,27447,2,30.0;30.0,1;1,3364,0.9970
2026-04-05T04:48:45.991298,27468,2,30.0;0.1,2;3,3366,0.9971
2026-04-05T04:48:47.759296,27500,1,0.3,3,3367,0.9976
2026-04-05T04:48:48.324298,27511,1,0.3,2,3368,0.9973
2026-04-05T04:48:48.682298,27518,1,100.0,1,3369,0.9970
2026-04-05T04:48:48.838297,27521,1,0.1,1,3370,0.9967
2026-04-05T04:48:49.608296,27536,1,3.0,2,3371,0.9964
2026-04-05T04:48:49.869297,27541,2,0.3;10.0,1;2,3373,0.9961
2026-04-05T04:48:50.386297,27551,1,0.3,2,3374,0.9962
2026-04-05T04:48:51.668297,27576,1,1.0,3,3375,0.9965
2026-04-05T04:48:52.030323,27583,1,3.0,1,3376,0.9966
2026-04-05T04:48:52.759296,27597,2,100.0;0.1,3;1,3378,0.9965
2026-04-05T04:48:52.904295,27598,1,100.0,1,3379,0.9962
2026-04-05T04:48:53.810296,27614,2,1.0;30.0,2;1,3381,0.9967
2026-04-05T04:48:55.166297,27640,1,3.0,3,3382,0.9970
2026-04-05T04:48:55.370304,27644,1,10.0,2,3383,0.9967
2026-04-05T04:48:55.628299,27649,1,0.1,3,3384,0.9964
2026-04-05T04:48:56.813300,27672,1,30.0,2,3385,0.9969
2026-04-05T04:48:57.090305,27677,2,100.0;100.0,2;1,3387,0.9968
2026-04-05T04:48:57.296305,27681,3,0.1;3.0;30.0,1;3;3,3390,0.9967
2026-04-05T04:48:58.633300,27707,2,10.0;30.0,4;1,3392,0.9972
2026-04-05T04:48:58.900296,27712,2,0.1;30.0,3;4,3394,0.9971
2026-04-05T04:48:59.061304,27715,3,0.1;1.0;100.0,3;2;3,3397,0.9970
2026-04-05T04:48:59.572297,27725,3,100.0;0.1;3.0,4;3;2,3400,0.9969
2026-04-05T04:48:59.676295,27727,1,1.0,2,3401,0.9966
2026-04-05T04:49:00.799299,27749,1,3.0,3,3402,0.9967
2026-04-05T04:49:01.054297,27754,1,100.0,3,3403,0.9966
2026-04-05T04:49:01.615299,27765,3,3.0;30.0;30.0,2;2;2,3406,0.9967
2026-04-05T04:49:02.025295,27773,1,3.0,3,3407,0.9964
2026-04-05T04:49:03.097304,27794,2,10.0;0.1,2;1,3409,0.9961
2026-04-05T04:49:03.929304,27810,1,0.1,3,3410,0.9960
2026-04-05T04:49:04.593295,27823,1,0.3,2,3411,0.9961
2026-04-05T04:49:05.665295,27844,2,100.0;0.3,2;3,3413,0.9962
2026-04-05T04:49:06.277296,27856,1,100.0,2,3414,0.9959
2026-04-05T04:49:07.458295,27879,2,30.0;3.0,1;1,3416,0.9960
2026-04-05T04:49:08.482306,27899,1,0.3,1,3417,0.9963
2026-04-05T04:49:10.146305,27931,1,10.0,3,3418,0.9970
2026-04-05T04:49:10.401306,27936,2,3.0;10.0,2;4,3420,0.9967
2026-04-05T04:49:11.525300,27958,1,100.0,3,3421,0.9968
2026-04-05T04:49:13.691298,28000,2,0.1;0.1,2;4,3423,0.9977
2026-04-05T04:49:16.092298,28047,3,10.0;100.0;0.3,3;3;3,3426,0.9977
2026-04-05T04:49:17.834306,28081,2,30.0;3.0,1;1,3428,0.9977
2026-04-05T04:49:18.140306,28087,1,1.0,3,3429,0.9976
2026-04-05T04:49:18.242300,28089,1,10.0,2,3430,0.9973
2026-04-05T04:49:19.417306,28112,1,0.3,1,3431,0.9974
2026-04-05T04:49:19.520301,28114,1,10.0,3,3432,0.9971
2026-04-05T04:49:20.084306,28125,1,0.3,4,3433,0.9974
2026-04-05T04:49:20.750306,28138,1,100.0,1,3434,0.9977
2026-04-05T04:49:21.362306,28150,2,3.0;0.1,1;2,3436,0.9976
2026-04-05T04:49:22.692299,28176,2,30.0;10.0,1;1,3438,0.9977
2026-04-05T04:49:23.922307,28200,1,0.1,3,3439,0.9977
2026-04-05T04:49:24.279308,28207,1,3.0,2,3440,0.9974
2026-04-05T04:49:24.433300,28210,1,1.0,3,3441,0.9971
2026-04-05T04:49:27.637308,28270,1,100.0,1,3442,0.9977
2026-04-05T04:49:29.486300,28304,1,3.0,3,3443,0.9977
2026-04-05T04:49:29.595298,28306,1,1.0,1,3444,0.9974
2026-04-05T04:49:31.817307,28347,1,30.0,2,3445,0.9977
2026-04-05T04:49:34.040307,28387,2,100.0;0.1,3;3,3447,0.9977
2026-04-05T04:49:34.612301,28397,1,10.0,1,3448,0.9977
2026-04-05T04:49:34.846309,28401,1,10.0,2,3449,0.9974
2026-04-05T04:49:37.499298,28451,3,1.0;3.0;1.0,3;2;1,3452,0.9975
2026-04-05T04:49:37.665298,28454,3,3.0;10.0;3.0,2;2;1,3455,0.9974
2026-04-05T04:49:39.746302,28492,1,10.0,4,3456,0.9977
2026-04-05T04:49:40.771308,28511,1,30.0,4,3457,0.9976
2026-04-05T04:49:41.111304,28517,1,100.0,2,3458,0.9975
2026-04-05T04:49:44.579309,28580,1,1.0,2,3459,0.9977
2026-04-05T04:49:46.866308,28620,2,100.0;0.3,2;2,3461,0.9977
2026-04-05T04:49:47.535306,28633,1,0.1,3,3462,0.9976
2026-04-05T04:49:47.600303,28634,2,3.0;10.0,3;1,3464,0.9973
2026-04-05T04:49:49.727306,28673,2,0.3;10.0,4;1,3466,0.9977
2026-04-05T04:49:52.190309,28716,1,30.0,1,3467,0.9977
2026-04-05T04:49:53.867306,28747,2,1.0;1.0,1;2,3469,0.9977
2026-04-05T04:49:54.097302,28751,2,0.3;0.1,3;4,3471,0.9974
2026-04-05T04:49:54.291302,28754,1,10.0,1,3472,0.9971
2026-04-05T04:49:55.726310,28781,1,1.0,3,3473,0.9976
2026-04-05T04:49:56.062309,28787,1,0.1,2,3474,0.9975
2026-04-05T04:49:56.837309,28800,3,1.0;10.0;100.0,4;1;2,3477,0.9977
2026-04-05T04:49:57.359301,28809,2,3.0;1.0,1;2,3479,0.9977
2026-04-05T04:49:58.317300,28826,3,30.0;1.0;1.0,1;1;3,3482,0.9977
2026-04-05T04:49:59.643310,28851,1,1.0,3,3483,0.9977
2026-04-05T04:50:00.453305,28865,1,100.0,3,3484,0.9977
2026-04-05T04:50:00.737310,28870,1,10.0,2,3485,0.9974
2026-04-05T04:50:00.868304,28872,1,10.0,2,3486,0.9971
2026-04-05T04:50:01.685310,28886,3,0.1;100.0;0.1,1;3;2,3489,0.9974
2026-04-05T04:50:03.113310,28911,2,10.0;10.0,2;1,3491,0.9977
2026-04-05T04:50:04.389310,28935,1,1.0,3,3492,0.9976
2026-04-05T04:50:06.712301,28977,2,10.0;0.3,3;3,3494,0.9977
2026-04-05T04:50:07.070305,28982,2,100.0;0.1,3;3,3496,0.9976
2026-04-05T04:50:09.087308,29019,2,100.0;10.0,3;3,3498,0.9977
2026-04-05T04:50:09.311312,29023,2,10.0;0.1,1;1,3500,0.9974
2026-04-05T04:50:10.874312,29051,1,3.0,4,3501,0.9977
2026-04-05T04:50:11.529305,29063,1,1.0,2,3502,0.9976
2026-04-05T04:50:11.703303,29066,1,100.0,1,3503,0.9973
2026-04-05T04:50:12.778308,29085,1,30.0,1,3504,0.9977
2026-04-05T04:50:13.071313,29090,2,30.0;10.0,1;1,3506,0.9976
2026-04-05T04:50:13.897308,29105,1,0.3,1,3507,0.9977
2026-04-05T04:50:15.122304,29128,2,100.0;100.0,1;3,3509,0.9976
2026-04-05T04:50:15.658305,29138,1,0.1,1,3510,0.9973
2026-04-05T04:50:15.829306,29141,1,0.3,1,3511,0.9970
2026-04-05T04:50:15.890306,29142,2,10.0;0.1,2;2,3513,0.9967
2026-04-05T04:50:17.066309,29162,1,30.0,2,3514,0.9970
2026-04-05T04:50:18.269312,29185,1,0.3,3,3515,0.9969
2026-04-05T04:50:18.505313,29189,1,3.0,3,3516,0.9966
2026-04-05T04:50:18.722312,29193,1,3.0,4,3517,0.9963
2026-04-05T04:50:19.248305,29202,1,1.0,3,3518,0.9962
2026-04-05T04:50:20.106313,29217,1,0.3,2,3519,0.9963
2026-04-05T04:50:20.181309,29218,1,10.0,3,3520,0.9960
2026-04-05T04:50:20.582307,29225,2,3.0;0.1,3;2,3522,0.9959
2026-04-05T04:50:20.639307,29226,3,3.0;0.3;0.3,1;3;3,3525,0.9956
2026-04-05T04:50:23.564309,29279,1,100.0,4,3526,0.9967
2026-04-05T04:50:24.001317,29287,2,0.1;10.0,3;1,3528,0.9964
2026-04-05T04:50:24.192304,29290,1,10.0,2,3529,0.9963
2026-04-05T04:50:24.928307,29303,1,10.0,1,3530,0.9962
2026-04-05T04:50:25.167304,29307,2,0.1;100.0,2;2,3532,0.9963
2026-04-05T04:50:26.472308,29331,1,3.0,4,3533,0.9962
2026-04-05T04:50:26.998304,29340,1,0.1,1,3534,0.9963
2026-04-05T04:50:27.678310,29352,1,100.0,1,3535,0.9964
2026-04-05T04:50:28.015310,29358,1,1.0,2,3536,0.9965
2026-04-05T04:50:30.861333,29405,1,10.0,2,3537,0.9977
2026-04-05T04:50:31.168333,29411,1,3.0,3,3538,0.9974
2026-04-05T04:50:31.991333,29427,2,3.0;1.0,1;2,3540,0.9973
2026-04-05T04:50:32.042333,29428,1,10.0,3,3541,0.9970
2026-04-05T04:50:34.373306,29473,1,0.1,3,3542,0.9977
2026-04-05T04:50:35.693307,29495,1,1.0,2,3543,0.9977
2026-04-05T04:50:36.111306,29503,1,30.0,1,3544,0.9976
2026-04-05T04:50:36.214333,29505,2,1.0;0.1,3;3,3546,0.9973
2026-04-05T04:50:38.127333,29541,1,3.0,2,3547,0.9977
2026-04-05T04:50:38.332335,29545,1,3.0,1,3548,0.9974
2026-04-05T04:50:38.435309,29547,2,1.0;100.0,2;1,3550,0.9973
2026-04-05T04:50:38.641307,29551,2,30.0;0.1,3;3,3552,0.9970
2026-04-05T04:50:39.355333,29565,1,10.0,3,3553,0.9967
2026-04-05T04:50:40.893319,29594,1,100.0,3,3554,0.9976
2026-04-05T04:50:42.701305,29626,1,1.0,1,3555,0.9977
2026-04-05T04:50:43.130315,29634,2,0.1;100.0,2;2,3557,0.9974
2026-04-05T04:50:43.233311,29636,1,100.0,1,3558,0.9971
2026-04-05T04:50:43.387313,29639,1,0.1,4,3559,0.9968
2026-04-05T04:50:43.543310,29642,1,0.1,1,3560,0.9967
2026-04-05T04:50:44.893308,29668,2,1.0;0.3,3;1,3562,0.9972
2026-04-05T04:50:45.097335,29672,2,100.0;0.3,1;1,3564,0.9969
2026-04-05T04:50:45.556334,29681,2,30.0;100.0,1;2,3566,0.9966
2026-04-05T04:50:45.771308,29685,1,10.0,3,3567,0.9963
2026-04-05T04:50:45.875334,29687,1,0.1,3,3568,0.9960
2026-04-05T04:50:45.926334,29688,3,0.3;1.0;0.3,4;3;2,3571,0.9957
2026-04-05T04:50:46.436334,29698,2,1.0;3.0,3;3,3573,0.9956
2026-04-05T04:50:46.648335,29702,3,0.1;1.0;10.0,1;2;3,3576,0.9955
2026-04-05T04:50:47.213334,29713,2,0.3;100.0,2;1,3578,0.9954
2026-04-05T04:50:47.866334,29725,2,10.0;3.0,4;1,3580,0.9955
2026-04-05T04:50:49.212311,29751,2,30.0;3.0,3;1,3582,0.9960
2026-04-05T04:50:50.234307,29771,1,1.0,1,3583,0.9965
2026-04-05T04:50:50.337308,29773,2,3.0;10.0,2;2,3585,0.9962
2026-04-05T04:50:50.389334,29774,1,0.1,3,3586,0.9959
2026-04-05T04:50:50.542315,29777,2,3.0;3.0,1;4,3588,0.9956
2026-04-05T04:50:51.311315,29792,2,10.0;30.0,4;2,3590,0.9957
2026-04-05T04:50:52.280335,29811,2,10.0;1.0,2;1,3592,0.9956
2026-04-05T04:50:52.895311,29823,2,1.0;100.0,2;3,3594,0.9955
2026-04-05T04:50:55.045311,29865,2,3.0;30.0,2;2,3596,0.9962
2026-04-05T04:50:55.249335,29869,1,30.0,3,3597,0.9959
2026-04-05T04:50:56.473335,29893,2,0.1;0.1,3;4,3599,0.9960
2026-04-05T04:50:56.677335,29897,1,1.0,2,3600,0.9957
2026-04-05T04:50:58.158335,29926,2,100.0;100.0,4;2,3602,0.9958
2026-04-05T04:50:59.127316,29945,1,0.3,1,3603,0.9957
2026-04-05T04:51:00.103318,29964,1,30.0,2,3604,0.9960
2026-04-05T04:51:00.564311,29973,1,1.0,3,3605,0.9963
2026-04-05T04:51:00.618336,29974,2,30.0;1.0,2;2,3607,0.9960
2026-04-05T04:51:00.669336,29975,2,10.0;3.0,1;3,3609,0.9957
2026-04-05T04:51:01.843314,29998,2,100.0;30.0,4;2,3611,0.9958
2026-04-05T04:51:02.977311,30020,2,10.0;3.0,2;1,3613,0.9963
2026-04-05T04:51:03.081317,30022,1,30.0,3,3614,0.9960
2026-04-05T04:51:03.337310,30027,1,0.3,2,3615,0.9957
2026-04-05T04:51:03.700313,30034,1,0.1,3,3616,0.9956
2026-04-05T04:51:04.168336,30043,1,100.0,1,3617,0.9953
2026-04-05T04:51:04.525317,30050,3,100.0;0.3;30.0,2;1;1,3620,0.9950
2026-04-05T04:51:05.143317,30062,3,100.0;30.0;0.3,2;4;3,3623,0.9955
2026-04-05T04:51:05.348337,30066,2,100.0;10.0,1;2,3625,0.9952
2026-04-05T04:51:05.705317,30073,1,30.0,2,3626,0.9949
2026-04-05T04:51:06.675319,30092,2,1.0;0.3,2;3,3628,0.9946
2026-04-05T04:51:06.982311,30098,3,30.0;1.0;0.3,2;1;1,3631,0.9943
2026-04-05T04:51:08.175336,30121,1,0.1,2,3632,0.9940
2026-04-05T04:51:10.753336,30171,1,10.0,2,3633,0.9959
2026-04-05T04:51:12.033337,30196,2,0.3;30.0,3;1,3635,0.9964
2026-04-05T04:51:12.084336,30197,1,30.0,2,3636,0.9961
2026-04-05T04:51:12.594337,30207,2,3.0;10.0,3;3,3638,0.9958
2026-04-05T04:51:13.466337,30224,3,30.0;100.0;0.3,4;1;3,3641,0.9961
2026-04-05T04:51:13.518337,30225,3,10.0;3.0;0.3,1;2;2,3644,0.9958
2026-04-05T04:51:14.030318,30235,1,1.0,4,3645,0.9955
2026-04-05T04:51:14.902337,30252,1,30.0,3,3646,0.9960
2026-04-05T04:51:16.383337,30281,1,1.0,1,3647,0.9967
2026-04-05T04:51:16.741337,30288,1,0.1,1,3648,0.9966
2026-04-05T04:51:18.488337,30322,3,1.0;3.0;0.3,3;4;4,3651,0.9971
2026-04-05T04:51:18.539337,30323,1,30.0,4,3652,0.9968
2026-04-05T04:51:19.262319,30337,1,100.0,3,3653,0.9965
2026-04-05T04:51:20.866338,30368,3,30.0;0.3;100.0,3;3;4,3656,0.9970
2026-04-05T04:51:21.608337,30382,2,30.0;3.0,1;2,3658,0.9971
2026-04-05T04:51:21.865338,30387,2,0.1;0.3,2;1,3660,0.9968
2026-04-05T04:51:21.967337,30389,2,10.0;0.1,2;3,3662,0.9965
2026-04-05T04:51:22.426313,30398,1,100.0,1,3663,0.9966
2026-04-05T04:51:22.528338,30400,1,30.0,1,3664,0.9963
2026-04-05T04:51:22.783338,30405,2,3.0;30.0,3;2,3666,0.9960
2026-04-05T04:51:22.987338,30409,1,3.0,3,3667,0.9959
2026-04-05T04:51:23.197338,30413,2,0.3;100.0,2;1,3669,0.9958
2026-04-05T04:51:23.860338,30426,1,0.1,1,3670,0.9955
2026-04-05T04:51:24.423338,30437,3,1.0;10.0;100.0,4;1;3,3673,0.9956
2026-04-05T04:51:24.654338,30441,1,30.0,2,3674,0.9953
2026-04-05T04:51:25.471338,30457,1,3.0,3,3675,0.9954
2026-04-05T04:51:26.849338,30484,1,10.0,3,3676,0.9959
2026-04-05T04:51:27.462339,30496,1,0.1,3,3677,0.9962
2026-04-05T04:51:27.717338,30501,3,0.1;1.0;10.0,3;1;4,3680,0.9959
2026-04-05T04:51:28.376339,30513,1,30.0,2,3681,0.9958
2026-04-05T04:51:29.193339,30529,1,30.0,3,3682,0.9955
2026-04-05T04:51:29.397338,30533,1,100.0,1,3683,0.9952
2026-04-05T04:51:29.754338,30540,1,100.0,1,3684,0.9953
2026-04-05T04:51:30.163339,30548,1,10.0,1,3685,0.9952
2026-04-05T04:51:30.622320,30557,2,1.0;0.1,2;3,3687,0.9951
2026-04-05T04:51:31.132339,30567,1,100.0,3,3688,0.9952
2026-04-05T04:51:31.540338,30575,1,0.1,1,3689,0.9949
2026-04-05T04:51:32.206339,30588,1,3.0,3,3690,0.9950
2026-04-05T04:51:32.513339,30594,1,30.0,1,3691,0.9951
2026-04-05T04:51:33.077314,30605,1,30.0,4,3692,0.9952
2026-04-05T04:51:33.394339,30611,1,30.0,2,3693,0.9949
2026-04-05T04:51:33.979339,30622,1,30.0,2,3694,0.9948
2026-04-05T04:51:35.410315,30650,1,100.0,1,3695,0.9951
2026-04-05T04:51:36.078339,30663,1,100.0,2,3696,0.9952
2026-04-05T04:51:37.151339,30684,2,10.0;3.0,4;1,3698,0.9953
2026-04-05T04:51:38.643340,30713,3,1.0;3.0;30.0,2;3;2,3701,0.9954
2026-04-05T04:51:39.715315,30734,1,10.0,4,3702,0.9963
2026-04-05T04:51:40.328340,30746,1,0.1,3,3703,0.9964
2026-04-05T04:51:40.635339,30752,2,3.0;100.0,3;3,3705,0.9965
2026-04-05T04:51:40.686339,30753,1,0.3,1,3706,0.9962
2026-04-05T04:51:41.097316,30761,1,1.0,1,3707,0.9959
2026-04-05T04:51:41.557339,30770,1,0.1,4,3708,0.9956
2026-04-05T04:51:42.734340,30793,3,30.0;0.3;10.0,1;1;3,3711,0.9957
2026-04-05T04:51:43.296340,30804,2,3.0;0.3,1;3,3713,0.9954
2026-04-05T04:51:43.602340,30810,2,10.0;0.1,2;3,3715,0.9951
2026-04-05T04:51:43.653340,30811,1,30.0,3,3716,0.9948
2026-04-05T04:51:44.010340,30818,1,3.0,1,3717,0.9945
2026-04-05T04:51:44.880315,30835,2,1.0;0.1,3;1,3719,0.9946
2026-04-05T04:51:45.188340,30841,1,100.0,2,3720,0.9943
2026-04-05T04:51:46.120315,30859,1,1.0,3,3721,0.9940
2026-04-05T04:51:46.286340,30862,1,30.0,3,3722,0.9937
2026-04-05T04:51:46.748340,30871,2,0.1;1.0,1;2,3724,0.9938
2026-04-05T04:51:47.267340,30881,2,0.1;30.0,3;2,3726,0.9935
2026-04-05T04:51:48.033340,30895,3,100.0;0.3;30.0,1;1;3,3729,0.9936
2026-04-05T04:51:48.186341,30898,2,1.0;0.1,3;1,3731,0.9933
2026-04-05T04:51:50.175322,30937,1,0.1,3,3732,0.9936
2026-04-05T04:51:52.469340,30981,1,100.0,1,3733,0.9941
2026-04-05T04:51:53.226322,30995,2,3.0;10.0,3;3,3735,0.9948
2026-04-05T04:51:54.504341,31020,1,30.0,3,3736,0.9951
2026-04-05T04:51:55.274341,31035,3,3.0;1.0;1.0,3;3;3,3739,0.9952
2026-04-05T04:51:56.554341,31060,1,10.0,2,3740,0.9953
2026-04-05T04:51:57.425342,31077,1,0.3,2,3741,0.9952
2026-04-05T04:51:57.782341,31084,2,0.1;3.0,1;3,3743,0.9951
2026-04-05T04:51:58.190341,31092,2,0.3;100.0,2;2,3745,0.9952
2026-04-05T04:51:58.649342,31101,1,1.0,1,3746,0.9953
2026-04-05T04:51:58.802341,31104,2,0.1;0.1,2;1,3748,0.9950
2026-04-05T04:51:59.260322,31112,1,0.3,4,3749,0.9949
2026-04-05T04:51:59.313341,31113,1,0.3,3,3750,0.9946
2026-04-05T04:51:59.517322,31117,2,100.0;100.0,3;1,3752,0.9945
2026-04-05T04:51:59.568342,31118,1,1.0,2,3753,0.9942
2026-04-05T04:52:00.181342,31130,3,10.0;10.0;0.3,2;1;1,3756,0.9941
2026-04-05T04:52:00.793342,31142,1,3.0,3,3757,0.9938
2026-04-05T04:52:01.100341,31148,2,100.0;0.3,2;1,3759,0.9935
2026-04-05T04:52:01.151341,31149,1,3.0,3,3760,0.9932
2026-04-05T04:52:01.814342,31162,1,1.0,3,3761,0.9933
2026-04-05T04:52:01.968342,31165,1,0.1,3,3762,0.9930
2026-04-05T04:52:02.988342,31185,1,1.0,2,3763,0.9931
2026-04-05T04:52:03.549343,31196,1,3.0,1,3764,0.9932
2026-04-05T04:52:04.016342,31205,1,0.1,2,3765,0.9929
2026-04-05T04:52:04.923342,31221,1,1.0,2,3766,0.9932
2026-04-05T04:52:06.056343,31243,2,3.0;30.0,1;2,3768,0.9937
2026-04-05T04:52:07.392343,31269,2,30.0;3.0,2;3,3770,0.9942
2026-04-05T04:52:07.749343,31276,1,10.0,3,3771,0.9939
2026-04-05T04:52:08.718342,31295,2,0.3;10.0,2;2,3773,0.9940
2026-04-05T04:52:09.339318,31306,2,30.0;0.1,2;3,3775,0.9937
2026-04-05T04:52:13.994343,31395,3,10.0;100.0;10.0,4;1;3,3778,0.9950
2026-04-05T04:52:14.454343,31404,1,3.0,1,3779,0.9951
2026-04-05T04:52:15.120343,31417,1,1.0,3,3780,0.9954
2026-04-05T04:52:15.329319,31421,1,100.0,3,3781,0.9953
2026-04-05T04:52:15.381318,31422,1,30.0,1,3782,0.9950
2026-04-05T04:52:15.483318,31424,2,1.0;3.0,1;2,3784,0.9947
2026-04-05T04:52:17.081343,31455,2,30.0;1.0,2;2,3786,0.9954
2026-04-05T04:52:18.339318,31479,2,3.0;30.0,3;4,3788,0.9955
2026-04-05T04:52:18.391324,31480,1,1.0,1,3789,0.9952
2026-04-05T04:52:18.545324,31483,2,1.0;0.3,2;2,3791,0.9949
2026-04-05T04:52:18.904344,31490,2,0.1;3.0,1;3,3793,0.9946
2026-04-05T04:52:18.955343,31491,1,100.0,1,3794,0.9943
2026-04-05T04:52:19.159343,31495,2,10.0;0.1,3;1,3796,0.9942
2026-04-05T04:52:19.465343,31501,2,0.3;3.0,2;2,3798,0.9939
2026-04-05T04:52:20.079344,31513,1,0.3,1,3799,0.9940
2026-04-05T04:52:22.374325,31558,1,3.0,2,3800,0.9945
2026-04-05T04:52:22.935344,31569,1,10.0,4,3801,0.9944
2026-04-05T04:52:23.094319,31572,1,100.0,1,3802,0.9941
2026-04-05T04:52:23.604343,31582,1,1.0,1,3803,0.9940
2026-04-05T04:52:24.063344,31591,1,0.1,1,3804,0.9937
2026-04-05T04:52:24.523344,31600,1,1.0,2,3805,0.9934
2026-04-05T04:52:25.701344,31623,2,10.0;100.0,2;3,3807,0.9939
2026-04-05T04:52:26.109320,31631,2,0.3;100.0,2;1,3809,0.9940
2026-04-05T04:52:26.773344,31644,3,10.0;100.0;3.0,3;1;1,3812,0.9937
2026-04-05T04:52:26.876344,31646,2,100.0;1.0,2;3,3814,0.9934
2026-04-05T04:52:27.081344,31650,1,100.0,1,3815,0.9931
2026-04-05T04:52:28.577344,31679,2,10.0;30.0,2;3,3817,0.9930
2026-04-05T04:52:28.985345,31687,1,1.0,2,3818,0.9929
2026-04-05T04:52:29.550344,31698,1,100.0,1,3819,0.9928
2026-04-05T04:52:30.062345,31708,2,100.0;3.0,2;4,3821,0.9925
2026-04-05T04:52:30.267344,31712,1,1.0,1,3822,0.9922
2026-04-05T04:52:32.360345,31753,2,30.0;1.0,3;1,3824,0.9931
2026-04-05T04:52:32.921345,31764,1,0.3,2,3825,0.9930
2026-04-05T04:52:33.281345,31771,1,1.0,2,3826,0.9931
2026-04-05T04:52:33.383326,31773,1,3.0,1,3827,0.9928
2026-04-05T04:52:33.434345,31774,1,10.0,4,3828,0.9925
2026-04-05T04:52:33.791345,31781,2,30.0;0.1,1;1,3830,0.9922
2026-04-05T04:52:34.302345,31791,2,100.0;1.0,2;3,3832,0.9925
2026-04-05T04:52:35.171345,31808,3,30.0;0.1;1.0,2;2;3,3835,0.9924
2026-04-05T04:52:35.989345,31824,1,100.0,2,3836,0.9923
2026-04-05T04:52:36.040336,31825,3,100.0;0.1;0.1,3;4;1,3839,0.9920
2026-04-05T04:52:36.757326,31839,1,3.0,1,3840,0.9921
2026-04-05T04:52:36.962345,31843,3,0.3;3.0;0.1,4;2;1,3843,0.9918
2026-04-05T04:52:37.166345,31847,2,30.0;100.0,2;2,3845,0.9917
2026-04-05T04:52:38.194320,31867,2,1.0;1.0,3;3,3847,0.9926
2026-04-05T04:52:38.661346,31876,1,30.0,4,3848,0.9927
2026-04-05T04:52:39.376346,31890,2,10.0;1.0,3;3,3850,0.9928
2026-04-05T04:52:39.478346,31892,1,0.3,2,3851,0.9927
2026-04-05T04:52:39.682345,31896,1,30.0,3,3852,0.9924
2026-04-05T04:52:41.376346,31929,2,0.1;30.0,1;4,3854,0.9931
2026-04-05T04:52:41.580346,31933,1,0.1,2,3855,0.9928
2026-04-05T04:52:41.937345,31940,2,1.0;30.0,3;1,3857,0.9925
2026-04-05T04:52:42.039346,31942,1,0.1,3,3858,0.9922
2026-04-05T04:52:42.144346,31944,1,0.1,1,3859,0.9921
2026-04-05T04:52:42.399346,31949,2,30.0;0.3,1;3,3861,0.9918
2026-04-05T04:52:42.501346,31951,2,0.3;30.0,2;2,3863,0.9915
2026-04-05T04:52:42.654346,31954,1,30.0,4,3864,0.9912
2026-04-05T04:52:43.030346,31961,1,10.0,3,3865,0.9911
2026-04-05T04:52:43.183346,31964,2,0.1;3.0,3;3,3867,0.9910
2026-04-05T04:52:44.638346,31992,1,0.1,2,3868,0.9913
2026-04-05T04:52:44.792346,31995,1,10.0,1,3869,0.9912
2026-04-05T04:52:45.150346,32002,2,1.0;0.1,3;1,3871,0.9911
2026-04-05T04:52:45.405320,32007,2,30.0;3.0,1;2,3873,0.9910
2026-04-05T04:52:46.134346,32021,1,100.0,2,3874,0.9909
2026-04-05T04:52:46.389329,32026,2,0.3;1.0,2;3,3876,0.9908
2026-04-05T04:52:47.311346,32044,1,10.0,4,3877,0.9911
2026-04-05T04:52:47.668320,32051,1,100.0,1,3878,0.9908
2026-04-05T04:52:49.173330,32080,2,30.0;0.3,1;1,3880,0.9909
2026-04-05T04:52:52.544347,32146,2,1.0;30.0,1;2,3882,0.9926
2026-04-05T04:52:53.158347,32158,1,0.1,1,3883,0.9927
2026-04-05T04:52:53.413347,32163,1,30.0,2,3884,0.9924
2026-04-05T04:52:53.668347,32168,1,10.0,3,3885,0.9921
2026-04-05T04:52:54.034347,32175,1,0.3,3,3886,0.9922
2026-04-05T04:52:54.085347,32176,1,10.0,1,3887,0.9919
2026-04-05T04:52:54.136347,32177,1,3.0,2,3888,0.9916
2026-04-05T04:52:54.391347,32182,2,0.3;30.0,1;2,3890,0.9917
2026-04-05T04:52:55.210347,32198,1,3.0,2,3891,0.9920
2026-04-05T04:52:55.670347,32207,1,3.0,3,3892,0.9921
2026-04-05T04:52:56.287347,32219,3,1.0;10.0;100.0,1;4;1,3895,0.9922
2026-04-05T04:52:57.103347,32235,1,100.0,3,3896,0.9923
2026-04-05T04:52:57.564347,32244,1,100.0,1,3897,0.9920
2026-04-05T04:52:59.869348,32289,2,10.0;0.3,3;4,3899,0.9929
2026-04-05T04:53:00.635348,32304,2,1.0;30.0,4;1,3901,0.9930
2026-04-05T04:53:00.737348,32306,3,3.0;0.1;10.0,1;3;2,3904,0.9927
2026-04-05T04:53:01.502348,32321,2,0.1;30.0,1;2,3906,0.9928
2026-04-05T04:53:03.718347,32363,2,10.0;3.0,3;2,3908,0.9939
2026-04-05T04:53:04.589348,32380,2,30.0;100.0,3;1,3910,0.9938
2026-04-05T04:53:05.819348,32404,1,30.0,2,3911,0.9947
2026-04-05T04:53:06.383348,32415,1,10.0,3,3912,0.9948
2026-04-05T04:53:07.200348,32431,1,1.0,2,3913,0.9945
2026-04-05T04:53:07.560348,32438,1,100.0,3,3914,0.9948
2026-04-05T04:53:07.662323,32440,2,30.0;1.0,3;3,3916,0.9945
2026-04-05T04:53:08.586348,32458,1,0.3,3,3917,0.9950
2026-04-05T04:53:08.996348,32466,1,0.1,3,3918,0.9947
2026-04-05T04:53:09.303349,32472,1,1.0,3,3919,0.9946
2026-04-05T04:53:10.783349,32501,1,1.0,3,3920,0.9947
2026-04-05T04:53:10.937324,32504,1,100.0,2,3921,0.9944
2026-04-05T04:53:11.249348,32510,1,100.0,3,3922,0.9947
2026-04-05T04:53:11.300349,32511,1,3.0,1,3923,0.9944
2026-04-05T04:53:11.504348,32515,2,30.0;3.0,3;3,3925,0.9941
2026-04-05T04:53:12.066349,32526,2,10.0;10.0,3;3,3927,0.9940
2026-04-05T04:53:13.351349,32551,1,10.0,1,3928,0.9943
2026-04-05T04:53:14.579349,32575,1,10.0,2,3929,0.9950
2026-04-05T04:53:15.090349,32585,1,100.0,1,3930,0.9949
2026-04-05T04:53:16.501349,32612,1,10.0,1,3931,0.9960
2026-04-05T04:53:17.319349,32628,2,1.0;0.3,2;1,3933,0.9965
2026-04-05T04:53:19.628349,32673,3,30.0;3.0;30.0,2;2;1,3936,0.9972
2026-04-05T04:53:20.608331,32690,1,3.0,2,3937,0.9975
2026-04-05T04:53:20.863349,32695,1,0.3,2,3938,0.9974
2026-04-05T04:53:21.118324,32700,1,1.0,1,3939,0.9971
2026-04-05T04:53:21.477330,32707,2,10.0;10.0,1;2,3941,0.9968
2026-04-05T04:53:21.885350,32715,1,1.0,2,3942,0.9965
2026-04-05T04:53:22.600350,32729,1,1.0,3,3943,0.9968
2026-04-05T04:53:23.110349,32739,1,10.0,3,3944,0.9971
2026-04-05T04:53:23.927350,32755,1,10.0,1,3945,0.9972
2026-04-05T04:53:24.745350,32771,1,30.0,3,3946,0.9971
2026-04-05T04:53:24.949350,32775,1,30.0,2,3947,0.9970
2026-04-05T04:53:25.204350,32780,1,1.0,1,3948,0.9967
2026-04-05T04:53:25.618331,32788,1,3.0,3,3949,0.9966
2026-04-05T04:53:26.852351,32812,1,0.3,3,3950,0.9971
2026-04-05T04:53:27.210351,32819,1,3.0,3,3951,0.9968
2026-04-05T04:53:28.028350,32835,2,10.0;30.0,3;3,3953,0.9969
2026-04-05T04:53:29.304325,32860,1,3.0,2,3954,0.9972
2026-04-05T04:53:29.568350,32865,2,100.0;0.3,3;3,3956,0.9969
2026-04-05T04:53:30.436351,32882,3,10.0;0.1;100.0,3;4;3,3959,0.9968
2026-04-05T04:53:30.794350,32889,1,3.0,2,3960,0.9967
2026-04-05T04:53:31.151351,32896,1,10.0,4,3961,0.9964
2026-04-05T04:53:32.077351,32914,2,1.0;30.0,3;2,3963,0.9965
2026-04-05T04:53:32.384350,32920,1,3.0,1,3964,0.9966
2026-04-05T04:53:33.660351,32945,3,0.1;0.3;30.0,2;3;3,3967,0.9969
2026-04-05T04:53:33.762351,32947,1,10.0,3,3968,0.9966
2026-04-05T04:53:34.583351,32963,2,10.0;3.0,2;2,3970,0.9969
2026-04-05T04:53:35.400351,32979,1,100.0,2,3971,0.9970
2026-04-05T04:53:37.608352,33022,1,10.0,1,3972,0.9977
2026-04-05T04:53:37.965351,33029,1,3.0,1,3973,0.9974
2026-04-05T04:53:38.169351,33033,1,0.3,3,3974,0.9971
2026-04-05T04:53:38.480325,33039,1,1.0,2,3975,0.9970
2026-04-05T04:53:38.531351,33040,1,0.3,2,3976,0.9967
2026-04-05T04:53:38.874327,33046,2,3.0;0.1,2;2,3978,0.9964
2026-04-05T04:53:39.539352,33059,2,1.0;100.0,3;3,3980,0.9961
2026-04-05T04:53:39.813351,33064,2,1.0;0.1,1;3,3982,0.9958
2026-04-05T04:53:40.889333,33085,3,100.0;1.0;30.0,3;2;3,3985,0.9965
2026-04-05T04:53:41.297352,33093,1,1.0,1,3986,0.9964
2026-04-05T04:53:42.730352,33121,1,100.0,1,3987,0.9967
2026-04-05T04:53:43.498325,33136,1,0.1,1,3988,0.9964
2026-04-05T04:53:43.549352,33137,1,3.0,3,3989,0.9961
2026-04-05T04:53:44.110352,33148,1,0.1,1,3990,0.9962
2026-04-05T04:53:44.263329,33151,3,0.3;0.3;10.0,3;4;1,3993,0.9963
2026-04-05T04:53:44.978352,33165,3,30.0;0.1;10.0,3;4;3,3996,0.9964
2026-04-05T04:53:45.182351,33169,2,0.3;1.0,2;4,3998,0.9961
2026-04-05T04:53:45.896352,33183,1,100.0,3,3999,0.9962
2026-04-05T04:53:46.457352,33194,1,1.0,2,4000,0.9967
2026-04-05T04:53:47.529352,33215,3,1.0;0.1;1.0,1;2;3,4003,0.9966
2026-04-05T04:53:48.192328,33228,2,30.0;0.1,2;2,4005,0.9965
2026-04-05T04:53:48.294352,33230,1,10.0,1,4006,0.9962
2026-04-05T04:53:48.396352,33232,1,3.0,3,4007,0.9959
2026-04-05T04:53:48.447352,33233,1,30.0,1,4008,0.9956
2026-04-05T04:53:49.316352,33250,1,0.3,2,4009,0.9957
2026-04-05T04:53:49.367353,33251,2,0.3;10.0,1;3,4011,0.9954
2026-04-05T04:53:49.469352,33253,3,1.0;30.0;100.0,1;1;1,4014,0.9951
2026-04-05T04:53:49.673353,33257,3,30.0;30.0;0.1,3;1;2,4017,0.9950
2026-04-05T04:53:49.724334,33258,3,0.3;100.0;3.0,2;3;1,4020,0.9947
2026-04-05T04:53:49.826352,33260,1,1.0,2,4021,0.9944
2026-04-05T04:53:50.438353,33272,2,30.0;100.0,1;3,4023,0.9941
2026-04-05T04:53:50.694352,33277,1,3.0,2,4024,0.9938
2026-04-05T04:53:50.949352,33282,1,10.0,2,4025,0.9937
2026-04-05T04:53:51.818353,33299,1,0.1,2,4026,0.9938
2026-04-05T04:53:53.000353,33322,1,0.3,3,4027,0.9945
2026-04-05T04:53:53.512353,33332,1,0.3,1,4028,0.9942
2026-04-05T04:53:54.383353,33349,1,1.0,1,4029,0.9947
2026-04-05T04:53:54.689353,33355,1,100.0,3,4030,0.9946
2026-04-05T04:53:54.894329,33359,1,30.0,1,4031,0.9943
2026-04-05T04:53:55.356328,33368,2,30.0;3.0,1;4,4033,0.9942
2026-04-05T04:53:55.714353,33375,1,100.0,1,4034,0.9941
2026-04-05T04:53:55.816353,33377,2,30.0;30.0,2;3,4036,0.9938
2026-04-05T04:53:57.024333,33400,1,100.0,1,4037,0.9943
2026-04-05T04:53:57.864353,33416,1,3.0,1,4038,0.9944
2026-04-05T04:53:58.017354,33419,1,3.0,3,4039,0.9941
2026-04-05T04:53:58.476353,33428,1,0.1,1,4040,0.9938
2026-04-05T04:54:01.185353,33481,1,0.1,1,4041,0.9951
2026-04-05T04:54:02.052354,33498,1,30.0,2,4042,0.9948
2026-04-05T04:54:02.307354,33503,2,10.0;3.0,3;1,4044,0.9945
2026-04-05T04:54:02.715354,33511,2,3.0;10.0,1;2,4046,0.9942
2026-04-05T04:54:02.920354,33515,2,0.1;0.3,3;1,4048,0.9941
2026-04-05T04:54:03.583354,33528,1,10.0,3,4049,0.9940
2026-04-05T04:54:04.501329,33546,2,3.0;30.0,3;1,4051,0.9939
2026-04-05T04:54:05.216354,33560,2,100.0;3.0,3;1,4053,0.9940
2026-04-05T04:54:05.424355,33564,2,30.0;0.3,1;1,4055,0.9939
2026-04-05T04:54:05.628355,33568,1,0.1,1,4056,0.9938
2026-04-05T04:54:05.883354,33573,1,3.0,1,4057,0.9935
2026-04-05T04:54:06.242354,33580,1,1.0,1,4058,0.9936
2026-04-05T04:54:06.855355,33592,1,0.1,4,4059,0.9937
2026-04-05T04:54:09.363354,33641,1,0.1,3,4060,0.9942
2026-04-05T04:54:10.340329,33660,3,3.0;3.0;0.1,1;1;2,4063,0.9941
2026-04-05T04:54:10.902355,33671,3,10.0;10.0;30.0,3;2;1,4066,0.9942
2026-04-05T04:54:10.953354,33672,2,0.3;30.0,1;1,4068,0.9939
2026-04-05T04:54:11.463355,33682,1,30.0,4,4069,0.9940
2026-04-05T04:54:11.769355,33688,2,100.0;1.0,1;4,4071,0.9937
2026-04-05T04:54:11.976354,33692,3,10.0;10.0;10.0,2;4;2,4074,0.9934
2026-04-05T04:54:12.231355,33697,1,0.3,2,4075,0.9931
2026-04-05T04:54:13.545355,33722,1,100.0,2,4076,0.9932
2026-04-05T04:54:13.902355,33729,1,30.0,2,4077,0.9935
2026-04-05T04:54:14.005337,33731,1,100.0,4,4078,0.9932
2026-04-05T04:54:14.821336,33747,3,10.0;1.0;30.0,1;1;2,4081,0.9929
2026-04-05T04:54:14.924330,33749,1,100.0,2,4082,0.9926
2026-04-05T04:54:16.455329,33779,1,30.0,3,4083,0.9929
2026-04-05T04:54:16.507356,33780,1,10.0,4,4084,0.9926
2026-04-05T04:54:18.384355,33816,1,0.1,4,4085,0.9929
2026-04-05T04:54:18.436356,33817,1,10.0,4,4086,0.9926
2026-04-05T04:54:18.640356,33821,1,0.1,1,4087,0.9925
2026-04-05T04:54:19.354336,33835,2,0.3;0.1,1;2,4089,0.9926
2026-04-05T04:54:19.508355,33838,3,0.3;3.0;1.0,3;1;1,4092,0.9925
2026-04-05T04:54:19.661355,33841,1,10.0,2,4093,0.9924
2026-04-05T04:54:20.658330,33860,3,30.0;0.3;10.0,1;3;4,4096,0.9923
2026-04-05T04:54:21.628337,33879,3,1.0;100.0;0.3,2;3;1,4099,0.9922
2026-04-05T04:54:21.782356,33882,1,0.3,1,4100,0.9919
2026-04-05T04:54:22.037356,33887,2,0.3;10.0,2;1,4102,0.9918
2026-04-05T04:54:22.967356,33904,2,100.0;3.0,2;1,4104,0.9925
2026-04-05T04:54:25.020356,33944,1,100.0,2,4105,0.9938
2026-04-05T04:54:25.124356,33946,1,10.0,3,4106,0.9935
2026-04-05T04:54:25.227357,33948,2,0.1;3.0,2;2,4108,0.9934
2026-04-05T04:54:25.431332,33952,1,100.0,1,4109,0.9933
2026-04-05T04:54:25.483356,33953,1,0.1,1,4110,0.9930
2026-04-05T04:54:25.789338,33959,1,3.0,3,4111,0.9929
2026-04-05T04:54:26.761356,33978,1,30.0,1,4112,0.9930
2026-04-05T04:54:28.733356,34016,2,100.0;0.3,3;2,4114,0.9947
2026-04-05T04:54:28.937356,34020,1,0.1,2,4115,0.9944
2026-04-05T04:54:29.347356,34028,1,3.0,2,4116,0.9941
2026-04-05T04:54:30.116332,34043,2,10.0;1.0,1;2,4118,0.9940
2026-04-05T04:54:30.168357,34044,2,10.0;100.0,3;3,4120,0.9937
2026-04-05T04:54:30.731357,34055,1,1.0,2,4121,0.9936
2026-04-05T04:54:31.650332,34073,2,0.1;3.0,2;3,4123,0.9939
2026-04-05T04:54:31.855357,34077,1,0.1,4,4124,0.9936
2026-04-05T04:54:31.908337,34078,1,3.0,3,4125,0.9933
2026-04-05T04:54:32.265357,34085,1,100.0,2,4126,0.9930
2026-04-05T04:54:32.418357,34088,2,100.0;1.0,2;3,4128,0.9927
2026-04-05T04:54:32.571338,34091,1,0.3,3,4129,0.9924
2026-04-05T04:54:33.234357,34104,1,3.0,1,4130,0.9921
2026-04-05T04:54:33.746357,34114,1,3.0,2,4131,0.9922
2026-04-05T04:54:34.086357,34120,1,10.0,3,4132,0.9921
2026-04-05T04:54:34.290357,34124,1,100.0,3,4133,0.9922
2026-04-05T04:54:34.647357,34131,2,3.0;0.1,1;1,4135,0.9925
2026-04-05T04:54:35.361357,34145,2,10.0;100.0,3;1,4137,0.9922
2026-04-05T04:54:35.463357,34147,1,10.0,2,4138,0.9919
2026-04-05T04:54:36.192328,34161,1,10.0,2,4139,0.9918
2026-04-05T04:54:37.265358,34182,2,30.0;1.0,1;1,4141,0.9917
2026-04-05T04:54:37.623331,34189,1,30.0,3,4142,0.9914
2026-04-05T04:54:38.858333,34213,1,0.1,2,4143,0.9913
2026-04-05T04:54:39.731358,34230,1,1.0,3,4144,0.9912
2026-04-05T04:54:39.833357,34232,2,0.3;0.3,2;3,4146,0.9909
2026-04-05T04:54:40.192358,34239,2,30.0;3.0,1;1,4148,0.9910
2026-04-05T04:54:42.653357,34287,1,1.0,2,4149,0.9921
2026-04-05T04:54:42.859332,34291,1,10.0,4,4150,0.9920
2026-04-05T04:54:43.217358,34298,1,3.0,3,4151,0.9917
2026-04-05T04:54:43.884358,34311,1,10.0,1,4152,0.9918
2026-04-05T04:54:45.974341,34351,2,100.0;30.0,3;1,4154,0.9927
2026-04-05T04:54:46.178358,34355,3,3.0;10.0;0.1,2;4;3,4157,0.9924
2026-04-05T04:54:47.483358,34380,2,0.1;0.3,2;1,4159,0.9927
2026-04-05T04:54:47.687333,34384,1,30.0,1,4160,0.9924
2026-04-05T04:54:47.789340,34386,2,1.0;100.0,1;1,4162,0.9921
2026-04-05T04:54:48.044333,34391,1,3.0,3,4163,0.9920
2026-04-05T04:54:48.350359,34397,1,30.0,3,4164,0.9917
2026-04-05T04:54:49.327359,34416,2,3.0;10.0,2;3,4166,0.9924
2026-04-05T04:54:49.735359,34424,1,10.0,1,4167,0.9925
2026-04-05T04:54:51.017334,34449,1,100.0,3,4168,0.9924
2026-04-05T04:54:51.477358,34458,1,30.0,4,4169,0.9921
2026-04-05T04:54:52.344335,34475,1,3.0,1,4170,0.9922
2026-04-05T04:54:54.842340,34521,2,3.0;0.1,3;3,4172,0.9929
2026-04-05T04:54:54.944359,34523,2,0.1;10.0,2;3,4174,0.9926
2026-04-05T04:54:56.270334,34549,1,0.1,3,4175,0.9925
2026-04-05T04:54:56.478359,34553,1,10.0,1,4176,0.9924
2026-04-05T04:54:56.682342,34557,1,0.3,2,4177,0.9921
2026-04-05T04:54:57.093334,34565,1,30.0,1,4178,0.9922
2026-04-05T04:54:57.195339,34567,2,0.3;100.0,3;4,4180,0.9919
2026-04-05T04:54:57.502359,34573,1,1.0,3,4181,0.9920
2026-04-05T04:54:57.808340,34579,2,100.0;1.0,4;2,4183,0.9919
2026-04-05T04:54:58.830359,34599,1,0.3,3,4184,0.9920
2026-04-05T04:55:01.957360,34660,2,1.0;3.0,2;1,4186,0.9931
2026-04-05T04:55:02.162335,34664,1,3.0,1,4187,0.9928
2026-04-05T04:55:02.463360,34669,1,0.1,2,4188,0.9925
2026-04-05T04:55:04.923360,34717,1,0.1,1,4189,0.9934
2026-04-05T04:55:06.813336,34754,1,100.0,2,4190,0.9951
2026-04-05T04:55:06.866335,34755,1,1.0,4,4191,0.9948
2026-04-05T04:55:07.177360,34761,2,3.0;3.0,1;4,4193,0.9949
2026-04-05T04:55:07.740361,34772,3,0.3;0.1;100.0,3;1;1,4196,0.9952
2026-04-05T04:55:08.616360,34789,2,10.0;1.0,3;3,4198,0.9957
2026-04-05T04:55:09.309340,34802,2,100.0;10.0,4;3,4200,0.9956
2026-04-05T04:55:09.462343,34805,1,0.1,2,4201,0.9953
2026-04-05T04:55:10.075361,34817,2,10.0;0.3,3;2,4203,0.9950
2026-04-05T04:55:10.178361,34819,3,1.0;0.1;1.0,2;1;2,4206,0.9947
2026-04-05T04:55:10.230361,34820,1,100.0,1,4207,0.9944
2026-04-05T04:55:10.996361,34835,2,30.0;100.0,2;1,4209,0.9941
2026-04-05T04:55:11.456361,34844,1,0.3,1,4210,0.9938
2026-04-05T04:55:12.400361,34861,2,100.0;100.0,1;2,4212,0.9943
2026-04-05T04:55:12.930361,34871,1,0.3,1,4213,0.9940
2026-04-05T04:55:13.340335,34879,1,1.0,1,4214,0.9941
2026-04-05T04:55:13.952361,34891,1,100.0,2,4215,0.9942
2026-04-05T04:55:14.872336,34909,2,1.0;0.1,2;1,4217,0.9945
2026-04-05T04:55:15.042331,34912,1,1.0,3,4218,0.9942
2026-04-05T04:55:15.195361,34915,1,1.0,2,4219,0.9939
2026-04-05T04:55:15.858361,34928,1,0.3,2,4220,0.9936
2026-04-05T04:55:17.920335,34968,2,30.0;0.1,4;2,4222,0.9939
2026-04-05T04:55:18.687336,34983,1,0.3,3,4223,0.9944
2026-04-05T04:55:19.403336,34997,3,30.0;1.0;0.1,3;3;3,4226,0.9943
2026-04-05T04:55:20.782361,35024,2,100.0;100.0,1;3,4228,0.9946
2026-04-05T04:55:20.884362,35026,2,100.0;0.1,2;1,4230,0.9943
2026-04-05T04:55:21.548342,35039,1,0.3,2,4231,0.9942
2026-04-05T04:55:21.651337,35041,1,30.0,1,4232,0.9941
2026-04-05T04:55:22.605342,35059,2,30.0;0.1,4;2,4234,0.9942
2026-04-05T04:55:23.832362,35083,1,1.0,1,4235,0.9945
2026-04-05T04:55:24.037362,35087,1,100.0,2,4236,0.9944
2026-04-05T04:55:24.088343,35088,2,1.0;10.0,2;1,4238,0.9941
2026-04-05T04:55:24.344335,35093,1,0.1,4,4239,0.9940
2026-04-05T04:55:25.044362,35106,1,30.0,1,4240,0.9941
2026-04-05T04:55:25.198362,35109,1,1.0,3,4241,0.9940
2026-04-05T04:55:25.508362,35115,1,10.0,3,4242,0.9939
2026-04-05T04:55:26.328362,35131,2,30.0;3.0,2;2,4244,0.9938
2026-04-05T04:55:26.432362,35133,1,30.0,3,4245,0.9935
2026-04-05T04:55:26.943362,35143,1,30.0,1,4246,0.9932
2026-04-05T04:55:27.405362,35152,2,0.1;100.0,3;3,4248,0.9933
2026-04-05T04:55:28.069336,35165,2,10.0;3.0,2;3,4250,0.9934
2026-04-05T04:55:28.325363,35170,1,3.0,2,4251,0.9931
2026-04-05T04:55:29.349336,35190,1,10.0,3,4252,0.9934
2026-04-05T04:55:30.132363,35205,1,0.3,2,4253,0.9933
2026-04-05T04:55:30.811363,35218,1,0.3,3,4254,0.9932
2026-04-05T04:55:30.862338,35219,2,100.0;1.0,3;4,4256,0.9929
2026-04-05T04:55:31.782363,35237,1,30.0,3,4257,0.9930
2026-04-05T04:55:32.448363,35250,1,3.0,2,4258,0.9933
2026-04-05T04:55:33.700363,35274,1,3.0,3,4259,0.9934
2026-04-05T04:55:34.313363,35286,2,100.0;10.0,3;3,4261,0.9933
2026-04-05T04:55:34.620363,35292,3,30.0;30.0;3.0,3;1;1,4264,0.9930
2026-04-05T04:55:34.773363,35295,3,0.1;0.3;3.0,2;2;2,4267,0.9927
2026-04-05T04:55:36.326337,35325,1,100.0,2,4268,0.9934
2026-04-05T04:55:36.901337,35336,2,0.3;1.0,1;3,4270,0.9935
2026-04-05T04:55:37.311363,35344,2,0.3;30.0,2;2,4272,0.9934
2026-04-05T04:55:38.078363,35359,2,100.0;100.0,2;3,4274,0.9931
2026-04-05T04:55:39.716364,35391,1,1.0,1,4275,0.9946
2026-04-05T04:55:40.486338,35406,1,0.3,3,4276,0.9951
2026-04-05T04:55:40.640345,35409,1,3.0,1,4277,0.9948
2026-04-05T04:55:40.742345,35411,2,100.0;0.1,4;3,4279,0.9945
2026-04-05T04:55:41.150363,35419,2,30.0;1.0,2;1,4281,0.9942
2026-04-05T04:55:41.412364,35424,1,100.0,3,4282,0.9941
2026-04-05T04:55:42.027364,35436,2,0.3;0.3,1;3,4284,0.9940
2026-04-05T04:55:43.030364,35453,1,100.0,3,4285,0.9941
2026-04-05T04:55:43.490364,35462,1,1.0,1,4286,0.9940
2026-04-05T04:55:44.360338,35479,2,100.0;0.1,2;1,4288,0.9941
2026-04-05T04:55:44.412364,35480,1,100.0,1,4289,0.9938
2026-04-05T04:55:44.667364,35485,1,3.0,1,4290,0.9935
2026-04-05T04:55:46.307364,35517,1,0.3,3,4291,0.9938
2026-04-05T04:55:46.946364,35529,1,0.1,3,4292,0.9937
2026-04-05T04:55:48.543364,35560,1,30.0,1,4293,0.9940
2026-04-05T04:55:48.798364,35565,1,100.0,2,4294,0.9937
2026-04-05T04:55:50.329338,35595,3,1.0;0.1;1.0,1;1;2,4297,0.9940
2026-04-05T04:55:50.485339,35597,2,10.0;0.1,2;1,4299,0.9937
2026-04-05T04:55:52.336338,35633,1,10.0,3,4300,0.9938
2026-04-05T04:55:54.114365,35667,1,0.3,2,4301,0.9957
2026-04-05T04:55:54.573341,35676,1,0.1,3,4302,0.9954
2026-04-05T04:55:54.676365,35678,1,3.0,2,4303,0.9951
2026-04-05T04:55:55.187365,35688,1,0.1,2,4304,0.9950
2026-04-05T04:55:56.156365,35707,3,1.0;0.1;0.1,2;2;1,4307,0.9961
2026-04-05T04:55:57.238365,35728,2,1.0;1.0,3;2,4309,0.9960
2026-04-05T04:55:58.617365,35755,1,30.0,3,4310,0.9965
2026-04-05T04:55:58.821365,35759,2,10.0;3.0,1;3,4312,0.9962
2026-04-05T04:55:59.846366,35779,3,0.3;0.3;1.0,2;1;3,4315,0.9963
2026-04-05T04:56:00.407366,35790,1,10.0,3,4316,0.9960
2026-04-05T04:56:02.049366,35822,1,100.0,3,4317,0.9969
2026-04-05T04:56:03.231366,35845,1,0.1,3,4318,0.9972
2026-04-05T04:56:03.333366,35847,1,100.0,3,4319,0.9969
2026-04-05T04:56:03.945366,35859,1,30.0,3,4320,0.9966
2026-04-05T04:56:04.152338,35863,1,0.1,4,4321,0.9963
2026-04-05T04:56:04.714366,35874,2,0.3;100.0,1;1,4323,0.9962
2026-04-05T04:56:05.683367,35893,1,30.0,1,4324,0.9959
2026-04-05T04:56:05.938366,35898,1,0.1,3,4325,0.9956
2026-04-05T04:56:06.556366,35910,3,1.0;0.3;1.0,2;3;4,4328,0.9953
2026-04-05T04:56:06.760366,35914,2,3.0;10.0,1;3,4330,0.9952
2026-04-05T04:56:06.811366,35915,1,30.0,2,4331,0.9949
2026-04-05T04:56:07.066366,35920,2,1.0;100.0,1;2,4333,0.9946
2026-04-05T04:56:07.117366,35921,3,3.0;10.0;100.0,1;1;3,4336,0.9943
2026-04-05T04:56:08.036366,35939,2,100.0;100.0,3;1,4338,0.9950
2026-04-05T04:56:08.342366,35945,1,10.0,1,4339,0.9947
2026-04-05T04:56:08.752366,35953,1,1.0,3,4340,0.9946
2026-04-05T04:56:09.637366,35970,2,0.3;3.0,3;1,4342,0.9951
2026-04-05T04:56:10.100366,35979,1,10.0,4,4343,0.9950
2026-04-05T04:56:10.254338,35982,2,10.0;0.1,3;1,4345,0.9951
2026-04-05T04:56:10.765367,35992,1,0.3,1,4346,0.9950
2026-04-05T04:56:11.022367,35997,3,100.0;1.0;0.1,4;2;4,4349,0.9949
2026-04-05T04:56:11.073367,35998,1,100.0,4,4350,0.9946
2026-04-05T04:56:11.504343,36006,1,30.0,2,4351,0.9947
2026-04-05T04:56:12.607341,36026,1,0.1,1,4352,0.9948
2026-04-05T04:56:13.579347,36045,1,10.0,4,4353,0.9951
2026-04-05T04:56:13.891367,36051,1,0.3,2,4354,0.9952
2026-04-05T04:56:16.199367,36093,2,1.0;10.0,1;3,4356,0.9961
2026-04-05T04:56:17.022367,36108,1,3.0,3,4357,0.9962
2026-04-05T04:56:17.328339,36113,1,0.1,1,4358,0.9961
2026-04-05T04:56:17.571339,36117,1,30.0,1,4359,0.9960
2026-04-05T04:56:18.413367,36131,2,1.0;1.0,2;2,4361,0.9961
2026-04-05T04:56:18.506343,36132,1,10.0,3,4362,0.9958
2026-04-05T04:56:18.684368,36135,2,1.0;30.0,4;3,4364,0.9955
2026-04-05T04:56:18.947368,36140,1,10.0,3,4365,0.9952
2026-04-05T04:56:19.704339,36153,3,0.3;100.0;0.3,2;2;3,4368,0.9955
2026-04-05T04:56:19.942344,36157,1,10.0,3,4369,0.9954
2026-04-05T04:56:20.239345,36162,1,0.1,3,4370,0.9957
2026-04-05T04:56:21.463368,36185,1,0.1,1,4371,0.9958
2026-04-05T04:56:22.320344,36200,1,30.0,4,4372,0.9955
2026-04-05T04:56:22.658349,36206,1,3.0,1,4373,0.9954
2026-04-05T04:56:23.201368,36216,3,0.3;0.3;3.0,1;3;1,4376,0.9953
2026-04-05T04:56:23.657349,36224,1,10.0,3,4377,0.9950
2026-04-05T04:56:23.720346,36225,1,30.0,1,4378,0.9947
2026-04-05T04:56:23.951343,36229,1,0.3,2,4379,0.9944
2026-04-05T04:56:24.464342,36238,3,0.1;0.1;1.0,2;3;2,4382,0.9945
2026-04-05T04:56:24.528339,36239,1,100.0,1,4383,0.9942
2026-04-05T04:56:24.601343,36240,1,0.3,3,4384,0.9939
2026-04-05T04:56:24.665342,36241,1,100.0,3,4385,0.9936
2026-04-05T04:56:25.324340,36252,2,0.1;30.0,2;2,4387,0.9941
2026-04-05T04:56:25.856368,36262,1,10.0,2,4388,0.9938
2026-04-05T04:56:26.575340,36275,1,100.0,1,4389,0.9939
2026-04-05T04:56:27.102338,36283,1,3.0,2,4390,0.9940
2026-04-05T04:56:27.219340,36285,2,0.1;0.1,1;1,4392,0.9937
2026-04-05T04:56:27.571368,36291,2,10.0;100.0,1;3,4394,0.9936
2026-04-05T04:56:27.774368,36294,1,30.0,2,4395,0.9933
2026-04-05T04:56:32.268369,36376,1,30.0,2,4396,0.9958
2026-04-05T04:56:33.533345,36399,1,1.0,2,4397,0.9961
2026-04-05T04:56:33.692345,36401,1,30.0,3,4398,0.9958
2026-04-05T04:56:34.022340,36407,1,10.0,3,4399,0.9957
2026-04-05T04:56:35.502340,36434,1,100.0,3,4400,0.9956
2026-04-05T04:56:36.430350,36448,1,30.0,1,4401,0.9957
2026-04-05T04:56:37.032340,36459,1,0.3,1,4402,0.9958
2026-04-05T04:56:37.775369,36473,1,10.0,2,4403,0.9957
2026-04-05T04:56:39.289344,36501,1,1.0,3,4404,0.9958
2026-04-05T04:56:39.476343,36504,1,0.3,3,4405,0.9955
2026-04-05T04:56:40.907369,36531,2,30.0;100.0,3;4,4407,0.9954
2026-04-05T04:56:41.183369,36536,1,0.1,1,4408,0.9953
2026-04-05T04:56:41.454370,36541,1,0.3,3,4409,0.9950
2026-04-05T04:56:41.974370,36550,2,3.0;1.0,2;3,4411,0.9949
2026-04-05T04:56:42.863370,36565,1,10.0,1,4412,0.9948
2026-04-05T04:56:43.032341,36568,1,0.3,1,4413,0.9947
2026-04-05T04:56:43.403370,36575,1,30.0,1,4414,0.9944
2026-04-05T04:56:43.800370,36582,2,10.0;30.0,3;2,4416,0.9943
2026-04-05T04:56:44.192370,36589,1,0.1,4,4417,0.9940
2026-04-05T04:56:44.836370,36601,1,0.1,3,4418,0.9939
2026-04-05T04:56:45.316345,36610,1,1.0,2,4419,0.9940
2026-04-05T04:56:45.644348,36616,1,1.0,2,4420,0.9939
2026-04-05T04:56:46.310370,36629,1,0.3,3,4421,0.9938
2026-04-05T04:56:46.824371,36638,2,1.0;100.0,3;2,4423,0.9935
2026-04-05T04:56:48.341345,36666,2,100.0;3.0,4;3,4425,0.9936
2026-04-05T04:56:48.701371,36673,2,1.0;0.3,1;3,4427,0.9933
2026-04-05T04:56:48.760347,36674,3,10.0;30.0;0.1,2;1;2,4430,0.9930
2026-04-05T04:56:48.924371,36677,1,30.0,2,4431,0.9927
2026-04-05T04:56:49.234370,36683,1,10.0,1,4432,0.9924
2026-04-05T04:56:49.814342,36693,2,3.0;3.0,1;3,4434,0.9927
2026-04-05T04:56:50.364343,36702,2,100.0;0.3,2;3,4436,0.9932
2026-04-05T04:56:51.475348,36723,1,1.0,4,4437,0.9935
2026-04-05T04:56:51.923371,36731,1,10.0,2,4438,0.9934
2026-04-05T04:56:52.316371,36738,1,1.0,2,4439,0.9931
2026-04-05T04:56:53.216371,36753,1,1.0,1,4440,0.9930
2026-04-05T04:56:53.425371,36756,3,1.0;100.0;30.0,3;1;3,4443,0.9927
2026-04-05T04:56:54.031352,36767,2,3.0;0.1,2;1,4445,0.9928
2026-04-05T04:56:54.184347,36770,1,3.0,2,4446,0.9925
2026-04-05T04:56:54.508371,36776,1,0.3,2,4447,0.9922
2026-04-05T04:56:54.698371,36779,2,100.0;100.0,3;1,4449,0.9919
2026-04-05T04:56:54.856351,36782,1,10.0,3,4450,0.9916
2026-04-05T04:56:54.914343,36783,2,10.0;100.0,3;3,4452,0.9913
2026-04-05T04:56:55.729344,36797,1,0.1,1,4453,0.9912
2026-04-05T04:56:55.862342,36799,1,0.3,3,4454,0.9911
2026-04-05T04:56:55.925343,36800,1,1.0,1,4455,0.9908
2026-04-05T04:56:56.571371,36812,1,1.0,1,4456,0.9907
2026-04-05T04:56:56.794371,36815,3,30.0;10.0;100.0,2;4;2,4459,0.9904
2026-04-05T04:56:56.912345,36817,1,100.0,2,4460,0.9901
2026-04-05T04:56:57.488371,36828,1,3.0,2,4461,0.9898
2026-04-05T04:56:57.969371,36836,2,10.0;3.0,3;2,4463,0.9897
2026-04-05T04:56:58.516371,36846,1,100.0,3,4464,0.9898
2026-04-05T04:56:58.981352,36854,1,1.0,3,4465,0.9899
2026-04-05T04:56:59.357371,36861,1,1.0,3,4466,0.9896
2026-04-05T04:56:59.620372,36866,1,0.3,1,4467,0.9893
2026-04-05T04:57:00.036371,36874,1,1.0,1,4468,0.9890
2026-04-05T04:57:01.666352,36904,1,3.0,1,4469,0.9897
2026-04-05T04:57:01.773343,36906,2,100.0;0.1,2;4,4471,0.9894
2026-04-05T04:57:02.841343,36923,1,30.0,4,4472,0.9901
2026-04-05T04:57:03.209372,36930,1,0.1,1,4473,0.9900
2026-04-05T04:57:04.646372,36955,2,10.0;10.0,4;3,4475,0.9907
2026-04-05T04:57:04.753343,36957,1,3.0,3,4476,0.9904
2026-04-05T04:57:05.039372,36962,1,0.3,3,4477,0.9903
2026-04-05T04:57:05.114349,36963,3,10.0;0.3;0.1,3;1;2,4480,0.9900
2026-04-05T04:57:05.392348,36968,1,3.0,4,4481,0.9897
2026-04-05T04:57:05.548372,36971,1,0.1,2,4482,0.9894
2026-04-05T04:57:05.683347,36973,1,0.3,2,4483,0.9893
2026-04-05T04:57:05.745346,36974,1,1.0,2,4484,0.9890
2026-04-05T04:57:06.518350,36987,1,100.0,1,4485,0.9893
2026-04-05T04:57:06.577344,36988,1,30.0,1,4486,0.9890
2026-04-05T04:57:07.286344,37001,1,0.1,1,4487,0.9893
2026-04-05T04:57:07.349343,37002,1,3.0,4,4488,0.9890
2026-04-05T04:57:07.421344,37003,1,30.0,3,4489,0.9887
2026-04-05T04:57:07.772353,37009,1,3.0,1,4490,0.9888
2026-04-05T04:57:08.135372,37016,1,30.0,3,4491,0.9885
2026-04-05T04:57:08.209348,37017,1,10.0,3,4492,0.9882
2026-04-05T04:57:08.908372,37030,1,30.0,2,4493,0.9881
2026-04-05T04:57:11.797373,37080,1,100.0,1,4494,0.9896
2026-04-05T04:57:12.588373,37095,1,3.0,2,4495,0.9895
2026-04-05T04:57:13.774373,37116,1,1.0,1,4496,0.9896
2026-04-05T04:57:14.523374,37130,2,10.0;100.0,2;1,4498,0.9895
2026-04-05T04:57:15.334349,37144,1,0.1,2,4499,0.9896
2026-04-05T04:57:17.655373,37187,3,3.0;1.0;1.0,2;2;2,4502,0.9897
2026-04-05T04:57:17.837345,37190,2,1.0;10.0,3;1,4504,0.9896
2026-04-05T04:57:18.938354,37210,1,3.0,1,4505,0.9897
2026-04-05T04:57:19.132348,37213,2,100.0;3.0,1;1,4507,0.9896
2026-04-05T04:57:19.500354,37219,1,0.3,1,4508,0.9893
2026-04-05T04:57:20.441374,37236,3,10.0;30.0;0.3,2;3;3,4511,0.9894
2026-04-05T04:57:22.753374,37279,2,1.0;10.0,2;2,4513,0.9901
2026-04-05T04:57:22.859345,37281,1,1.0,1,4514,0.9898
2026-04-05T04:57:24.712345,37313,2,10.0;0.3,3;3,4516,0.9905
2026-04-05T04:57:24.946374,37317,1,0.1,1,4517,0.9902
2026-04-05T04:57:25.193345,37321,1,100.0,1,4518,0.9901
2026-04-05T04:57:26.438374,37344,3,100.0;0.3;0.3,1;1;2,4521,0.9900
2026-04-05T04:57:26.566347,37346,2,0.1;3.0,1;4,4523,0.9897
2026-04-05T04:57:28.582346,37378,3,0.1;1.0;10.0,1;3;2,4526,0.9906
2026-04-05T04:57:28.839374,37383,1,10.0,2,4527,0.9903
2026-04-05T04:57:29.088375,37387,1,30.0,3,4528,0.9900
2026-04-05T04:57:31.287374,37428,1,0.1,1,4529,0.9905
2026-04-05T04:57:31.943375,37440,3,1.0;1.0;100.0,2;2;1,4532,0.9904
2026-04-05T04:57:34.482375,37487,2,3.0;10.0,1;3,4534,0.9911
2026-04-05T04:57:34.558352,37488,1,1.0,3,4535,0.9908
2026-04-05T04:57:34.731375,37491,2,0.3;10.0,1;3,4537,0.9905
2026-04-05T04:57:35.068352,37497,1,30.0,1,4538,0.9904
2026-04-05T04:57:35.199347,37499,1,10.0,3,4539,0.9901
2026-04-05T04:57:35.325351,37501,2,100.0;10.0,1;2,4541,0.9898
2026-04-05T04:57:36.240375,37518,1,100.0,1,4542,0.9897
2026-04-05T04:57:36.801347,37527,2,1.0;10.0,1;3,4544,0.9898
2026-04-05T04:57:36.925355,37529,1,10.0,3,4545,0.9897
2026-04-05T04:57:37.097375,37532,1,0.3,1,4546,0.9894
2026-04-05T04:57:37.169351,37533,1,3.0,2,4547,0.9891
2026-04-05T04:57:38.638347,37561,3,100.0;100.0;0.1,2;1;2,4550,0.9892
2026-04-05T04:57:38.913375,37566,1,0.3,4,4551,0.9889
2026-04-05T04:57:39.738375,37581,2,100.0;30.0,1;3,4553,0.9886
2026-04-05T04:57:40.414375,37593,1,100.0,2,4554,0.9889
2026-04-05T04:57:40.507350,37594,1,0.1,2,4555,0.9886
2026-04-05T04:57:42.006376,37620,1,0.1,3,4556,0.9897
2026-04-05T04:57:42.629376,37631,2,30.0;0.3,2;1,4558,0.9894
2026-04-05T04:57:42.859376,37635,2,10.0;0.1,1;1,4560,0.9891
2026-04-05T04:57:45.419347,37682,1,1.0,1,4561,0.9896
2026-04-05T04:57:45.681376,37687,1,10.0,1,4562,0.9893
2026-04-05T04:57:46.188376,37696,2,0.3;30.0,4;3,4564,0.9892
2026-04-05T04:57:46.239360,37697,1,10.0,2,4565,0.9889
2026-04-05T04:57:46.746376,37706,1,30.0,2,4566,0.9888
2026-04-05T04:57:47.143357,37713,2,1.0;3.0,3;1,4568,0.9887
2026-04-05T04:57:47.904377,37727,1,0.3,1,4569,0.9888
2026-04-05T04:57:48.310377,37734,2,3.0;100.0,2;3,4571,0.9887
2026-04-05T04:57:48.837376,37744,1,3.0,1,4572,0.9884
2026-04-05T04:57:50.045352,37765,1,10.0,2,4573,0.9889
2026-04-05T04:57:51.350377,37789,1,0.3,1,4574,0.9888
2026-04-05T04:57:52.102377,37803,1,1.0,3,4575,0.9887
2026-04-05T04:57:52.640377,37813,1,3.0,2,4576,0.9884
2026-04-05T04:57:55.208377,37857,2,100.0;0.3,2;2,4578,0.9891
2026-04-05T04:57:55.319348,37859,2,0.3;100.0,2;1,4580,0.9888
2026-04-05T04:57:55.815377,37868,2,0.3;30.0,3;2,4582,0.9885
2026-04-05T04:57:56.580377,37882,1,10.0,2,4583,0.9884
2026-04-05T04:57:56.742377,37885,1,1.0,4,4584,0.9881
2026-04-05T04:57:57.236377,37894,2,3.0;1.0,3;2,4586,0.9878
2026-04-05T04:57:57.624378,37899,1,30.0,3,4587,0.9877
2026-04-05T04:57:58.838351,37919,3,10.0;0.1;1.0,1;1;1,4590,0.9884
2026-04-05T04:57:59.251354,37927,1,100.0,4,4591,0.9881
2026-04-05T04:57:59.800377,37937,2,1.0;1.0,4;1,4593,0.9880
2026-04-05T04:57:59.938350,37939,2,0.3;3.0,3;3,4595,0.9877
2026-04-05T04:58:00.243378,37944,1,10.0,2,4596,0.9876
2026-04-05T04:58:00.904378,37956,2,0.1;0.1,2;2,4598,0.9875
2026-04-05T04:58:02.038378,37977,1,30.0,4,4599,0.9878
2026-04-05T04:58:02.379378,37983,1,30.0,3,4600,0.9877
2026-04-05T04:58:02.834355,37991,1,30.0,1,4601,0.9876
2026-04-05T04:58:04.824379,38025,2,1.0;3.0,1;2,4603,0.9889
2026-04-05T04:58:06.042352,38047,1,30.0,1,4604,0.9894
2026-04-05T04:58:06.506362,38056,2,0.3;1.0,1;3,4606,0.9891
2026-04-05T04:58:07.187349,38068,1,30.0,3,4607,0.9892
2026-04-05T04:58:07.526378,38074,1,100.0,2,4608,0.9889
2026-04-05T04:58:07.887353,38080,1,30.0,4,4609,0.9888
2026-04-05T04:58:08.274378,38087,2,1.0;3.0,4;1,4611,0.9887
2026-04-05T04:58:08.467378,38090,2,0.3;0.3,2;3,4613,0.9884
2026-04-05T04:58:09.734350,38111,1,3.0,3,4614,0.9897
2026-04-05T04:58:10.648354,38127,2,1.0;0.3,3;3,4616,0.9902
2026-04-05T04:58:11.676355,38145,1,3.0,2,4617,0.9905
2026-04-05T04:58:12.500354,38159,2,10.0;100.0,4;1,4619,0.9910
2026-04-05T04:58:14.283379,38191,1,3.0,2,4620,0.9915
2026-04-05T04:58:17.108380,38244,1,0.1,3,4621,0.9920
2026-04-05T04:58:17.458379,38250,1,0.1,1,4622,0.9917
2026-04-05T04:58:17.877379,38258,1,3.0,1,4623,0.9914
2026-04-05T04:58:18.257356,38264,1,0.3,3,4624,0.9913
2026-04-05T04:58:18.561380,38269,2,10.0;0.1,2;1,4626,0.9910
2026-04-05T04:58:20.208380,38300,3,0.3;0.3;30.0,2;3;3,4629,0.9911
2026-04-05T04:58:20.609351,38307,2,0.3;100.0,3;2,4631,0.9912
2026-04-05T04:58:22.853380,38343,3,100.0;30.0;10.0,2;2;4,4634,0.9931
2026-04-05T04:58:23.181361,38349,2,1.0;0.3,4;3,4636,0.9928
2026-04-05T04:58:23.232351,38350,2,3.0;10.0,3;4,4638,0.9925
2026-04-05T04:58:23.362351,38352,1,30.0,3,4639,0.9922
2026-04-05T04:58:23.506351,38354,1,0.1,3,4640,0.9919
2026-04-05T04:58:24.055380,38364,1,0.1,4,4641,0.9920
2026-04-05T04:58:24.346380,38369,3,10.0;1.0;10.0,2;3;1,4644,0.9919
2026-04-05T04:58:24.694355,38375,1,1.0,1,4645,0.9918
2026-04-05T04:58:24.808357,38377,3,10.0;1.0;1.0,1;3;1,4648,0.9915
2026-04-05T04:58:24.868356,38378,1,1.0,2,4649,0.9912
2026-04-05T04:58:25.084380,38382,1,0.1,3,4650,0.9909
2026-04-05T04:58:26.741380,38411,1,3.0,1,4651,0.9916
2026-04-05T04:58:27.712361,38428,2,10.0;3.0,2;2,4653,0.9921
2026-04-05T04:58:27.987361,38433,1,100.0,1,4654,0.9918
2026-04-05T04:58:28.152380,38436,1,0.3,2,4655,0.9915
2026-04-05T04:58:28.632354,38445,2,3.0;1.0,2;2,4657,0.9912
2026-04-05T04:58:28.845355,38448,1,0.3,1,4658,0.9913
2026-04-05T04:58:28.968357,38450,3,1.0;0.1;10.0,2;1;1,4661,0.9910
2026-04-05T04:58:29.903380,38467,2,1.0;100.0,2;2,4663,0.9911
2026-04-05T04:58:30.328354,38475,3,0.1;10.0;3.0,2;1;1,4666,0.9908
2026-04-05T04:58:30.390357,38476,1,3.0,2,4667,0.9905
2026-04-05T04:58:30.880381,38485,1,3.0,3,4668,0.9904
2026-04-05T04:58:31.148381,38490,2,100.0;0.1,3;3,4670,0.9901
2026-04-05T04:58:32.369381,38513,3,0.3;3.0;10.0,1;2;1,4673,0.9902
2026-04-05T04:58:32.767359,38520,3,30.0;0.3;10.0,2;1;1,4676,0.9903
2026-04-05T04:58:33.207380,38528,1,3.0,4,4677,0.9902
2026-04-05T04:58:34.170382,38544,2,30.0;100.0,2;3,4679,0.9903
2026-04-05T04:58:35.120381,38560,1,10.0,2,4680,0.9910
2026-04-05T04:58:36.800356,38590,2,0.3;30.0,2;1,4682,0.9919
2026-04-05T04:58:37.046381,38594,1,0.3,2,4683,0.9916
2026-04-05T04:58:37.110359,38595,2,0.1;3.0,2;3,4685,0.9913
2026-04-05T04:58:37.796381,38607,3,1.0;0.1;1.0,1;1;3,4688,0.9912
2026-04-05T04:58:38.069381,38611,2,0.1;30.0,3;1,4690,0.9909
2026-04-05T04:58:38.903357,38625,2,0.1;0.1,2;3,4692,0.9910
2026-04-05T04:58:39.749357,38640,1,0.1,3,4693,0.9911
2026-04-05T04:58:40.036382,38645,2,1.0;10.0,3;3,4695,0.9908
2026-04-05T04:58:40.176361,38647,1,100.0,1,4696,0.9905
2026-04-05T04:58:40.732381,38657,2,0.1;30.0,2;3,4698,0.9904
2026-04-05T04:58:43.003382,38698,1,0.1,1,4699,0.9911
2026-04-05T04:58:43.818358,38711,1,30.0,1,4700,0.9912
2026-04-05T04:58:44.912363,38730,1,1.0,1,4701,0.9913
2026-04-05T04:58:46.505363,38759,2,0.1;1.0,2;1,4703,0.9914
2026-04-05T04:58:47.134357,38769,2,10.0;100.0,4;4,4705,0.9913
2026-04-05T04:58:47.291363,38772,3,10.0;100.0;1.0,2;2;3,4708,0.9910
2026-04-05T04:58:47.680360,38778,1,10.0,2,4709,0.9909
2026-04-05T04:58:49.011358,38801,2,100.0;3.0,4;3,4711,0.9914
2026-04-05T04:58:49.064354,38802,2,30.0;0.3,2;1,4713,0.9911
2026-04-05T04:58:50.224363,38818,1,30.0,2,4714,0.9916
2026-04-05T04:58:51.728363,38847,2,100.0;10.0,1;1,4716,0.9913
2026-04-05T04:58:51.841362,38849,2,10.0;0.3,3;2,4718,0.9910
2026-04-05T04:58:52.189358,38855,1,1.0,2,4719,0.9909
2026-04-05T04:58:52.825383,38867,2,10.0;3.0,1;1,4721,0.9906
2026-04-05T04:58:52.894358,38868,2,1.0;10.0,4;4,4723,0.9903
2026-04-05T04:58:53.581357,38881,3,10.0;100.0;3.0,2;1;4,4726,0.9900
2026-04-05T04:58:54.250361,38893,2,30.0;100.0,4;4,4728,0.9901
2026-04-05T04:58:55.002359,38907,1,10.0,4,4729,0.9902
2026-04-05T04:58:55.704355,38920,1,3.0,3,4730,0.9903
2026-04-05T04:58:55.876363,38923,1,30.0,2,4731,0.9900
2026-04-05T04:58:56.252383,38930,1,10.0,3,4732,0.9897
2026-04-05T04:58:56.528355,38935,1,100.0,2,4733,0.9896
2026-04-05T04:58:57.021383,38944,2,0.3;1.0,3;3,4735,0.9895
2026-04-05T04:58:57.201360,38947,2,0.3;3.0,2;4,4737,0.9894
2026-04-05T04:59:00.539355,39008,2,100.0;1.0,2;1,4739,0.9903
2026-04-05T04:59:00.890384,39014,1,3.0,1,4740,0.9902
2026-04-05T04:59:01.731384,39030,1,0.1,2,4741,0.9903
2026-04-05T04:59:03.714384,39067,2,3.0;0.1,3;3,4743,0.9912
2026-04-05T04:59:03.798360,39068,1,100.0,1,4744,0.9909
2026-04-05T04:59:04.129384,39074,1,3.0,3,4745,0.9906
2026-04-05T04:59:04.372384,39078,2,100.0;0.3,1;1,4747,0.9903
2026-04-05T04:59:04.437362,39079,1,1.0,1,4748,0.9900
2026-04-05T04:59:04.881385,39087,1,3.0,3,4749,0.9899
2026-04-05T04:59:05.844384,39105,1,0.3,3,4750,0.9900
2026-04-05T04:59:06.467385,39117,1,0.1,1,4751,0.9897
2026-04-05T04:59:06.745384,39122,1,0.1,3,4752,0.9894
2026-04-05T04:59:08.032384,39146,2,0.1;30.0,1;1,4754,0.9897
2026-04-05T04:59:08.194384,39149,1,10.0,3,4755,0.9894
2026-04-05T04:59:08.417365,39153,3,1.0;1.0;10.0,2;3;1,4758,0.9893
2026-04-05T04:59:09.467385,39173,2,1.0;0.1,1;3,4760,0.9892
2026-04-05T04:59:10.196384,39187,2,0.3;0.3,2;2,4762,0.9889
2026-04-05T04:59:12.227357,39222,1,30.0,2,4763,0.9898
2026-04-05T04:59:12.741356,39231,1,100.0,1,4764,0.9897
2026-04-05T04:59:12.985385,39235,1,0.3,1,4765,0.9894
2026-04-05T04:59:13.140359,39237,2,30.0;10.0,3;4,4767,0.9891
2026-04-05T04:59:13.203363,39238,1,30.0,2,4768,0.9888
2026-04-05T04:59:13.422385,39242,2,1.0;3.0,1;1,4770,0.9885
2026-04-05T04:59:13.639385,39246,1,0.3,4,4771,0.9882
2026-04-05T04:59:14.604362,39264,1,30.0,1,4772,0.9881
2026-04-05T04:59:14.726363,39266,1,10.0,3,4773,0.9878
2026-04-05T04:59:14.856356,39268,3,100.0;30.0;0.3,1;2;2,4776,0.9875
2026-04-05T04:59:15.354356,39277,1,3.0,2,4777,0.9876
2026-04-05T04:59:15.540357,39280,2,1.0;0.1,1;3,4779,0.9877
2026-04-05T04:59:15.824385,39285,3,0.3;0.3;0.3,1;4;3,4782,0.9876
2026-04-05T04:59:16.194385,39292,1,100.0,2,4783,0.9875
2026-04-05T04:59:16.580385,39299,2,0.1;1.0,1;2,4785,0.9872
2026-04-05T04:59:17.365366,39311,2,30.0;10.0,4;1,4787,0.9871
2026-04-05T04:59:17.854385,39320,3,3.0;1.0;100.0,2;1;3,4790,0.9868
2026-04-05T04:59:19.138361,39343,3,1.0;1.0;0.3,3;4;2,4793,0.9867
2026-04-05T04:59:20.149357,39360,1,0.1,3,4794,0.9872
2026-04-05T04:59:20.893357,39373,1,30.0,1,4795,0.9871
2026-04-05T04:59:21.509362,39384,1,1.0,2,4796,0.9872
2026-04-05T04:59:24.722386,39442,2,0.1;30.0,4;2,4798,0.9887
2026-04-05T04:59:25.320367,39453,1,30.0,1,4799,0.9886
2026-04-05T04:59:25.564365,39457,2,10.0;0.3,3;1,4801,0.9885
2026-04-05T04:59:25.701361,39459,1,1.0,2,4802,0.9882
2026-04-05T04:59:25.897362,39462,1,0.1,3,4803,0.9879
2026-04-05T04:59:26.672386,39476,1,1.0,3,4804,0.9878
2026-04-05T04:59:27.392364,39489,2,0.1;0.1,1;3,4806,0.9877
2026-04-05T04:59:28.122386,39501,2,0.1;0.3,3;2,4808,0.9878
2026-04-05T04:59:28.657364,39510,1,10.0,3,4809,0.9881
2026-04-05T04:59:28.725361,39511,1,1.0,4,4810,0.9878
2026-04-05T04:59:29.576359,39526,1,100.0,2,4811,0.9881
2026-04-05T04:59:30.349364,39540,1,100.0,3,4812,0.9880
2026-04-05T04:59:30.964363,39550,1,100.0,2,4813,0.9883
2026-04-05T04:59:31.037364,39551,2,0.1;100.0,3;3,4815,0.9880
2026-04-05T04:59:31.717387,39563,2,10.0;100.0,3;1,4817,0.9877
2026-04-05T04:59:32.510387,39577,3,0.3;0.3;30.0,3;3;3,4820,0.9882
2026-04-05T04:59:33.307387,39592,1,10.0,1,4821,0.9883
2026-04-05T04:59:33.956358,39604,1,0.1,1,4822,0.9884
2026-04-05T04:59:34.814363,39618,2,100.0;0.1,3;2,4824,0.9889
2026-04-05T04:59:35.209358,39625,1,3.0,3,4825,0.9888
2026-04-05T04:59:36.952362,39655,2,0.1;0.1,3;1,4827,0.9891
2026-04-05T04:59:38.421366,39681,2,3.0;10.0,1;1,4829,0.9896
2026-04-05T04:59:38.500365,39682,1,3.0,4,4830,0.9893
2026-04-05T04:59:39.645387,39704,1,100.0,1,4831,0.9892
2026-04-05T04:59:39.851387,39707,3,0.3;10.0;10.0,1;4;3,4834,0.9889
2026-04-05T04:59:40.245359,39714,1,0.3,1,4835,0.9890
2026-04-05T04:59:41.372388,39735,1,0.1,1,4836,0.9891
2026-04-05T04:59:41.783364,39742,2,3.0;3.0,3;4,4838,0.9892
2026-04-05T04:59:41.950363,39745,1,3.0,1,4839,0.9889
2026-04-05T04:59:43.190388,39768,1,100.0,3,4840,0.9888
2026-04-05T04:59:44.425388,39791,2,1.0;100.0,3;4,4842,0.9893
2026-04-05T04:59:44.790388,39798,2,1.0;30.0,2;3,4844,0.9890
2026-04-05T04:59:45.059388,39803,2,10.0;0.1,2;2,4846,0.9887
2026-04-05T04:59:45.772360,39816,2,100.0;0.1,2;3,4848,0.9886
2026-04-05T04:59:46.207364,39823,3,0.3;10.0;30.0,1;4;3,4851,0.9887
2026-04-05T04:59:46.416359,39826,2,0.1;100.0,4;3,4853,0.9886
2026-04-05T04:59:46.541360,39828,2,0.3;1.0,4;2,4855,0.9883
2026-04-05T04:59:46.706388,39831,2,30.0;100.0,2;4,4857,0.9880
2026-04-05T04:59:46.757370,39832,2,3.0;100.0,2;1,4859,0.9877
2026-04-05T04:59:46.863361,39834,1,1.0,2,4860,0.9874
2026-04-05T04:59:47.252388,39841,3,3.0;0.1;0.3,2;1;4,4863,0.9871
2026-04-05T04:59:47.448369,39844,2,30.0;0.3,2;3,4865,0.9868
2026-04-05T04:59:48.088359,39856,1,30.0,2,4866,0.9869
2026-04-05T04:59:48.256388,39859,2,30.0;10.0,2;2,4868,0.9866
2026-04-05T04:59:48.867388,39870,2,10.0;10.0,1;2,4870,0.9865
2026-04-05T04:59:49.225388,39876,1,3.0,1,4871,0.9864
2026-04-05T04:59:49.495389,39881,2,0.3;100.0,1;2,4873,0.9861
2026-04-05T04:59:50.657360,39902,1,30.0,1,4874,0.9864
2026-04-05T04:59:51.599362,39919,1,1.0,2,4875,0.9867
2026-04-05T04:59:53.536360,39955,1,0.3,1,4876,0.9872
2026-04-05T04:59:53.931363,39962,2,1.0;100.0,2;1,4878,0.9871
2026-04-05T04:59:54.425363,39971,1,0.1,1,4879,0.9868
2026-04-05T04:59:55.747390,39995,2,10.0;100.0,4;1,4881,0.9871
2026-04-05T04:59:56.425389,40007,3,1.0;0.3;10.0,3;3;3,4884,0.9870
2026-04-05T04:59:58.626389,40047,1,10.0,1,4885,0.9875
2026-04-05T04:59:59.877389,40069,1,0.3,1,4886,0.9874
2026-04-05T05:00:00.274390,40076,1,100.0,3,4887,0.9875
2026-04-05T05:00:01.325363,40095,2,0.1;0.3,2;3,4889,0.9874
2026-04-05T05:00:03.060390,40126,2,0.1;100.0,2;1,4891,0.9881
2026-04-05T05:00:04.194390,40145,1,3.0,3,4892,0.9884
2026-04-05T05:00:05.547372,40169,1,3.0,1,4893,0.9889
2026-04-05T05:00:05.738369,40172,1,30.0,3,4894,0.9888
2026-04-05T05:00:06.516370,40186,1,0.3,3,4895,0.9889
2026-04-05T05:00:06.945363,40194,3,0.1;3.0;10.0,3;4;4,4898,0.9886
2026-04-05T05:00:07.069362,40196,1,10.0,3,4899,0.9883
2026-04-05T05:00:07.511390,40204,2,1.0;10.0,1;3,4901,0.9880
2026-04-05T05:00:08.177364,40216,3,30.0;3.0;0.1,1;1;3,4904,0.9883
2026-04-05T05:00:08.654369,40224,1,100.0,3,4905,0.9882
2026-04-05T05:00:09.462365,40239,2,100.0;10.0,2;3,4907,0.9881
2026-04-05T05:00:09.942362,40247,2,30.0;0.1,2;1,4909,0.9882
2026-04-05T05:00:10.375390,40255,1,100.0,2,4910,0.9879
2026-04-05T05:00:11.526391,40277,1,10.0,2,4911,0.9880
2026-04-05T05:00:12.313391,40292,1,10.0,2,4912,0.9877
2026-04-05T05:00:13.159391,40306,2,1.0;10.0,2;2,4914,0.9880
2026-04-05T05:00:13.698363,40315,2,30.0;1.0,2;2,4916,0.9883
2026-04-05T05:00:14.491391,40329,1,100.0,3,4917,0.9886
2026-04-05T05:00:14.946366,40337,1,3.0,4,4918,0.9887
2026-04-05T05:00:15.117391,40340,2,10.0;3.0,2;1,4920,0.9884
2026-04-05T05:00:15.819369,40352,1,0.1,3,4921,0.9885
2026-04-05T05:00:18.295372,40398,3,1.0;0.3;0.1,2;3;3,4924,0.9892
2026-04-05T05:00:19.427392,40419,1,3.0,2,4925,0.9893
2026-04-05T05:00:19.702366,40423,1,0.1,1,4926,0.9892
2026-04-05T05:00:19.836371,40425,2,30.0;0.3,2;3,4928,0.9889
2026-04-05T05:00:20.817369,40442,2,10.0;0.1,2;3,4930,0.9894
2026-04-05T05:00:20.945363,40444,1,1.0,2,4931,0.9891
2026-04-05T05:00:22.470366,40472,1,30.0,1,4932,0.9896
2026-04-05T05:00:22.638392,40475,1,1.0,1,4933,0.9893
2026-04-05T05:00:22.817392,40478,3,1.0;0.3;1.0,1;1;4,4936,0.9890
2026-04-05T05:00:23.207392,40485,2,0.1;0.3,1;2,4938,0.9887
2026-04-05T05:00:24.102392,40499,1,0.1,2,4939,0.9890
2026-04-05T05:00:25.925374,40532,1,30.0,1,4940,0.9895
2026-04-05T05:00:26.164374,40536,2,30.0;30.0,4;2,4942,0.9892
2026-04-05T05:00:27.264393,40557,1,3.0,1,4943,0.9891
2026-04-05T05:00:27.486372,40561,2,3.0;30.0,3;3,4945,0.9888
2026-04-05T05:00:29.451373,40596,1,1.0,2,4946,0.9895
2026-04-05T05:00:29.503370,40597,1,0.3,2,4947,0.9892
2026-04-05T05:00:29.746369,40601,1,0.1,1,4948,0.9891
2026-04-05T05:00:30.322368,40610,1,1.0,2,4949,0.9896
2026-04-05T05:00:30.443371,40612,1,0.1,2,4950,0.9893
2026-04-05T05:00:30.584369,40614,2,100.0;10.0,2;1,4952,0.9890
2026-04-05T05:00:31.145368,40624,1,100.0,2,4953,0.9891
2026-04-05T05:00:31.504372,40630,2,30.0;3.0,4;1,4955,0.9890
2026-04-05T05:00:31.720393,40634,1,10.0,1,4956,0.9887
2026-04-05T05:00:32.952393,40655,1,1.0,1,4957,0.9890
2026-04-05T05:00:33.055369,40656,3,10.0;30.0;100.0,3;2;3,4960,0.9887
2026-04-05T05:00:34.840393,40688,1,100.0,2,4961,0.9892
2026-04-05T05:00:35.576376,40701,2,100.0;1.0,2;1,4963,0.9893
2026-04-05T05:00:35.794393,40705,1,0.1,2,4964,0.9890
2026-04-05T05:00:37.038370,40726,1,100.0,2,4965,0.9893
2026-04-05T05:00:38.073393,40745,2,0.3;0.1,3;2,4967,0.9896
2026-04-05T05:00:38.830393,40759,3,0.1;1.0;1.0,1;3;2,4970,0.9893
2026-04-05T05:00:39.389393,40769,1,100.0,1,4971,0.9892
2026-04-05T05:00:41.343365,40806,1,3.0,1,4972,0.9893
2026-04-05T05:00:42.955369,40835,2,30.0;10.0,3;1,4974,0.9896
2026-04-05T05:00:44.049394,40854,1,100.0,3,4975,0.9901
2026-04-05T05:00:44.813394,40867,1,1.0,2,4976,0.9902
2026-04-05T05:00:45.297366,40875,1,0.3,3,4977,0.9903
2026-04-05T05:00:45.537372,40879,1,10.0,3,4978,0.9902
2026-04-05T05:00:46.188394,40891,2,30.0;30.0,1;1,4980,0.9901
2026-04-05T05:00:46.585366,40898,1,0.1,2,4981,0.9900
2026-04-05T05:00:46.824394,40902,2,10.0;3.0,3;3,4983,0.9897
2026-04-05T05:00:47.299394,40910,1,1.0,2,4984,0.9896
2026-04-05T05:00:49.458394,40951,1,0.3,4,4985,0.9899
2026-04-05T05:00:50.339370,40967,1,100.0,1,4986,0.9900
2026-04-05T05:00:51.103395,40980,2,0.1;1.0,1;2,4988,0.9899
2026-04-05T05:00:51.288366,40983,1,0.1,4,4989,0.9900
2026-04-05T05:00:51.465395,40986,1,0.3,3,4990,0.9897
2026-04-05T05:00:52.982366,41012,1,1.0,3,4991,0.9910
2026-04-05T05:00:53.453366,41020,1,30.0,2,4992,0.9911
2026-04-05T05:00:53.604372,41022,2,0.3;30.0,3;2,4994,0.9910
2026-04-05T05:00:53.720368,41024,1,0.3,2,4995,0.9907
2026-04-05T05:00:54.382395,41035,1,3.0,2,4996,0.9906
2026-04-05T05:00:55.211395,41051,1,3.0,4,4997,0.9905
2026-04-05T05:00:55.471367,41056,2,1.0;0.3,3;3,4999,0.9904
2026-04-05T05:00:55.532367,41057,1,30.0,2,5000,0.9901
2026-04-05T05:00:55.657367,41059,1,3.0,2,5001,0.9898
2026-04-05T05:00:55.827395,41062,1,0.3,1,5002,0.9895
2026-04-05T05:00:55.996395,41065,1,0.1,2,5003,0.9892
2026-04-05T05:00:56.381395,41072,2,0.3;1.0,1;4,5005,0.9889
2026-04-05T05:00:56.839395,41080,1,0.1,4,5006,0.9886
2026-04-05T05:00:57.420370,41090,2,3.0;0.1,1;3,5008,0.9885
2026-04-05T05:00:57.695395,41095,1,1.0,2,5009,0.9882
2026-04-05T05:00:58.012377,41101,2,10.0;100.0,4;3,5011,0.9881
2026-04-05T05:00:58.063373,41102,1,0.1,3,5012,0.9878
2026-04-05T05:00:58.608395,41112,2,0.1;30.0,3;3,5014,0.9877
2026-04-05T05:00:59.788395,41134,1,1.0,2,5015,0.9874
2026-04-05T05:00:59.933379,41136,1,30.0,1,5016,0.9871
2026-04-05T05:01:00.291367,41142,3,100.0;3.0;100.0,2;4;1,5019,0.9870
2026-04-05T05:01:01.212374,41158,1,3.0,3,5020,0.9871
2026-04-05T05:01:02.328373,41177,2,0.3;100.0,2;4,5022,0.9876
2026-04-05T05:01:04.238396,41212,1,3.0,2,5023,0.9881
2026-04-05T05:01:04.873396,41224,3,30.0;10.0;30.0,2;1;1,5026,0.9880
2026-04-05T05:01:07.233397,41266,1,100.0,4,5027,0.9889
2026-04-05T05:01:07.284373,41267,2,1.0;3.0,3;1,5029,0.9886
2026-04-05T05:01:08.459370,41286,2,30.0;100.0,1;3,5031,0.9895
2026-04-05T05:01:08.783396,41292,2,10.0;0.3,3;2,5033,0.9892
2026-04-05T05:01:09.086372,41297,1,30.0,1,5034,0.9893
2026-04-05T05:01:10.365396,41320,2,1.0;0.1,2;2,5036,0.9896
2026-04-05T05:01:10.416373,41321,2,100.0;0.1,2;3,5038,0.9893
2026-04-05T05:01:11.261397,41336,2,100.0;0.3,1;2,5040,0.9892
2026-04-05T05:01:11.847368,41346,2,3.0;10.0,1;2,5042,0.9895
2026-04-05T05:01:11.909370,41347,1,30.0,1,5043,0.9892
2026-04-05T05:01:12.174397,41352,1,0.3,3,5044,0.9889
2026-04-05T05:01:12.780397,41362,1,30.0,1,5045,0.9888
2026-04-05T05:01:13.140397,41369,1,0.3,2,5046,0.9885
2026-04-05T05:01:14.706397,41398,1,10.0,1,5047,0.9886
2026-04-05T05:01:14.814368,41400,2,30.0;0.3,2;1,5049,0.9883
2026-04-05T05:01:15.059370,41404,3,0.1;3.0;3.0,2;2;1,5052,0.9884
2026-04-05T05:01:15.442373,41410,1,100.0,1,5053,0.9883
2026-04-05T05:01:15.496368,41411,2,3.0;0.3,4;3,5055,0.9880
2026-04-05T05:01:16.985369,41437,1,0.3,1,5056,0.9887
2026-04-05T05:01:17.739379,41450,2,0.1;1.0,2;2,5058,0.9890
2026-04-05T05:01:18.405397,41462,2,0.3;100.0,1;2,5060,0.9887
2026-04-05T05:01:18.800398,41469,3,10.0;3.0;100.0,3;2;2,5063,0.9886
2026-04-05T05:01:18.959397,41472,1,10.0,2,5064,0.9883
2026-04-05T05:01:19.590397,41483,2,30.0;10.0,1;3,5066,0.9888
2026-04-05T05:01:20.185369,41493,2,3.0;0.3,2;4,5068,0.9889
2026-04-05T05:01:20.312370,41495,1,0.3,1,5069,0.9886
2026-04-05T05:01:21.654381,41520,1,10.0,1,5070,0.9885
2026-04-05T05:01:21.939397,41524,1,1.0,3,5071,0.9882
2026-04-05T05:01:21.997376,41525,1,0.1,2,5072,0.9879
2026-04-05T05:01:22.056369,41526,1,30.0,3,5073,0.9876
2026-04-05T05:01:22.215398,41529,1,0.3,3,5074,0.9873
2026-04-05T05:01:22.269376,41530,1,1.0,2,5075,0.9870
2026-04-05T05:01:23.222397,41546,1,1.0,3,5076,0.9877
2026-04-05T05:01:23.541398,41552,3,30.0;30.0;100.0,2;3;1,5079,0.9874
2026-04-05T05:01:25.121398,41580,2,3.0;3.0,1;1,5081,0.9883
2026-04-05T05:01:26.100375,41597,1,1.0,3,5082,0.9886
2026-04-05T05:01:28.077372,41634,1,100.0,1,5083,0.9887
2026-04-05T05:01:31.168399,41694,2,0.3;3.0,2;2,5085,0.9886
2026-04-05T05:01:32.094376,41710,2,1.0;0.1,4;2,5087,0.9887
2026-04-05T05:01:32.930399,41726,3,1.0;0.1;100.0,1;1;1,5090,0.9884
2026-04-05T05:01:33.225371,41730,1,100.0,3,5091,0.9885
2026-04-05T05:01:33.711373,41738,2,1.0;3.0,1;3,5093,0.9884
2026-04-05T05:01:34.107399,41745,1,30.0,3,5094,0.9883
2026-04-05T05:01:34.252370,41747,2,0.3;10.0,3;3,5096,0.9880
2026-04-05T05:01:35.177399,41763,1,100.0,3,5097,0.9881
2026-04-05T05:01:35.495400,41769,3,0.1;30.0;100.0,2;3;1,5100,0.9878
2026-04-05T05:01:35.836377,41775,2,100.0;30.0,4;2,5102,0.9877
2026-04-05T05:01:36.147371,41779,2,100.0;100.0,1;1,5104,0.9876
2026-04-05T05:01:36.483370,41784,2,3.0;0.1,3;1,5106,0.9877
2026-04-05T05:01:37.246400,41798,1,3.0,3,5107,0.9874
2026-04-05T05:01:37.579399,41804,1,30.0,3,5108,0.9871
2026-04-05T05:01:40.426373,41855,1,3.0,4,5109,0.9884
2026-04-05T05:01:41.998371,41881,1,0.3,4,5110,0.9899
2026-04-05T05:01:43.931400,41914,2,1.0;1.0,3;1,5112,0.9906
2026-04-05T05:01:46.619375,41962,1,10.0,3,5113,0.9919
2026-04-05T05:01:47.613378,41979,2,1.0;100.0,3;1,5115,0.9922
2026-04-05T05:01:47.781401,41982,2,0.3;30.0,2;1,5117,0.9919
2026-04-05T05:01:47.923373,41984,2,3.0;10.0,2;1,5119,0.9916
2026-04-05T05:01:50.139380,42024,1,3.0,1,5120,0.9927
2026-04-05T05:01:50.206376,42025,1,100.0,2,5121,0.9924
2026-04-05T05:01:50.339376,42027,1,30.0,3,5122,0.9921
2026-04-05T05:01:51.539401,42047,1,0.1,1,5123,0.9926
2026-04-05T05:01:51.767401,42051,2,3.0;0.1,2;3,5125,0.9923
2026-04-05T05:01:52.222401,42059,1,10.0,2,5126,0.9922
2026-04-05T05:01:52.421376,42062,1,0.3,2,5127,0.9919
2026-04-05T05:01:52.617378,42065,1,10.0,4,5128,0.9918
2026-04-05T05:01:53.403401,42080,2,30.0;1.0,2;1,5130,0.9915
2026-04-05T05:01:54.006401,42090,1,0.1,3,5131,0.9916
2026-04-05T05:01:54.804401,42104,1,0.3,3,5132,0.9915
2026-04-05T05:01:56.497402,42134,2,0.3;10.0,1;3,5134,0.9920
2026-04-05T05:01:57.232401,42147,1,3.0,3,5135,0.9919
2026-04-05T05:01:57.341372,42149,3,0.3;0.3;0.3,1;1;3,5138,0.9916
2026-04-05T05:01:57.751401,42156,1,100.0,2,5139,0.9917
2026-04-05T05:02:00.478377,42203,1,0.3,4,5140,0.9930
2026-04-05T05:02:01.534373,42222,1,0.1,2,5141,0.9931
2026-04-05T05:02:05.170402,42288,1,1.0,3,5142,0.9944
2026-04-05T05:02:06.283402,42306,1,30.0,1,5143,0.9949
2026-04-05T05:02:06.340373,42307,3,100.0;30.0;1.0,3;3;2,5146,0.9946
2026-04-05T05:02:07.407376,42327,1,10.0,2,5147,0.9949
2026-04-05T05:02:08.479373,42347,1,3.0,1,5148,0.9952
2026-04-05T05:02:08.965402,42352,2,3.0;3.0,1;1,5150,0.9951
2026-04-05T05:02:12.193376,42411,3,3.0;3.0;0.1,2;1;2,5153,0.9964
2026-04-05T05:02:12.769374,42421,1,3.0,2,5154,0.9965
2026-04-05T05:02:14.793379,42457,1,0.1,3,5155,0.9972
2026-04-05T05:02:15.090374,42462,2,10.0;1.0,4;4,5157,0.9971
2026-04-05T05:02:15.230382,42464,2,10.0;100.0,3;3,5159,0.9968
2026-04-05T05:02:15.747403,42473,1,10.0,4,5160,0.9967
2026-04-05T05:02:16.871403,42494,2,30.0;1.0,3;1,5162,0.9966
2026-04-05T05:02:17.278384,42501,1,30.0,2,5163,0.9963
2026-04-05T05:02:19.048403,42534,1,100.0,1,5164,0.9966
2026-04-05T05:02:21.053404,42572,1,30.0,3,5165,0.9967
2026-04-05T05:02:22.006404,42587,2,30.0;30.0,3;3,5167,0.9966
2026-04-05T05:02:22.122375,42589,1,3.0,3,5168,0.9963
2026-04-05T05:02:22.716404,42600,1,0.3,2,5169,0.9960
2026-04-05T05:02:23.646379,42617,1,30.0,1,5170,0.9961
2026-04-05T05:02:24.977379,42642,1,1.0,3,5171,0.9962
2026-04-05T05:02:25.048375,42643,1,10.0,2,5172,0.9959
2026-04-05T05:02:26.374404,42666,1,0.1,3,5173,0.9966
2026-04-05T05:02:27.687379,42690,3,10.0;1.0;0.3,1;3;4,5176,0.9967
2026-04-05T05:02:27.901405,42694,1,0.3,2,5177,0.9964
2026-04-05T05:02:28.237379,42700,1,3.0,1,5178,0.9961
2026-04-05T05:02:28.432404,42703,1,0.3,3,5179,0.9958
2026-04-05T05:02:28.725380,42708,1,100.0,3,5180,0.9957
2026-04-05T05:02:29.437380,42721,1,0.1,2,5181,0.9958
2026-04-05T05:02:29.502382,42722,2,100.0;0.1,2;2,5183,0.9955
2026-04-05T05:02:29.573385,42723,1,3.0,2,5184,0.9952
2026-04-05T05:02:30.621405,42741,1,0.3,1,5185,0.9955
2026-04-05T05:02:31.807405,42764,1,10.0,3,5186,0.9954
2026-04-05T05:02:33.493405,42795,1,3.0,3,5187,0.9959
2026-04-05T05:02:35.266386,42827,1,30.0,1,5188,0.9966
2026-04-05T05:02:36.473376,42846,2,30.0;30.0,1;3,5190,0.9975
2026-04-05T05:02:36.781384,42851,1,1.0,4,5191,0.9974
2026-04-05T05:02:37.214405,42859,1,0.3,3,5192,0.9971
2026-04-05T05:02:37.554405,42865,1,10.0,4,5193,0.9968
2026-04-05T05:02:39.554379,42896,1,100.0,3,5194,0.9977
2026-04-05T05:02:39.776405,42900,1,10.0,4,5195,0.9974
2026-04-05T05:02:41.008379,42923,1,10.0,4,5196,0.9973
2026-04-05T05:02:41.139378,42925,1,100.0,3,5197,0.9972
2026-04-05T05:02:41.379406,42929,1,10.0,2,5198,0.9969
2026-04-05T05:02:42.382406,42947,1,100.0,3,5199,0.9970
2026-04-05T05:02:43.324382,42965,2,0.1;30.0,3;2,5201,0.9973
2026-04-05T05:02:43.504406,42968,3,3.0;3.0;10.0,2;2;3,5204,0.9970
2026-04-05T05:02:44.173406,42980,2,0.3;0.3,1;3,5206,0.9973
2026-04-05T05:02:46.874406,43027,1,0.1,1,5207,0.9977
2026-04-05T05:02:47.138378,43031,1,100.0,3,5208,0.9976
2026-04-05T05:02:47.280384,43033,1,0.1,2,5209,0.9975
2026-04-05T05:02:47.398406,43035,1,30.0,1,5210,0.9972
2026-04-05T05:02:48.639406,43058,2,1.0;10.0,3;2,5212,0.9973
2026-04-05T05:02:49.173407,43067,1,10.0,2,5213,0.9976
2026-04-05T05:02:49.415407,43071,1,1.0,1,5214,0.9973
2026-04-05T05:02:50.986380,43101,2,1.0;100.0,2;4,5216,0.9972
2026-04-05T05:02:51.404407,43108,2,30.0;10.0,3;3,5218,0.9971
2026-04-05T05:02:51.572378,43111,1,0.3,3,5219,0.9970
2026-04-05T05:02:52.971407,43136,2,100.0;30.0,3;3,5221,0.9975
2026-04-05T05:02:53.151382,43139,1,0.3,1,5222,0.9972
2026-04-05T05:02:53.531407,43146,3,3.0;3.0;10.0,3;2;2,5225,0.9969
2026-04-05T05:02:54.282383,43160,1,30.0,1,5226,0.9966
2026-04-05T05:02:55.681407,43185,1,30.0,2,5227,0.9973
2026-04-05T05:02:56.431379,43198,2,3.0;30.0,2;1,5229,0.9974
2026-04-05T05:02:57.209407,43212,1,0.1,1,5230,0.9975
2026-04-05T05:02:57.916383,43225,3,1.0;30.0;0.3,3;3;1,5233,0.9972
2026-04-05T05:02:57.995384,43226,3,0.3;0.1;0.3,2;2;1,5236,0.9969
2026-04-05T05:02:58.547379,43235,2,100.0;0.3,2;2,5238,0.9972
2026-04-05T05:02:59.810382,43259,2,0.3;1.0,2;3,5240,0.9969
2026-04-05T05:03:00.363408,43268,2,0.3;100.0,2;3,5242,0.9966
2026-04-05T05:03:03.806407,43332,2,100.0;0.3,2;4,5244,0.9973
2026-04-05T05:03:04.371408,43342,1,0.1,4,5245,0.9972
2026-04-05T05:03:04.571408,43345,1,1.0,3,5246,0.9969
2026-04-05T05:03:04.623379,43346,1,30.0,2,5247,0.9966
2026-04-05T05:03:05.806408,43367,3,1.0;0.3;30.0,3;2;1,5250,0.9971
2026-04-05T05:03:06.654380,43381,1,30.0,2,5251,0.9977
2026-04-05T05:03:07.236380,43391,1,0.3,3,5252,0.9976
2026-04-05T05:03:07.664408,43398,2,1.0;1.0,1;4,5254,0.9973
2026-04-05T05:03:07.964382,43403,2,1.0;1.0,1;1,5256,0.9972
2026-04-05T05:03:08.172381,43406,2,100.0;3.0,2;2,5258,0.9971
2026-04-05T05:03:08.288386,43408,2,30.0;30.0,1;2,5260,0.9968
2026-04-05T05:03:08.558411,43413,1,10.0,4,5261,0.9965
2026-04-05T05:03:08.629383,43414,1,1.0,4,5262,0.9962
2026-04-05T05:03:08.963408,43420,1,3.0,3,5263,0.9959
2026-04-05T05:03:09.611409,43431,1,0.3,3,5264,0.9962
2026-04-05T05:03:11.279383,43462,1,3.0,1,5265,0.9967
2026-04-05T05:03:12.085382,43477,2,100.0;10.0,3;3,5267,0.9966
2026-04-05T05:03:12.151385,43478,2,30.0;0.3,1;1,5269,0.9963
2026-04-05T05:03:13.756409,43508,1,3.0,3,5270,0.9964
2026-04-05T05:03:14.522380,43520,1,0.1,3,5271,0.9967
2026-04-05T05:03:14.747386,43523,3,100.0;0.3;100.0,1;3;4,5274,0.9964
2026-04-05T05:03:14.880380,43525,1,10.0,2,5275,0.9961
2026-04-05T05:03:15.648386,43537,2,1.0;0.3,3;1,5277,0.9964
2026-04-05T05:03:15.857383,43541,2,1.0;100.0,2;2,5279,0.9961
2026-04-05T05:03:16.906409,43559,1,100.0,1,5280,0.9962
2026-04-05T05:03:17.760381,43574,1,0.3,3,5281,0.9965
2026-04-05T05:03:18.118383,43580,1,1.0,2,5282,0.9964
2026-04-05T05:03:18.240380,43582,2,30.0;3.0,2;1,5284,0.9963
2026-04-05T05:03:19.106381,43592,2,100.0;30.0,2;2,5286,0.9966
2026-04-05T05:03:19.469387,43598,3,30.0;1.0;0.3,2;3;1,5289,0.9965
2026-04-05T05:03:19.644410,43601,2,0.3;1.0,3;2,5291,0.9962
2026-04-05T05:03:19.853410,43605,1,3.0,1,5292,0.9959
2026-04-05T05:03:20.140383,43609,1,0.1,4,5293,0.9956
2026-04-05T05:03:20.389384,43613,1,10.0,2,5294,0.9955
2026-04-05T05:03:20.454384,43614,1,0.3,2,5295,0.9952
2026-04-05T05:03:20.725410,43619,3,3.0;30.0;0.1,2;3;1,5298,0.9949
2026-04-05T05:03:20.854387,43621,1,1.0,2,5299,0.9946
2026-04-05T05:03:22.032410,43642,3,30.0;10.0;3.0,1;3;2,5302,0.9949
2026-04-05T05:03:23.835410,43673,2,0.3;30.0,3;3,5304,0.9958
2026-04-05T05:03:24.443384,43684,2,30.0;30.0,3;1,5306,0.9959
2026-04-05T05:03:24.674410,43688,2,100.0;30.0,2;1,5308,0.9956
2026-04-05T05:03:24.881410,43691,1,3.0,2,5309,0.9953
2026-04-05T05:03:25.737389,43707,3,0.3;3.0;0.1,4;2;3,5312,0.9952
2026-04-05T05:03:25.920410,43710,2,100.0;3.0,3;2,5314,0.9949
2026-04-05T05:03:26.813410,43727,2,0.1;3.0,3;3,5316,0.9946
2026-04-05T05:03:27.569410,43741,2,10.0;0.1,1;2,5318,0.9947
2026-04-05T05:03:28.620382,43758,1,0.1,2,5319,0.9960
2026-04-05T05:03:28.692387,43759,2,100.0;0.1,2;1,5321,0.9957
2026-04-05T05:03:29.221410,43769,2,10.0;100.0,2;4,5323,0.9954
2026-04-05T05:03:29.412392,43772,2,1.0;10.0,1;2,5325,0.9951
2026-04-05T05:03:29.699410,43777,1,3.0,4,5326,0.9950
2026-04-05T05:03:30.764382,43795,1,30.0,4,5327,0.9957
2026-04-05T05:03:30.825386,43796,2,0.1;0.3,4;1,5329,0.9954
2026-04-05T05:03:31.023383,43799,1,100.0,3,5330,0.9953
2026-04-05T05:03:31.400410,43806,2,1.0;1.0,4;2,5332,0.9950
2026-04-05T05:03:32.105411,43818,1,0.3,1,5333,0.9951
2026-04-05T05:03:32.381388,43823,1,3.0,3,5334,0.9948
2026-04-05T05:03:33.229386,43836,1,10.0,3,5335,0.9955
2026-04-05T05:03:34.126389,43851,2,0.3;1.0,2;1,5337,0.9958
2026-04-05T05:03:34.486383,43856,2,30.0;1.0,1;2,5339,0.9959
2026-04-05T05:03:34.671411,43859,1,1.0,3,5340,0.9956
2026-04-05T05:03:34.843391,43862,1,1.0,2,5341,0.9953
2026-04-05T05:03:35.791386,43879,1,10.0,2,5342,0.9954
2026-04-05T05:03:36.250411,43887,2,1.0;100.0,2;3,5344,0.9953
2026-04-05T05:03:36.638411,43893,1,1.0,3,5345,0.9952
2026-04-05T05:03:36.762383,43895,2,0.1;0.3,3;2,5347,0.9949
2026-04-05T05:03:37.500411,43909,1,0.3,1,5348,0.9946
2026-04-05T05:03:37.718386,43913,3,100.0;30.0;3.0,2;3;3,5351,0.9943
2026-04-05T05:03:37.912384,43916,1,3.0,2,5352,0.9942
2026-04-05T05:03:39.669387,43948,2,0.1;30.0,2;4,5354,0.9949
2026-04-05T05:03:40.360393,43961,2,10.0;0.3,1;1,5356,0.9948
2026-04-05T05:03:41.045393,43974,1,0.1,1,5357,0.9945
2026-04-05T05:03:41.777390,43987,2,1.0;10.0,3;1,5359,0.9944
2026-04-05T05:03:41.900383,43989,2,30.0;3.0,1;3,5361,0.9941
2026-04-05T05:03:43.403412,44015,1,3.0,4,5362,0.9944
2026-04-05T05:03:45.381390,44050,1,3.0,3,5363,0.9953
2026-04-05T05:03:45.862412,44059,2,30.0;10.0,1;2,5365,0.9950
2026-04-05T05:03:46.288412,44066,2,0.3;1.0,2;2,5367,0.9949
2026-04-05T05:03:47.149413,44081,1,30.0,4,5368,0.9952
2026-04-05T05:03:47.642388,44090,1,10.0,3,5369,0.9949
2026-04-05T05:03:47.717390,44091,2,30.0;3.0,1;1,5371,0.9946
2026-04-05T05:03:49.673393,44127,1,10.0,1,5372,0.9951
2026-04-05T05:03:50.722412,44146,2,0.1;1.0,2;3,5374,0.9952
2026-04-05T05:03:50.939413,44150,1,0.1,2,5375,0.9949
2026-04-05T05:03:51.594388,44162,1,3.0,3,5376,0.9950
2026-04-05T05:03:51.914392,44167,1,3.0,1,5377,0.9949
2026-04-05T05:03:53.518413,44197,2,30.0;100.0,3;2,5379,0.9948
2026-04-05T05:03:55.305384,44229,1,30.0,4,5380,0.9953
2026-04-05T05:03:55.443393,44231,1,100.0,3,5381,0.9952
2026-04-05T05:03:55.700413,44235,1,30.0,2,5382,0.9951
2026-04-05T05:03:55.991394,44240,1,100.0,4,5383,0.9948
2026-04-05T05:03:56.837413,44255,1,0.3,3,5384,0.9953
2026-04-05T05:03:57.187384,44261,2,3.0;3.0,3;4,5386,0.9954
2026-04-05T05:03:57.488413,44266,1,3.0,2,5387,0.9951
2026-04-05T05:03:58.101385,44277,2,30.0;30.0,2;3,5389,0.9950
2026-04-05T05:03:58.724388,44285,1,10.0,2,5390,0.9951
2026-04-05T05:04:01.221385,44331,3,30.0;100.0;0.3,2;1;2,5393,0.9962
2026-04-05T05:04:02.050414,44345,1,0.1,1,5394,0.9965
2026-04-05T05:04:02.116389,44346,2,3.0;0.1,3;1,5396,0.9962
2026-04-05T05:04:03.254414,44367,1,3.0,2,5397,0.9961
2026-04-05T05:04:03.646392,44373,2,0.3;10.0,1;2,5399,0.9960
2026-04-05T05:04:03.984390,44378,3,0.3;30.0;10.0,3;4;2,5402,0.9959
2026-04-05T05:04:07.692390,44447,1,30.0,3,5403,0.9966
2026-04-05T05:04:07.834388,44449,1,3.0,2,5404,0.9963
2026-04-05T05:04:08.302414,44457,2,1.0;1.0,1;2,5406,0.9964
2026-04-05T05:04:08.718414,44464,1,10.0,4,5407,0.9963
2026-04-05T05:04:09.252414,44473,1,0.1,1,5408,0.9968
2026-04-05T05:04:09.303400,44474,1,100.0,2,5409,0.9965
2026-04-05T05:04:09.757414,44482,2,30.0;100.0,3;2,5411,0.9964
2026-04-05T05:04:09.949386,44485,1,10.0,2,5412,0.9963
2026-04-05T05:04:10.484390,44494,1,0.1,3,5413,0.9968
2026-04-05T05:04:11.399414,44511,2,0.1;3.0,3;1,5415,0.9965
2026-04-05T05:04:11.803415,44518,3,1.0;3.0;10.0,1;3;1,5418,0.9964
2026-04-05T05:04:13.886415,44556,2,10.0;1.0,3;2,5420,0.9967
2026-04-05T05:04:14.595389,44567,3,30.0;1.0;0.3,4;3;3,5423,0.9972
2026-04-05T05:04:15.684392,44585,3,0.1;0.1;10.0,2;2;2,5426,0.9975
2026-04-05T05:04:17.997416,44629,1,0.3,2,5427,0.9976
2026-04-05T05:04:18.651387,44638,1,3.0,1,5428,0.9977
2026-04-05T05:04:19.454415,44653,1,10.0,4,5429,0.9976
2026-04-05T05:04:19.866415,44660,1,30.0,2,5430,0.9975
2026-04-05T05:04:20.350387,44669,1,0.3,4,5431,0.9972
2026-04-05T05:04:20.619415,44674,1,30.0,4,5432,0.9969
2026-04-05T05:04:20.901415,44679,1,100.0,3,5433,0.9968
2026-04-05T05:04:22.881416,44715,1,3.0,1,5434,0.9977
2026-04-05T05:04:23.409398,44725,2,30.0;10.0,2;3,5436,0.9974
2026-04-05T05:04:25.029416,44753,2,10.0;30.0,3;2,5438,0.9977
2026-04-05T05:04:25.769416,44766,1,0.1,1,5439,0.9977
2026-04-05T05:04:26.920416,44786,1,3.0,2,5440,0.9977
2026-04-05T05:04:28.575416,44815,1,0.1,3,5441,0.9977
2026-04-05T05:04:28.630388,44816,1,100.0,2,5442,0.9974
2026-04-05T05:04:28.921392,44821,1,1.0,2,5443,0.9973
2026-04-05T05:04:32.324399,44882,1,1.0,1,5444,0.9977
2026-04-05T05:04:32.828417,44890,1,0.1,1,5445,0.9974
2026-04-05T05:04:33.061417,44894,1,3.0,3,5446,0.9971
2026-04-05T05:04:33.235417,44897,3,0.1;0.3;100.0,2;3;4,5449,0.9968
2026-04-05T05:04:33.415417,44900,2,30.0;10.0,1;3,5451,0.9965
2026-04-05T05:04:34.361391,44918,1,0.3,2,5452,0.9962
2026-04-05T05:04:35.401417,44935,1,3.0,3,5453,0.9967
2026-04-05T05:04:36.798393,44960,1,30.0,4,5454,0.9972
2026-04-05T05:04:37.241396,44967,1,3.0,1,5455,0.9971
2026-04-05T05:04:37.308397,44968,1,0.1,4,5456,0.9968
2026-04-05T05:04:37.841390,44977,1,100.0,1,5457,0.9969
2026-04-05T05:04:38.522399,44989,1,0.3,2,5458,0.9970
2026-04-05T05:04:38.718394,44992,1,30.0,2,5459,0.9969
2026-04-05T05:04:39.815392,45012,1,10.0,4,5460,0.9972
2026-04-05T05:04:40.812418,45031,2,0.3;0.1,2;1,5462,0.9969
2026-04-05T05:04:41.788392,45049,2,0.1;1.0,1;1,5464,0.9968
2026-04-05T05:04:42.323418,45059,1,0.3,2,5465,0.9967
2026-04-05T05:04:42.807400,45068,1,0.3,1,5466,0.9964
2026-04-05T05:04:43.701418,45080,1,3.0,1,5467,0.9963
2026-04-05T05:04:44.304419,45091,1,1.0,2,5468,0.9964
2026-04-05T05:04:44.684403,45097,1,100.0,2,5469,0.9965
2026-04-05T05:04:45.086392,45103,1,0.1,2,5470,0.9966
2026-04-05T05:04:45.382418,45108,1,3.0,3,5471,0.9965
2026-04-05T05:04:46.233418,45124,3,0.1;3.0;1.0,2;3;2,5474,0.9966
2026-04-05T05:04:46.472394,45128,1,10.0,1,5475,0.9965
2026-04-05T05:04:50.151418,45196,1,30.0,1,5476,0.9974
2026-04-05T05:04:50.297396,45198,2,10.0;10.0,1;3,5478,0.9971
2026-04-05T05:04:51.217419,45214,2,3.0;3.0,2;3,5480,0.9972
2026-04-05T05:04:51.590419,45220,1,10.0,1,5481,0.9969
2026-04-05T05:04:52.470418,45235,1,10.0,1,5482,0.9972
2026-04-05T05:04:52.598394,45236,2,0.3;0.1,3;2,5484,0.9969
2026-04-05T05:04:54.170419,45264,1,3.0,3,5485,0.9976
2026-04-05T05:04:54.379396,45267,1,0.1,3,5486,0.9973
2026-04-05T05:04:54.800393,45274,1,10.0,1,5487,0.9972
2026-04-05T05:04:54.859395,45275,2,100.0;100.0,1;1,5489,0.9969
2026-04-05T05:04:56.224401,45300,2,0.3;1.0,1;1,5491,0.9972
2026-04-05T05:04:56.561396,45305,3,30.0;10.0;10.0,3;1;2,5494,0.9973
2026-04-05T05:04:57.431419,45321,2,10.0;10.0,1;1,5496,0.9972
2026-04-05T05:04:57.630419,45324,1,3.0,3,5497,0.9969
2026-04-05T05:04:58.623400,45342,1,1.0,3,5498,0.9972
2026-04-05T05:05:00.343395,45372,1,1.0,1,5499,0.9977
2026-04-05T05:05:00.414400,45373,1,30.0,2,5500,0.9974
2026-04-05T05:05:00.478399,45374,1,30.0,2,5501,0.9971
2026-04-05T05:05:01.596420,45395,1,100.0,1,5502,0.9972
2026-04-05T05:05:01.661399,45396,1,10.0,3,5503,0.9969
2026-04-05T05:05:01.994391,45401,3,1.0;30.0;10.0,2;2;3,5506,0.9970
2026-04-05T05:05:04.547420,45448,1,1.0,1,5507,0.9977
2026-04-05T05:05:05.126395,45458,1,0.1,2,5508,0.9977
2026-04-05T05:05:06.931401,45489,2,0.3;0.1,1;1,5510,0.9977
2026-04-05T05:05:07.462421,45498,1,10.0,2,5511,0.9976
2026-04-05T05:05:07.734421,45502,2,0.1;30.0,4;1,5513,0.9973
2026-04-05T05:05:07.962398,45506,3,0.3;10.0;0.3,3;1;3,5516,0.9972
2026-04-05T05:05:09.192392,45529,1,1.0,1,5517,0.9971
2026-04-05T05:05:09.746420,45539,3,0.3;3.0;1.0,2;1;2,5520,0.9970
2026-04-05T05:05:10.483420,45552,1,0.1,2,5521,0.9973
2026-04-05T05:05:11.897404,45577,1,30.0,3,5522,0.9977
2026-04-05T05:05:12.134398,45580,1,10.0,1,5523,0.9976
2026-04-05T05:05:14.158392,45617,1,0.1,3,5524,0.9977
2026-04-05T05:05:14.224392,45618,2,0.1;3.0,1;3,5526,0.9974
2026-04-05T05:05:14.555421,45624,2,0.1;0.1,1;3,5528,0.9973
2026-04-05T05:05:14.834399,45629,1,30.0,2,5529,0.9972
2026-04-05T05:05:15.293421,45637,1,0.1,3,5530,0.9971
2026-04-05T05:05:15.402392,45639,1,0.3,1,5531,0.9968
2026-04-05T05:05:16.621404,45662,1,30.0,2,5532,0.9967
2026-04-05T05:05:16.949421,45668,1,0.3,1,5533,0.9964
2026-04-05T05:05:18.211421,45692,1,3.0,3,5534,0.9963
2026-04-05T05:05:18.681392,45699,1,10.0,3,5535,0.9964
2026-04-05T05:05:19.248393,45709,1,100.0,1,5536,0.9965
2026-04-05T05:05:19.522400,45714,1,30.0,3,5537,0.9962
2026-04-05T05:05:20.112421,45723,1,100.0,1,5538,0.9963
2026-04-05T05:05:20.679421,45733,2,100.0;1.0,2;4,5540,0.9964
2026-04-05T05:05:21.002422,45739,2,100.0;30.0,1;1,5542,0.9961
2026-04-05T05:05:22.339397,45763,1,0.3,3,5543,0.9962
2026-04-05T05:05:22.737399,45770,1,0.3,1,5544,0.9959
2026-04-05T05:05:23.057404,45776,1,100.0,2,5545,0.9956
2026-04-05T05:05:23.487397,45784,1,0.3,1,5546,0.9953
2026-04-05T05:05:24.649422,45806,3,100.0;0.3;1.0,4;2;4,5549,0.9952
2026-04-05T05:05:25.235422,45817,2,0.3;100.0,3;2,5551,0.9951
2026-04-05T05:05:25.618422,45824,1,10.0,3,5552,0.9948
2026-04-05T05:05:25.923403,45829,1,0.3,1,5553,0.9945
2026-04-05T05:05:25.981393,45830,2,100.0;1.0,1;3,5555,0.9942
2026-04-05T05:05:26.467396,45838,2,100.0;0.1,3;1,5557,0.9941
2026-04-05T05:05:27.274422,45853,1,100.0,2,5558,0.9940
2026-04-05T05:05:27.602407,45858,1,1.0,3,5559,0.9939
2026-04-05T05:05:27.725399,45860,2,1.0;3.0,2;1,5561,0.9936
2026-04-05T05:05:28.046393,45865,2,1.0;1.0,3;1,5563,0.9937
2026-04-05T05:05:28.610422,45874,2,3.0;10.0,2;3,5565,0.9936
2026-04-05T05:05:29.148400,45884,3,10.0;0.1;10.0,1;1;2,5568,0.9935
2026-04-05T05:05:29.462423,45890,2,0.1;0.3,1;1,5570,0.9932
2026-04-05T05:05:31.486396,45929,2,0.1;10.0,1;1,5572,0.9931
2026-04-05T05:05:31.863397,45935,3,30.0;0.3;10.0,1;2;1,5575,0.9932
2026-04-05T05:05:33.351394,45962,1,100.0,3,5576,0.9931
2026-04-05T05:05:33.542423,45965,1,100.0,4,5577,0.9928
2026-04-05T05:05:35.456399,45999,1,0.1,3,5578,0.9939
2026-04-05T05:05:36.619423,46019,1,3.0,3,5579,0.9942
2026-04-05T05:05:37.233423,46030,1,30.0,3,5580,0.9941
2026-04-05T05:05:38.242423,46048,2,0.1;30.0,3;2,5582,0.9944
2026-04-05T05:05:38.525423,46053,1,0.3,2,5583,0.9943
2026-04-05T05:05:39.355403,46068,1,0.3,1,5584,0.9942
2026-04-05T05:05:39.734423,46075,1,3.0,3,5585,0.9939
2026-04-05T05:05:39.795395,46076,2,10.0;100.0,1;2,5587,0.9936
2026-04-05T05:05:40.147399,46082,3,0.1;30.0;10.0,3;3;3,5590,0.9935
2026-04-05T05:05:40.642424,46091,2,0.3;1.0,2;3,5592,0.9934
2026-04-05T05:05:41.117402,46100,1,0.3,3,5593,0.9933
2026-04-05T05:05:42.894400,46132,2,30.0;3.0,3;3,5595,0.9936
2026-04-05T05:05:43.195402,46135,1,10.0,1,5596,0.9933
2026-04-05T05:05:43.782399,46146,1,1.0,2,5597,0.9932
2026-04-05T05:05:46.172424,46190,3,1.0;100.0;0.3,3;3;3,5600,0.9937
2026-04-05T05:05:46.707424,46199,3,10.0;30.0;100.0,1;3;3,5603,0.9936
2026-04-05T05:05:46.911424,46203,1,0.1,2,5604,0.9933
2026-04-05T05:05:47.931424,46223,2,100.0;1.0,1;3,5606,0.9940
2026-04-05T05:05:48.290424,46230,1,3.0,3,5607,0.9941
2026-04-05T05:05:50.289425,46268,2,10.0;30.0,3;1,5609,0.9952
2026-04-05T05:05:50.939425,46280,2,0.3;1.0,1;3,5611,0.9955
2026-04-05T05:05:52.379425,46304,2,100.0;0.3,3;1,5613,0.9956
2026-04-05T05:05:52.914407,46314,1,100.0,1,5614,0.9955
2026-04-05T05:05:53.645425,46328,1,0.3,3,5615,0.9960
2026-04-05T05:05:54.182406,46338,3,30.0;100.0;100.0,3;4;3,5618,0.9961
2026-04-05T05:05:54.500425,46344,1,30.0,2,5619,0.9960
2026-04-05T05:05:54.551425,46345,2,3.0;0.3,2;2,5621,0.9957
2026-04-05T05:05:55.112425,46356,1,1.0,3,5622,0.9956
2026-04-05T05:05:55.520400,46364,1,0.3,3,5623,0.9953
2026-04-05T05:05:56.258425,46378,1,30.0,1,5624,0.9950
2026-04-05T05:05:56.769425,46388,1,30.0,1,5625,0.9951
2026-04-05T05:05:58.556400,46423,1,30.0,4,5626,0.9950
2026-04-05T05:05:59.422426,46439,1,0.3,2,5627,0.9951
2026-04-05T05:06:00.187425,46454,2,0.1;10.0,1;4,5629,0.9950
2026-04-05T05:06:00.391426,46458,1,0.3,1,5630,0.9947
2026-04-05T05:06:00.554400,46461,2,1.0;1.0,2;1,5632,0.9944
2026-04-05T05:06:00.863426,46467,3,0.1;0.1;0.3,3;3;1,5635,0.9941
2026-04-05T05:06:01.373399,46477,2,10.0;10.0,3;3,5637,0.9938
2026-04-05T05:06:01.424425,46478,1,10.0,1,5638,0.9935
2026-04-05T05:06:01.832426,46486,1,0.1,1,5639,0.9932
2026-04-05T05:06:03.428426,46517,3,30.0;10.0;0.1,2;2;1,5642,0.9933
2026-04-05T05:06:05.515426,46557,1,0.3,1,5643,0.9942
2026-04-05T05:06:09.558426,46635,1,100.0,2,5644,0.9967
2026-04-05T05:06:09.864427,46641,1,100.0,3,5645,0.9966
2026-04-05T05:06:12.147426,46685,2,100.0;10.0,2;3,5647,0.9973
2026-04-05T05:06:13.228427,46706,3,30.0;0.3;0.1,3;2;3,5650,0.9976
2026-04-05T05:06:13.432427,46710,1,10.0,3,5651,0.9973
2026-04-05T05:06:13.849427,46718,3,0.3;1.0;10.0,3;1;2,5654,0.9974
2026-04-05T05:06:14.370427,46728,1,100.0,3,5655,0.9971
2026-04-05T05:06:14.778427,46736,2,3.0;100.0,1;1,5657,0.9968
2026-04-05T05:06:16.384401,46766,1,30.0,2,5658,0.9969
2026-04-05T05:06:17.823408,46793,3,100.0;0.1;100.0,4;2;3,5661,0.9972
2026-04-05T05:06:17.925428,46795,1,0.1,3,5662,0.9969
2026-04-05T05:06:18.414428,46804,1,10.0,1,5663,0.9966
2026-04-05T05:06:19.035428,46816,1,100.0,1,5664,0.9967
2026-04-05T05:06:20.373428,46841,2,10.0;10.0,1;1,5666,0.9966
2026-04-05T05:06:20.681427,46847,2,30.0;1.0,2;2,5668,0.9965
2026-04-05T05:06:21.396404,46861,1,1.0,2,5669,0.9966
2026-04-05T05:06:21.498409,46863,1,30.0,3,5670,0.9963
2026-04-05T05:06:22.152427,46875,1,100.0,1,5671,0.9962
2026-04-05T05:06:23.768404,46906,1,30.0,2,5672,0.9969
2026-04-05T05:06:23.933428,46909,3,0.1;30.0;100.0,4;4;2,5675,0.9968
2026-04-05T05:06:24.545428,46921,1,3.0,2,5676,0.9965
2026-04-05T05:06:24.647428,46923,1,0.3,3,5677,0.9964
2026-04-05T05:06:24.800428,46926,2,1.0;0.1,2;2,5679,0.9961
2026-04-05T05:06:25.367401,46936,2,1.0;10.0,2;3,5681,0.9960
2026-04-05T05:06:25.728428,46943,2,0.1;0.3,2;1,5683,0.9961
2026-04-05T05:06:28.245413,46992,1,30.0,2,5684,0.9968
2026-04-05T05:06:28.399428,46995,1,100.0,3,5685,0.9965
2026-04-05T05:06:28.602402,46998,2,30.0;0.1,3;2,5687,0.9962
2026-04-05T05:06:30.080429,47026,1,30.0,1,5688,0.9967
2026-04-05T05:06:30.284429,47030,2,30.0;0.3,1;3,5690,0.9964
2026-04-05T05:06:30.797429,47040,2,0.3;100.0,2;2,5692,0.9965
2026-04-05T05:06:30.950409,47043,2,100.0;10.0,1;3,5694,0.9962
2026-04-05T05:06:31.105429,47046,3,10.0;1.0;0.3,3;2;1,5697,0.9961
2026-04-05T05:06:31.972429,47063,1,30.0,3,5698,0.9964
2026-04-05T05:06:32.330403,47070,2,30.0;1.0,2;3,5700,0.9963
2026-04-05T05:06:33.417429,47091,2,10.0;0.3,3;4,5702,0.9968
2026-04-05T05:06:33.519429,47093,1,10.0,3,5703,0.9965
2026-04-05T05:06:34.903429,47120,1,1.0,2,5704,0.9966
2026-04-05T05:06:34.955401,47121,2,0.1;3.0,2;2,5706,0.9963
2026-04-05T05:06:35.164429,47125,1,3.0,2,5707,0.9960
2026-04-05T05:06:36.165429,47144,1,0.1,1,5708,0.9959
2026-04-05T05:06:36.636430,47153,1,10.0,3,5709,0.9956
2026-04-05T05:06:36.891429,47158,1,0.1,2,5710,0.9953
2026-04-05T05:06:37.106429,47162,1,0.3,2,5711,0.9950
2026-04-05T05:06:38.280404,47185,2,0.3;10.0,3;2,5713,0.9955
2026-04-05T05:06:39.004429,47199,1,100.0,3,5714,0.9952
2026-04-05T05:06:40.334403,47225,1,0.3,2,5715,0.9957
2026-04-05T05:06:40.643429,47231,1,0.3,3,5716,0.9956
2026-04-05T05:06:41.727430,47252,1,100.0,2,5717,0.9959
2026-04-05T05:06:42.392430,47265,3,0.3;0.1;10.0,2;1;2,5720,0.9962
2026-04-05T05:06:44.175430,47298,1,1.0,4,5721,0.9969
2026-04-05T05:06:44.910430,47312,1,30.0,2,5722,0.9968
2026-04-05T05:06:45.374405,47321,2,1.0;1.0,2;1,5724,0.9969
2026-04-05T05:06:45.529430,47324,1,0.3,2,5725,0.9966
2026-04-05T05:06:45.734430,47328,1,100.0,1,5726,0.9967
2026-04-05T05:06:46.193430,47337,1,10.0,1,5727,0.9964
2026-04-05T05:06:47.230430,47357,1,100.0,3,5728,0.9971
2026-04-05T05:06:47.282430,47358,2,0.1;1.0,2;2,5730,0.9968
2026-04-05T05:06:47.947430,47371,2,10.0;100.0,3;2,5732,0.9967
2026-04-05T05:06:47.999430,47372,2,1.0;0.3,3;2,5734,0.9964
2026-04-05T05:06:48.255430,47377,1,0.3,3,5735,0.9961
2026-04-05T05:06:50.766431,47425,2,30.0;30.0,2;3,5737,0.9962
2026-04-05T05:06:51.379430,47437,1,0.3,1,5738,0.9961
2026-04-05T05:06:52.833431,47465,1,10.0,3,5739,0.9968
2026-04-05T05:06:53.802431,47484,1,3.0,2,5740,0.9965
2026-04-05T05:06:54.684431,47500,1,10.0,3,5741,0.9966
2026-04-05T05:06:55.757431,47521,3,30.0;1.0;30.0,3;2;1,5744,0.9967
2026-04-05T05:06:56.473431,47535,1,0.3,4,5745,0.9968
2026-04-05T05:06:57.653432,47557,1,0.1,3,5746,0.9975
2026-04-05T05:06:59.511432,47593,1,0.3,3,5747,0.9977
2026-04-05T05:07:00.225432,47607,2,30.0;30.0,1;2,5749,0.9977
2026-04-05T05:07:00.327432,47609,1,10.0,1,5750,0.9974
2026-04-05T05:07:00.890431,47620,1,30.0,2,5751,0.9973
2026-04-05T05:07:00.992432,47622,1,0.1,3,5752,0.9972
2026-04-05T05:07:01.400432,47630,2,0.3;0.1,4;2,5754,0.9971
2026-04-05T05:07:02.560432,47652,1,100.0,1,5755,0.9977
2026-04-05T05:07:03.634405,47673,3,30.0;100.0;1.0,2;2;3,5758,0.9977
2026-04-05T05:07:05.022432,47699,1,10.0,1,5759,0.9976
2026-04-05T05:07:05.073432,47700,2,1.0;10.0,3;1,5761,0.9973
2026-04-05T05:07:05.892403,47715,1,3.0,1,5762,0.9972
2026-04-05T05:07:06.876432,47734,2,100.0;1.0,1;2,5764,0.9975
2026-04-05T05:07:08.202406,47759,1,10.0,3,5765,0.9977
2026-04-05T05:07:09.002433,47774,1,10.0,3,5766,0.9977
2026-04-05T05:07:09.053432,47775,3,10.0;0.3;10.0,2;1;1,5769,0.9974
2026-04-05T05:07:09.461433,47783,1,3.0,1,5770,0.9971
2026-04-05T05:07:09.822433,47790,1,0.3,3,5771,0.9974
2026-04-05T05:07:10.981432,47812,2,30.0;30.0,2;1,5773,0.9975
2026-04-05T05:07:12.088433,47832,1,10.0,1,5774,0.9976
2026-04-05T05:07:12.445433,47839,2,100.0;0.1,3;1,5776,0.9975
2026-04-05T05:07:12.853433,47847,1,0.3,2,5777,0.9972
2026-04-05T05:07:13.261433,47855,1,100.0,3,5778,0.9969
2026-04-05T05:07:14.133433,47871,2,3.0;0.3,3;2,5780,0.9968
2026-04-05T05:07:15.732404,47902,1,10.0,2,5781,0.9971
2026-04-05T05:07:17.195433,47930,3,100.0;0.1;0.3,3;3;2,5784,0.9977
2026-04-05T05:07:17.348407,47933,3,10.0;30.0;1.0,4;4;2,5787,0.9974
2026-04-05T05:07:17.402434,47934,1,100.0,3,5788,0.9971
2026-04-05T05:07:17.556433,47937,1,30.0,3,5789,0.9968
2026-04-05T05:07:19.265433,47970,3,0.1;10.0;0.1,2;3;3,5792,0.9969
2026-04-05T05:07:19.878433,47982,1,100.0,2,5793,0.9970
2026-04-05T05:07:23.493434,48051,1,10.0,3,5794,0.9977
2026-04-05T05:07:24.004434,48061,1,3.0,3,5795,0.9976
2026-04-05T05:07:24.634434,48073,1,3.0,3,5796,0.9977
2026-04-05T05:07:25.825434,48096,1,0.1,3,5797,0.9977
2026-04-05T05:07:25.978434,48099,1,30.0,1,5798,0.9974
2026-04-05T05:07:26.257410,48104,3,3.0;10.0;30.0,2;3;2,5801,0.9977
2026-04-05T05:07:26.682405,48112,1,10.0,1,5802,0.9974
2026-04-05T05:07:28.840435,48154,1,0.1,4,5803,0.9977
2026-04-05T05:07:28.942434,48156,1,100.0,3,5804,0.9974
2026-04-05T05:07:29.096434,48159,1,0.1,3,5805,0.9973
2026-04-05T05:07:29.148434,48160,2,10.0;30.0,1;1,5807,0.9970
2026-04-05T05:07:30.295435,48182,1,0.1,4,5808,0.9969
2026-04-05T05:07:30.704410,48190,1,3.0,3,5809,0.9966
2026-04-05T05:07:32.571435,48226,1,100.0,3,5810,0.9969
2026-04-05T05:07:33.083435,48236,1,0.1,1,5811,0.9970
2026-04-05T05:07:33.236409,48239,1,10.0,2,5812,0.9969
2026-04-05T05:07:34.001435,48254,2,0.1;30.0,3;3,5814,0.9966
2026-04-05T05:07:34.268435,48259,2,3.0;100.0,4;3,5816,0.9965
2026-04-05T05:07:35.916436,48291,1,30.0,3,5817,0.9974
2026-04-05T05:07:37.926436,48330,1,0.1,2,5818,0.9977
2026-04-05T05:07:39.103411,48353,1,100.0,4,5819,0.9977
2026-04-05T05:07:39.312436,48357,1,10.0,2,5820,0.9974
2026-04-05T05:07:39.363436,48358,2,0.3;0.1,4;1,5822,0.9971
2026-04-05T05:07:40.231436,48375,2,1.0;30.0,2;4,5824,0.9976
2026-04-05T05:07:40.487435,48380,1,1.0,3,5825,0.9975
2026-04-05T05:07:42.676436,48422,1,100.0,4,5826,0.9976
2026-04-05T05:07:43.546410,48439,1,10.0,3,5827,0.9977
2026-04-05T05:07:44.098407,48449,2,0.1;0.3,2;1,5829,0.9974
2026-04-05T05:07:44.406436,48455,1,0.3,4,5830,0.9971
2026-04-05T05:07:45.020436,48467,1,3.0,1,5831,0.9974
2026-04-05T05:07:45.738410,48481,2,1.0;100.0,1;3,5833,0.9975
2026-04-05T05:07:46.504436,48496,1,30.0,3,5834,0.9976
2026-04-05T05:07:47.833413,48522,1,1.0,3,5835,0.9977
2026-04-05T05:07:49.304436,48549,1,100.0,4,5836,0.9976
2026-04-05T05:07:49.509437,48553,3,0.3;0.1;0.3,2;1;1,5839,0.9973
2026-04-05T05:07:49.713436,48557,2,100.0;3.0,3;2,5841,0.9970
2026-04-05T05:07:49.866437,48560,1,10.0,4,5842,0.9967
2026-04-05T05:07:50.745411,48577,2,10.0;100.0,2;4,5844,0.9970
2026-04-05T05:07:50.951436,48581,2,100.0;0.1,4;2,5846,0.9967
2026-04-05T05:07:52.230410,48606,1,3.0,3,5847,0.9974
2026-04-05T05:07:52.537437,48612,2,3.0;1.0,1;4,5849,0.9971
2026-04-05T05:07:53.127436,48623,3,100.0;0.1;0.3,2;1;2,5852,0.9970
2026-04-05T05:07:54.728411,48654,1,1.0,1,5853,0.9973
2026-04-05T05:07:55.803438,48675,1,30.0,4,5854,0.9974
2026-04-05T05:07:56.007418,48679,3,3.0;3.0;3.0,4;4;3,5857,0.9973
2026-04-05T05:07:56.826437,48695,1,10.0,1,5858,0.9972
2026-04-05T05:07:56.979417,48698,1,0.3,4,5859,0.9969
2026-04-05T05:07:57.132437,48701,1,3.0,3,5860,0.9966
2026-04-05T05:07:58.257412,48723,1,3.0,2,5861,0.9967
2026-04-05T05:07:58.410438,48726,1,100.0,2,5862,0.9964
2026-04-05T05:07:59.025414,48738,2,100.0;0.3,4;3,5864,0.9969
2026-04-05T05:07:59.077437,48739,2,1.0;1.0,1;3,5866,0.9966
2026-04-05T05:07:59.230437,48742,2,0.1;3.0,2;3,5868,0.9963
2026-04-05T05:07:59.281437,48743,2,30.0;30.0,2;3,5870,0.9960
2026-04-05T05:07:59.842438,48754,3,0.3;0.1;100.0,2;2;2,5873,0.9959
2026-04-05T05:08:00.454413,48766,1,10.0,1,5874,0.9956
2026-04-05T05:08:00.712438,48771,1,0.3,3,5875,0.9955
2026-04-05T05:08:00.814438,48773,1,1.0,3,5876,0.9952
2026-04-05T05:08:01.788438,48792,2,100.0;3.0,1;3,5878,0.9959
2026-04-05T05:08:01.839438,48793,1,3.0,2,5879,0.9956
2026-04-05T05:08:02.810438,48812,1,10.0,2,5880,0.9957
2026-04-05T05:08:03.871438,48832,1,0.1,3,5881,0.9958
2026-04-05T05:08:04.998438,48854,1,3.0,4,5882,0.9963
2026-04-05T05:08:05.561438,48865,3,1.0;1.0;100.0,1;1;3,5885,0.9968
2026-04-05T05:08:06.492439,48882,1,1.0,1,5886,0.9969
2026-04-05T05:08:09.089438,48932,1,3.0,2,5887,0.9977
2026-04-05T05:08:09.651439,48943,2,100.0;0.3,1;3,5889,0.9977
2026-04-05T05:08:11.556416,48975,2,100.0;1.0,2;3,5891,0.9977
2026-04-05T05:08:11.788414,48979,2,0.1;3.0,2;2,5893,0.9974
2026-04-05T05:08:12.179420,48985,2,3.0;10.0,2;3,5895,0.9973
2026-04-05T05:08:12.333413,48988,1,30.0,2,5896,0.9970
2026-04-05T05:08:15.449414,49048,1,100.0,2,5897,0.9977
2026-04-05T05:08:16.372439,49066,2,10.0;0.3,4;3,5899,0.9974
2026-04-05T05:08:16.683417,49072,1,0.3,3,5900,0.9973
2026-04-05T05:08:17.859439,49095,2,10.0;30.0,4;3,5902,0.9976
2026-04-05T05:08:19.335417,49123,2,100.0;3.0,3;3,5904,0.9977
2026-04-05T05:08:20.462440,49145,1,100.0,3,5905,0.9977
2026-04-05T05:08:20.514439,49146,1,0.3,2,5906,0.9974
2026-04-05T05:08:20.668421,49149,3,3.0;100.0;10.0,3;1;4,5909,0.9973
2026-04-05T05:08:21.281440,49161,1,1.0,2,5910,0.9970
2026-04-05T05:08:23.619440,49206,1,0.3,2,5911,0.9977
2026-04-05T05:08:23.721440,49208,1,100.0,1,5912,0.9974
2026-04-05T05:08:23.836414,49210,1,1.0,3,5913,0.9971
2026-04-05T05:08:24.096440,49215,1,0.3,3,5914,0.9970
2026-04-05T05:08:24.454440,49222,1,3.0,1,5915,0.9971
2026-04-05T05:08:24.966440,49232,2,30.0;0.1,3;4,5917,0.9972
2026-04-05T05:08:25.170440,49236,2,100.0;10.0,3;1,5919,0.9969
2026-04-05T05:08:25.222440,49237,1,0.1,1,5920,0.9966
2026-04-05T05:08:26.348440,49259,2,1.0;0.1,2;3,5922,0.9967
2026-04-05T05:08:26.502440,49262,1,0.1,3,5923,0.9966
2026-04-05T05:08:26.655440,49265,3,3.0;1.0;10.0,2;2;4,5926,0.9963
2026-04-05T05:08:26.910421,49270,3,10.0;10.0;30.0,1;3;3,5929,0.9960
2026-04-05T05:08:27.574440,49283,3,30.0;100.0;10.0,3;3;3,5932,0.9957
2026-04-05T05:08:27.727440,49286,1,0.1,1,5933,0.9954
2026-04-05T05:08:27.829440,49288,1,30.0,2,5934,0.9951
2026-04-05T05:08:29.200441,49314,2,10.0;100.0,2;3,5936,0.9954
2026-04-05T05:08:29.457440,49319,2,0.1;100.0,1;3,5938,0.9951
2026-04-05T05:08:29.814441,49326,2,1.0;0.1,2;2,5940,0.9948
2026-04-05T05:08:30.125417,49332,2,10.0;100.0,2;2,5942,0.9947
2026-04-05T05:08:30.381441,49337,2,0.1;3.0,1;4,5944,0.9944
2026-04-05T05:08:30.840441,49346,1,10.0,2,5945,0.9943
2026-04-05T05:08:30.891440,49347,2,100.0;3.0,1;1,5947,0.9940
2026-04-05T05:08:31.578440,49359,1,0.3,2,5948,0.9941
2026-04-05T05:08:32.140422,49370,1,10.0,3,5949,0.9940
2026-04-05T05:08:33.273441,49392,3,10.0;0.1;0.3,4;4;2,5952,0.9939
2026-04-05T05:08:33.375441,49394,2,0.3;1.0,3;2,5954,0.9936
2026-04-05T05:08:33.733440,49401,2,3.0;30.0,4;4,5956,0.9939
2026-04-05T05:08:34.141415,49409,1,0.3,3,5957,0.9936
2026-04-05T05:08:34.549441,49417,1,10.0,1,5958,0.9933
2026-04-05T05:08:34.702441,49420,1,10.0,4,5959,0.9930
2026-04-05T05:08:35.522417,49436,3,30.0;3.0;0.1,1;3;3,5962,0.9933
2026-04-05T05:08:36.548417,49456,1,1.0,3,5963,0.9934
2026-04-05T05:08:37.321421,49471,1,30.0,1,5964,0.9937
2026-04-05T05:08:38.493441,49493,1,10.0,2,5965,0.9936
2026-04-05T05:08:39.056441,49504,1,3.0,1,5966,0.9941
2026-04-05T05:08:39.974442,49522,1,30.0,1,5967,0.9948
2026-04-05T05:08:41.053441,49543,1,10.0,3,5968,0.9951
2026-04-05T05:08:41.105442,49544,1,30.0,2,5969,0.9948
2026-04-05T05:08:41.207442,49546,3,100.0;1.0;0.3,1;2;2,5972,0.9945
2026-04-05T05:08:41.817419,49556,1,0.3,2,5973,0.9942
2026-04-05T05:08:42.128423,49562,2,1.0;1.0,1;1,5975,0.9941
2026-04-05T05:08:42.793420,49575,2,1.0;30.0,2;3,5977,0.9938
2026-04-05T05:08:43.307417,49585,1,10.0,1,5978,0.9939
2026-04-05T05:08:45.465442,49627,2,1.0;100.0,3;1,5980,0.9942
2026-04-05T05:08:45.516442,49628,1,30.0,3,5981,0.9939
2026-04-05T05:08:46.689415,49651,3,30.0;100.0;10.0,4;1;2,5984,0.9942
2026-04-05T05:08:46.741442,49652,1,100.0,1,5985,0.9939
2026-04-05T05:08:46.895418,49655,3,3.0;3.0;0.3,2;3;3,5988,0.9936
2026-04-05T05:08:47.100442,49659,1,100.0,3,5989,0.9935
2026-04-05T05:08:47.865443,49674,3,1.0;100.0;10.0,3;2;2,5992,0.9934
2026-04-05T05:08:48.325443,49683,1,0.3,2,5993,0.9933
2026-04-05T05:08:49.978442,49715,1,10.0,2,5994,0.9942
2026-04-05T05:08:50.029443,49716,1,10.0,1,5995,0.9939
2026-04-05T05:08:50.184443,49719,2,3.0;3.0,3;1,5997,0.9938
2026-04-05T05:08:50.338419,49722,1,100.0,3,5998,0.9935
2026-04-05T05:08:51.219418,49739,1,0.1,2,5999,0.9934
2026-04-05T05:08:52.295443,49760,1,0.1,3,6000,0.9943
2026-04-05T05:08:53.528443,49783,1,1.0,4,6001,0.9942
2026-04-05T05:08:53.669418,49785,1,10.0,3,6002,0.9939
2026-04-05T05:08:54.190426,49795,2,3.0;30.0,2;3,6004,0.9938
2026-04-05T05:08:54.241420,49796,1,1.0,1,6005,0.9935
2026-04-05T05:08:54.630415,49803,1,0.3,1,6006,0.9934
2026-04-05T05:08:55.405446,49818,1,3.0,4,6007,0.9937
2026-04-05T05:08:56.225425,49834,2,0.3;3.0,3;3,6009,0.9938
2026-04-05T05:08:56.379443,49837,1,3.0,2,6010,0.9935
2026-04-05T05:08:57.656443,49862,2,1.0;100.0,4;4,6012,0.9932
2026-04-05T05:08:58.268426,49874,1,1.0,3,6013,0.9931
2026-04-05T05:08:59.909419,49906,1,100.0,4,6014,0.9930
2026-04-05T05:09:00.317425,49914,1,0.3,2,6015,0.9927
2026-04-05T05:09:00.624444,49920,1,1.0,1,6016,0.9924
2026-04-05T05:09:03.561444,49977,1,10.0,3,6017,0.9929
2026-04-05T05:09:04.581427,49997,1,10.0,1,6018,0.9930
2026-04-05T05:09:04.888444,50003,2,0.3;100.0,2;2,6020,0.9927
2026-04-05T05:09:05.347444,50012,1,30.0,2,6021,0.9924
2026-04-05T05:09:05.860444,50022,1,10.0,1,6022,0.9921
2026-04-05T05:09:07.238444,50049,1,0.1,3,6023,0.9920
2026-04-05T05:09:07.442444,50053,1,100.0,1,6024,0.9917
2026-04-05T05:09:07.595419,50056,2,10.0;30.0,2;2,6026,0.9914
2026-04-05T05:09:10.059420,50102,2,100.0;3.0,3;2,6028,0.9917
2026-04-05T05:09:10.110444,50103,2,10.0;1.0,2;3,6030,0.9914
2026-04-05T05:09:10.263419,50106,1,10.0,3,6031,0.9911
2026-04-05T05:09:10.417445,50109,1,3.0,1,6032,0.9908
2026-04-05T05:09:11.587420,50131,3,0.3;1.0;0.3,1;1;2,6035,0.9907
2026-04-05T05:09:11.843445,50136,3,0.3;0.1;100.0,3;1;2,6038,0.9908
2026-04-05T05:09:14.847445,50192,2,30.0;0.3,2;1,6040,0.9919
2026-04-05T05:09:14.899445,50193,1,100.0,2,6041,0.9916
2026-04-05T05:09:15.002445,50195,1,30.0,4,6042,0.9913
2026-04-05T05:09:16.074445,50216,2,100.0;30.0,1;1,6044,0.9912
2026-04-05T05:09:17.074445,50234,1,30.0,2,6045,0.9919
2026-04-05T05:09:17.125445,50235,1,0.3,3,6046,0.9916
2026-04-05T05:09:17.943445,50251,1,3.0,2,6047,0.9919
2026-04-05T05:09:17.994419,50252,1,3.0,1,6048,0.9916
2026-04-05T05:09:18.634422,50264,1,100.0,3,6049,0.9915
2026-04-05T05:09:19.598421,50281,1,30.0,2,6050,0.9918
2026-04-05T05:09:20.499427,50298,1,30.0,4,6051,0.9921
2026-04-05T05:09:20.601419,50300,1,3.0,2,6052,0.9918
2026-04-05T05:09:22.390446,50335,1,1.0,2,6053,0.9929
2026-04-05T05:09:23.441423,50355,1,30.0,2,6054,0.9928
2026-04-05T05:09:23.646446,50359,1,0.1,1,6055,0.9927
2026-04-05T05:09:23.801446,50362,1,0.1,2,6056,0.9928
2026-04-05T05:09:24.311427,50372,3,1.0;30.0;10.0,1;1;2,6059,0.9927
2026-04-05T05:09:25.280446,50391,1,0.3,4,6060,0.9926
2026-04-05T05:09:25.332428,50392,1,30.0,1,6061,0.9923
2026-04-05T05:09:25.589446,50397,2,100.0;1.0,2;1,6063,0.9922
2026-04-05T05:09:25.895446,50403,1,100.0,3,6064,0.9921
2026-04-05T05:09:26.457446,50414,2,100.0;0.1,3;3,6066,0.9920
2026-04-05T05:09:26.865421,50422,1,0.1,1,6067,0.9917
2026-04-05T05:09:27.682428,50438,1,0.1,4,6068,0.9916
2026-04-05T05:09:27.990446,50444,3,10.0;0.3;0.3,1;2;3,6071,0.9913
2026-04-05T05:09:28.041446,50445,1,0.3,1,6072,0.9910
2026-04-05T05:09:28.398430,50452,3,30.0;10.0;1.0,1;3;3,6075,0.9909
2026-04-05T05:09:28.576422,50454,1,30.0,3,6076,0.9906
2026-04-05T05:09:28.689430,50456,3,10.0;3.0;3.0,3;3;1,6079,0.9903
2026-04-05T05:09:29.609446,50474,2,100.0;1.0,2;3,6081,0.9906
2026-04-05T05:09:29.713421,50476,2,30.0;0.3,3;1,6083,0.9903
2026-04-05T05:09:30.328446,50488,1,100.0,3,6084,0.9904
2026-04-05T05:09:30.584446,50493,1,3.0,1,6085,0.9903
2026-04-05T05:09:33.040447,50538,1,3.0,2,6086,0.9914
2026-04-05T05:09:33.502447,50547,1,100.0,4,6087,0.9911
2026-04-05T05:09:33.820426,50553,2,3.0;1.0,3;2,6089,0.9910
2026-04-05T05:09:35.090447,50576,2,0.3;10.0,2;3,6091,0.9909
2026-04-05T05:09:35.240418,50578,1,100.0,1,6092,0.9906
2026-04-05T05:09:36.476447,50600,2,100.0;0.3,4;3,6094,0.9907
2026-04-05T05:09:37.108426,50611,2,0.3;10.0,3;2,6096,0.9908
2026-04-05T05:09:38.610428,50639,1,1.0,1,6097,0.9913
2026-04-05T05:09:41.500448,50690,1,0.1,2,6098,0.9928
2026-04-05T05:09:41.665427,50692,1,10.0,4,6099,0.9925
2026-04-05T05:09:42.408448,50706,1,10.0,1,6100,0.9922
2026-04-05T05:09:42.540422,50708,3,30.0;0.3;0.3,2;1;3,6103,0.9919
2026-04-05T05:09:44.231424,50738,2,0.1;10.0,2;3,6105,0.9928
2026-04-05T05:09:45.082422,50753,2,0.3;0.1,1;3,6107,0.9931
2026-04-05T05:09:45.219419,50755,1,10.0,2,6108,0.9930
2026-04-05T05:09:45.342420,50757,1,30.0,4,6109,0.9927
2026-04-05T05:09:48.288426,50806,1,1.0,4,6110,0.9942
2026-04-05T05:09:48.341423,50807,1,0.3,4,6111,0.9939
2026-04-05T05:09:49.155420,50822,2,0.1;10.0,3;4,6113,0.9942
2026-04-05T05:09:50.084424,50838,1,0.3,4,6114,0.9941
2026-04-05T05:09:51.192422,50857,1,0.1,3,6115,0.9948
2026-04-05T05:09:51.308420,50859,1,0.3,2,6116,0.9945
2026-04-05T05:09:51.361420,50860,1,1.0,2,6117,0.9942
2026-04-05T05:09:52.441420,50880,1,10.0,2,6118,0.9945
2026-04-05T05:09:52.970449,50889,1,30.0,4,6119,0.9944
2026-04-05T05:09:53.358420,50896,2,1.0;30.0,1;1,6121,0.9945
2026-04-05T05:09:54.289449,50912,2,0.1;1.0,2;3,6123,0.9950
2026-04-05T05:09:54.536427,50916,1,10.0,4,6124,0.9947
2026-04-05T05:09:54.597420,50917,2,30.0;100.0,2;3,6126,0.9944
2026-04-05T05:09:54.826449,50921,1,3.0,2,6127,0.9941
2026-04-05T05:09:55.461449,50932,1,100.0,2,6128,0.9942
2026-04-05T05:09:57.923450,50973,2,30.0;100.0,1;1,6130,0.9953
2026-04-05T05:10:00.391421,51015,2,100.0;10.0,1;1,6132,0.9962
2026-04-05T05:10:00.930449,51025,2,100.0;0.1,3;2,6134,0.9961
2026-04-05T05:10:01.246450,51031,1,10.0,3,6135,0.9958
2026-04-05T05:10:01.794450,51040,1,10.0,3,6136,0.9959
2026-04-05T05:10:01.859421,51041,3,30.0;10.0;10.0,3;2;3,6139,0.9956
2026-04-05T05:10:02.532449,51054,1,3.0,2,6140,0.9953
2026-04-05T05:10:03.142450,51065,1,100.0,1,6141,0.9952
2026-04-05T05:10:03.262450,51067,1,30.0,3,6142,0.9949
2026-04-05T05:10:03.783421,51076,1,0.3,2,6143,0.9950
2026-04-05T05:10:04.769422,51094,2,10.0;10.0,3;1,6145,0.9949
2026-04-05T05:10:05.128450,51100,3,3.0;1.0;3.0,2;4;1,6148,0.9946
2026-04-05T05:10:05.399450,51105,1,3.0,2,6149,0.9943
2026-04-05T05:10:05.513427,51107,1,0.1,4,6150,0.9940
2026-04-05T05:10:05.829450,51113,2,30.0;10.0,1;3,6152,0.9937
2026-04-05T05:10:07.044422,51134,1,30.0,1,6153,0.9946
2026-04-05T05:10:07.882450,51149,2,30.0;100.0,2;2,6155,0.9949
2026-04-05T05:10:07.946421,51150,1,30.0,1,6156,0.9946
2026-04-05T05:10:09.561451,51179,1,100.0,2,6157,0.9945
2026-04-05T05:10:09.627427,51180,1,100.0,2,6158,0.9942
2026-04-05T05:10:09.802450,51183,2,10.0;10.0,2;3,6160,0.9939
2026-04-05T05:10:10.338425,51191,2,10.0;100.0,3;1,6162,0.9940
2026-04-05T05:10:10.448425,51193,1,3.0,3,6163,0.9937
2026-04-05T05:10:10.846421,51200,3,0.1;0.1;30.0,4;2;4,6166,0.9938
2026-04-05T05:10:11.549450,51212,1,10.0,2,6167,0.9937
2026-04-05T05:10:11.921450,51218,1,0.3,4,6168,0.9934
2026-04-05T05:10:12.259428,51223,2,0.1;10.0,3;2,6170,0.9933
2026-04-05T05:10:12.849451,51233,2,30.0;3.0,1;1,6172,0.9932
2026-04-05T05:10:13.446451,51244,1,30.0,2,6173,0.9931
2026-04-05T05:10:13.820423,51250,2,3.0;10.0,4;4,6175,0.9930
2026-04-05T05:10:14.243451,51258,1,0.3,3,6176,0.9927
2026-04-05T05:10:15.259451,51274,2,0.1;0.3,2;3,6178,0.9928
2026-04-05T05:10:15.649423,51281,2,100.0;1.0,3;2,6180,0.9927
2026-04-05T05:10:15.777423,51283,3,0.1;3.0;10.0,3;1;2,6183,0.9924
2026-04-05T05:10:16.045451,51288,1,30.0,3,6184,0.9921
2026-04-05T05:10:16.228430,51290,1,0.3,1,6185,0.9920
2026-04-05T05:10:16.731451,51299,2,10.0;1.0,1;3,6187,0.9921
2026-04-05T05:10:17.206452,51307,2,3.0;30.0,2;2,6189,0.9920
2026-04-05T05:10:17.794451,51318,1,3.0,1,6190,0.9919
2026-04-05T05:10:17.871425,51319,3,1.0;100.0;100.0,3;3;2,6193,0.9916
2026-04-05T05:10:17.930423,51320,1,0.3,3,6194,0.9913
2026-04-05T05:10:18.258422,51326,1,0.3,1,6195,0.9914
2026-04-05T05:10:19.727451,51353,2,100.0;30.0,2;1,6197,0.9915
2026-04-05T05:10:20.595451,51367,1,30.0,4,6198,0.9916
2026-04-05T05:10:21.902451,51390,1,0.3,1,6199,0.9919
2026-04-05T05:10:22.415452,51400,1,10.0,1,6200,0.9916
2026-04-05T05:10:22.703426,51404,1,1.0,2,6201,0.9915
2026-04-05T05:10:23.258423,51413,1,100.0,1,6202,0.9918
2026-04-05T05:10:23.509427,51416,1,30.0,2,6203,0.9915
2026-04-05T05:10:25.180427,51446,3,30.0;10.0;1.0,1;1;3,6206,0.9914
2026-04-05T05:10:27.210424,51481,3,0.3;0.3;0.3,1;2;1,6209,0.9927
2026-04-05T05:10:27.447432,51484,2,3.0;1.0,3;3,6211,0.9924
2026-04-05T05:10:29.093451,51515,1,3.0,3,6212,0.9929
2026-04-05T05:10:29.150429,51516,1,3.0,1,6213,0.9926
2026-04-05T05:10:29.322452,51519,1,0.3,1,6214,0.9923
2026-04-05T05:10:29.753452,51526,1,100.0,2,6215,0.9924
2026-04-05T05:10:30.430452,51539,3,100.0;0.3;0.1,4;2;2,6218,0.9921
2026-04-05T05:10:31.343425,51556,1,1.0,3,6219,0.9920
2026-04-05T05:10:32.062453,51568,3,3.0;0.3;3.0,1;3;3,6222,0.9921
2026-04-05T05:10:32.273452,51571,1,1.0,4,6223,0.9918
2026-04-05T05:10:32.813452,51581,1,3.0,3,6224,0.9917
2026-04-05T05:10:33.722452,51597,1,1.0,1,6225,0.9922
2026-04-05T05:10:34.210452,51605,1,100.0,2,6226,0.9921
2026-04-05T05:10:34.383424,51608,1,100.0,2,6227,0.9920
2026-04-05T05:10:34.716452,51614,2,0.3;3.0,2;2,6229,0.9919
2026-04-05T05:10:35.041451,51620,3,100.0;1.0;30.0,1;4;1,6232,0.9916
2026-04-05T05:10:35.814428,51633,1,10.0,2,6233,0.9919
2026-04-05T05:10:36.848432,51652,1,0.3,1,6234,0.9918
2026-04-05T05:10:37.604452,51666,3,30.0;0.1;0.1,4;2;2,6237,0.9917
2026-04-05T05:10:38.150434,51675,2,3.0;100.0,1;2,6239,0.9914
2026-04-05T05:10:38.937452,51690,2,100.0;0.3,3;1,6241,0.9915
2026-04-05T05:10:39.264433,51695,1,1.0,1,6242,0.9912
2026-04-05T05:10:39.902451,51707,1,0.1,2,6243,0.9909
2026-04-05T05:10:40.225424,51712,1,0.1,1,6244,0.9908
2026-04-05T05:10:40.507426,51717,1,1.0,1,6245,0.9905
2026-04-05T05:10:41.816429,51740,2,0.3;0.3,2;3,6247,0.9908
2026-04-05T05:10:42.156451,51746,3,0.1;3.0;100.0,2;3;2,6250,0.9905
2026-04-05T05:10:43.125452,51764,1,0.3,3,6251,0.9904
2026-04-05T05:10:44.025452,51781,1,0.1,1,6252,0.9903
2026-04-05T05:10:45.024452,51799,1,100.0,2,6253,0.9904
2026-04-05T05:10:45.489451,51807,1,3.0,3,6254,0.9901
2026-04-05T05:10:46.113425,51818,1,10.0,4,6255,0.9900
2026-04-05T05:10:46.343426,51822,3,1.0;1.0;3.0,3;1;4,6258,0.9897
2026-04-05T05:10:46.406428,51823,2,30.0;100.0,3;4,6260,0.9894
2026-04-05T05:10:46.667451,51828,1,30.0,2,6261,0.9891
2026-04-05T05:10:46.718428,51829,1,0.1,2,6262,0.9888
2026-04-05T05:10:47.577451,51845,1,1.0,2,6263,0.9889
2026-04-05T05:10:49.403452,51877,1,0.1,1,6264,0.9892
2026-04-05T05:10:49.966429,51886,2,0.1;30.0,2;1,6266,0.9897
2026-04-05T05:10:50.668452,51899,1,3.0,3,6267,0.9896
2026-04-05T05:10:50.920423,51903,1,1.0,4,6268,0.9897
2026-04-05T05:10:51.253423,51907,1,0.3,3,6269,0.9896
2026-04-05T05:10:51.857424,51918,2,3.0;1.0,3;2,6271,0.9895
2026-04-05T05:10:53.025451,51939,1,1.0,4,6272,0.9898
2026-04-05T05:10:53.992452,51957,1,1.0,1,6273,0.9897
2026-04-05T05:10:54.209452,51961,1,100.0,4,6274,0.9894
2026-04-05T05:10:54.604451,51967,1,10.0,1,6275,0.9893
2026-04-05T05:10:55.010423,51974,1,0.3,3,6276,0.9894
2026-04-05T05:10:55.404430,51981,1,0.3,2,6277,0.9893
2026-04-05T05:10:58.687427,52042,1,30.0,2,6278,0.9900
2026-04-05T05:10:59.207452,52051,2,10.0;1.0,2;1,6280,0.9899
2026-04-05T05:11:00.919429,52081,2,10.0;10.0,2;3,6282,0.9904
2026-04-05T05:11:01.396452,52090,1,1.0,1,6283,0.9901
2026-04-05T05:11:01.902451,52099,2,1.0;100.0,2;1,6285,0.9902
2026-04-05T05:11:02.569452,52111,2,3.0;100.0,1;2,6287,0.9901
2026-04-05T05:11:02.988428,52118,1,3.0,1,6288,0.9900
2026-04-05T05:11:04.093452,52138,1,3.0,2,6289,0.9905
2026-04-05T05:11:04.266425,52141,2,0.3;30.0,3;2,6291,0.9902
2026-04-05T05:11:04.663426,52148,2,100.0;100.0,1;3,6293,0.9901
2026-04-05T05:11:05.289451,52160,1,30.0,2,6294,0.9898
2026-04-05T05:11:05.357426,52161,1,1.0,1,6295,0.9895
2026-04-05T05:11:05.735452,52168,2,0.1;30.0,4;3,6297,0.9892
2026-04-05T05:11:05.883429,52170,2,1.0;0.3,2;1,6299,0.9889
2026-04-05T05:11:06.046452,52173,2,0.1;3.0,2;3,6301,0.9886
2026-04-05T05:11:07.521430,52199,2,1.0;3.0,2;2,6303,0.9887
2026-04-05T05:11:08.858423,52223,3,3.0;0.1;30.0,1;4;4,6306,0.9894
2026-04-05T05:11:09.216428,52229,1,3.0,1,6307,0.9893
2026-04-05T05:11:10.180452,52246,1,30.0,1,6308,0.9892
2026-04-05T05:11:10.970422,52259,3,3.0;1.0;30.0,2;2;3,6311,0.9895
2026-04-05T05:11:11.680426,52272,1,3.0,3,6312,0.9898
2026-04-05T05:11:11.745426,52273,2,100.0;100.0,2;4,6314,0.9895
2026-04-05T05:11:13.645427,52305,3,100.0;0.3;30.0,2;3;1,6317,0.9906
2026-04-05T05:11:14.197452,52315,1,100.0,3,6318,0.9905
2026-04-05T05:11:15.473452,52337,2,30.0;30.0,3;2,6320,0.9910
2026-04-05T05:11:16.150423,52349,1,1.0,3,6321,0.9913
2026-04-05T05:11:17.309452,52369,2,10.0;100.0,1;3,6323,0.9916
2026-04-05T05:11:17.729451,52377,1,30.0,3,6324,0.9913
2026-04-05T05:11:18.379433,52389,1,30.0,2,6325,0.9914
2026-04-05T05:11:18.498428,52390,2,0.1;1.0,3;3,6327,0.9911
2026-04-05T05:11:18.665427,52391,1,30.0,2,6328,0.9908
2026-04-05T05:11:18.793451,52393,1,30.0,1,6329,0.9905
2026-04-05T05:11:19.611426,52407,1,3.0,1,6330,0.9910
2026-04-05T05:11:20.326451,52420,1,0.3,1,6331,0.9909
2026-04-05T05:11:20.579428,52422,2,0.3;1.0,3;1,6333,0.9908
2026-04-05T05:11:20.863426,52427,1,10.0,2,6334,0.9907
2026-04-05T05:11:22.337425,52453,1,30.0,2,6335,0.9908
2026-04-05T05:11:23.017452,52465,1,3.0,1,6336,0.9909
2026-04-05T05:11:23.115431,52466,2,0.3;10.0,4;1,6338,0.9906
2026-04-05T05:11:23.413427,52471,1,0.3,2,6339,0.9905
2026-04-05T05:11:23.913425,52480,2,0.1;100.0,4;2,6341,0.9906
2026-04-05T05:11:24.169423,52484,3,3.0;3.0;10.0,1;3;1,6344,0.9905
2026-04-05T05:11:24.616451,52492,2,100.0;1.0,3;3,6346,0.9906
2026-04-05T05:11:26.640451,52529,3,30.0;30.0;3.0,1;1;1,6349,0.9913
2026-04-05T05:11:26.838451,52532,1,10.0,2,6350,0.9910
2026-04-05T05:11:27.323451,52541,1,0.3,1,6351,0.9911
2026-04-05T05:11:27.374423,52542,2,100.0;1.0,2;1,6353,0.9908
2026-04-05T05:11:27.551452,52545,3,10.0;1.0;3.0,1;2;4,6356,0.9905
2026-04-05T05:11:28.400451,52560,3,30.0;30.0;30.0,1;2;4,6359,0.9908
2026-04-05T05:11:28.459423,52561,1,3.0,3,6360,0.9905
2026-04-05T05:11:29.050447,52571,1,0.3,4,6361,0.9908
2026-04-05T05:11:29.687432,52582,2,10.0;1.0,1;2,6363,0.9909
2026-04-05T05:11:29.790433,52584,2,30.0;0.3,3;3,6365,0.9906
2026-04-05T05:11:30.145452,52590,1,0.3,1,6366,0.9907
2026-04-05T05:11:30.629427,52599,1,10.0,4,6367,0.9904
2026-04-05T05:11:31.569451,52616,2,0.1;100.0,3;4,6369,0.9907
2026-04-05T05:11:31.726452,52618,1,3.0,3,6370,0.9904
2026-04-05T05:11:32.044432,52624,1,10.0,3,6371,0.9901
2026-04-05T05:11:32.219423,52627,1,100.0,1,6372,0.9900
2026-04-05T05:11:33.458452,52650,1,100.0,3,6373,0.9903
2026-04-05T05:11:33.515423,52651,1,0.3,1,6374,0.9900
2026-04-05T05:11:34.893451,52674,2,30.0;0.3,4;2,6376,0.9907
2026-04-05T05:11:35.007423,52676,1,0.3,1,6377,0.9904
2026-04-05T05:11:35.180452,52679,3,3.0;0.3;0.3,3;1;1,6380,0.9901
2026-04-05T05:11:35.611452,52687,1,3.0,3,6381,0.9898
2026-04-05T05:11:36.143423,52696,1,3.0,4,6382,0.9897
2026-04-05T05:11:36.969423,52711,1,0.3,2,6383,0.9898
2026-04-05T05:11:37.887429,52727,2,1.0;100.0,1;1,6385,0.9899
2026-04-05T05:11:39.776433,52762,1,1.0,1,6386,0.9900
2026-04-05T05:11:40.118451,52768,1,30.0,2,6387,0.9897
2026-04-05T05:11:40.484452,52775,1,30.0,1,6388,0.9894
2026-04-05T05:11:40.683451,52778,3,1.0;0.3;30.0,1;1;2,6391,0.9893
2026-04-05T05:11:41.312452,52790,2,1.0;1.0,1;1,6393,0.9890
2026-04-05T05:11:42.016423,52801,1,3.0,2,6394,0.9889
2026-04-05T05:11:42.341426,52806,1,10.0,4,6395,0.9888
2026-04-05T05:11:42.453422,52808,1,1.0,3,6396,0.9885
2026-04-05T05:11:42.939451,52817,1,30.0,2,6397,0.9882
2026-04-05T05:11:44.083431,52837,1,0.3,1,6398,0.9887
2026-04-05T05:11:45.643451,52865,3,0.1;1.0;10.0,2;1;3,6401,0.9896
2026-04-05T05:11:46.194424,52875,1,3.0,1,6402,0.9897
2026-04-05T05:11:46.341425,52877,3,10.0;30.0;3.0,2;1;1,6405,0.9896
2026-04-05T05:11:46.852452,52886,1,3.0,1,6406,0.9895
2026-04-05T05:11:47.136452,52891,1,10.0,1,6407,0.9892
2026-04-05T05:11:47.598452,52899,1,30.0,1,6408,0.9891
2026-04-05T05:11:47.752423,52901,3,1.0;3.0;1.0,4;4;4,6411,0.9888
2026-04-05T05:11:48.795451,52921,2,0.3;0.3,2;4,6413,0.9885
2026-04-05T05:11:49.326451,52931,2,30.0;0.3,2;2,6415,0.9882
2026-04-05T05:11:49.717426,52938,2,30.0;3.0,1;2,6417,0.9881
2026-04-05T05:11:50.411429,52951,1,30.0,1,6418,0.9880
2026-04-05T05:11:51.229427,52965,1,10.0,3,6419,0.9883
2026-04-05T05:11:53.203452,53002,1,100.0,4,6420,0.9886
2026-04-05T05:11:53.287429,53003,2,0.1;3.0,3;4,6422,0.9883
2026-04-05T05:11:54.349425,53022,1,100.0,2,6423,0.9884
2026-04-05T05:11:56.011452,53051,1,30.0,1,6424,0.9889
2026-04-05T05:11:56.123423,53053,1,0.1,2,6425,0.9886
2026-04-05T05:11:56.308452,53056,2,1.0;100.0,4;1,6427,0.9883
2026-04-05T05:11:56.659451,53062,1,30.0,2,6428,0.9884
2026-04-05T05:11:57.123451,53070,1,1.0,1,6429,0.9885
2026-04-05T05:11:57.528452,53077,2,100.0;10.0,3;1,6431,0.9884
2026-04-05T05:12:00.051452,53123,1,100.0,1,6432,0.9893
2026-04-05T05:12:00.746428,53136,1,30.0,2,6433,0.9890
2026-04-05T05:12:01.087452,53142,3,30.0;0.1;3.0,1;4;2,6436,0.9889
2026-04-05T05:12:01.152426,53143,1,3.0,2,6437,0.9886
2026-04-05T05:12:01.690429,53150,1,100.0,3,6438,0.9889
2026-04-05T05:12:02.364431,53162,3,30.0;0.3;10.0,4;1;3,6441,0.9888
2026-04-05T05:12:03.211451,53177,1,10.0,2,6442,0.9889
2026-04-05T05:12:03.454423,53181,2,0.3;0.3,2;3,6444,0.9888
2026-04-05T05:12:03.694452,53185,1,100.0,3,6445,0.9887
2026-04-05T05:12:04.873423,53206,3,30.0;10.0;0.1,2;3;3,6448,0.9892
2026-04-05T05:12:06.029428,53226,3,30.0;3.0;10.0,4;2;1,6451,0.9899
2026-04-05T05:12:07.321452,53250,3,0.1;1.0;3.0,3;4;3,6454,0.9898
2026-04-05T05:12:07.469422,53252,1,1.0,1,6455,0.9895
2026-04-05T05:12:08.107451,53263,1,0.1,1,6456,0.9894
2026-04-05T05:12:09.960452,53297,1,3.0,1,6457,0.9905
2026-04-05T05:12:10.213424,53301,3,100.0;3.0;10.0,3;2;1,6460,0.9906
2026-04-05T05:12:10.709452,53310,1,10.0,2,6461,0.9903
2026-04-05T05:12:11.235425,53319,1,100.0,1,6462,0.9902
2026-04-05T05:12:14.160433,53371,2,10.0;100.0,3;4,6464,0.9925
2026-04-05T05:12:15.642422,53397,3,3.0;3.0;1.0,1;2;4,6467,0.9930
2026-04-05T05:12:16.336429,53408,2,30.0;30.0,1;1,6469,0.9933
2026-04-05T05:12:17.382425,53427,1,100.0,4,6470,0.9934
2026-04-05T05:12:17.434429,53428,1,0.3,4,6471,0.9931
2026-04-05T05:12:18.793427,53453,1,1.0,1,6472,0.9938
2026-04-05T05:12:19.271452,53461,1,0.1,3,6473,0.9939
2026-04-05T05:12:19.554429,53465,1,0.1,1,6474,0.9938
2026-04-05T05:12:19.997451,53473,2,3.0;0.1,1;4,6476,0.9937
2026-04-05T05:12:20.198427,53476,1,10.0,2,6477,0.9934
2026-04-05T05:12:20.967451,53491,1,10.0,2,6478,0.9931
2026-04-05T05:12:21.188427,53494,1,1.0,2,6479,0.9930
2026-04-05T05:12:23.057452,53527,2,10.0;0.3,2;3,6481,0.9937
2026-04-05T05:12:23.320452,53532,1,10.0,3,6482,0.9934
2026-04-05T05:12:23.411429,53533,1,10.0,3,6483,0.9931
2026-04-05T05:12:23.769432,53539,3,0.1;1.0;0.1,3;2;1,6486,0.9932
2026-04-05T05:12:24.493451,53552,1,3.0,3,6487,0.9935
2026-04-05T05:12:24.544430,53553,3,30.0;0.1;30.0,2;3;1,6490,0.9932
2026-04-05T05:12:24.908451,53560,2,1.0;0.3,3;1,6492,0.9929
2026-04-05T05:12:24.963422,53561,1,1.0,3,6493,0.9926
2026-04-05T05:12:25.147451,53564,1,0.3,1,6494,0.9923
2026-04-05T05:12:25.410428,53569,1,0.3,1,6495,0.9920
2026-04-05T05:12:25.468425,53570,3,10.0;1.0;0.3,1;2;2,6498,0.9917
2026-04-05T05:12:25.948452,53577,1,30.0,1,6499,0.9916
2026-04-05T05:12:26.012423,53578,2,1.0;0.3,1;2,6501,0.9913
2026-04-05T05:12:26.432451,53586,1,100.0,2,6502,0.9910
2026-04-05T05:12:26.620451,53589,1,1.0,2,6503,0.9907
2026-04-05T05:12:27.461426,53605,3,0.1;0.1;1.0,1;1;1,6506,0.9904
2026-04-05T05:12:27.754451,53610,2,100.0;0.3,1;2,6508,0.9901
2026-04-05T05:12:27.866429,53612,2,10.0;100.0,2;4,6510,0.9898
2026-04-05T05:12:28.707452,53627,3,30.0;10.0;0.3,3;1;1,6513,0.9899
2026-04-05T05:12:29.505451,53642,1,100.0,3,6514,0.9900
2026-04-05T05:12:32.505425,53696,1,3.0,2,6515,0.9913
2026-04-05T05:12:33.843432,53720,1,10.0,3,6516,0.9912
2026-04-05T05:12:33.972423,53722,1,100.0,1,6517,0.9909
2026-04-05T05:12:34.574452,53733,1,3.0,1,6518,0.9906
2026-04-05T05:12:35.520428,53748,1,0.3,1,6519,0.9907
2026-04-05T05:12:36.058452,53758,2,100.0;3.0,1;1,6521,0.9906
2026-04-05T05:12:36.485451,53766,2,100.0;10.0,4;1,6523,0.9905
2026-04-05T05:12:38.837451,53810,1,10.0,2,6524,0.9912
2026-04-05T05:12:39.194426,53816,2,100.0;30.0,1;1,6526,0.9911
2026-04-05T05:12:39.840433,53828,2,3.0;100.0,1;3,6528,0.9908
2026-04-05T05:12:40.799426,53845,2,10.0;1.0,1;3,6530,0.9911
2026-04-05T05:12:41.403451,53855,2,10.0;30.0,2;3,6532,0.9910
2026-04-05T05:12:41.478428,53856,1,0.3,3,6533,0.9907
2026-04-05T05:12:42.136452,53868,1,1.0,1,6534,0.9906
2026-04-05T05:12:42.601452,53876,2,30.0;10.0,3;1,6536,0.9905
2026-04-05T05:12:42.891452,53881,3,100.0;100.0;0.3,2;1;1,6539,0.9902
2026-04-05T05:12:42.942429,53882,2,10.0;30.0,3;3,6541,0.9899
2026-04-05T05:12:43.001429,53883,2,1.0;1.0,2;3,6543,0.9896
2026-04-05T05:12:43.749423,53897,2,1.0;100.0,2;2,6545,0.9897
2026-04-05T05:12:43.922451,53900,1,10.0,2,6546,0.9894
2026-04-05T05:12:44.660452,53912,2,30.0;3.0,1;1,6548,0.9897
2026-04-05T05:12:45.794428,53933,1,0.3,3,6549,0.9898
2026-04-05T05:12:46.111434,53938,2,0.1;0.3,4;2,6551,0.9899
2026-04-05T05:12:46.334433,53942,1,0.3,1,6552,0.9898
2026-04-05T05:12:46.402427,53943,1,30.0,3,6553,0.9895
2026-04-05T05:12:48.627451,53983,1,0.1,1,6554,0.9900
2026-04-05T05:12:48.739424,53985,1,1.0,3,6555,0.9897
2026-04-05T05:12:49.226441,53994,2,0.1;100.0,2;3,6557,0.9894
2026-04-05T05:12:49.494452,53998,1,10.0,1,6558,0.9891
2026-04-05T05:12:49.649452,54001,1,10.0,2,6559,0.9888
2026-04-05T05:12:49.761423,54003,3,0.3;0.3;100.0,2;2;1,6562,0.9885
2026-04-05T05:12:50.526452,54017,2,100.0;0.3,1;2,6564,0.9886
2026-04-05T05:12:50.793452,54022,1,0.1,3,6565,0.9885
2026-04-05T05:12:53.171452,54065,2,1.0;30.0,2;2,6567,0.9892
2026-04-05T05:12:53.412423,54068,1,0.1,3,6568,0.9891
2026-04-05T05:12:54.755452,54092,3,30.0;3.0;100.0,2;3;2,6571,0.9894
2026-04-05T05:12:55.453451,54105,1,30.0,4,6572,0.9893
2026-04-05T05:12:55.989452,54115,1,0.1,2,6573,0.9892
2026-04-05T05:12:56.389451,54122,1,3.0,3,6574,0.9891
2026-04-05T05:12:56.506423,54124,1,30.0,3,6575,0.9888
2026-04-05T05:12:56.956452,54132,1,30.0,2,6576,0.9887
2026-04-05T05:12:59.395424,54175,2,1.0;30.0,3;2,6578,0.9900
2026-04-05T05:13:00.657422,54197,3,3.0;0.3;10.0,4;2;1,6581,0.9907
2026-04-05T05:13:02.267452,54224,3,0.1;3.0;30.0,3;2;1,6584,0.9906
2026-04-05T05:13:04.517452,54265,2,100.0;10.0,2;2,6586,0.9909
2026-04-05T05:13:05.163451,54277,2,3.0;1.0,4;2,6588,0.9908
2026-04-05T05:13:06.268451,54298,2,0.1;0.1,3;2,6590,0.9905
2026-04-05T05:13:07.349426,54317,1,30.0,2,6591,0.9910
2026-04-05T05:13:08.212426,54332,1,0.1,2,6592,0.9913
2026-04-05T05:13:08.437433,54336,1,0.3,1,6593,0.9910
2026-04-05T05:13:09.478451,54356,3,0.1;0.1;0.1,1;3;1,6596,0.9911
2026-04-05T05:13:11.430452,54391,1,0.3,1,6597,0.9910
2026-04-05T05:13:11.549423,54393,2,10.0;3.0,2;2,6599,0.9907
2026-04-05T05:13:12.117452,54403,2,0.1;0.3,3;3,6601,0.9908
2026-04-05T05:13:12.430452,54409,1,30.0,3,6602,0.9905
2026-04-05T05:13:12.911426,54418,1,3.0,4,6603,0.9904
2026-04-05T05:13:13.667451,54431,1,0.3,1,6604,0.9905
2026-04-05T05:13:14.287451,54443,1,10.0,3,6605,0.9902
2026-04-05T05:13:15.802451,54470,1,10.0,2,6606,0.9909
2026-04-05T05:13:15.969452,54473,3,3.0;0.3;100.0,3;2;1,6609,0.9906
2026-04-05T05:13:16.205451,54477,2,30.0;0.3,2;3,6611,0.9903
2026-04-05T05:13:16.571452,54484,2,0.1;0.3,1;3,6613,0.9900
2026-04-05T05:13:17.278452,54497,2,3.0;100.0,2;1,6615,0.9901
2026-04-05T05:13:17.815451,54507,1,3.0,2,6616,0.9900
2026-04-05T05:13:18.845427,54525,2,10.0;30.0,2;3,6618,0.9903
2026-04-05T05:13:19.061427,54529,1,10.0,3,6619,0.9900
2026-04-05T05:13:19.149428,54530,1,30.0,2,6620,0.9897
2026-04-05T05:13:19.475452,54536,1,3.0,3,6621,0.9894
2026-04-05T05:13:19.585427,54538,2,30.0;10.0,1;2,6623,0.9891
2026-04-05T05:13:20.075433,54547,1,10.0,4,6624,0.9890
2026-04-05T05:13:20.379452,54552,2,30.0;10.0,2;3,6626,0.9889
2026-04-05T05:13:21.110452,54566,1,3.0,3,6627,0.9890
2026-04-05T05:13:22.009425,54583,2,10.0;0.1,1;3,6629,0.9891
2026-04-05T05:13:22.125431,54585,2,10.0;10.0,1;1,6631,0.9890
2026-04-05T05:13:22.282451,54588,2,0.1;100.0,3;2,6633,0.9887
2026-04-05T05:13:22.364427,54589,1,0.1,3,6634,0.9884
2026-04-05T05:13:23.116451,54603,2,100.0;0.3,3;3,6636,0.9885
2026-04-05T05:13:23.822452,54615,1,3.0,1,6637,0.9884
2026-04-05T05:13:23.936423,54617,3,100.0;1.0;3.0,1;1;1,6640,0.9881
2026-04-05T05:13:24.544423,54627,2,100.0;3.0,2;3,6642,0.9882
2026-04-05T05:13:24.668423,54629,2,3.0;0.3,2;4,6644,0.9879
2026-04-05T05:13:25.404452,54643,1,10.0,2,6645,0.9876
2026-04-05T05:13:27.129451,54673,2,3.0;30.0,4;2,6647,0.9883
2026-04-05T05:13:27.692427,54683,1,30.0,2,6648,0.9882
2026-04-05T05:13:28.590427,54698,3,10.0;0.3;30.0,1;2;4,6651,0.9881
2026-04-05T05:13:30.293427,54728,2,3.0;0.1,2;2,6653,0.9886
2026-04-05T05:13:31.242452,54745,1,3.0,3,6654,0.9889
2026-04-05T05:13:31.301423,54746,3,0.1;3.0;3.0,2;1;1,6657,0.9886
2026-04-05T05:13:31.712452,54754,2,3.0;100.0,2;3,6659,0.9883
2026-04-05T05:13:32.440422,54767,2,10.0;1.0,3;1,6661,0.9882
2026-04-05T05:13:33.756452,54791,2,0.1;30.0,2;1,6663,0.9883
2026-04-05T05:13:34.024434,54795,2,0.3;3.0,2;1,6665,0.9880
2026-04-05T05:13:34.375452,54801,1,10.0,2,6666,0.9879
2026-04-05T05:13:34.661432,54806,1,1.0,1,6667,0.9876
2026-04-05T05:13:35.134452,54815,2,0.1;30.0,3;2,6669,0.9873
2026-04-05T05:13:35.386451,54819,1,1.0,1,6670,0.9870
2026-04-05T05:13:35.437432,54820,3,0.1;0.1;3.0,4;3;1,6673,0.9867
2026-04-05T05:13:36.482451,54840,1,0.3,2,6674,0.9866
2026-04-05T05:13:36.808432,54845,3,10.0;0.3;30.0,2;2;1,6677,0.9865
2026-04-05T05:13:37.641432,54861,1,0.3,4,6678,0.9864
2026-04-05T05:13:37.955433,54867,1,100.0,1,6679,0.9861
2026-04-05T05:13:38.433452,54876,1,3.0,3,6680,0.9860
2026-04-05T05:13:38.554429,54878,2,10.0;0.3,1;3,6682,0.9857
2026-04-05T05:13:38.789452,54882,2,1.0;10.0,1;3,6684,0.9856
2026-04-05T05:13:39.461452,54894,2,0.3;0.3,2;2,6686,0.9857
2026-04-05T05:13:40.384451,54912,1,3.0,1,6687,0.9856
2026-04-05T05:13:40.797452,54919,1,10.0,1,6688,0.9855
2026-04-05T05:13:41.484423,54931,1,100.0,1,6689,0.9856
2026-04-05T05:13:41.773452,54936,2,10.0;0.3,3;2,6691,0.9853
2026-04-05T05:13:43.359429,54963,1,0.3,1,6692,0.9856
2026-04-05T05:13:43.538426,54966,1,30.0,1,6693,0.9855
2026-04-05T05:13:47.107429,55032,2,1.0;10.0,3;3,6695,0.9876
2026-04-05T05:13:47.462452,55038,2,1.0;0.3,2;2,6697,0.9875
2026-04-05T05:13:47.532430,55039,2,100.0;0.3,2;1,6699,0.9872
2026-04-05T05:13:48.120427,55050,2,1.0;0.3,1;1,6701,0.9869
2026-04-05T05:13:49.236452,55069,1,1.0,3,6702,0.9878
2026-04-05T05:13:49.770451,55078,3,100.0;0.1;0.3,3;1;1,6705,0.9875
2026-04-05T05:13:50.501427,55091,1,100.0,3,6706,0.9874
2026-04-05T05:13:50.999451,55099,1,3.0,3,6707,0.9873
2026-04-05T05:13:51.050434,55100,1,1.0,3,6708,0.9870
2026-04-05T05:13:51.107423,55101,1,30.0,1,6709,0.9867
2026-04-05T05:13:51.172426,55102,1,0.1,4,6710,0.9864
2026-04-05T05:13:51.292425,55104,1,100.0,3,6711,0.9861
2026-04-05T05:13:52.031423,55117,1,1.0,3,6712,0.9862
2026-04-05T05:13:52.600452,55128,1,30.0,4,6713,0.9859
2026-04-05T05:13:53.154452,55138,3,100.0;0.3;100.0,3;3;2,6716,0.9858
2026-04-05T05:13:53.262424,55140,1,3.0,3,6717,0.9855
2026-04-05T05:13:53.430451,55143,1,10.0,4,6718,0.9852
2026-04-05T05:13:54.819452,55169,2,30.0;10.0,4;1,6720,0.9853
2026-04-05T05:13:55.277452,55177,2,3.0;30.0,2;1,6722,0.9854
2026-04-05T05:13:56.966452,55208,1,30.0,3,6723,0.9859
2026-04-05T05:13:57.029427,55209,2,3.0;0.3,1;3,6725,0.9856
2026-04-05T05:13:57.719452,55221,2,0.3;0.1,3;3,6727,0.9859
2026-04-05T05:13:58.421451,55234,1,0.3,1,6728,0.9860
2026-04-05T05:13:59.935432,55258,2,1.0;3.0,2;3,6730,0.9865
2026-04-05T05:14:01.051452,55278,2,0.3;100.0,3;4,6732,0.9870
2026-04-05T05:14:01.127426,55279,1,0.3,3,6733,0.9867
2026-04-05T05:14:01.670427,55289,1,3.0,1,6734,0.9864
2026-04-05T05:14:02.496432,55304,1,1.0,2,6735,0.9863
2026-04-05T05:14:02.815427,55310,2,10.0;100.0,1;2,6737,0.9862
2026-04-05T05:14:03.384452,55320,2,100.0;30.0,2;1,6739,0.9863
2026-04-05T05:14:03.921423,55329,2,1.0;100.0,3;2,6741,0.9868
2026-04-05T05:14:04.749451,55343,1,0.3,1,6742,0.9867
2026-04-05T05:14:06.843452,55381,1,10.0,1,6743,0.9876
2026-04-05T05:14:06.950427,55382,2,0.1;30.0,1;3,6745,0.9873
2026-04-05T05:14:07.031426,55383,1,100.0,3,6746,0.9870
2026-04-05T05:14:07.658452,55395,1,10.0,3,6747,0.9867
2026-04-05T05:14:09.059426,55420,1,30.0,3,6748,0.9872
2026-04-05T05:14:09.318432,55425,2,1.0;100.0,2;4,6750,0.9871
2026-04-05T05:14:09.587452,55430,2,30.0;100.0,1;3,6752,0.9868
2026-04-05T05:14:09.971451,55437,1,0.3,4,6753,0.9865
2026-04-05T05:14:10.230452,55442,1,10.0,2,6754,0.9862
2026-04-05T05:14:10.305427,55443,2,3.0;100.0,3;2,6756,0.9859
2026-04-05T05:14:10.592452,55448,1,0.1,1,6757,0.9858
2026-04-05T05:14:10.803452,55452,2,0.3;1.0,2;3,6759,0.9855
2026-04-05T05:14:11.405451,55463,2,10.0;0.3,4;2,6761,0.9856
2026-04-05T05:14:11.790434,55470,1,10.0,1,6762,0.9855
2026-04-05T05:14:11.846426,55471,1,100.0,4,6763,0.9852
2026-04-05T05:14:12.117452,55476,3,3.0;100.0;3.0,4;1;1,6766,0.9849
2026-04-05T05:14:13.050451,55493,2,0.1;0.3,2;2,6768,0.9848
2026-04-05T05:14:13.270452,55497,1,0.3,3,6769,0.9845
2026-04-05T05:14:13.684452,55505,1,1.0,3,6770,0.9842
2026-04-05T05:14:16.076426,55550,1,10.0,2,6771,0.9851
2026-04-05T05:14:16.477452,55557,1,100.0,3,6772,0.9848
2026-04-05T05:14:16.705451,55561,2,100.0;3.0,1;4,6774,0.9847
2026-04-05T05:14:17.053452,55567,1,3.0,2,6775,0.9848
2026-04-05T05:14:17.160423,55569,1,0.3,3,6776,0.9845
2026-04-05T05:14:17.441452,55574,1,0.1,3,6777,0.9842
2026-04-05T05:14:17.602452,55577,1,100.0,2,6778,0.9839
2026-04-05T05:14:18.305451,55590,1,30.0,2,6779,0.9840
2026-04-05T05:14:19.081451,55604,1,10.0,1,6780,0.9839
2026-04-05T05:14:19.809426,55617,2,0.1;100.0,1;3,6782,0.9838
2026-04-05T05:14:20.604452,55631,1,30.0,3,6783,0.9835
2026-04-05T05:14:20.768430,55633,1,30.0,2,6784,0.9832
2026-04-05T05:14:20.889429,55635,1,1.0,2,6785,0.9829
2026-04-05T05:14:21.889451,55654,1,3.0,1,6786,0.9830
2026-04-05T05:14:21.968429,55655,1,0.3,3,6787,0.9827
2026-04-05T05:14:23.334426,55680,1,0.3,1,6788,0.9830
2026-04-05T05:14:24.123425,55695,1,0.1,4,6789,0.9829
2026-04-05T05:14:24.290452,55698,1,0.1,2,6790,0.9826
2026-04-05T05:14:24.449451,55701,1,0.3,1,6791,0.9823
2026-04-05T05:14:24.528428,55702,1,30.0,3,6792,0.9820
2026-04-05T05:14:26.754452,55742,2,100.0;0.1,4;1,6794,0.9823
2026-04-05T05:14:26.902429,55744,1,1.0,2,6795,0.9822
2026-04-05T05:14:27.814451,55761,2,100.0;3.0,2;4,6797,0.9819
2026-04-05T05:14:27.885426,55762,1,0.1,1,6798,0.9816
2026-04-05T05:14:27.952423,55763,1,3.0,1,6799,0.9813
2026-04-05T05:14:28.704428,55777,2,3.0;0.1,2;2,6801,0.9812
2026-04-05T05:14:28.982452,55782,2,0.3;30.0,1;2,6803,0.9809
2026-04-05T05:14:29.907452,55797,2,10.0;0.1,1;1,6805,0.9808
2026-04-05T05:14:30.182432,55802,2,10.0;10.0,2;3,6807,0.9805
2026-04-05T05:14:30.337432,55805,2,100.0;3.0,4;3,6809,0.9802
2026-04-05T05:14:31.454424,55825,1,1.0,1,6810,0.9809
2026-04-05T05:14:31.594429,55827,2,3.0;100.0,2;1,6812,0.9808
2026-04-05T05:14:31.990451,55834,1,0.1,2,6813,0.9807
2026-04-05T05:14:32.178452,55837,2,10.0;3.0,2;2,6815,0.9804
2026-04-05T05:14:34.342432,55877,1,10.0,3,6816,0.9807
2026-04-05T05:14:34.409429,55878,1,0.1,3,6817,0.9804
2026-04-05T05:14:35.570451,55900,1,3.0,1,6818,0.9803
2026-04-05T05:14:36.076428,55908,1,10.0,1,6819,0.9802
2026-04-05T05:14:36.361452,55913,1,100.0,3,6820,0.9801
2026-04-05T05:14:37.697452,55938,2,3.0;0.3,3;3,6822,0.9802
2026-04-05T05:14:39.888452,55977,1,10.0,4,6823,0.9807
2026-04-05T05:14:40.845430,55994,1,0.1,2,6824,0.9808
2026-04-05T05:14:41.534451,56007,1,3.0,2,6825,0.9805
2026-04-05T05:14:41.753452,56010,1,0.3,2,6826,0.9802
2026-04-05T05:14:43.666452,56046,1,10.0,2,6827,0.9805
2026-04-05T05:14:44.770451,56066,2,30.0;10.0,2;3,6829,0.9808
2026-04-05T05:14:45.829451,56086,2,100.0;0.3,2;2,6831,0.9807
2026-04-05T05:14:46.727427,56102,1,1.0,3,6832,0.9806
2026-04-05T05:14:46.920423,56105,1,1.0,1,6833,0.9805
2026-04-05T05:14:47.343425,56113,3,30.0;3.0;30.0,2;3;2,6836,0.9802
2026-04-05T05:14:49.978452,56162,1,100.0,1,6837,0.9809
2026-04-05T05:14:50.212451,56164,3,10.0;0.1;0.1,1;2;3,6840,0.9806
2026-04-05T05:14:50.609423,56171,1,30.0,1,6841,0.9809
2026-04-05T05:14:51.061451,56179,1,30.0,4,6842,0.9808
2026-04-05T05:14:51.447452,56185,3,3.0;30.0;0.3,1;1;2,6845,0.9807
2026-04-05T05:14:51.661432,56189,1,30.0,1,6846,0.9806
2026-04-05T05:14:52.490429,56204,2,0.1;3.0,1;3,6848,0.9805
2026-04-05T05:14:53.582426,56223,2,10.0;10.0,3;3,6850,0.9808
2026-04-05T05:14:53.817425,56227,2,10.0;10.0,1;3,6852,0.9805
2026-04-05T05:14:53.934422,56229,2,10.0;0.3,1;4,6854,0.9802
2026-04-05T05:14:54.394426,56237,1,0.1,2,6855,0.9801
2026-04-05T05:14:54.982426,56247,2,10.0;30.0,4;2,6857,0.9802
2026-04-05T05:14:55.906428,56260,1,10.0,1,6858,0.9803
2026-04-05T05:14:55.976423,56261,2,3.0;0.3,1;3,6860,0.9800
2026-04-05T05:14:56.146452,56264,1,0.1,1,6861,0.9800
2026-04-05T05:14:56.634429,56272,1,1.0,2,6862,0.9803
2026-04-05T05:14:56.965451,56278,2,0.3;10.0,1;2,6864,0.9800
2026-04-05T05:14:57.131451,56281,3,30.0;3.0;1.0,2;2;1,6867,0.9800
2026-04-05T05:14:58.420452,56305,1,10.0,1,6868,0.9800
2026-04-05T05:15:00.493451,56343,1,3.0,2,6869,0.9809
2026-04-05T05:15:02.700432,56382,1,100.0,2,6870,0.9814
2026-04-05T05:15:03.268423,56391,1,0.3,1,6871,0.9817
2026-04-05T05:15:04.580451,56414,1,1.0,3,6872,0.9822
2026-04-05T05:15:06.325425,56447,1,30.0,4,6873,0.9823
2026-04-05T05:15:06.910452,56458,1,0.3,2,6874,0.9820
2026-04-05T05:15:07.348426,56466,2,30.0;1.0,2;3,6876,0.9817
2026-04-05T05:15:07.521452,56469,3,3.0;0.1;3.0,3;2;2,6879,0.9814
2026-04-05T05:15:08.421451,56486,1,3.0,1,6880,0.9813
2026-04-05T05:15:09.977429,56514,2,0.3;0.3,3;3,6882,0.9820
2026-04-05T05:15:10.403452,56522,2,0.3;30.0,4;2,6884,0.9817
2026-04-05T05:15:10.618452,56526,2,10.0;10.0,1;3,6886,0.9814
2026-04-05T05:15:11.072424,56534,2,0.1;0.3,2;1,6888,0.9813
2026-04-05T05:15:11.135423,56535,3,30.0;100.0;10.0,3;1;1,6891,0.9810
2026-04-05T05:15:11.648452,56544,1,3.0,1,6892,0.9809
2026-04-05T05:15:11.914451,56549,1,3.0,3,6893,0.9806
2026-04-05T05:15:12.551426,56560,3,3.0;3.0;3.0,4;2;3,6896,0.9809
2026-04-05T05:15:13.414429,56575,1,0.1,2,6897,0.9812
2026-04-05T05:15:13.987451,56586,1,0.3,2,6898,0.9809
2026-04-05T05:15:14.058431,56587,1,1.0,3,6899,0.9806
2026-04-05T05:15:14.761452,56600,1,3.0,1,6900,0.9805
2026-04-05T05:15:15.502451,56614,3,3.0;0.3;0.3,3;4;1,6903,0.9802
2026-04-05T05:15:16.006430,56622,1,0.3,1,6904,0.9801
2026-04-05T05:15:16.392452,56629,1,3.0,1,6905,0.9800
2026-04-05T05:15:16.593423,56632,2,10.0;10.0,3;1,6907,0.9800
2026-04-05T05:15:17.644451,56651,3,0.1;0.3;0.1,3;2;2,6910,0.9807
2026-04-05T05:15:20.589431,56704,1,0.3,3,6911,0.9818
2026-04-05T05:15:21.747424,56724,1,0.1,2,6912,0.9821
2026-04-05T05:15:21.870423,56726,2,3.0;100.0,1;3,6914,0.9818
2026-04-05T05:15:23.142424,56749,2,30.0;1.0,2;1,6916,0.9821
2026-04-05T05:15:23.448428,56754,2,3.0;3.0,1;3,6918,0.9822
2026-04-05T05:15:24.101451,56765,1,1.0,2,6919,0.9821
2026-04-05T05:15:27.886429,56833,1,30.0,3,6920,0.9842
2026-04-05T05:15:28.262451,56839,1,30.0,2,6921,0.9843
2026-04-05T05:15:28.552452,56844,2,0.1;100.0,1;2,6923,0.9840
2026-04-05T05:15:28.772452,56848,1,3.0,2,6924,0.9837
2026-04-05T05:15:29.337425,56858,1,0.3,2,6925,0.9838
2026-04-05T05:15:29.613452,56863,2,0.3;0.1,2;2,6927,0.9835
2026-04-05T05:15:29.715422,56865,2,3.0;0.1,3;2,6929,0.9832
2026-04-05T05:15:29.842430,56867,1,10.0,1,6930,0.9829
2026-04-05T05:15:30.744452,56883,2,3.0;0.1,3;2,6932,0.9830
2026-04-05T05:15:31.365425,56894,1,0.1,1,6933,0.9831
2026-04-05T05:15:32.040451,56906,3,0.3;30.0;3.0,4;1;2,6936,0.9830
2026-04-05T05:15:32.314452,56911,1,1.0,2,6937,0.9827
2026-04-05T05:15:33.629429,56933,1,1.0,2,6938,0.9836
2026-04-05T05:15:34.073425,56941,1,0.1,3,6939,0.9835
2026-04-05T05:15:34.729422,56953,2,3.0;100.0,2;1,6941,0.9836
2026-04-05T05:15:35.002452,56958,1,1.0,3,6942,0.9833
2026-04-05T05:15:35.167452,56961,1,10.0,2,6943,0.9830
2026-04-05T05:15:38.427452,57021,1,1.0,2,6944,0.9843
2026-04-05T05:15:38.942423,57030,1,100.0,3,6945,0.9842
2026-04-05T05:15:39.656428,57043,1,10.0,3,6946,0.9843
2026-04-05T05:15:42.391432,57094,1,10.0,1,6947,0.9850
2026-04-05T05:15:43.106427,57107,3,1.0;0.3;30.0,3;1;2,6950,0.9847
2026-04-05T05:15:43.816452,57120,1,0.3,3,6951,0.9846
2026-04-05T05:15:43.927423,57122,2,1.0;0.1,2;2,6953,0.9843
2026-04-05T05:15:44.661451,57134,1,0.1,2,6954,0.9842
2026-04-05T05:15:44.981451,57139,1,0.1,1,6955,0.9839
2026-04-05T05:15:45.332441,57145,1,0.1,4,6956,0.9838
2026-04-05T05:15:47.452452,57184,1,0.1,2,6957,0.9845
2026-04-05T05:15:48.021430,57194,1,0.1,3,6958,0.9846
2026-04-05T05:15:48.354426,57200,2,100.0;100.0,3;3,6960,0.9843
2026-04-05T05:15:48.667451,57206,1,30.0,1,6961,0.9840
2026-04-05T05:15:49.105452,57214,2,10.0;0.3,1;1,6963,0.9837
2026-04-05T05:15:49.927433,57228,2,100.0;0.1,2;2,6965,0.9836
2026-04-05T05:15:50.161425,57232,1,10.0,4,6966,0.9837
2026-04-05T05:15:50.442451,57237,2,3.0;30.0,1;1,6968,0.9834
2026-04-05T05:15:50.684423,57241,2,0.3;1.0,3;1,6970,0.9833
2026-04-05T05:15:51.366452,57252,2,1.0;3.0,3;2,6972,0.9836
2026-04-05T05:15:51.540423,57254,2,100.0;0.1,3;4,6974,0.9833
2026-04-05T05:15:51.602423,57255,1,3.0,1,6975,0.9830
2026-04-05T05:15:52.046452,57263,1,1.0,4,6976,0.9829
2026-04-05T05:15:53.412452,57288,2,3.0;0.3,2;3,6978,0.9832
2026-04-05T05:15:53.553429,57290,2,30.0;10.0,4;1,6980,0.9829
2026-04-05T05:15:54.753452,57311,1,0.3,3,6981,0.9836
2026-04-05T05:15:54.968451,57315,1,30.0,1,6982,0.9833
2026-04-05T05:15:55.064429,57316,1,0.3,2,6983,0.9830
2026-04-05T05:15:55.757452,57329,1,3.0,3,6984,0.9827
2026-04-05T05:15:56.592452,57344,1,0.3,1,6985,0.9828
2026-04-05T05:15:57.610423,57361,1,0.3,2,6986,0.9835
2026-04-05T05:15:58.128424,57370,1,0.1,2,6987,0.9836
2026-04-05T05:15:59.251452,57389,1,3.0,2,6988,0.9841
2026-04-05T05:15:59.583452,57395,3,30.0;10.0;0.3,2;1;2,6991,0.9840
2026-04-05T05:15:59.722426,57397,1,3.0,1,6992,0.9837
2026-04-05T05:16:00.003452,57402,1,0.3,2,6993,0.9834
2026-04-05T05:16:00.781451,57416,1,0.3,3,6994,0.9833
2026-04-05T05:16:01.027451,57420,1,10.0,3,6995,0.9830
2026-04-05T05:16:01.246452,57424,2,0.3;3.0,1;1,6997,0.9827
2026-04-05T05:16:01.461429,57427,2,3.0;30.0,3;3,6999,0.9828
2026-04-05T05:16:02.691452,57448,3,0.3;100.0;0.3,2;3;2,7002,0.9829
2026-04-05T05:16:03.193452,57457,2,0.1;1.0,1;3,7004,0.9826
2026-04-05T05:16:03.914423,57470,1,0.1,3,7005,0.9829
2026-04-05T05:16:04.396451,57479,2,1.0;0.3,3;4,7007,0.9826
2026-04-05T05:16:04.466429,57480,1,0.3,1,7008,0.9823
2026-04-05T05:16:06.566452,57518,1,100.0,2,7009,0.9834
2026-04-05T05:16:06.782452,57522,2,0.1;10.0,1;1,7011,0.9831
2026-04-05T05:16:07.513451,57536,1,100.0,4,7012,0.9828
2026-04-05T05:16:07.941452,57544,1,3.0,1,7013,0.9825
2026-04-05T05:16:08.355452,57551,1,100.0,2,7014,0.9824
2026-04-05T05:16:09.805452,57578,1,0.1,2,7015,0.9825
2026-04-05T05:16:10.070426,57583,1,1.0,4,7016,0.9822
2026-04-05T05:16:10.262452,57586,1,100.0,4,7017,0.9819
2026-04-05T05:16:10.809452,57596,1,0.3,1,7018,0.9818
2026-04-05T05:16:11.386451,57607,1,1.0,3,7019,0.9817
2026-04-05T05:16:11.437432,57608,1,3.0,1,7020,0.9814
2026-04-05T05:16:11.772424,57614,1,1.0,1,7021,0.9815
2026-04-05T05:16:12.563451,57629,2,100.0;100.0,2;2,7023,0.9812
2026-04-05T05:16:13.474451,57646,1,30.0,1,7024,0.9815
2026-04-05T05:16:13.640427,57648,3,10.0;3.0;0.1,2;4;1,7027,0.9812
2026-04-05T05:16:14.469452,57663,1,10.0,2,7028,0.9813
2026-04-05T05:16:16.025427,57692,2,3.0;30.0,3;4,7030,0.9820
2026-04-05T05:16:19.192452,57751,2,0.1;0.1,2;1,7032,0.9829
2026-04-05T05:16:19.437451,57755,2,0.3;100.0,4;1,7034,0.9826
2026-04-05T05:16:19.491423,57756,1,0.3,1,7035,0.9823
2026-04-05T05:16:20.311452,57771,1,100.0,1,7036,0.9822
2026-04-05T05:16:21.630451,57793,2,1.0;1.0,3;3,7038,0.9829
2026-04-05T05:16:22.134423,57802,1,3.0,1,7039,0.9830
2026-04-05T05:16:22.263423,57804,1,10.0,4,7040,0.9827
2026-04-05T05:16:22.638452,57811,2,30.0;30.0,2;2,7042,0.9824
2026-04-05T05:16:24.346423,57842,1,10.0,1,7043,0.9827
2026-04-05T05:16:24.526451,57845,1,3.0,4,7044,0.9824
2026-04-05T05:16:25.352452,57860,2,1.0;30.0,3;2,7046,0.9825
2026-04-05T05:16:25.776452,57868,1,30.0,3,7047,0.9824
2026-04-05T05:16:26.517451,57881,1,1.0,1,7048,0.9825
2026-04-05T05:16:26.636428,57883,2,0.1;0.3,3;2,7050,0.9822
2026-04-05T05:16:27.510427,57899,2,30.0;0.1,2;1,7052,0.9823
2026-04-05T05:16:27.889432,57906,2,1.0;30.0,2;3,7054,0.9822
2026-04-05T05:16:28.402428,57915,1,3.0,1,7055,0.9823
2026-04-05T05:16:29.539451,57936,2,3.0;10.0,3;2,7057,0.9824
2026-04-05T05:16:31.039451,57962,3,10.0;1.0;0.1,1;2;3,7060,0.9827
2026-04-05T05:16:31.158426,57963,2,3.0;3.0,1;2,7062,0.9824
2026-04-05T05:16:31.962451,57977,3,30.0;30.0;10.0,1;1;2,7065,0.9827
2026-04-05T05:16:33.889451,58013,1,3.0,1,7066,0.9834
2026-04-05T05:16:35.463451,58042,1,10.0,1,7067,0.9835
2026-04-05T05:16:35.861451,58049,1,10.0,2,7068,0.9832
2026-04-05T05:16:35.912434,58050,1,0.1,1,7069,0.9829
2026-04-05T05:16:36.200428,58055,1,100.0,3,7070,0.9828
2026-04-05T05:16:37.019451,58069,1,1.0,3,7071,0.9827
2026-04-05T05:16:37.511425,58078,2,3.0;3.0,3;1,7073,0.9828
2026-04-05T05:16:37.571425,58079,2,0.1;0.1,1;2,7075,0.9825
2026-04-05T05:16:38.215427,58090,2,1.0;30.0,2;1,7077,0.9826
2026-04-05T05:16:38.323423,58092,2,100.0;10.0,4;3,7079,0.9823
2026-04-05T05:16:38.754452,58100,1,1.0,4,7080,0.9820
2026-04-05T05:16:39.518423,58114,1,100.0,2,7081,0.9819
2026-04-05T05:16:40.500428,58131,1,0.1,1,7082,0.9820
2026-04-05T05:16:41.073429,58141,2,10.0;3.0,2;1,7084,0.9823
2026-04-05T05:16:41.440451,58148,2,10.0;3.0,1;3,7086,0.9820
2026-04-05T05:16:41.504427,58149,1,30.0,2,7087,0.9817
2026-04-05T05:16:42.133452,58161,3,0.3;10.0;0.1,1;1;3,7090,0.9814
2026-04-05T05:16:42.529452,58167,1,0.1,1,7091,0.9813
2026-04-05T05:16:44.703427,58206,1,10.0,3,7092,0.9822
2026-04-05T05:16:46.565425,58235,3,1.0;0.3;3.0,1;4;3,7095,0.9835
2026-04-05T05:16:46.948428,58241,2,30.0;30.0,2;3,7097,0.9836
2026-04-05T05:16:47.449452,58250,1,0.1,1,7098,0.9835
2026-04-05T05:16:48.264430,58264,1,10.0,4,7099,0.9836
2026-04-05T05:16:48.541452,58269,1,1.0,1,7100,0.9833
2026-04-05T05:16:48.656429,58271,1,0.1,2,7101,0.9830
2026-04-05T05:16:50.563452,58307,1,1.0,4,7102,0.9831
2026-04-05T05:16:50.614428,58308,2,0.3;100.0,4;3,7104,0.9828
2026-04-05T05:16:50.936451,58314,2,0.3;30.0,3;3,7106,0.9827
2026-04-05T05:16:51.335425,58321,1,10.0,1,7107,0.9824
2026-04-05T05:16:51.627423,58326,2,10.0;0.1,4;4,7109,0.9825
2026-04-05T05:16:52.516451,58342,2,1.0;30.0,2;1,7111,0.9826
2026-04-05T05:16:54.139452,58370,1,1.0,1,7112,0.9831
2026-04-05T05:16:54.501451,58376,1,1.0,1,7113,0.9832
2026-04-05T05:16:54.573426,58377,2,0.3;10.0,1;4,7115,0.9829
2026-04-05T05:16:54.689424,58379,2,1.0;10.0,1;2,7117,0.9826
2026-04-05T05:16:55.374451,58391,2,10.0;0.3,1;2,7119,0.9823
2026-04-05T05:16:56.153452,58406,1,10.0,4,7120,0.9820
2026-04-05T05:16:57.784451,58435,1,0.3,1,7121,0.9823
2026-04-05T05:16:58.649426,58451,1,0.3,4,7122,0.9822
2026-04-05T05:16:58.756423,58453,2,0.1;30.0,2;1,7124,0.9819
2026-04-05T05:16:58.943431,58456,1,30.0,3,7125,0.9818
2026-04-05T05:16:59.418452,58465,1,10.0,3,7126,0.9815
2026-04-05T05:16:59.891451,58473,3,0.3;30.0;1.0,3;4;2,7129,0.9812
2026-04-05T05:17:00.057428,58475,3,0.3;30.0;0.3,3;2;2,7132,0.9809
2026-04-05T05:17:00.634432,58486,1,100.0,1,7133,0.9806
2026-04-05T05:17:00.849452,58490,1,1.0,1,7134,0.9803
2026-04-05T05:17:01.580423,58503,2,100.0;1.0,3;1,7136,0.9808
2026-04-05T05:17:01.646423,58504,2,1.0;30.0,3;2,7138,0.9805
2026-04-05T05:17:02.094452,58512,2,1.0;0.3,1;3,7140,0.9804
2026-04-05T05:17:02.359428,58517,2,0.3;3.0,3;4,7142,0.9803
2026-04-05T05:17:02.745452,58524,1,1.0,3,7143,0.9800
2026-04-05T05:17:02.899452,58527,2,1.0;1.0,1;2,7145,0.9800
2026-04-05T05:17:03.887452,58546,1,100.0,1,7146,0.9801
2026-04-05T05:17:04.058426,58549,1,1.0,3,7147,0.9800
2026-04-05T05:17:04.178423,58551,1,0.1,1,7148,0.9800
2026-04-05T05:17:04.346452,58554,2,100.0;30.0,1;2,7150,0.9800
2026-04-05T05:17:04.996452,58565,1,100.0,3,7151,0.9805
2026-04-05T05:17:05.440452,58573,1,30.0,3,7152,0.9802
2026-04-05T05:17:05.748452,58578,2,3.0;3.0,4;3,7154,0.9803
2026-04-05T05:17:06.581452,58593,1,10.0,2,7155,0.9804
2026-04-05T05:17:07.871429,58616,1,3.0,4,7156,0.9809
2026-04-05T05:17:08.227452,58622,1,3.0,3,7157,0.9810
2026-04-05T05:17:08.501451,58627,1,3.0,2,7158,0.9807
2026-04-05T05:17:11.295423,58678,1,1.0,1,7159,0.9824
2026-04-05T05:17:11.986452,58690,2,0.3;30.0,4;3,7161,0.9825
2026-04-05T05:17:12.417452,58698,1,3.0,3,7162,0.9822
2026-04-05T05:17:13.245423,58710,2,30.0;1.0,4;3,7164,0.9825
2026-04-05T05:17:14.733426,58737,1,0.1,1,7165,0.9830
2026-04-05T05:17:15.062452,58743,2,30.0;0.3,2;3,7167,0.9827
2026-04-05T05:17:15.436429,58750,1,0.3,1,7168,0.9826
2026-04-05T05:17:17.624452,58789,1,100.0,2,7169,0.9837
2026-04-05T05:17:18.259452,58800,2,0.1;1.0,1;1,7171,0.9840
2026-04-05T05:17:20.309424,58838,2,3.0;30.0,1;3,7173,0.9847
2026-04-05T05:17:20.714429,58845,1,1.0,1,7174,0.9846
2026-04-05T05:17:21.408451,58857,1,1.0,2,7175,0.9845
2026-04-05T05:17:21.688425,58860,2,0.3;10.0,1;1,7177,0.9844
2026-04-05T05:17:23.357424,58890,1,1.0,1,7178,0.9855
2026-04-05T05:17:23.839451,58899,2,30.0;3.0,3;3,7180,0.9852
2026-04-05T05:17:24.316435,58907,1,30.0,2,7181,0.9851
2026-04-05T05:17:24.505426,58910,1,10.0,3,7182,0.9850
2026-04-05T05:17:25.561452,58930,1,0.3,2,7183,0.9849
2026-04-05T05:17:25.830452,58935,1,100.0,4,7184,0.9846
2026-04-05T05:17:25.940423,58937,1,3.0,3,7185,0.9843
2026-04-05T05:17:26.701452,58951,1,0.3,3,7186,0.9844
2026-04-05T05:17:27.356430,58962,2,10.0;1.0,2;2,7188,0.9843
2026-04-05T05:17:28.055452,58975,2,100.0;100.0,1;4,7190,0.9842
2026-04-05T05:17:28.460452,58981,1,0.3,2,7191,0.9839
2026-04-05T05:17:28.689451,58985,1,0.3,1,7192,0.9836
2026-04-05T05:17:29.607452,59002,1,0.1,2,7193,0.9837
2026-04-05T05:17:29.734430,59004,1,1.0,1,7194,0.9834
2026-04-05T05:17:30.256423,59013,1,0.3,2,7195,0.9835
2026-04-05T05:17:30.754426,59022,1,3.0,2,7196,0.9836
2026-04-05T05:17:30.808423,59023,1,100.0,2,7197,0.9833
2026-04-05T05:17:31.373451,59034,1,30.0,2,7198,0.9830
2026-04-05T05:17:32.392452,59052,1,10.0,3,7199,0.9835
2026-04-05T05:17:32.956451,59063,3,0.1;0.3;0.1,1;4;3,7202,0.9832
2026-04-05T05:17:33.770427,59076,1,0.3,3,7203,0.9835
2026-04-05T05:17:34.539452,59090,2,0.3;100.0,1;3,7205,0.9834
2026-04-05T05:17:35.065452,59100,1,10.0,3,7206,0.9833
2026-04-05T05:17:36.435429,59126,2,3.0;3.0,1;3,7208,0.9832
2026-04-05T05:17:36.608452,59129,3,30.0;0.3;3.0,3;3;1,7211,0.9829
2026-04-05T05:17:37.571452,59147,1,100.0,2,7212,0.9828
2026-04-05T05:17:37.917452,59153,1,30.0,2,7213,0.9825
2026-04-05T05:17:38.861452,59170,3,1.0;30.0;0.1,2;2;3,7216,0.9830
2026-04-05T05:17:39.577452,59183,3,1.0;0.1;3.0,2;1;4,7219,0.9829
2026-04-05T05:17:39.812427,59186,2,0.1;10.0,1;1,7221,0.9828
2026-04-05T05:17:41.968432,59225,2,30.0;0.3,1;2,7223,0.9835
2026-04-05T05:17:42.462452,59233,1,0.3,2,7224,0.9834
2026-04-05T05:17:43.250428,59247,1,100.0,2,7225,0.9835
2026-04-05T05:17:44.574423,59270,1,0.3,2,7226,0.9838
2026-04-05T05:17:46.034452,59297,2,3.0;100.0,1;1,7228,0.9839
2026-04-05T05:17:47.300451,59320,2,10.0;0.1,4;2,7230,0.9842
2026-04-05T05:17:47.880428,59331,2,0.3;10.0,1;1,7232,0.9839
2026-04-05T05:17:50.287428,59372,1,3.0,1,7233,0.9854
2026-04-05T05:17:50.585425,59377,3,1.0;3.0;30.0,1;1;1,7236,0.9851
2026-04-05T05:17:51.775451,59398,1,1.0,1,7237,0.9856
2026-04-05T05:17:52.680426,59414,3,1.0;30.0;3.0,3;3;1,7240,0.9853
2026-04-05T05:17:55.322423,59461,1,30.0,1,7241,0.9866
2026-04-05T05:17:56.316452,59478,2,10.0;0.1,2;2,7243,0.9867
2026-04-05T05:17:56.672452,59484,2,3.0;0.3,1;1,7245,0.9866
2026-04-05T05:17:56.912423,59488,1,0.1,3,7246,0.9867
2026-04-05T05:17:57.397423,59497,1,1.0,3,7247,0.9866
2026-04-05T05:17:58.098423,59509,2,100.0;3.0,4;3,7249,0.9871
2026-04-05T05:17:58.987433,59524,1,1.0,3,7250,0.9872
2026-04-05T05:17:59.166423,59527,2,1.0;0.3,3;3,7252,0.9871
2026-04-05T05:17:59.383452,59531,1,0.3,2,7253,0.9868
2026-04-05T05:17:59.467430,59532,2,0.1;1.0,1;2,7255,0.9865
2026-04-05T05:18:00.377423,59548,3,3.0;3.0;0.3,2;2;3,7258,0.9866
2026-04-05T05:18:01.904452,59576,2,1.0;0.1,1;1,7260,0.9871
2026-04-05T05:18:02.114452,59580,3,10.0;100.0;10.0,2;2;2,7263,0.9868
2026-04-05T05:18:02.759452,59592,1,30.0,2,7264,0.9867
2026-04-05T05:18:03.023452,59597,2,30.0;3.0,3;2,7266,0.9864
2026-04-05T05:18:03.091429,59598,3,100.0;0.3;0.3,2;1;1,7269,0.9861
2026-04-05T05:18:03.442422,59604,1,0.1,2,7270,0.9858
2026-04-05T05:18:04.835452,59629,1,3.0,1,7271,0.9861
2026-04-05T05:18:05.660451,59644,1,30.0,2,7272,0.9866
2026-04-05T05:18:07.192423,59672,1,100.0,2,7273,0.9871
2026-04-05T05:18:08.185452,59690,1,1.0,3,7274,0.9872
2026-04-05T05:18:08.399425,59694,3,30.0;100.0;100.0,3;1;3,7277,0.9869
2026-04-05T05:18:09.297422,59706,1,100.0,3,7278,0.9878
2026-04-05T05:18:09.730426,59713,2,0.3;3.0,3;3,7280,0.9881
2026-04-05T05:18:09.856422,59715,2,1.0;100.0,3;3,7282,0.9878
2026-04-05T05:18:10.213452,59721,3,10.0;30.0;1.0,3;2;2,7285,0.9877
2026-04-05T05:18:10.846451,59733,3,0.1;3.0;30.0,2;3;3,7288,0.9874
2026-04-05T05:18:11.323452,59742,3,1.0;30.0;100.0,3;3;3,7291,0.9871
2026-04-05T05:18:11.695431,59748,2,3.0;100.0,2;1,7293,0.9870
2026-04-05T05:18:12.194452,59757,1,0.1,3,7294,0.9869
2026-04-05T05:18:13.369433,59776,1,0.3,3,7295,0.9876
2026-04-05T05:18:13.861426,59784,2,0.1;3.0,3;1,7297,0.9877
2026-04-05T05:18:14.386433,59793,1,3.0,1,7298,0.9878
2026-04-05T05:18:14.801425,59801,3,10.0;1.0;3.0,3;2;2,7301,0.9875
2026-04-05T05:18:15.869433,59820,1,100.0,2,7302,0.9874
2026-04-05T05:18:15.929423,59821,1,3.0,1,7303,0.9871
2026-04-05T05:18:16.411451,59830,1,10.0,4,7304,0.9868
2026-04-05T05:18:17.160426,59844,1,30.0,1,7305,0.9867
2026-04-05T05:18:17.667427,59852,2,10.0;3.0,3;3,7307,0.9866
2026-04-05T05:18:18.010423,59858,1,100.0,2,7308,0.9865
2026-04-05T05:18:18.597451,59869,1,30.0,2,7309,0.9866
2026-04-05T05:18:19.117426,59878,3,0.1;1.0;0.1,3;2;1,7312,0.9865
2026-04-05T05:18:19.874452,59892,3,100.0;30.0;100.0,3;1;1,7315,0.9864
2026-04-05T05:18:20.423432,59902,2,30.0;0.1,2;3,7317,0.9861
2026-04-05T05:18:20.609434,59905,1,3.0,1,7318,0.9858
2026-04-05T05:18:20.895451,59910,2,0.3;0.1,1;1,7320,0.9855
2026-04-05T05:18:21.107428,59914,2,0.3;30.0,4;2,7322,0.9852
2026-04-05T05:18:21.815427,59925,1,1.0,1,7323,0.9853
2026-04-05T05:18:22.318423,59933,2,3.0;10.0,3;3,7325,0.9854
2026-04-05T05:18:22.566451,59937,2,1.0;100.0,2;2,7327,0.9851
2026-04-05T05:18:22.860452,59942,3,100.0;0.1;0.1,4;1;2,7330,0.9848
2026-04-05T05:18:23.474452,59954,1,0.3,3,7331,0.9845
2026-04-05T05:18:24.562428,59973,1,0.3,4,7332,0.9850
2026-04-05T05:18:25.595423,59992,1,30.0,3,7333,0.9847
2026-04-05T05:18:26.177452,60001,1,30.0,1,7334,0.9846
2026-04-05T05:18:26.815432,60013,2,100.0;1.0,3;3,7336,0.9843
2026-04-05T05:18:26.940429,60015,2,0.1;0.1,1;2,7338,0.9840
2026-04-05T05:18:27.766427,60030,1,3.0,1,7339,0.9843
2026-04-05T05:18:28.530423,60043,1,1.0,2,7340,0.9844
2026-04-05T05:18:29.305422,60057,1,10.0,4,7341,0.9845
2026-04-05T05:18:29.595426,60062,1,0.1,2,7342,0.9844
2026-04-05T05:18:30.480423,60078,2,3.0;0.1,1;3,7344,0.9843
2026-04-05T05:18:31.051426,60088,1,1.0,2,7345,0.9844
2026-04-05T05:18:31.915452,60104,1,0.3,1,7346,0.9845
2026-04-05T05:18:33.086433,60124,1,3.0,2,7347,0.9848
2026-04-05T05:18:33.497451,60132,1,30.0,1,7348,0.9847
2026-04-05T05:18:33.651429,60135,1,0.3,1,7349,0.9844
2026-04-05T05:18:33.813451,60138,1,30.0,2,7350,0.9841
2026-04-05T05:18:33.984453,60141,1,100.0,1,7351,0.9838
2026-04-05T05:18:34.263451,60146,1,100.0,1,7352,0.9835
2026-04-05T05:18:34.600435,60152,2,3.0;3.0,2;3,7354,0.9832
2026-04-05T05:18:35.443451,60167,2,30.0;30.0,3;2,7356,0.9837
2026-04-05T05:18:37.029451,60197,2,1.0;3.0,2;2,7358,0.9838
2026-04-05T05:18:39.092451,60234,2,100.0;0.3,1;1,7360,0.9853
2026-04-05T05:18:39.143433,60235,1,0.3,1,7361,0.9850
2026-04-05T05:18:39.197423,60236,1,100.0,3,7362,0.9847
2026-04-05T05:18:39.518426,60242,2,0.1;30.0,1;1,7364,0.9844
2026-04-05T05:18:40.356428,60257,2,10.0;100.0,3;3,7366,0.9845
2026-04-05T05:18:40.417426,60258,1,3.0,2,7367,0.9842
2026-04-05T05:18:41.851452,60283,3,0.1;1.0;100.0,2;4;2,7370,0.9849
2026-04-05T05:18:41.920429,60284,3,10.0;0.3;0.1,3;2;3,7373,0.9846
2026-04-05T05:18:42.235452,60289,1,0.1,2,7374,0.9845
2026-04-05T05:18:42.743451,60298,2,0.1;1.0,1;1,7376,0.9844
2026-04-05T05:18:44.405432,60327,1,10.0,4,7377,0.9841
2026-04-05T05:18:44.917452,60337,1,3.0,3,7378,0.9844
2026-04-05T05:18:46.397451,60366,1,0.3,3,7379,0.9843
2026-04-05T05:18:46.857451,60375,1,0.1,1,7380,0.9840
2026-04-05T05:18:46.959451,60377,1,100.0,1,7381,0.9837
2026-04-05T05:18:48.474452,60406,3,10.0;1.0;100.0,1;1;1,7384,0.9838
2026-04-05T05:18:48.576452,60408,1,3.0,3,7385,0.9835
2026-04-05T05:18:49.755452,60431,1,100.0,1,7386,0.9842
2026-04-05T05:18:50.167452,60439,1,10.0,1,7387,0.9841
2026-04-05T05:18:50.889452,60453,1,10.0,3,7388,0.9838
2026-04-05T05:18:50.940452,60454,1,0.1,2,7389,0.9835
2026-04-05T05:18:51.555452,60466,2,3.0;0.1,1;2,7391,0.9834
2026-04-05T05:18:52.015451,60475,1,3.0,4,7392,0.9831
2026-04-05T05:18:52.122427,60477,1,3.0,1,7393,0.9828
2026-04-05T05:18:52.429451,60483,2,100.0;10.0,3;1,7395,0.9829
2026-04-05T05:18:53.080452,60495,1,3.0,2,7396,0.9828
2026-04-05T05:18:53.131452,60496,3,100.0;30.0;30.0,1;3;1,7399,0.9825
2026-04-05T05:18:53.539451,60504,3,0.1;10.0;0.1,2;3;1,7402,0.9824
2026-04-05T05:18:53.737427,60505,1,0.1,4,7403,0.9821
2026-04-05T05:18:54.447452,60518,1,3.0,4,7404,0.9818
2026-04-05T05:18:54.600452,60521,1,100.0,3,7405,0.9815
2026-04-05T05:18:54.652452,60522,2,1.0;100.0,2;2,7407,0.9812
2026-04-05T05:18:54.754427,60524,2,3.0;3.0,3;1,7409,0.9809
2026-04-05T05:18:55.873452,60545,1,3.0,4,7410,0.9808
2026-04-05T05:18:55.924428,60546,1,0.3,1,7411,0.9805
2026-04-05T05:18:56.332452,60554,1,0.1,3,7412,0.9804
2026-04-05T05:18:56.925426,60565,1,30.0,2,7413,0.9805
2026-04-05T05:18:58.205451,60590,1,1.0,3,7414,0.9804
2026-04-05T05:18:58.412452,60594,3,0.1;0.1;0.1,4;2;3,7417,0.9803
2026-04-05T05:18:58.718452,60600,2,30.0;0.3,2;1,7419,0.9800
2026-04-05T05:18:59.291452,60611,2,30.0;1.0,2;1,7421,0.9800
2026-04-05T05:18:59.602452,60617,3,30.0;100.0;0.3,3;1;2,7424,0.9800
2026-04-05T05:18:59.806452,60621,1,100.0,2,7425,0.9800
2026-04-05T05:18:59.908451,60623,1,0.1,1,7426,0.9800
2026-04-05T05:19:01.566432,60655,1,10.0,3,7427,0.9809
2026-04-05T05:19:03.023452,60683,2,10.0;30.0,3;3,7429,0.9812
2026-04-05T05:19:03.738452,60697,1,10.0,3,7430,0.9811
2026-04-05T05:19:03.840452,60699,1,1.0,2,7431,0.9808
2026-04-05T05:19:04.577451,60713,3,0.3;100.0;0.3,3;1;3,7434,0.9807
2026-04-05T05:19:04.732452,60716,1,30.0,1,7435,0.9806
2026-04-05T05:19:05.243452,60726,2,0.1;0.3,1;1,7437,0.9803
2026-04-05T05:19:06.169428,60744,1,100.0,1,7438,0.9808
2026-04-05T05:19:06.273451,60746,2,0.1;10.0,3;2,7440,0.9805
2026-04-05T05:19:06.579432,60752,2,30.0;0.1,3;3,7442,0.9802
2026-04-05T05:19:07.140452,60763,1,3.0,3,7443,0.9800
2026-04-05T05:19:07.299454,60766,1,30.0,1,7444,0.9800
2026-04-05T05:19:08.881451,60797,1,0.1,2,7445,0.9801
2026-04-05T05:19:08.942424,60798,3,3.0;0.3;3.0,3;3;2,7448,0.9800
2026-04-05T05:19:09.199451,60803,1,1.0,1,7449,0.9800
2026-04-05T05:19:09.812432,60815,1,30.0,1,7450,0.9803
2026-04-05T05:19:09.914452,60817,1,0.1,2,7451,0.9800
2026-04-05T05:19:10.426452,60827,1,0.1,2,7452,0.9800
2026-04-05T05:19:11.141429,60841,3,3.0;100.0;0.3,1;1;3,7455,0.9801
2026-04-05T05:19:11.345426,60845,3,3.0;30.0;10.0,1;2;2,7458,0.9800
2026-04-05T05:19:11.757427,60853,2,30.0;30.0,3;1,7460,0.9801
2026-04-05T05:19:12.336426,60864,1,0.1,3,7461,0.9800
2026-04-05T05:19:12.745452,60872,1,0.1,1,7462,0.9800
2026-04-05T05:19:13.056427,60878,3,1.0;3.0;30.0,2;3;1,7465,0.9800
2026-04-05T05:19:15.217452,60919,2,10.0;3.0,2;1,7467,0.9817
2026-04-05T05:19:15.328432,60921,1,0.1,1,7468,0.9814
2026-04-05T05:19:15.635451,60927,1,1.0,2,7469,0.9811
2026-04-05T05:19:15.741427,60929,2,3.0;30.0,3;4,7471,0.9808
2026-04-05T05:19:16.123427,60936,1,1.0,2,7472,0.9807
2026-04-05T05:19:17.709452,60967,1,3.0,1,7473,0.9812
2026-04-05T05:19:17.760452,60968,1,0.3,2,7474,0.9809
2026-04-05T05:19:18.731451,60987,2,0.3;100.0,1;2,7476,0.9810
2026-04-05T05:19:19.209452,60996,2,100.0;30.0,3;3,7478,0.9807
2026-04-05T05:19:19.924451,61010,2,10.0;1.0,2;3,7480,0.9812
2026-04-05T05:19:20.648451,61024,1,1.0,3,7481,0.9811
2026-04-05T05:19:24.270452,61094,1,3.0,4,7482,0.9830
2026-04-05T05:19:24.678452,61102,1,100.0,1,7483,0.9827
2026-04-05T05:19:25.137427,61111,1,0.3,1,7484,0.9828
2026-04-05T05:19:25.448433,61117,1,1.0,2,7485,0.9825
2026-04-05T05:19:25.652427,61121,2,0.1;100.0,3;3,7487,0.9822
2026-04-05T05:19:25.907452,61126,1,0.3,1,7488,0.9819
2026-04-05T05:19:26.931451,61146,2,30.0;10.0,1;3,7490,0.9820
2026-04-05T05:19:26.983427,61147,1,30.0,1,7491,0.9817
2026-04-05T05:19:27.391452,61155,1,0.1,1,7492,0.9818
2026-04-05T05:19:27.697433,61161,1,10.0,1,7493,0.9815
2026-04-05T05:19:28.377452,61174,1,100.0,2,7494,0.9818
2026-04-05T05:19:28.734431,61181,1,0.1,2,7495,0.9817
2026-04-05T05:19:29.245428,61191,2,1.0;1.0,1;2,7497,0.9816
2026-04-05T05:19:29.401434,61194,1,3.0,4,7498,0.9813
2026-04-05T05:19:29.606451,61198,2,1.0;1.0,2;1,7500,0.9810
2026-04-05T05:19:29.811452,61202,3,30.0;0.1;0.3,3;2;1,7503,0.9809
2026-04-05T05:19:30.372432,61213,1,10.0,3,7504,0.9812
2026-04-05T05:19:31.547452,61236,1,1.0,3,7505,0.9815
2026-04-05T05:19:31.807451,61241,1,100.0,3,7506,0.9816
2026-04-05T05:19:32.779451,61260,1,0.3,2,7507,0.9819
2026-04-05T05:19:33.035452,61265,2,0.3;100.0,2;3,7509,0.9818
2026-04-05T05:19:34.495452,61293,1,1.0,1,7510,0.9817
2026-04-05T05:19:34.546452,61294,1,1.0,2,7511,0.9814
2026-04-05T05:19:34.852428,61300,1,0.3,1,7512,0.9811
2026-04-05T05:19:35.959432,61321,2,100.0;0.1,1;2,7514,0.9818
2026-04-05T05:19:36.165451,61325,1,0.3,2,7515,0.9817
2026-04-05T05:19:36.522451,61332,1,30.0,2,7516,0.9814
2026-04-05T05:19:36.574451,61333,1,30.0,3,7517,0.9811
2026-04-05T05:19:36.983451,61341,1,100.0,4,7518,0.9808
2026-04-05T05:19:38.434427,61369,2,3.0;100.0,4;3,7520,0.9811
2026-04-05T05:19:40.300452,61405,1,100.0,3,7521,0.9822
2026-04-05T05:19:40.963452,61418,3,0.3;100.0;10.0,3;3;1,7524,0.9819
2026-04-05T05:19:41.065427,61420,2,1.0;3.0,1;1,7526,0.9816
2026-04-05T05:19:41.372432,61426,1,3.0,3,7527,0.9815
2026-04-05T05:19:41.423451,61427,1,10.0,2,7528,0.9812
2026-04-05T05:19:42.003451,61438,1,30.0,2,7529,0.9813
2026-04-05T05:19:46.142451,61518,1,1.0,1,7530,0.9826
2026-04-05T05:19:47.891452,61552,2,30.0;30.0,1;3,7532,0.9833
2026-04-05T05:19:49.029452,61574,2,30.0;3.0,3;2,7534,0.9836
2026-04-05T05:19:49.182452,61577,2,30.0;0.1,3;2,7536,0.9833
2026-04-05T05:19:49.335425,61580,2,10.0;10.0,2;2,7538,0.9830
2026-04-05T05:19:49.488452,61583,2,30.0;1.0,3;1,7540,0.9827
2026-04-05T05:19:50.461452,61601,2,0.1;10.0,4;2,7542,0.9826
2026-04-05T05:19:50.563451,61603,1,100.0,4,7543,0.9825
2026-04-05T05:19:50.920451,61610,2,100.0;100.0,1;3,7545,0.9826
2026-04-05T05:19:50.977430,61611,3,1.0;10.0;0.3,2;1;1,7548,0.9823
2026-04-05T05:19:51.183452,61615,1,0.3,3,7549,0.9824
2026-04-05T05:19:51.846427,61628,1,30.0,3,7550,0.9821
2026-04-05T05:19:51.949432,61630,1,0.1,1,7551,0.9818
2026-04-05T05:19:52.714452,61645,1,100.0,3,7552,0.9817
2026-04-05T05:19:54.209451,61674,1,0.1,1,7553,0.9828
2026-04-05T05:19:54.464432,61679,2,1.0;100.0,1;4,7555,0.9825
2026-04-05T05:19:55.597451,61701,2,3.0;0.3,1;3,7557,0.9824
2026-04-05T05:19:55.702452,61703,1,0.3,2,7558,0.9821
2026-04-05T05:19:56.523423,61719,1,0.3,1,7559,0.9818
2026-04-05T05:19:57.457451,61736,1,10.0,1,7560,0.9821
2026-04-05T05:19:58.734452,61761,1,0.1,1,7561,0.9826
2026-04-05T05:19:59.297451,61772,2,30.0;1.0,3;2,7563,0.9823
2026-04-05T05:20:00.013427,61786,1,10.0,3,7564,0.9820
2026-04-05T05:20:00.627452,61798,2,1.0;0.3,2;2,7566,0.9819
2026-04-05T05:20:01.445426,61814,2,30.0;3.0,2;3,7568,0.9822
2026-04-05T05:20:03.304433,61850,3,100.0;10.0;0.3,4;1;2,7571,0.9823
2026-04-05T05:20:03.713451,61858,1,100.0,3,7572,0.9820
2026-04-05T05:20:04.432457,61872,2,100.0;3.0,3;4,7574,0.9823
2026-04-05T05:20:04.689433,61877,1,1.0,3,7575,0.9820
2026-04-05T05:20:05.408452,61891,1,0.1,3,7576,0.9821
2026-04-05T05:20:05.612451,61895,2,10.0;1.0,3;3,7578,0.9820
2026-04-05T05:20:05.714426,61897,1,10.0,1,7579,0.9817
2026-04-05T05:20:05.969427,61902,1,0.1,1,7580,0.9814
2026-04-05T05:20:06.327451,61909,1,100.0,1,7581,0.9811
2026-04-05T05:20:06.379433,61910,2,0.1;0.1,3;2,7583,0.9808
2026-04-05T05:20:09.552432,61972,3,10.0;0.3;100.0,2;3;3,7586,0.9821
2026-04-05T05:20:10.378452,61988,1,30.0,3,7587,0.9826
2026-04-05T05:20:10.685429,61994,2,10.0;100.0,3;4,7589,0.9829
2026-04-05T05:20:10.941451,61999,1,3.0,3,7590,0.9830
2026-04-05T05:20:10.992426,62000,1,10.0,2,7591,0.9827
2026-04-05T05:20:12.525432,62030,2,10.0;1.0,2;3,7593,0.9836
2026-04-05T05:20:12.577426,62031,2,0.1;0.1,2;2,7595,0.9833
2026-04-05T05:20:12.730451,62034,1,30.0,1,7596,0.9830
2026-04-05T05:20:13.709452,62053,1,30.0,2,7597,0.9833
2026-04-05T05:20:14.474452,62068,1,1.0,2,7598,0.9832
2026-04-05T05:20:15.494451,62088,1,1.0,2,7599,0.9833
2026-04-05T05:20:17.181427,62121,1,30.0,3,7600,0.9834
2026-04-05T05:20:17.852433,62134,1,1.0,2,7601,0.9835
2026-04-05T05:20:18.108425,62139,1,1.0,3,7602,0.9836
2026-04-05T05:20:18.363452,62144,2,100.0;30.0,2;3,7604,0.9835
2026-04-05T05:20:18.415427,62145,2,1.0;1.0,2;4,7606,0.9832
2026-04-05T05:20:18.879427,62154,3,10.0;10.0;30.0,4;3;2,7609,0.9831
2026-04-05T05:20:21.642452,62208,1,1.0,3,7610,0.9842
2026-04-05T05:20:22.920451,62233,2,30.0;100.0,2;4,7612,0.9843
2026-04-05T05:20:23.484440,62244,1,100.0,4,7613,0.9842
2026-04-05T05:20:24.096451,62256,2,0.1;0.1,4;1,7615,0.9843
2026-04-05T05:20:24.504452,62264,1,100.0,3,7616,0.9840
2026-04-05T05:20:25.688428,62287,2,3.0;100.0,1;3,7618,0.9845
2026-04-05T05:20:25.741451,62288,1,10.0,2,7619,0.9842
2026-04-05T05:20:25.792433,62289,1,100.0,2,7620,0.9839
2026-04-05T05:20:27.973451,62329,3,1.0;0.3;3.0,3;2;2,7623,0.9846
2026-04-05T05:20:28.331429,62336,2,1.0;0.1,4;1,7625,0.9849
2026-04-05T05:20:29.676452,62362,1,30.0,3,7626,0.9850
2026-04-05T05:20:31.310452,62394,2,0.3;0.3,2;3,7628,0.9857
2026-04-05T05:20:31.414452,62396,3,0.1;100.0;0.1,2;3;2,7631,0.9854
2026-04-05T05:20:31.516451,62398,1,0.3,2,7632,0.9851
2026-04-05T05:20:31.720451,62402,3,3.0;30.0;30.0,4;1;2,7635,0.9848
2026-04-05T05:20:31.975451,62407,1,100.0,1,7636,0.9845
2026-04-05T05:20:32.128452,62410,1,1.0,2,7637,0.9842
2026-04-05T05:20:32.179426,62411,1,100.0,3,7638,0.9839
2026-04-05T05:20:32.434451,62416,1,30.0,3,7639,0.9840
2026-04-05T05:20:32.485452,62417,1,0.3,1,7640,0.9837
2026-04-05T05:20:33.460451,62436,2,10.0;10.0,3;2,7642,0.9838
2026-04-05T05:20:34.079452,62448,1,30.0,3,7643,0.9835
2026-04-05T05:20:35.707432,62479,2,1.0;100.0,2;1,7645,0.9846
2026-04-05T05:20:36.947451,62503,2,100.0;30.0,1;3,7647,0.9845
2026-04-05T05:20:36.999452,62504,1,3.0,1,7648,0.9842
2026-04-05T05:20:38.173452,62527,1,0.1,2,7649,0.9843
2026-04-05T05:20:38.895452,62541,2,1.0;10.0,3;4,7651,0.9840
2026-04-05T05:20:38.947427,62542,2,30.0;1.0,3;1,7653,0.9837
2026-04-05T05:20:39.304426,62549,1,100.0,2,7654,0.9834
2026-04-05T05:20:40.026452,62563,1,0.3,3,7655,0.9835
2026-04-05T05:20:40.696452,62576,1,100.0,3,7656,0.9838
2026-04-05T05:20:40.952452,62581,1,30.0,1,7657,0.9837
2026-04-05T05:20:41.054451,62583,1,0.1,1,7658,0.9836
2026-04-05T05:20:43.365426,62628,2,0.1;3.0,3;1,7660,0.9851
2026-04-05T05:20:44.742422,62655,2,30.0;100.0,3;2,7662,0.9852
2026-04-05T05:20:45.107452,62662,1,0.1,1,7663,0.9851
2026-04-05T05:20:46.487428,62689,1,0.1,4,7664,0.9854
2026-04-05T05:20:46.794452,62695,1,100.0,1,7665,0.9851
2026-04-05T05:20:47.985452,62718,1,10.0,1,7666,0.9852
2026-04-05T05:20:49.132452,62740,1,3.0,3,7667,0.9853
2026-04-05T05:20:49.387451,62745,3,3.0;100.0;10.0,2;3;3,7670,0.9850
2026-04-05T05:20:51.236452,62781,1,1.0,1,7671,0.9859
2026-04-05T05:20:51.797452,62792,1,1.0,1,7672,0.9856
2026-04-05T05:20:52.213452,62800,1,100.0,3,7673,0.9855
2026-04-05T05:20:52.520426,62806,1,0.1,2,7674,0.9852
2026-04-05T05:20:54.307452,62841,1,0.3,2,7675,0.9857
2026-04-05T05:20:54.562451,62846,1,0.1,3,7676,0.9854
2026-04-05T05:20:55.025452,62855,2,10.0;10.0,3;3,7678,0.9853
2026-04-05T05:20:55.908452,62872,2,3.0;0.1,2;1,7680,0.9856
2026-04-05T05:20:55.959428,62873,2,0.1;0.1,2;1,7682,0.9853
2026-04-05T05:20:56.215452,62878,1,1.0,4,7683,0.9852
2026-04-05T05:20:57.748451,62908,2,10.0;0.1,1;1,7685,0.9859
2026-04-05T05:20:58.003452,62913,1,30.0,1,7686,0.9858
2026-04-05T05:20:58.360433,62920,2,0.1;1.0,4;2,7688,0.9859
2026-04-05T05:20:58.717451,62927,3,0.3;30.0;10.0,2;2;2,7691,0.9856
2026-04-05T05:20:59.742452,62947,2,1.0;100.0,1;2,7693,0.9861
2026-04-05T05:20:59.844427,62949,1,30.0,4,7694,0.9858
2026-04-05T05:21:00.150452,62955,1,10.0,2,7695,0.9855
2026-04-05T05:21:00.926452,62970,2,0.3;100.0,3;2,7697,0.9854
2026-04-05T05:21:01.079455,62973,1,10.0,1,7698,0.9851
2026-04-05T05:21:01.334425,62978,1,1.0,3,7699,0.9848
2026-04-05T05:21:01.915452,62989,2,0.3;100.0,3;3,7701,0.9847
2026-04-05T05:21:02.329452,62997,2,0.1;10.0,4;1,7703,0.9844
2026-04-05T05:21:03.152451,63012,1,0.1,1,7704,0.9845
2026-04-05T05:21:04.178451,63032,2,3.0;0.3,1;3,7706,0.9844
2026-04-05T05:21:04.484452,63038,1,100.0,3,7707,0.9841
2026-04-05T05:21:04.790452,63044,1,30.0,1,7708,0.9840
2026-04-05T05:21:04.892452,63046,1,0.3,4,7709,0.9837
2026-04-05T05:21:05.714427,63062,1,0.3,3,7710,0.9838
2026-04-05T05:21:06.455428,63076,2,1.0;0.1,2;3,7712,0.9841
2026-04-05T05:21:07.120451,63089,2,3.0;3.0,4;2,7714,0.9840
2026-04-05T05:21:07.273452,63092,1,1.0,1,7715,0.9837
2026-04-05T05:21:07.324426,63093,3,1.0;100.0;100.0,2;2;1,7718,0.9834
2026-04-05T05:21:07.630451,63099,1,1.0,1,7719,0.9833
2026-04-05T05:21:08.553452,63117,1,100.0,2,7720,0.9840
2026-04-05T05:21:08.859452,63123,3,30.0;30.0;30.0,2;3;1,7723,0.9837
2026-04-05T05:21:10.890451,63162,2,10.0;3.0,3;1,7725,0.9838
2026-04-05T05:21:12.336425,63189,3,0.3;0.1;30.0,4;3;1,7728,0.9837
2026-04-05T05:21:12.439452,63191,1,3.0,2,7729,0.9834
2026-04-05T05:21:13.051452,63203,1,1.0,2,7730,0.9831
2026-04-05T05:21:13.153452,63205,1,0.1,3,7731,0.9828
2026-04-05T05:21:13.765452,63217,3,100.0;1.0;1.0,2;3;3,7734,0.9825
2026-04-05T05:21:13.816427,63218,1,30.0,1,7735,0.9822
2026-04-05T05:21:15.347428,63248,1,0.3,2,7736,0.9823
2026-04-05T05:21:15.959452,63260,2,1.0;0.1,3;2,7738,0.9822
2026-04-05T05:21:16.265432,63266,2,30.0;3.0,2;2,7740,0.9821
2026-04-05T05:21:16.316452,63267,1,0.3,2,7741,0.9818
2026-04-05T05:21:17.285452,63286,1,10.0,3,7742,0.9825
2026-04-05T05:21:17.336425,63287,1,0.1,3,7743,0.9822
2026-04-05T05:21:18.153451,63303,3,30.0;30.0;30.0,3;1;3,7746,0.9821
2026-04-05T05:21:19.146452,63322,1,1.0,1,7747,0.9822
2026-04-05T05:21:21.138451,63359,3,3.0;10.0;3.0,3;2;1,7750,0.9823
2026-04-05T05:21:22.518452,63386,1,100.0,1,7751,0.9830
2026-04-05T05:21:22.722452,63390,2,0.3;1.0,2;2,7753,0.9827
2026-04-05T05:21:22.875452,63393,2,3.0;3.0,1;2,7755,0.9824
2026-04-05T05:21:23.386452,63403,2,10.0;0.3,1;4,7757,0.9823
2026-04-05T05:21:23.909430,63413,1,30.0,1,7758,0.9822
2026-04-05T05:21:24.319452,63421,2,100.0;100.0,3;1,7760,0.9821
2026-04-05T05:21:24.676432,63428,3,3.0;0.1;30.0,1;1;1,7763,0.9820
2026-04-05T05:21:24.880452,63432,1,10.0,2,7764,0.9817
2026-04-05T05:21:25.594451,63446,1,1.0,1,7765,0.9818
2026-04-05T05:21:25.801452,63450,1,0.1,3,7766,0.9819
2026-04-05T05:21:26.005428,63454,2,0.1;10.0,2;2,7768,0.9816
2026-04-05T05:21:26.261451,63459,1,100.0,1,7769,0.9813
2026-04-05T05:21:26.313448,63460,3,100.0;30.0;0.3,2;1;4,7772,0.9810
2026-04-05T05:21:26.721451,63468,3,3.0;10.0;10.0,1;2;2,7775,0.9807
2026-04-05T05:21:27.487427,63483,1,0.3,3,7776,0.9804
2026-04-05T05:21:30.148451,63535,1,1.0,3,7777,0.9817
2026-04-05T05:21:30.928451,63550,2,0.1;3.0,4;4,7779,0.9820
2026-04-05T05:21:31.081452,63553,1,1.0,3,7780,0.9819
2026-04-05T05:21:32.107452,63573,1,3.0,2,7781,0.9826
2026-04-05T05:21:32.261428,63576,2,0.1;0.3,1;2,7783,0.9827
2026-04-05T05:21:32.786452,63586,2,1.0;30.0,1;1,7785,0.9826
2026-04-05T05:21:33.143451,63593,3,1.0;0.3;0.3,3;4;1,7788,0.9827
2026-04-05T05:21:33.912422,63608,1,30.0,1,7789,0.9824
2026-04-05T05:21:34.373429,63617,2,30.0;100.0,2;3,7791,0.9823
2026-04-05T05:21:34.991422,63628,1,1.0,2,7792,0.9822
2026-04-05T05:21:35.535452,63638,1,1.0,1,7793,0.9819
2026-04-05T05:21:35.739426,63642,2,10.0;1.0,1;2,7795,0.9816
2026-04-05T05:21:36.045432,63648,2,30.0;30.0,2;3,7797,0.9813
2026-04-05T05:21:36.658451,63660,1,10.0,1,7798,0.9812
2026-04-05T05:21:37.219452,63671,1,100.0,2,7799,0.9813
2026-04-05T05:21:37.425452,63675,1,100.0,2,7800,0.9810
2026-04-05T05:21:37.476452,63676,2,0.3;10.0,1;3,7802,0.9807
2026-04-05T05:21:39.210451,63710,3,1.0;30.0;100.0,2;3;1,7805,0.9816
2026-04-05T05:21:39.669451,63719,2,10.0;10.0,1;1,7807,0.9819
2026-04-05T05:21:40.128451,63728,2,0.1;100.0,3;3,7809,0.9816
2026-04-05T05:21:40.792452,63741,2,3.0;3.0,4;3,7811,0.9813
2026-04-05T05:21:41.047451,63746,1,3.0,4,7812,0.9810
2026-04-05T05:21:41.353452,63752,3,30.0;1.0;0.3,3;2;1,7815,0.9809
2026-04-05T05:21:43.317451,63790,1,0.1,3,7816,0.9824
2026-04-05T05:21:43.370426,63791,1,1.0,3,7817,0.9821
2026-04-05T05:21:43.983431,63803,1,3.0,1,7818,0.9820
2026-04-05T05:21:45.002451,63822,1,0.1,3,7819,0.9823
2026-04-05T05:21:45.615452,63834,2,0.1;10.0,4;3,7821,0.9824
2026-04-05T05:21:46.368451,63848,2,0.1;10.0,3;1,7823,0.9825
2026-04-05T05:21:47.747451,63875,1,10.0,2,7824,0.9830
2026-04-05T05:21:47.910451,63878,1,1.0,3,7825,0.9827
2026-04-05T05:21:47.961452,63879,2,1.0;100.0,3;4,7827,0.9824
2026-04-05T05:21:48.574452,63891,2,3.0;10.0,2;1,7829,0.9821
2026-04-05T05:21:49.368452,63906,1,0.1,3,7830,0.9818
2026-04-05T05:21:49.572452,63910,1,0.1,3,7831,0.9815
2026-04-05T05:21:49.827452,63915,1,10.0,1,7832,0.9814
2026-04-05T05:21:50.389452,63926,1,10.0,3,7833,0.9813
2026-04-05T05:21:50.645452,63931,1,30.0,3,7834,0.9810
2026-04-05T05:21:51.666451,63951,2,3.0;100.0,1;1,7836,0.9809
2026-04-05T05:21:52.563452,63968,3,3.0;10.0;100.0,1;1;2,7839,0.9806
2026-04-05T05:21:52.614452,63969,2,1.0;10.0,1;3,7841,0.9803
2026-04-05T05:21:52.665452,63970,1,0.3,1,7842,0.9800
2026-04-05T05:21:53.286452,63982,2,0.1;0.1,2;3,7844,0.9800
2026-04-05T05:21:54.205452,64000,1,10.0,3,7845,0.9805
2026-04-05T05:21:55.225452,64020,3,10.0;10.0;10.0,3;2;3,7848,0.9812
2026-04-05T05:21:55.429451,64024,1,10.0,1,7849,0.9809
2026-04-05T05:21:57.636452,64067,1,30.0,3,7850,0.9820
2026-04-05T05:21:57.791452,64070,2,3.0;10.0,2;2,7852,0.9817
2026-04-05T05:21:58.250452,64079,1,3.0,1,7853,0.9814
2026-04-05T05:21:58.717452,64088,1,1.0,2,7854,0.9815
2026-04-05T05:21:58.822452,64090,2,0.3;0.3,3;1,7856,0.9812
2026-04-05T05:21:58.873425,64091,1,30.0,3,7857,0.9809
2026-04-05T05:21:59.128451,64096,1,100.0,3,7858,0.9806
2026-04-05T05:21:59.493430,64103,2,1.0;100.0,1;2,7860,0.9809
2026-04-05T05:21:59.646452,64106,1,1.0,3,7861,0.9808
2026-04-05T05:21:59.748432,64108,1,0.1,2,7862,0.9805
2026-04-05T05:22:01.383452,64140,3,100.0;1.0;0.1,1;2;3,7865,0.9804
2026-04-05T05:22:02.206427,64156,3,3.0;0.1;0.1,4;2;3,7868,0.9803
2026-04-05T05:22:02.617451,64164,1,0.1,1,7869,0.9802
2026-04-05T05:22:02.668452,64165,1,3.0,3,7870,0.9800
2026-04-05T05:22:02.975451,64171,1,0.3,1,7871,0.9800
2026-04-05T05:22:03.179451,64175,1,3.0,1,7872,0.9800
2026-04-05T05:22:03.230452,64176,1,0.1,3,7873,0.9800
2026-04-05T05:22:03.383452,64179,2,100.0;3.0,3;3,7875,0.9800
2026-04-05T05:22:03.434452,64180,2,0.3;1.0,3;2,7877,0.9800
2026-04-05T05:22:04.404451,64199,1,0.3,3,7878,0.9800
2026-04-05T05:22:05.477452,64220,1,10.0,1,7879,0.9805
2026-04-05T05:22:05.528432,64221,2,0.1;100.0,3;3,7881,0.9802
2026-04-05T05:22:06.293452,64236,1,3.0,1,7882,0.9803
2026-04-05T05:22:09.426452,64297,1,10.0,3,7883,0.9812
2026-04-05T05:22:09.529451,64299,2,30.0;100.0,2;2,7885,0.9809
2026-04-05T05:22:10.095426,64310,1,0.3,3,7886,0.9808
2026-04-05T05:22:11.320451,64333,1,30.0,1,7887,0.9807
2026-04-05T05:22:11.525451,64337,2,100.0;0.1,2;4,7889,0.9804
2026-04-05T05:22:11.933452,64345,1,0.1,3,7890,0.9803
2026-04-05T05:22:13.992452,64385,1,0.1,1,7891,0.9816
2026-04-05T05:22:14.502452,64395,1,1.0,4,7892,0.9819
2026-04-05T05:22:14.859451,64402,3,0.1;100.0;100.0,2;3;4,7895,0.9816
2026-04-05T05:22:15.472432,64414,2,10.0;0.1,3;2,7897,0.9817
2026-04-05T05:22:17.008452,64444,2,0.1;3.0,1;2,7899,0.9822
2026-04-05T05:22:17.366452,64451,1,3.0,2,7900,0.9819
2026-04-05T05:22:18.250451,64468,2,3.0;1.0,3;3,7902,0.9824
2026-04-05T05:22:18.352425,64470,1,3.0,2,7903,0.9821
2026-04-05T05:22:19.016452,64483,1,3.0,4,7904,0.9820
2026-04-05T05:22:20.621451,64513,1,1.0,1,7905,0.9821
2026-04-05T05:22:20.825452,64517,1,30.0,1,7906,0.9818
2026-04-05T05:22:20.978452,64520,3,1.0;1.0;0.3,3;3;2,7909,0.9815
2026-04-05T05:22:21.029451,64521,3,10.0;0.3;0.3,2;1;3,7912,0.9812
2026-04-05T05:22:21.080432,64522,1,0.3,2,7913,0.9809
2026-04-05T05:22:23.236451,64564,1,0.1,2,7914,0.9818
2026-04-05T05:22:23.798452,64575,1,3.0,3,7915,0.9821
2026-04-05T05:22:24.653452,64591,1,3.0,2,7916,0.9824
2026-04-05T05:22:24.777423,64593,3,1.0;1.0;3.0,1;2;3,7919,0.9821
2026-04-05T05:22:24.839427,64594,1,1.0,1,7920,0.9818
2026-04-05T05:22:25.407451,64605,2,100.0;3.0,2;1,7922,0.9821
2026-04-05T05:22:26.067451,64617,1,100.0,2,7923,0.9818
2026-04-05T05:22:26.170451,64619,1,3.0,4,7924,0.9815
2026-04-05T05:22:26.527451,64626,3,0.3;10.0;0.3,2;3;3,7927,0.9816
2026-04-05T05:22:26.782451,64631,1,3.0,2,7928,0.9813
2026-04-05T05:22:27.088451,64637,1,100.0,1,7929,0.9810
2026-04-05T05:22:27.926432,64653,2,0.1;1.0,4;2,7931,0.9813
2026-04-05T05:22:28.335425,64661,1,1.0,3,7932,0.9812
2026-04-05T05:22:30.090425,64695,2,1.0;1.0,1;1,7934,0.9813
2026-04-05T05:22:30.333425,64699,1,0.1,1,7935,0.9810
2026-04-05T05:22:30.640452,64705,2,1.0;100.0,4;3,7937,0.9807
2026-04-05T05:22:31.099426,64714,1,100.0,1,7938,0.9806
2026-04-05T05:22:31.205451,64716,1,30.0,3,7939,0.9803
2026-04-05T05:22:33.350426,64758,1,10.0,1,7940,0.9810
2026-04-05T05:22:33.657451,64764,1,100.0,3,7941,0.9807
2026-04-05T05:22:33.708452,64765,1,10.0,3,7942,0.9804
2026-04-05T05:22:35.617452,64802,1,0.1,1,7943,0.9803
2026-04-05T05:22:36.076451,64811,1,1.0,2,7944,0.9800
2026-04-05T05:22:36.178452,64813,1,30.0,1,7945,0.9800
2026-04-05T05:22:36.331439,64816,1,3.0,2,7946,0.9800
2026-04-05T05:22:37.056451,64830,1,3.0,1,7947,0.9803
2026-04-05T05:22:37.107452,64831,1,100.0,2,7948,0.9800
2026-04-05T05:22:38.437452,64857,1,10.0,3,7949,0.9805
2026-04-05T05:22:38.794451,64864,1,30.0,3,7950,0.9804
2026-04-05T05:22:38.845428,64865,1,0.1,3,7951,0.9801
2026-04-05T05:22:39.672452,64881,1,1.0,1,7952,0.9806
2026-04-05T05:22:39.876451,64885,2,3.0;3.0,1;3,7954,0.9805
2026-04-05T05:22:40.183452,64891,2,0.3;1.0,2;2,7956,0.9804
2026-04-05T05:22:40.643451,64900,1,1.0,2,7957,0.9805
2026-04-05T05:22:41.102452,64909,1,30.0,3,7958,0.9804
2026-04-05T05:22:41.858451,64923,3,100.0;100.0;100.0,3;1;2,7961,0.9803
2026-04-05T05:22:42.543432,64936,1,10.0,1,7962,0.9802
2026-04-05T05:22:43.157451,64948,2,0.3;3.0,3;2,7964,0.9801
2026-04-05T05:22:44.659452,64977,1,30.0,3,7965,0.9804
2026-04-05T05:22:45.169452,64987,2,0.1;0.1,1;3,7967,0.9807
2026-04-05T05:22:45.271451,64989,1,0.1,3,7968,0.9804
2026-04-05T05:22:45.373451,64991,1,30.0,2,7969,0.9801
2026-04-05T05:22:45.527451,64994,3,0.3;100.0;0.1,2;1;2,7972,0.9800
2026-04-05T05:22:48.105452,65044,1,0.3,4,7973,0.9809
2026-04-05T05:22:51.345451,65107,1,30.0,1,7974,0.9822
2026-04-05T05:22:52.578452,65131,1,30.0,3,7975,0.9827
2026-04-05T05:23:47.945426,65158,1,0.3,1,7976,0.9838
2026-04-05T05:23:48.218426,65163,2,0.1;0.3,4;1,7978,0.9835
2026-04-05T05:23:49.507451,65188,3,30.0;1.0;0.3,3;1;2,7981,0.9838
2026-04-05T05:23:49.917451,65196,1,1.0,2,7982,0.9835
2026-04-05T05:23:51.539452,65227,1,1.0,3,7983,0.9834
2026-04-05T05:23:51.845452,65233,1,0.3,3,7984,0.9831
2026-04-05T05:23:52.794452,65250,1,3.0,3,7985,0.9830
2026-04-05T05:23:53.967452,65273,1,0.1,3,7986,0.9833
2026-04-05T05:23:55.403452,65301,2,30.0;10.0,2;1,7988,0.9836
2026-04-05T05:23:55.607452,65305,1,0.1,3,7989,0.9835
2026-04-05T05:23:57.350451,65339,1,0.1,1,7990,0.9844
2026-04-05T05:23:57.454452,65341,1,100.0,1,7991,0.9841
2026-04-05T05:23:58.831452,65368,1,1.0,2,7992,0.9842
2026-04-05T05:23:59.967452,65390,2,0.3;0.1,2;2,7994,0.9849
2026-04-05T05:24:00.477451,65400,1,0.1,1,7995,0.9846
2026-04-05T05:24:00.835451,65407,3,0.1;3.0;30.0,3;1;3,7998,0.9845
2026-04-05T05:24:00.937452,65409,1,100.0,1,7999,0.9842
2026-04-05T05:24:01.192452,65414,1,100.0,3,8000,0.9839
2026-04-05T05:24:01.450452,65419,1,30.0,3,8001,0.9838
2026-04-05T05:24:01.603428,65422,2,0.1;30.0,3;3,8003,0.9837
2026-04-05T05:24:03.339445,65455,1,0.3,3,8004,0.9838
2026-04-05T05:24:04.923452,65486,2,3.0;1.0,3;2,8006,0.9841
2026-04-05T05:24:05.331435,65494,2,10.0;0.3,3;1,8008,0.9844
2026-04-05T05:24:05.433451,65496,1,1.0,2,8009,0.9841
2026-04-05T05:24:05.661451,65500,1,3.0,2,8010,0.9838
2026-04-05T05:24:06.430452,65515,1,100.0,1,8011,0.9839
2026-04-05T05:24:07.094451,65528,1,100.0,3,8012,0.9840
2026-04-05T05:24:07.349452,65533,1,0.3,4,8013,0.9841
2026-04-05T05:24:07.504427,65536,1,10.0,2,8014,0.9840
2026-04-05T05:24:07.914451,65544,1,0.3,2,8015,0.9839
2026-04-05T05:24:08.808452,65561,2,30.0;3.0,1;1,8017,0.9844
2026-04-05T05:24:08.911452,65563,2,0.1;1.0,3;3,8019,0.9841
2026-04-05T05:24:09.115452,65567,1,0.3,1,8020,0.9840
2026-04-05T05:24:09.370452,65572,2,30.0;100.0,1;2,8022,0.9839
2026-04-05T05:24:09.421452,65573,1,30.0,2,8023,0.9836
2026-04-05T05:24:09.472451,65574,1,0.1,1,8024,0.9833
2026-04-05T05:24:10.034452,65585,2,100.0;0.1,3;1,8026,0.9832
2026-04-05T05:24:10.595452,65596,2,30.0;1.0,3;3,8028,0.9833
2026-04-05T05:24:11.481452,65613,2,0.3;0.1,2;4,8030,0.9834
2026-04-05T05:24:11.895451,65621,3,1.0;30.0;0.1,2;3;2,8033,0.9831
2026-04-05T05:24:12.103451,65625,1,100.0,3,8034,0.9828
2026-04-05T05:24:12.409451,65631,3,1.0;30.0;30.0,3;3;3,8037,0.9825
2026-04-05T05:24:12.715452,65637,2,100.0;100.0,3;3,8039,0.9822
2026-04-05T05:24:13.072452,65644,1,10.0,2,8040,0.9821
2026-04-05T05:24:13.329427,65649,1,100.0,3,8041,0.9818
2026-04-05T05:24:14.146452,65665,1,0.3,1,8042,0.9817
2026-04-05T05:24:14.707452,65676,2,1.0;0.1,3;1,8044,0.9814
2026-04-05T05:24:15.932427,65700,1,10.0,4,8045,0.9813
2026-04-05T05:24:16.188452,65705,2,30.0;1.0,1;1,8047,0.9810
2026-04-05T05:24:16.749452,65716,2,100.0;100.0,3;1,8049,0.9809
2026-04-05T05:24:17.055451,65722,1,3.0,2,8050,0.9806
2026-04-05T05:24:17.651452,65733,1,1.0,2,8051,0.9805
2026-04-05T05:24:18.579451,65750,1,100.0,1,8052,0.9804
2026-04-05T05:24:20.808452,65793,1,0.1,1,8053,0.9809
2026-04-05T05:24:21.625452,65809,1,100.0,2,8054,0.9814
2026-04-05T05:24:21.881452,65814,2,0.1;100.0,1;2,8056,0.9811
2026-04-05T05:24:22.694452,65829,3,0.1;100.0;100.0,4;3;1,8059,0.9810
2026-04-05T05:24:22.745452,65830,1,10.0,3,8060,0.9807
2026-04-05T05:24:22.796452,65831,2,3.0;0.1,3;2,8062,0.9804
2026-04-05T05:24:23.204451,65839,3,30.0;30.0;100.0,1;3;4,8065,0.9805
2026-04-05T05:24:23.867452,65852,2,30.0;0.3,3;2,8067,0.9804
2026-04-05T05:24:24.480451,65864,3,30.0;0.1;1.0,2;1;3,8070,0.9809
2026-04-05T05:24:24.708451,65868,1,10.0,2,8071,0.9808
2026-04-05T05:24:24.963452,65873,1,0.3,4,8072,0.9805
2026-04-05T05:24:25.423428,65882,1,0.3,2,8073,0.9806
2026-04-05T05:24:25.537451,65884,1,1.0,1,8074,0.9805
2026-04-05T05:24:25.843433,65890,2,1.0;10.0,3;3,8076,0.9802
2026-04-05T05:24:26.013426,65893,2,3.0;3.0,3;1,8078,0.9801
2026-04-05T05:24:26.117452,65895,2,0.1;3.0,3;1,8080,0.9800
2026-04-05T05:24:26.220451,65897,1,3.0,2,8081,0.9800
2026-04-05T05:24:26.561452,65903,1,30.0,1,8082,0.9800
2026-04-05T05:24:26.771452,65907,1,3.0,3,8083,0.9801
2026-04-05T05:24:27.691451,65925,1,1.0,4,8084,0.9802
2026-04-05T05:24:29.685452,65964,1,0.3,4,8085,0.9813
2026-04-05T05:24:32.010452,66009,1,0.1,1,8086,0.9818
2026-04-05T05:24:33.025451,66028,1,30.0,3,8087,0.9817
2026-04-05T05:24:33.331425,66034,1,0.1,3,8088,0.9816
2026-04-05T05:24:33.535452,66038,1,0.1,2,8089,0.9813
2026-04-05T05:24:35.225452,66071,1,100.0,3,8090,0.9818
2026-04-05T05:24:37.022452,66106,1,1.0,1,8091,0.9821
2026-04-05T05:24:37.481427,66115,1,3.0,3,8092,0.9818
2026-04-05T05:24:37.686452,66119,1,0.1,3,8093,0.9815
2026-04-05T05:24:39.534433,66155,1,3.0,3,8094,0.9818
2026-04-05T05:24:40.403451,66172,1,30.0,1,8095,0.9819
2026-04-05T05:24:42.056451,66204,2,30.0;1.0,2;3,8097,0.9818
2026-04-05T05:24:44.394452,66249,2,0.3;0.3,3;2,8099,0.9831
2026-04-05T05:24:44.957451,66260,1,0.3,2,8100,0.9830
2026-04-05T05:24:46.402451,66288,2,0.3;0.1,4;1,8102,0.9835
2026-04-05T05:24:46.759451,66295,2,30.0;1.0,3;3,8104,0.9832
2026-04-05T05:24:46.862451,66297,2,0.1;10.0,1;2,8106,0.9829
2026-04-05T05:24:47.168451,66303,1,3.0,1,8107,0.9826
2026-04-05T05:24:51.526451,66386,1,0.3,3,8108,0.9839
2026-04-05T05:24:52.393452,66403,1,10.0,2,8109,0.9838
2026-04-05T05:24:53.006452,66415,1,10.0,2,8110,0.9837
2026-04-05T05:24:53.057432,66416,1,30.0,1,8111,0.9834
2026-04-05T05:24:53.210451,66419,2,10.0;3.0,1;3,8113,0.9831
2026-04-05T05:24:53.517428,66425,2,1.0;100.0,2;4,8115,0.9834
2026-04-05T05:24:56.297451,66479,3,1.0;1.0;30.0,2;3;1,8118,0.9841
2026-04-05T05:24:56.565452,66484,1,100.0,3,8119,0.9838
2026-04-05T05:24:57.641426,66505,2,30.0;10.0,3;1,8121,0.9843
2026-04-05T05:24:58.458451,66521,1,0.3,4,8122,0.9842
2026-04-05T05:24:59.274426,66537,2,30.0;100.0,4;1,8124,0.9845
2026-04-05T05:24:59.849427,66548,1,3.0,2,8125,0.9846
2026-04-05T05:25:00.308433,66557,1,30.0,3,8126,0.9845
2026-04-05T05:25:00.869452,66568,1,0.3,2,8127,0.9842
2026-04-05T05:25:01.073426,66572,1,30.0,2,8128,0.9839
2026-04-05T05:25:02.093451,66592,1,3.0,3,8129,0.9838
2026-04-05T05:25:02.777427,66605,2,0.3;0.1,3;3,8131,0.9837
2026-04-05T05:25:03.083425,66611,1,30.0,1,8132,0.9836
2026-04-05T05:25:04.105426,66631,2,1.0;1.0,2;1,8134,0.9843
2026-04-05T05:25:05.285452,66654,2,0.3;0.1,2;3,8136,0.9844
2026-04-05T05:25:05.336432,66655,1,0.3,2,8137,0.9841
2026-04-05T05:25:05.438433,66657,1,10.0,2,8138,0.9838
2026-04-05T05:25:06.103427,66670,2,0.3;0.3,4;1,8140,0.9847
2026-04-05T05:25:06.562426,66679,2,10.0;3.0,2;2,8142,0.9844
2026-04-05T05:25:07.024426,66688,1,0.3,3,8143,0.9845
2026-04-05T05:25:07.228434,66692,3,3.0;0.1;0.1,2;4;2,8146,0.9844
2026-04-05T05:25:07.899426,66705,2,10.0;10.0,4;1,8148,0.9849
2026-04-05T05:25:09.532424,66737,1,0.3,3,8149,0.9854
2026-04-05T05:25:09.588427,66738,1,1.0,1,8150,0.9851
2026-04-05T05:25:09.701426,66740,1,100.0,3,8151,0.9848
2026-04-05T05:25:10.621453,66758,2,10.0;100.0,2;3,8153,0.9849
2026-04-05T05:25:11.284427,66771,2,1.0;30.0,4;1,8155,0.9846
2026-04-05T05:25:11.335429,66772,1,100.0,3,8156,0.9843
2026-04-05T05:25:11.488433,66775,1,0.3,3,8157,0.9840
2026-04-05T05:25:11.750432,66780,2,10.0;1.0,1;1,8159,0.9841
2026-04-05T05:25:11.801432,66781,1,1.0,1,8160,0.9838
2026-04-05T05:25:12.770423,66800,1,1.0,1,8161,0.9843
2026-04-05T05:25:14.406437,66832,1,0.3,1,8162,0.9850
2026-04-05T05:25:15.019447,66844,1,10.0,1,8163,0.9855
2026-04-05T05:25:15.070431,66845,1,3.0,3,8164,0.9852
2026-04-05T05:25:15.172427,66847,1,30.0,1,8165,0.9849
2026-04-05T05:25:15.530427,66854,1,1.0,2,8166,0.9848
2026-04-05T05:25:17.064422,66884,1,30.0,3,8167,0.9859
2026-04-05T05:25:17.881428,66900,1,0.1,3,8168,0.9862
2026-04-05T05:25:17.936427,66901,2,30.0;10.0,1;2,8170,0.9859
2026-04-05T05:25:19.351432,66927,1,30.0,4,8171,0.9858
2026-04-05T05:25:20.067426,66941,1,100.0,2,8172,0.9857
2026-04-05T05:25:20.424425,66948,2,30.0;10.0,1;3,8174,0.9854
2026-04-05T05:25:21.707451,66973,1,10.0,1,8175,0.9865
2026-04-05T05:25:22.269426,66984,2,1.0;0.3,2;3,8177,0.9864
2026-04-05T05:25:22.473428,66988,2,100.0;0.3,2;2,8179,0.9861
2026-04-05T05:25:22.731426,66993,2,1.0;100.0,1;2,8181,0.9858
2026-04-05T05:25:22.783428,66994,2,0.1;100.0,3;1,8183,0.9855
2026-04-05T05:25:23.906427,67016,2,1.0;30.0,2;3,8185,0.9854
2026-04-05T05:25:24.213429,67022,3,0.3;0.3;1.0,2;4;1,8188,0.9851
2026-04-05T05:25:26.259425,67062,1,30.0,3,8189,0.9858
2026-04-05T05:25:29.693428,67129,2,1.0;100.0,4;3,8191,0.9875
2026-04-05T05:25:30.050432,67136,1,0.1,1,8192,0.9874
2026-04-05T05:25:30.101432,67137,1,100.0,2,8193,0.9871
2026-04-05T05:25:32.859428,67191,3,0.1;10.0;100.0,4;3;2,8196,0.9886
2026-04-05T05:25:33.522422,67204,1,100.0,1,8197,0.9885
2026-04-05T05:25:33.727432,67208,3,30.0;0.1;100.0,2;1;3,8200,0.9882
2026-04-05T05:25:34.392425,67221,1,100.0,1,8201,0.9883
2026-04-05T05:25:35.055427,67234,1,10.0,3,8202,0.9882
2026-04-05T05:25:35.209423,67237,1,0.3,4,8203,0.9881
2026-04-05T05:25:35.722425,67247,2,30.0;0.3,2;1,8205,0.9880
2026-04-05T05:25:35.875453,67250,2,30.0;0.3,1;2,8207,0.9877
2026-04-05T05:25:35.977426,67252,3,0.1;0.3;0.1,3;3;3,8210,0.9874
2026-04-05T05:25:36.131425,67255,1,100.0,2,8211,0.9873
2026-04-05T05:25:36.896426,67270,1,10.0,2,8212,0.9874
2026-04-05T05:25:37.304432,67278,1,0.3,1,8213,0.9873
2026-04-05T05:25:37.355432,67279,1,3.0,1,8214,0.9870
2026-04-05T05:25:38.120428,67294,2,100.0;0.3,3;3,8216,0.9875
2026-04-05T05:25:38.223434,67296,3,3.0;3.0;100.0,2;3;2,8219,0.9872
2026-04-05T05:25:39.039426,67312,1,0.3,3,8220,0.9873
2026-04-05T05:25:39.347426,67318,1,3.0,1,8221,0.9870
2026-04-05T05:25:40.112438,67333,1,3.0,1,8222,0.9871
2026-04-05T05:25:40.776426,67346,1,1.0,4,8223,0.9868
2026-04-05T05:25:41.649426,67363,1,0.3,3,8224,0.9867
2026-04-05T05:25:42.366432,67377,3,0.3;1.0;100.0,4;4;1,8227,0.9866
2026-04-05T05:25:42.898452,67387,3,1.0;3.0;3.0,3;1;1,8230,0.9867
2026-04-05T05:25:43.561452,67400,1,10.0,1,8231,0.9868
2026-04-05T05:25:43.621424,67401,1,0.3,2,8232,0.9865
2026-04-05T05:25:44.919432,67425,1,30.0,1,8233,0.9870
2026-04-05T05:25:45.072432,67428,2,3.0;0.1,2;3,8235,0.9867
2026-04-05T05:25:45.231452,67431,2,0.3;30.0,1;2,8237,0.9866
2026-04-05T05:25:45.436426,67435,1,0.3,4,8238,0.9865
2026-04-05T05:25:45.793432,67442,3,1.0;0.1;0.1,4;3;4,8241,0.9866
2026-04-05T05:25:46.257429,67451,3,10.0;0.3;10.0,2;3;2,8244,0.9867
2026-04-05T05:25:46.461432,67455,1,0.1,1,8245,0.9866
2026-04-05T05:25:47.432432,67474,2,0.1;30.0,3;2,8247,0.9863
2026-04-05T05:25:47.841426,67482,1,100.0,2,8248,0.9862
2026-04-05T05:25:48.606425,67497,1,10.0,1,8249,0.9861
2026-04-05T05:25:48.810432,67501,3,0.3;30.0;10.0,4;4;2,8252,0.9858
2026-04-05T05:25:49.269431,67510,1,10.0,3,8253,0.9855
2026-04-05T05:25:50.138425,67527,2,10.0;100.0,2;4,8255,0.9856
2026-04-05T05:25:50.241429,67529,1,3.0,1,8256,0.9853
2026-04-05T05:25:51.314428,67550,2,30.0;0.1,3;2,8258,0.9856
2026-04-05T05:25:52.590428,67575,2,10.0;0.1,3;1,8260,0.9859
2026-04-05T05:25:52.693425,67577,1,1.0,1,8261,0.9856
2026-04-05T05:25:53.970433,67602,3,10.0;1.0;100.0,4;2;1,8264,0.9855
2026-04-05T05:25:54.950433,67621,2,0.1;30.0,3;3,8266,0.9854
2026-04-05T05:25:55.919434,67640,1,1.0,3,8267,0.9851
2026-04-05T05:25:56.124433,67644,1,100.0,1,8268,0.9850
2026-04-05T05:25:56.584427,67653,1,10.0,4,8269,0.9849
2026-04-05T05:25:57.304424,67667,1,3.0,1,8270,0.9850
2026-04-05T05:25:57.822426,67677,1,0.1,2,8271,0.9853
2026-04-05T05:25:59.457432,67709,1,3.0,2,8272,0.9856
2026-04-05T05:25:59.661427,67713,1,30.0,2,8273,0.9855
2026-04-05T05:26:00.276428,67725,2,0.3;0.3,1;2,8275,0.9854
2026-04-05T05:26:00.481425,67729,1,1.0,1,8276,0.9853
2026-04-05T05:26:00.736432,67734,1,30.0,3,8277,0.9852
2026-04-05T05:26:00.889426,67737,1,3.0,4,8278,0.9849
2026-04-05T05:26:01.093433,67741,1,100.0,3,8279,0.9846
2026-04-05T05:26:02.317425,67765,1,0.1,1,8280,0.9845
2026-04-05T05:26:02.368432,67766,1,3.0,3,8281,0.9842
2026-04-05T05:26:03.337427,67785,1,0.3,2,8282,0.9843
2026-04-05T05:26:03.593427,67790,1,100.0,4,8283,0.9840
2026-04-05T05:26:04.975432,67817,1,0.1,1,8284,0.9843
2026-04-05T05:26:05.180427,67821,1,1.0,3,8285,0.9840
2026-04-05T05:26:07.067433,67858,1,100.0,3,8286,0.9845
2026-04-05T05:26:07.323432,67863,2,3.0;30.0,3;3,8288,0.9844
2026-04-05T05:26:07.528424,67867,1,10.0,3,8289,0.9841
2026-04-05T05:26:08.032432,67876,3,10.0;1.0;1.0,2;3;1,8292,0.9840
2026-04-05T05:26:08.339425,67882,2,30.0;10.0,3;1,8294,0.9843
2026-04-05T05:26:08.594432,67887,1,30.0,2,8295,0.9840
2026-04-05T05:26:09.513433,67905,1,10.0,1,8296,0.9843
2026-04-05T05:26:10.286427,67920,1,0.3,1,8297,0.9846
2026-04-05T05:26:10.338427,67921,1,30.0,1,8298,0.9843
2026-04-05T05:26:11.055428,67935,2,30.0;0.3,2;1,8300,0.9846
2026-04-05T05:26:11.260427,67939,1,1.0,4,8301,0.9843
2026-04-05T05:26:11.311432,67940,1,10.0,3,8302,0.9840
2026-04-05T05:26:11.362432,67941,2,100.0;10.0,2;1,8304,0.9837
2026-04-05T05:26:11.821426,67950,2,10.0;0.3,3;3,8306,0.9836
2026-04-05T05:26:12.485435,67963,1,0.3,2,8307,0.9835
2026-04-05T05:26:15.040426,68013,1,30.0,1,8308,0.9844
2026-04-05T05:26:15.604432,68024,2,1.0;3.0,4;1,8310,0.9845
2026-04-05T05:26:15.655427,68025,1,100.0,3,8311,0.9842
2026-04-05T05:26:15.910426,68030,1,0.1,4,8312,0.9839
2026-04-05T05:26:16.063432,68033,3,0.1;0.3;0.1,1;2;4,8315,0.9836
2026-04-05T05:26:17.290432,68057,1,10.0,2,8316,0.9841
2026-04-05T05:26:18.158452,68074,1,0.1,2,8317,0.9842
2026-04-05T05:26:18.872431,68088,2,10.0;100.0,2;1,8319,0.9839
2026-04-05T05:26:19.076432,68092,1,30.0,4,8320,0.9836
2026-04-05T05:26:19.384425,68098,3,100.0;10.0;30.0,2;2;2,8323,0.9833
2026-04-05T05:26:19.487432,68100,1,0.1,4,8324,0.9830
2026-04-05T05:26:19.895432,68108,2,10.0;3.0,1;2,8326,0.9827
2026-04-05T05:26:20.252425,68115,1,1.0,3,8327,0.9828
2026-04-05T05:26:20.507426,68120,1,3.0,1,8328,0.9825
2026-04-05T05:26:20.762427,68125,1,30.0,1,8329,0.9822
2026-04-05T05:26:22.347425,68156,1,1.0,3,8330,0.9831
2026-04-05T05:26:22.653432,68162,1,10.0,1,8331,0.9828
2026-04-05T05:26:23.878427,68186,1,0.1,3,8332,0.9827
2026-04-05T05:26:24.236432,68193,2,100.0;0.3,1;2,8334,0.9826
2026-04-05T05:26:24.848432,68205,1,100.0,1,8335,0.9823
2026-04-05T05:26:25.103432,68210,1,0.1,2,8336,0.9822
2026-04-05T05:26:25.613432,68220,2,3.0;3.0,4;2,8338,0.9821
2026-04-05T05:26:25.819436,68224,1,1.0,3,8339,0.9822
2026-04-05T05:26:27.150426,68250,2,0.3;30.0,2;2,8341,0.9837
2026-04-05T05:26:28.068432,68268,3,3.0;100.0;3.0,1;2;3,8344,0.9836
2026-04-05T05:26:28.221432,68271,1,0.3,3,8345,0.9833
2026-04-05T05:26:29.964426,68305,1,0.3,1,8346,0.9842
2026-04-05T05:26:30.372432,68313,1,30.0,2,8347,0.9841
2026-04-05T05:26:30.475423,68315,1,30.0,1,8348,0.9840
2026-04-05T05:26:31.480426,68334,3,100.0;100.0;30.0,1;1;2,8351,0.9843
2026-04-05T05:26:31.583426,68336,2,3.0;0.3,4;4,8353,0.9840
2026-04-05T05:26:32.401432,68352,1,0.1,1,8354,0.9843
2026-04-05T05:26:32.860427,68361,1,3.0,2,8355,0.9842
2026-04-05T05:26:33.013432,68364,2,30.0;0.1,3;4,8357,0.9841
2026-04-05T05:26:33.064428,68365,1,3.0,3,8358,0.9838
2026-04-05T05:26:33.115433,68366,1,0.1,3,8359,0.9835
2026-04-05T05:26:34.492432,68393,2,3.0;30.0,2;1,8361,0.9842
2026-04-05T05:26:35.155432,68406,1,0.1,2,8362,0.9839
2026-04-05T05:26:35.512433,68413,2,100.0;30.0,1;3,8364,0.9836
2026-04-05T05:26:36.226432,68427,2,0.1;10.0,3;2,8366,0.9837
2026-04-05T05:26:36.532427,68433,1,10.0,1,8367,0.9834
2026-04-05T05:26:36.889432,68440,1,10.0,1,8368,0.9833
2026-04-05T05:26:37.348432,68449,2,100.0;10.0,2;1,8370,0.9836
2026-04-05T05:26:37.552427,68453,1,30.0,2,8371,0.9833
2026-04-05T05:26:37.858432,68459,1,10.0,2,8372,0.9830
2026-04-05T05:26:38.062432,68463,1,0.3,2,8373,0.9827
2026-04-05T05:26:38.215426,68466,1,0.1,2,8374,0.9826
2026-04-05T05:26:38.776427,68477,1,100.0,3,8375,0.9825
2026-04-05T05:26:39.034426,68482,1,100.0,3,8376,0.9822
2026-04-05T05:26:39.443432,68490,1,30.0,3,8377,0.9825
2026-04-05T05:26:39.494432,68491,1,0.1,1,8378,0.9822
2026-04-05T05:26:39.750426,68496,1,30.0,1,8379,0.9819
2026-04-05T05:26:39.954431,68500,1,0.3,3,8380,0.9816
2026-04-05T05:26:40.515432,68511,2,1.0;10.0,2;3,8382,0.9813
2026-04-05T05:26:41.229427,68525,2,3.0;0.3,3;4,8384,0.9810
2026-04-05T05:26:41.638431,68533,2,3.0;0.3,1;1,8386,0.9809
2026-04-05T05:26:44.142433,68582,2,0.3;3.0,3;1,8388,0.9818
2026-04-05T05:26:44.347426,68586,2,3.0;3.0,1;2,8390,0.9815
2026-04-05T05:26:45.674426,68612,3,3.0;10.0;30.0,2;2;1,8393,0.9818
2026-04-05T05:26:45.882433,68616,2,3.0;1.0,1;3,8395,0.9817
2026-04-05T05:26:46.341426,68625,2,0.1;30.0,2;4,8397,0.9816
2026-04-05T05:26:47.464426,68647,1,0.3,1,8398,0.9815
2026-04-05T05:26:48.336426,68664,2,10.0;30.0,3;2,8400,0.9814
2026-04-05T05:26:48.591425,68669,1,0.1,2,8401,0.9813
2026-04-05T05:26:49.050427,68678,1,30.0,4,8402,0.9812
2026-04-05T05:26:49.407438,68685,2,10.0;1.0,1;1,8404,0.9813
2026-04-05T05:26:50.070429,68698,1,100.0,2,8405,0.9812
2026-04-05T05:26:50.377433,68704,1,1.0,4,8406,0.9811
2026-04-05T05:26:50.734452,68711,2,3.0;1.0,1;2,8408,0.9812
2026-04-05T05:26:51.397425,68724,1,0.1,3,8409,0.9811
2026-04-05T05:26:52.060426,68737,1,0.1,1,8410,0.9810
2026-04-05T05:26:52.621427,68748,2,30.0;0.3,3;2,8412,0.9807
2026-04-05T05:26:53.590426,68767,1,30.0,2,8413,0.9808
2026-04-05T05:26:53.998426,68775,1,0.1,3,8414,0.9805
2026-04-05T05:26:54.202433,68779,2,3.0;0.1,2;2,8416,0.9802
2026-04-05T05:26:54.253426,68780,1,1.0,4,8417,0.9800
2026-04-05T05:26:54.814426,68791,2,0.3;100.0,1;3,8419,0.9801
2026-04-05T05:26:55.432428,68803,1,3.0,3,8420,0.9802
2026-04-05T05:26:57.118425,68836,1,30.0,1,8421,0.9807
2026-04-05T05:26:57.424425,68842,2,10.0;100.0,3;1,8423,0.9804
2026-04-05T05:26:58.818427,68869,1,100.0,4,8424,0.9811
2026-04-05T05:26:59.278428,68878,3,1.0;100.0;3.0,1;1;1,8427,0.9808
2026-04-05T05:26:59.329424,68879,1,100.0,3,8428,0.9805
2026-04-05T05:26:59.482425,68882,2,10.0;30.0,4;2,8430,0.9802
2026-04-05T05:27:00.152425,68895,2,0.1;1.0,4;3,8432,0.9803
2026-04-05T05:27:01.225426,68916,1,0.3,3,8433,0.9812
2026-04-05T05:27:02.248426,68936,1,0.3,2,8434,0.9813
2026-04-05T05:27:02.656428,68944,1,0.3,3,8435,0.9810
2026-04-05T05:27:02.759426,68946,1,0.1,3,8436,0.9807
2026-04-05T05:27:03.831425,68967,1,1.0,3,8437,0.9806
2026-04-05T05:27:04.086425,68972,1,0.1,1,8438,0.9805
2026-04-05T05:27:05.396427,68997,2,3.0;3.0,1;4,8440,0.9806
2026-04-05T05:27:06.316426,69015,1,0.1,3,8441,0.9807
2026-04-05T05:27:08.051425,69049,2,3.0;0.1,2;2,8443,0.9816
2026-04-05T05:27:08.306433,69054,2,30.0;1.0,2;1,8445,0.9813
2026-04-05T05:27:09.894432,69085,2,100.0;1.0,1;2,8447,0.9818
2026-04-05T05:27:10.353426,69094,2,10.0;30.0,4;1,8449,0.9819
2026-04-05T05:27:11.017425,69107,1,30.0,2,8450,0.9820
2026-04-05T05:27:12.751426,69141,2,30.0;10.0,1;1,8452,0.9827
2026-04-05T05:27:13.568425,69157,1,100.0,4,8453,0.9828
2026-04-05T05:27:13.672426,69159,1,1.0,3,8454,0.9825
2026-04-05T05:27:14.335429,69172,1,3.0,3,8455,0.9826
2026-04-05T05:27:14.437426,69174,1,10.0,3,8456,0.9823
2026-04-05T05:27:14.845426,69182,2,30.0;1.0,3;3,8458,0.9824
2026-04-05T05:27:15.355426,69192,2,3.0;0.1,2;3,8460,0.9821
2026-04-05T05:27:16.123425,69207,1,3.0,1,8461,0.9824
2026-04-05T05:27:18.318426,69250,2,10.0;1.0,3;4,8463,0.9833
2026-04-05T05:27:18.369422,69251,3,0.3;0.1;0.1,4;3;3,8466,0.9830
2026-04-05T05:27:18.522426,69254,2,0.3;0.3,2;3,8468,0.9829
2026-04-05T05:27:19.746427,69278,2,30.0;10.0,2;2,8470,0.9836
2026-04-05T05:27:20.001426,69283,1,10.0,2,8471,0.9835
2026-04-05T05:27:22.399425,69330,1,100.0,1,8472,0.9852
2026-04-05T05:27:22.501426,69332,2,10.0;3.0,2;3,8474,0.9849
2026-04-05T05:27:23.164433,69345,1,10.0,3,8475,0.9848
2026-04-05T05:27:24.134427,69364,1,3.0,2,8476,0.9855
2026-04-05T05:27:24.185426,69365,1,10.0,3,8477,0.9852
2026-04-05T05:27:26.226427,69405,2,0.3;0.3,1;2,8479,0.9853
2026-04-05T05:27:27.047426,69421,2,0.3;3.0,2;1,8481,0.9858
2026-04-05T05:27:28.628426,69452,3,3.0;0.1;30.0,1;3;1,8484,0.9859
2026-04-05T05:27:28.934431,69458,1,0.1,3,8485,0.9856
2026-04-05T05:27:29.036426,69460,2,10.0;100.0,3;1,8487,0.9853
2026-04-05T05:27:29.189426,69463,2,1.0;100.0,2;2,8489,0.9850
2026-04-05T05:27:29.355427,69466,1,0.1,1,8490,0.9849
2026-04-05T05:27:29.712427,69473,3,1.0;30.0;30.0,1;1;1,8493,0.9850
2026-04-05T05:27:31.651435,69511,2,100.0;0.3,2;2,8495,0.9857
2026-04-05T05:27:31.703426,69512,1,3.0,1,8496,0.9854
2026-04-05T05:27:32.009429,69518,1,0.1,4,8497,0.9853
2026-04-05T05:27:32.622427,69530,1,10.0,1,8498,0.9854
2026-04-05T05:27:33.285428,69543,2,0.1;0.3,4;2,8500,0.9857
2026-04-05T05:27:34.306426,69563,2,3.0;0.1,1;1,8502,0.9862
2026-04-05T05:27:34.510426,69567,1,0.3,3,8503,0.9861
2026-04-05T05:27:34.765430,69572,1,100.0,2,8504,0.9858
2026-04-05T05:27:35.378431,69584,1,0.3,2,8505,0.9863
2026-04-05T05:27:37.827426,69632,1,100.0,2,8506,0.9876
2026-04-05T05:27:38.235426,69640,1,30.0,3,8507,0.9873
2026-04-05T05:27:38.337428,69642,3,10.0;100.0;30.0,2;1;1,8510,0.9870
2026-04-05T05:27:38.388428,69643,2,0.3;0.3,3;2,8512,0.9867
2026-04-05T05:27:39.151425,69657,1,3.0,1,8513,0.9866
2026-04-05T05:27:40.121426,69676,2,1.0;30.0,4;2,8515,0.9869
2026-04-05T05:27:40.427426,69682,2,0.3;30.0,1;1,8517,0.9866
2026-04-05T05:27:41.958430,69712,1,0.1,3,8518,0.9865
2026-04-05T05:27:42.572425,69724,2,0.1;0.3,4;1,8520,0.9868
2026-04-05T05:27:43.082426,69734,1,3.0,4,8521,0.9865
2026-04-05T05:27:43.133424,69735,1,0.3,4,8522,0.9862
2026-04-05T05:27:43.796425,69748,2,30.0;100.0,3;1,8524,0.9859
2026-04-05T05:27:44.307426,69758,3,1.0;100.0;100.0,1;1;1,8527,0.9856
2026-04-05T05:27:46.654425,69804,2,0.3;10.0,2;3,8529,0.9861
2026-04-05T05:27:47.113422,69813,2,0.1;0.1,1;3,8531,0.9858
2026-04-05T05:27:47.778425,69826,2,10.0;10.0,3;1,8533,0.9857
2026-04-05T05:27:49.617426,69862,1,100.0,3,8534,0.9864
2026-04-05T05:27:49.720425,69864,1,3.0,2,8535,0.9861
2026-04-05T05:27:49.771424,69865,3,100.0;10.0;10.0,1;1;2,8538,0.9858
2026-04-05T05:27:50.436425,69878,1,10.0,3,8539,0.9859
2026-04-05T05:27:52.482426,69918,1,30.0,1,8540,0.9870
2026-04-05T05:27:52.534427,69919,1,0.3,3,8541,0.9867
2026-04-05T05:27:53.095426,69930,1,30.0,2,8542,0.9866
2026-04-05T05:27:53.402426,69936,1,0.1,1,8543,0.9867
2026-04-05T05:27:54.322425,69954,3,0.1;100.0;100.0,2;1;3,8546,0.9872
2026-04-05T05:27:55.189425,69971,1,0.3,2,8547,0.9873
2026-04-05T05:27:55.342434,69974,2,100.0;10.0,2;2,8549,0.9870
2026-04-05T05:27:55.393425,69975,2,30.0;0.3,3;4,8551,0.9867
2026-04-05T05:27:56.924425,70005,2,0.3;1.0,2;1,8553,0.9870
2026-04-05T05:27:57.179426,70010,2,3.0;30.0,2;3,8555,0.9867
2026-04-05T05:27:57.434426,70015,1,0.1,2,8556,0.9866
2026-04-05T05:28:00.803426,70081,1,0.3,1,8557,0.9879
2026-04-05T05:28:01.014426,70085,3,0.3;3.0;0.3,2;4;2,8560,0.9878
2026-04-05T05:28:01.626429,70097,2,30.0;30.0,3;1,8562,0.9877
2026-04-05T05:28:01.729426,70099,2,100.0;30.0,1;2,8564,0.9874
2026-04-05T05:28:01.934426,70103,2,30.0;30.0,1;3,8566,0.9871
2026-04-05T05:28:02.088425,70106,1,0.3,2,8567,0.9870
2026-04-05T05:28:02.701425,70118,3,100.0;1.0;30.0,1;2;1,8570,0.9875
2026-04-05T05:28:03.977428,70143,2,0.3;0.3,2;4,8572,0.9876
2026-04-05T05:28:04.283423,70149,2,10.0;3.0,2;1,8574,0.9873
2026-04-05T05:28:04.589428,70155,3,1.0;3.0;30.0,3;1;2,8577,0.9872
2026-04-05T05:28:04.640426,70156,1,0.3,1,8578,0.9869
2026-04-05T05:28:05.762432,70178,1,30.0,4,8579,0.9878
2026-04-05T05:28:06.629426,70195,2,30.0;1.0,3;2,8581,0.9877
2026-04-05T05:28:07.598426,70214,1,1.0,1,8582,0.9878
2026-04-05T05:28:07.751427,70217,1,100.0,2,8583,0.9875
2026-04-05T05:28:09.128433,70244,1,1.0,3,8584,0.9872
2026-04-05T05:28:10.505425,70271,2,100.0;0.1,2;2,8586,0.9877
2026-04-05T05:28:10.964425,70280,2,0.1;0.1,3;2,8588,0.9874
2026-04-05T05:28:11.323433,70287,1,3.0,2,8589,0.9871
2026-04-05T05:28:12.394426,70308,1,10.0,1,8590,0.9876
2026-04-05T05:28:12.700433,70314,1,0.1,3,8591,0.9875
2026-04-05T05:28:12.957425,70319,2,10.0;30.0,2;2,8593,0.9874
2026-04-05T05:28:13.926433,70338,1,10.0,1,8594,0.9871
2026-04-05T05:28:15.970426,70378,1,10.0,4,8595,0.9876
2026-04-05T05:28:16.503426,70388,1,10.0,1,8596,0.9879
2026-04-05T05:28:16.554426,70389,1,0.3,2,8597,0.9876
2026-04-05T05:28:16.707452,70392,1,30.0,2,8598,0.9873
2026-04-05T05:28:17.268429,70403,1,100.0,2,8599,0.9872
2026-04-05T05:28:18.494426,70427,1,10.0,2,8600,0.9879
2026-04-05T05:28:18.545425,70428,3,10.0;10.0;10.0,1;2;1,8603,0.9876
2026-04-05T05:28:20.025426,70457,1,10.0,1,8604,0.9883
2026-04-05T05:28:20.231427,70461,1,3.0,2,8605,0.9880
2026-04-05T05:28:20.690423,70470,1,3.0,2,8606,0.9879
2026-04-05T05:28:21.047426,70477,1,1.0,2,8607,0.9878
2026-04-05T05:28:23.651425,70528,3,100.0;0.3;0.1,3;4;2,8610,0.9887
2026-04-05T05:28:23.753429,70530,3,10.0;3.0;30.0,3;4;4,8613,0.9884
2026-04-05T05:28:25.947426,70573,1,3.0,3,8614,0.9887
2026-04-05T05:28:27.326453,70600,1,100.0,1,8615,0.9892
2026-04-05T05:28:28.144426,70616,3,30.0;1.0;3.0,2;1;3,8618,0.9895
2026-04-05T05:28:28.349426,70620,1,1.0,3,8619,0.9896
2026-04-05T05:28:28.402426,70621,1,1.0,2,8620,0.9893
2026-04-05T05:28:28.760426,70628,2,100.0;10.0,3;2,8622,0.9890
2026-04-05T05:28:28.864426,70630,2,10.0;10.0,2;4,8624,0.9889
2026-04-05T05:28:29.018427,70633,2,30.0;3.0,1;1,8626,0.9886
2026-04-05T05:28:29.080427,70634,1,1.0,3,8627,0.9883
2026-04-05T05:28:29.238426,70637,2,100.0;3.0,3;2,8629,0.9880
2026-04-05T05:28:31.387432,70679,1,3.0,3,8630,0.9881
2026-04-05T05:28:31.695426,70685,1,0.1,2,8631,0.9878
2026-04-05T05:28:32.563427,70702,1,0.1,3,8632,0.9879
2026-04-05T05:28:33.022426,70711,1,0.1,4,8633,0.9878
2026-04-05T05:28:33.437426,70719,1,10.0,3,8634,0.9875
2026-04-05T05:28:33.500428,70720,2,0.1;1.0,3;2,8636,0.9872
2026-04-05T05:28:33.866425,70727,1,1.0,2,8637,0.9873
2026-04-05T05:28:34.070425,70731,3,10.0;100.0;1.0,2;1;1,8640,0.9874
2026-04-05T05:28:34.376425,70737,2,0.1;100.0,3;3,8642,0.9875
2026-04-05T05:28:35.452425,70758,2,0.3;100.0,3;1,8644,0.9880
2026-04-05T05:28:35.758426,70764,2,0.3;0.1,2;4,8646,0.9877
2026-04-05T05:28:36.625425,70781,3,10.0;0.1;3.0,1;2;3,8649,0.9876
2026-04-05T05:28:36.982426,70788,1,100.0,3,8650,0.9877
2026-04-05T05:28:37.543426,70799,2,3.0;10.0,2;3,8652,0.9880
2026-04-05T05:28:37.696425,70802,1,1.0,3,8653,0.9877
2026-04-05T05:28:37.748426,70803,1,1.0,2,8654,0.9874
2026-04-05T05:28:38.667428,70821,1,0.3,3,8655,0.9875
2026-04-05T05:28:39.485426,70837,1,30.0,3,8656,0.9878
2026-04-05T05:28:39.945426,70846,1,1.0,1,8657,0.9875
2026-04-05T05:28:40.404425,70855,1,30.0,2,8658,0.9872
2026-04-05T05:28:41.322426,70873,1,0.1,1,8659,0.9875
2026-04-05T05:28:41.987426,70886,2,3.0;10.0,2;1,8661,0.9876
2026-04-05T05:28:42.038425,70887,1,1.0,3,8662,0.9873
2026-04-05T05:28:42.395433,70894,3,1.0;0.3;10.0,3;3;3,8665,0.9872
2026-04-05T05:28:45.920425,70963,1,1.0,3,8666,0.9897
2026-04-05T05:28:46.126425,70967,1,3.0,2,8667,0.9894
2026-04-05T05:28:46.438425,70973,3,0.3;30.0;30.0,3;2;1,8670,0.9891
2026-04-05T05:28:47.970425,71003,1,1.0,2,8671,0.9898
2026-04-05T05:28:48.531425,71014,1,30.0,1,8672,0.9895
2026-04-05T05:28:48.684426,71017,1,1.0,2,8673,0.9894
2026-04-05T05:28:48.889426,71021,2,10.0;3.0,3;1,8675,0.9891
2026-04-05T05:28:49.606427,71035,1,0.3,2,8676,0.9890
2026-04-05T05:28:49.709425,71037,2,100.0;30.0,1;3,8678,0.9887
2026-04-05T05:28:49.964426,71042,3,100.0;0.1;10.0,2;3;2,8681,0.9886
2026-04-05T05:28:50.015426,71043,2,30.0;1.0,1;3,8683,0.9883
2026-04-05T05:28:50.238425,71047,1,3.0,4,8684,0.9880
2026-04-05T05:28:51.211425,71066,1,10.0,3,8685,0.9881
2026-04-05T05:28:51.977429,71081,1,100.0,2,8686,0.9884
2026-04-05T05:28:52.232425,71086,2,0.1;100.0,3;1,8688,0.9881
2026-04-05T05:28:52.283426,71087,1,10.0,3,8689,0.9878
2026-04-05T05:28:52.946425,71100,1,0.3,1,8690,0.9879
2026-04-05T05:28:54.323433,71127,1,30.0,3,8691,0.9880
2026-04-05T05:28:54.374424,71128,1,100.0,1,8692,0.9877
2026-04-05T05:28:56.111426,71162,1,0.1,2,8693,0.9890
2026-04-05T05:28:56.366428,71167,3,3.0;100.0;30.0,3;2;3,8696,0.9891
2026-04-05T05:28:56.468428,71169,1,1.0,3,8697,0.9888
2026-04-05T05:28:57.029428,71180,1,10.0,3,8698,0.9887
2026-04-05T05:28:57.540426,71190,1,1.0,3,8699,0.9886
2026-04-05T05:28:57.591426,71191,2,30.0;0.1,3;1,8701,0.9883
2026-04-05T05:28:57.846426,71196,3,10.0;3.0;0.3,3;2;4,8704,0.9880
2026-04-05T05:28:58.917428,71217,2,30.0;30.0,3;2,8706,0.9883
2026-04-05T05:28:59.478428,71228,2,0.1;0.1,2;1,8708,0.9882
2026-04-05T05:28:59.839434,71235,1,100.0,1,8709,0.9881
2026-04-05T05:29:00.248426,71243,2,100.0;0.1,3;4,8711,0.9878
2026-04-05T05:29:00.401428,71246,1,1.0,3,8712,0.9875
2026-04-05T05:29:00.759429,71253,1,3.0,1,8713,0.9874
2026-04-05T05:29:03.106425,71299,3,0.1;100.0;1.0,2;1;2,8716,0.9889
2026-04-05T05:29:03.417426,71305,1,10.0,3,8717,0.9886
2026-04-05T05:29:04.082427,71318,1,0.3,3,8718,0.9887
2026-04-05T05:29:04.643425,71329,1,3.0,1,8719,0.9884
2026-04-05T05:29:04.694424,71330,1,0.1,3,8720,0.9881
2026-04-05T05:29:05.868425,71353,2,1.0;1.0,3;2,8722,0.9880
2026-04-05T05:29:06.127427,71358,1,1.0,3,8723,0.9881
2026-04-05T05:29:06.383425,71363,1,3.0,2,8724,0.9878
2026-04-05T05:29:06.791426,71371,1,100.0,2,8725,0.9877
2026-04-05T05:29:07.404429,71383,1,30.0,1,8726,0.9880
2026-04-05T05:29:07.608426,71387,2,3.0;30.0,3;1,8728,0.9877
2026-04-05T05:29:08.424426,71403,1,3.0,2,8729,0.9880
2026-04-05T05:29:08.628425,71407,1,0.1,3,8730,0.9879
2026-04-05T05:29:08.679426,71408,3,0.3;1.0;10.0,1;3;1,8733,0.9876
2026-04-05T05:29:08.883426,71412,2,10.0;3.0,2;2,8735,0.9873
2026-04-05T05:29:09.852426,71431,2,1.0;30.0,2;1,8737,0.9874
2026-04-05T05:29:10.670425,71447,1,3.0,1,8738,0.9873
2026-04-05T05:29:10.925426,71452,2,30.0;3.0,2;3,8740,0.9872
2026-04-05T05:29:10.976427,71453,1,10.0,2,8741,0.9869
2026-04-05T05:29:11.436426,71462,1,3.0,2,8742,0.9866
2026-04-05T05:29:11.589426,71465,1,0.3,3,8743,0.9863
2026-04-05T05:29:12.561427,71484,1,100.0,4,8744,0.9866
2026-04-05T05:29:12.612425,71485,2,3.0;0.1,3;1,8746,0.9863
2026-04-05T05:29:13.939425,71511,2,0.3;100.0,3;3,8748,0.9866
2026-04-05T05:29:14.398426,71520,1,1.0,1,8749,0.9871
2026-04-05T05:29:15.981425,71551,1,1.0,2,8750,0.9874
2026-04-05T05:29:16.799428,71567,2,0.3;0.1,2;1,8752,0.9873
2026-04-05T05:29:17.412426,71579,2,1.0;30.0,4;1,8754,0.9874
2026-04-05T05:29:18.025427,71591,2,1.0;0.1,2;2,8756,0.9873
2026-04-05T05:29:18.280425,71596,2,0.3;3.0,2;1,8758,0.9870
2026-04-05T05:29:19.096425,71612,2,3.0;0.3,1;2,8760,0.9869
2026-04-05T05:29:20.422433,71638,1,1.0,3,8761,0.9872
2026-04-05T05:29:20.677433,71643,1,10.0,2,8762,0.9869
2026-04-05T05:29:20.932425,71648,1,0.3,3,8763,0.9868
2026-04-05T05:29:21.544425,71660,3,30.0;30.0;30.0,1;3;2,8766,0.9865
2026-04-05T05:29:21.852426,71666,1,3.0,1,8767,0.9862
2026-04-05T05:29:23.280426,71694,1,0.3,4,8768,0.9863
2026-04-05T05:29:23.433425,71697,1,100.0,2,8769,0.9860
2026-04-05T05:29:24.049452,71709,1,30.0,4,8770,0.9863
2026-04-05T05:29:24.661423,71721,1,10.0,2,8771,0.9860
2026-04-05T05:29:24.763422,71723,1,1.0,3,8772,0.9857
2026-04-05T05:29:25.018426,71728,1,30.0,1,8773,0.9856
2026-04-05T05:29:25.479425,71737,1,30.0,3,8774,0.9855
2026-04-05T05:29:25.530426,71738,2,0.3;10.0,2;1,8776,0.9852
2026-04-05T05:29:26.052426,71748,3,0.1;100.0;0.1,2;1;4,8779,0.9853
2026-04-05T05:29:26.818426,71763,3,3.0;3.0;30.0,1;1;4,8782,0.9854
2026-04-05T05:29:27.077426,71768,1,0.1,3,8783,0.9853
2026-04-05T05:29:27.230426,71771,1,100.0,4,8784,0.9850
2026-04-05T05:29:28.199428,71790,2,3.0;3.0,2;3,8786,0.9849
2026-04-05T05:29:28.454425,71795,1,0.3,3,8787,0.9846
2026-04-05T05:29:28.710425,71800,1,0.3,4,8788,0.9845
2026-04-05T05:29:30.291426,71831,2,3.0;1.0,2;1,8790,0.9848
2026-04-05T05:29:31.110426,71847,2,0.3;100.0,3;3,8792,0.9851
2026-04-05T05:29:31.569425,71856,1,10.0,1,8793,0.9852
2026-04-05T05:29:32.487427,71874,1,10.0,1,8794,0.9853
2026-04-05T05:29:33.049426,71885,2,0.1;30.0,3;4,8796,0.9854
2026-04-05T05:29:33.355427,71891,1,3.0,3,8797,0.9851
2026-04-05T05:29:34.429433,71912,1,3.0,4,8798,0.9852
2026-04-05T05:29:34.684426,71917,1,0.1,4,8799,0.9851
2026-04-05T05:29:34.837425,71920,1,30.0,2,8800,0.9848
2026-04-05T05:29:36.419426,71951,2,0.3;3.0,1;1,8802,0.9855
2026-04-05T05:29:36.929430,71961,2,0.3;0.3,2;1,8804,0.9852
2026-04-05T05:29:37.898425,71980,1,30.0,1,8805,0.9853
2026-04-05T05:29:38.257427,71987,2,1.0;0.3,3;2,8807,0.9850
2026-04-05T05:29:40.042426,72022,2,1.0;0.3,2;1,8809,0.9851
2026-04-05T05:29:40.298430,72027,3,10.0;100.0;1.0,2;1;4,8812,0.9848
2026-04-05T05:29:42.186425,72064,1,0.3,1,8813,0.9857
2026-04-05T05:29:43.005429,72080,1,100.0,3,8814,0.9858
2026-04-05T05:29:44.794426,72115,1,1.0,3,8815,0.9863
2026-04-05T05:29:44.998426,72119,1,10.0,2,8816,0.9860
2026-04-05T05:29:45.508426,72129,3,0.1;10.0;10.0,2;2;2,8819,0.9857
2026-04-05T05:29:45.712433,72133,1,1.0,2,8820,0.9854
2026-04-05T05:29:46.682429,72152,1,30.0,1,8821,0.9855
2026-04-05T05:29:46.835428,72155,1,30.0,2,8822,0.9852
2026-04-05T05:29:47.753425,72173,1,1.0,4,8823,0.9853
2026-04-05T05:29:48.162425,72181,1,0.1,3,8824,0.9856
2026-04-05T05:29:48.723425,72192,2,3.0;30.0,1;4,8826,0.9859
2026-04-05T05:29:49.335428,72204,1,3.0,3,8827,0.9860
2026-04-05T05:29:51.070433,72238,2,30.0;0.1,1;2,8829,0.9865
2026-04-05T05:29:51.325427,72243,1,100.0,1,8830,0.9866
2026-04-05T05:29:52.091427,72258,2,1.0;10.0,1;3,8832,0.9863
2026-04-05T05:29:52.204433,72260,1,0.1,3,8833,0.9860
2026-04-05T05:29:53.328425,72282,1,100.0,3,8834,0.9859
2026-04-05T05:29:54.042425,72296,2,30.0;100.0,3;2,8836,0.9858
2026-04-05T05:29:56.085426,72336,2,0.1;0.1,1;1,8838,0.9869
2026-04-05T05:29:56.544427,72345,2,100.0;0.3,1;1,8840,0.9868
2026-04-05T05:29:56.799433,72350,2,1.0;3.0,3;1,8842,0.9865
2026-04-05T05:29:58.644426,72386,1,3.0,3,8843,0.9878
2026-04-05T05:29:59.209428,72397,1,100.0,2,8844,0.9879
2026-04-05T05:30:00.557426,72422,1,10.0,1,8845,0.9888
2026-04-05T05:30:00.659429,72424,1,0.1,2,8846,0.9885
2026-04-05T05:30:02.343426,72457,1,100.0,1,8847,0.9896
2026-04-05T05:30:03.927427,72488,1,3.0,2,8848,0.9901
2026-04-05T05:30:05.667427,72522,1,10.0,1,8849,0.9904
2026-04-05T05:30:05.871425,72526,1,0.3,1,8850,0.9903
2026-04-05T05:30:06.643425,72541,2,1.0;1.0,1;2,8852,0.9904
2026-04-05T05:30:07.663426,72561,2,100.0;30.0,2;1,8854,0.9907
2026-04-05T05:30:08.224425,72572,3,0.3;3.0;30.0,1;1;4,8857,0.9908
2026-04-05T05:30:08.377425,72575,1,1.0,3,8858,0.9905
2026-04-05T05:30:08.428426,72576,2,100.0;30.0,2;1,8860,0.9902
2026-04-05T05:30:09.398428,72595,2,30.0;1.0,2;3,8862,0.9907
2026-04-05T05:30:09.500428,72597,2,3.0;30.0,4;3,8864,0.9904
2026-04-05T05:30:11.030426,72627,1,100.0,3,8865,0.9909
2026-04-05T05:30:12.000426,72646,3,0.3;3.0;10.0,1;3;3,8868,0.9910
2026-04-05T05:30:12.306426,72652,1,0.3,2,8869,0.9909
2026-04-05T05:30:12.459426,72655,1,3.0,4,8870,0.9906
2026-04-05T05:30:12.612426,72658,1,100.0,3,8871,0.9903
2026-04-05T05:30:13.122426,72668,2,100.0;0.1,2;2,8873,0.9902
2026-04-05T05:30:13.633426,72678,1,0.1,3,8874,0.9899
2026-04-05T05:30:14.398426,72693,1,0.1,1,8875,0.9898
2026-04-05T05:30:15.010425,72705,1,30.0,2,8876,0.9903
2026-04-05T05:30:16.540427,72735,2,0.1;30.0,1;2,8878,0.9910
2026-04-05T05:30:19.505432,72793,1,0.3,3,8879,0.9923
2026-04-05T05:30:19.913425,72801,1,30.0,3,8880,0.9924
2026-04-05T05:30:20.015427,72803,1,30.0,3,8881,0.9921
2026-04-05T05:30:20.321427,72809,1,3.0,2,8882,0.9918
2026-04-05T05:30:21.750428,72837,1,3.0,2,8883,0.9919
2026-04-05T05:30:22.311430,72848,1,10.0,1,8884,0.9920
2026-04-05T05:30:23.944425,72880,1,3.0,4,8885,0.9925
2026-04-05T05:30:24.148426,72884,2,0.1;3.0,1;4,8887,0.9922
2026-04-05T05:30:24.919426,72899,2,30.0;100.0,3;3,8889,0.9923
2026-04-05T05:30:25.073426,72902,1,10.0,3,8890,0.9920
2026-04-05T05:30:26.451452,72929,1,30.0,2,8891,0.9921
2026-04-05T05:30:26.964425,72939,3,100.0;30.0;0.3,1;2;1,8894,0.9920
2026-04-05T05:30:28.188425,72963,2,30.0;3.0,4;2,8896,0.9921
2026-04-05T05:30:29.055427,72980,1,0.3,3,8897,0.9924
2026-04-05T05:30:29.669433,72992,1,3.0,3,8898,0.9925
2026-04-05T05:30:29.720426,72993,1,1.0,1,8899,0.9922
2026-04-05T05:30:29.822429,72995,2,3.0;0.3,1;2,8901,0.9919
2026-04-05T05:30:30.026430,72999,1,0.3,1,8902,0.9916
2026-04-05T05:30:30.485426,73008,1,10.0,3,8903,0.9917
2026-04-05T05:30:30.742428,73013,2,0.1;0.1,2;2,8905,0.9918
2026-04-05T05:30:30.844428,73015,1,3.0,1,8906,0.9915
2026-04-05T05:30:32.581426,73049,2,10.0;100.0,1;1,8908,0.9928
2026-04-05T05:30:32.683426,73051,1,0.3,2,8909,0.9927
2026-04-05T05:30:33.960425,73076,2,1.0;0.3,3;3,8911,0.9930
2026-04-05T05:30:34.011425,73077,3,30.0;30.0;10.0,1;1;2,8914,0.9927
2026-04-05T05:30:35.746428,73111,1,30.0,4,8915,0.9928
2026-04-05T05:30:38.430425,73163,1,10.0,3,8916,0.9943
2026-04-05T05:30:38.838432,73171,1,0.1,2,8917,0.9942
2026-04-05T05:30:39.247426,73179,1,0.3,3,8918,0.9939
2026-04-05T05:30:40.884426,73211,2,100.0;10.0,2;4,8920,0.9952
2026-04-05T05:30:41.853425,73230,1,1.0,2,8921,0.9953
2026-04-05T05:30:42.875452,73250,2,30.0;3.0,1;2,8923,0.9954
2026-04-05T05:30:43.896427,73270,1,30.0,2,8924,0.9957
2026-04-05T05:30:44.049452,73273,1,1.0,4,8925,0.9954
2026-04-05T05:30:44.304436,73278,1,30.0,2,8926,0.9951
2026-04-05T05:30:45.835425,73308,1,1.0,1,8927,0.9958
2026-04-05T05:30:47.015428,73331,3,30.0;0.3;0.3,4;1;4,8930,0.9963
2026-04-05T05:30:47.679426,73344,1,1.0,2,8931,0.9962
2026-04-05T05:30:48.036425,73351,2,30.0;100.0,2;2,8933,0.9961
2026-04-05T05:30:48.860429,73367,2,10.0;0.3,2;3,8935,0.9962
2026-04-05T05:30:49.064427,73371,1,10.0,2,8936,0.9959
2026-04-05T05:30:49.625425,73382,2,100.0;1.0,4;1,8938,0.9958
2026-04-05T05:30:50.595426,73401,1,100.0,2,8939,0.9959
2026-04-05T05:30:51.003425,73409,1,30.0,3,8940,0.9956
2026-04-05T05:30:52.331431,73435,2,3.0;100.0,4;1,8942,0.9955
2026-04-05T05:30:53.506426,73458,2,0.3;1.0,2;3,8944,0.9958
2026-04-05T05:30:54.989426,73487,1,3.0,4,8945,0.9965
2026-04-05T05:30:55.346426,73494,1,10.0,1,8946,0.9964
2026-04-05T05:30:57.386426,73534,3,0.1;100.0;0.3,2;1;2,8949,0.9965
2026-04-05T05:30:58.611433,73558,1,3.0,3,8950,0.9970
2026-04-05T05:31:00.652427,73598,1,0.3,1,8951,0.9975
2026-04-05T05:31:01.213426,73609,1,0.1,1,8952,0.9974
2026-04-05T05:31:02.029425,73625,2,1.0;1.0,3;3,8954,0.9971
2026-04-05T05:31:03.713426,73658,3,30.0;10.0;1.0,3;1;4,8957,0.9977
2026-04-05T05:31:05.653425,73696,1,100.0,3,8958,0.9977
2026-04-05T05:31:06.836427,73719,2,1.0;10.0,3;1,8960,0.9977
2026-04-05T05:31:06.989430,73722,1,10.0,1,8961,0.9976
2026-04-05T05:31:07.499426,73732,2,0.3;0.3,3;1,8963,0.9973
2026-04-05T05:31:07.550425,73733,3,0.3;30.0;3.0,1;1;1,8966,0.9970
2026-04-05T05:31:08.264425,73747,1,0.3,3,8967,0.9967
2026-04-05T05:31:08.978428,73761,1,0.1,2,8968,0.9964
2026-04-05T05:31:09.591426,73773,1,0.3,3,8969,0.9963
2026-04-05T05:31:09.744425,73776,1,0.3,2,8970,0.9960
2026-04-05T05:31:10.665428,73794,1,0.3,1,8971,0.9963
2026-04-05T05:31:10.767425,73796,2,1.0;3.0,4;1,8973,0.9960
2026-04-05T05:31:11.379426,73808,2,100.0;10.0,4;2,8975,0.9963
2026-04-05T05:31:12.654425,73833,2,0.1;1.0,1;3,8977,0.9966
2026-04-05T05:31:12.705425,73834,2,10.0;30.0,3;2,8979,0.9963
2026-04-05T05:31:12.807428,73836,1,10.0,2,8980,0.9960
2026-04-05T05:31:13.368425,73847,1,0.1,4,8981,0.9959
2026-04-05T05:31:13.623426,73852,3,100.0;100.0;0.1,3;3;3,8984,0.9956
2026-04-05T05:31:14.257428,73864,3,30.0;10.0;3.0,1;3;1,8987,0.9955
2026-04-05T05:31:14.818426,73875,2,100.0;0.1,2;2,8989,0.9952
2026-04-05T05:31:15.433433,73887,1,0.1,1,8990,0.9953
2026-04-05T05:31:15.637426,73891,1,1.0,3,8991,0.9950
2026-04-05T05:31:16.198426,73902,2,10.0;0.3,3;1,8993,0.9951
2026-04-05T05:31:16.861426,73915,1,10.0,1,8994,0.9948
2026-04-05T05:31:17.575426,73929,1,30.0,2,8995,0.9947
2026-04-05T05:31:17.677428,73931,1,10.0,2,8996,0.9944
2026-04-05T05:31:18.138433,73940,2,100.0;0.3,1;1,8998,0.9947
2026-04-05T05:31:18.189425,73941,2,100.0;10.0,2;1,9000,0.9944
2026-04-05T05:31:19.464426,73966,2,0.3;1.0,1;1,9002,0.9943
2026-04-05T05:31:20.995428,73996,1,0.3,3,9003,0.9950
2026-04-05T05:31:21.098429,73998,2,10.0;0.1,2;4,9005,0.9947
2026-04-05T05:31:23.857426,74052,1,0.3,2,9006,0.9958
2026-04-05T05:31:24.163426,74058,1,1.0,1,9007,0.9955
2026-04-05T05:31:24.726427,74069,1,10.0,2,9008,0.9960
2026-04-05T05:31:25.389427,74082,2,10.0;0.1,3;2,9010,0.9959
2026-04-05T05:31:25.491426,74084,3,100.0;1.0;3.0,2;3;3,9013,0.9958
2026-04-05T05:31:27.072426,74115,2,1.0;30.0,2;2,9015,0.9961
2026-04-05T05:31:27.480426,74123,3,30.0;1.0;100.0,1;1;4,9018,0.9958
2026-04-05T05:31:28.552426,74144,2,30.0;1.0,4;1,9020,0.9955
2026-04-05T05:31:29.879426,74170,1,100.0,1,9021,0.9962
2026-04-05T05:31:30.083425,74174,2,100.0;3.0,4;1,9023,0.9959
2026-04-05T05:31:30.542426,74183,3,1.0;0.1;30.0,4;1;1,9026,0.9960
2026-04-05T05:31:31.052426,74193,1,30.0,4,9027,0.9959
2026-04-05T05:31:31.817428,74208,1,10.0,3,9028,0.9960
2026-04-05T05:31:32.021427,74212,1,10.0,1,9029,0.9957
2026-04-05T05:31:32.276426,74217,3,10.0;10.0;10.0,1;3;3,9032,0.9956
2026-04-05T05:31:32.901425,74229,1,10.0,1,9033,0.9961
2026-04-05T05:31:33.412426,74239,1,0.3,2,9034,0.9960
2026-04-05T05:31:34.026425,74251,2,0.1;0.3,2;2,9036,0.9959
2026-04-05T05:31:34.333426,74257,2,0.3;10.0,1;3,9038,0.9956
2026-04-05T05:31:36.222426,74294,1,1.0,3,9039,0.9973
2026-04-05T05:31:36.746432,74304,1,0.3,3,9040,0.9972
2026-04-05T05:31:36.899425,74307,1,0.1,2,9041,0.9969
2026-04-05T05:31:37.615433,74321,2,100.0;0.3,3;3,9043,0.9970
2026-04-05T05:31:38.686431,74342,3,1.0;100.0;0.1,1;3;3,9046,0.9975
2026-04-05T05:31:38.891425,74346,2,10.0;30.0,3;3,9048,0.9974
2026-04-05T05:31:39.197425,74352,2,10.0;3.0,2;2,9050,0.9973
2026-04-05T05:31:39.299425,74354,1,0.3,1,9051,0.9970
2026-04-05T05:31:39.401427,74356,1,10.0,1,9052,0.9967
2026-04-05T05:31:39.656425,74361,3,100.0;0.1;30.0,3;1;3,9055,0.9964
2026-04-05T05:31:40.319434,74374,2,100.0;3.0,2;2,9057,0.9965
2026-04-05T05:31:41.291425,74393,1,10.0,4,9058,0.9964
2026-04-05T05:31:42.262425,74412,2,0.1;10.0,2;1,9060,0.9963
2026-04-05T05:31:43.180425,74430,1,3.0,1,9061,0.9964
2026-04-05T05:31:43.333452,74433,2,0.1;3.0,1;2,9063,0.9961
2026-04-05T05:31:44.357426,74453,2,30.0;10.0,1;3,9065,0.9966
2026-04-05T05:31:45.173425,74469,1,1.0,3,9066,0.9965
2026-04-05T05:31:47.111426,74507,2,10.0;10.0,2;2,9068,0.9974
2026-04-05T05:31:47.367433,74512,1,1.0,2,9069,0.9971
2026-04-05T05:31:49.868426,74561,1,0.3,3,9070,0.9976
2026-04-05T05:31:51.471425,74591,2,10.0;0.1,3;1,9072,0.9977
2026-04-05T05:31:51.624425,74594,1,0.1,1,9073,0.9974
2026-04-05T05:31:52.338426,74608,2,30.0;100.0,1;2,9075,0.9975
2026-04-05T05:31:52.491426,74611,1,0.1,1,9076,0.9972
2026-04-05T05:31:52.797426,74617,2,0.1;30.0,2;3,9078,0.9969
2026-04-05T05:31:52.899425,74619,1,3.0,1,9079,0.9966
2026-04-05T05:31:53.103426,74623,2,0.1;3.0,2;3,9081,0.9965
2026-04-05T05:31:53.154427,74624,2,0.3;0.3,1;4,9083,0.9962
2026-04-05T05:31:53.461426,74630,3,0.3;100.0;0.3,1;1;1,9086,0.9961
2026-04-05T05:31:53.818426,74637,1,10.0,4,9087,0.9962
2026-04-05T05:31:54.022432,74641,1,100.0,4,9088,0.9959
2026-04-05T05:31:54.328425,74647,1,30.0,4,9089,0.9956
2026-04-05T05:31:55.756451,74675,3,100.0;10.0;10.0,4;1;3,9092,0.9959
2026-04-05T05:31:55.807423,74676,1,30.0,3,9093,0.9956
2026-04-05T05:31:56.368423,74687,1,30.0,2,9094,0.9953
2026-04-05T05:31:56.980423,74699,1,10.0,3,9095,0.9950
2026-04-05T05:31:57.745423,74714,3,100.0;10.0;3.0,2;1;3,9098,0.9957
2026-04-05T05:31:58.000423,74719,2,30.0;0.3,3;2,9100,0.9956
2026-04-05T05:31:59.177425,74742,3,0.1;100.0;3.0,3;1;2,9103,0.9957
2026-04-05T05:32:00.711432,74772,3,1.0;3.0;0.3,4;2;2,9106,0.9962
2026-04-05T05:32:01.277452,74783,1,100.0,1,9107,0.9963
2026-04-05T05:32:01.430452,74786,1,10.0,1,9108,0.9960
2026-04-05T05:32:01.685452,74791,1,30.0,3,9109,0.9957
2026-04-05T05:32:04.622451,74848,1,100.0,3,9110,0.9960
2026-04-05T05:32:04.775451,74851,1,1.0,2,9111,0.9957
2026-04-05T05:32:04.979432,74855,1,3.0,2,9112,0.9956
2026-04-05T05:32:05.336452,74862,2,10.0;30.0,2;2,9114,0.9953
2026-04-05T05:32:05.541452,74866,2,0.1;100.0,2;2,9116,0.9950
2026-04-05T05:32:06.112451,74877,1,100.0,3,9117,0.9949
2026-04-05T05:32:07.413451,74901,1,100.0,1,9118,0.9952
2026-04-05T05:32:07.719452,74907,2,1.0;3.0,4;4,9120,0.9949
2026-04-05T05:32:08.433432,74921,2,3.0;0.1,1;1,9122,0.9946
2026-04-05T05:32:08.485452,74922,1,3.0,4,9123,0.9943
2026-04-05T05:32:09.372422,74939,2,100.0;10.0,4;4,9125,0.9944
2026-04-05T05:32:09.730452,74946,1,10.0,3,9126,0.9943
2026-04-05T05:32:09.832451,74948,1,3.0,2,9127,0.9940
2026-04-05T05:32:11.261452,74976,2,3.0;3.0,4;4,9129,0.9941
2026-04-05T05:32:11.446451,74979,2,1.0;30.0,2;1,9131,0.9938
2026-04-05T05:32:12.220451,74993,2,100.0;30.0,1;3,9133,0.9937
2026-04-05T05:32:12.577451,75000,2,3.0;0.3,2;1,9135,0.9936
2026-04-05T05:32:13.852452,75025,3,0.3;3.0;3.0,1;2;2,9138,0.9939
2026-04-05T05:32:13.954451,75027,1,3.0,3,9139,0.9936
2026-04-05T05:32:14.005433,75028,2,0.1;30.0,3;3,9141,0.9933
2026-04-05T05:32:15.333451,75054,1,1.0,2,9142,0.9934
2026-04-05T05:32:16.270452,75072,2,3.0;0.3,1;2,9144,0.9935
2026-04-05T05:32:18.156451,75108,1,10.0,4,9145,0.9942
2026-04-05T05:32:18.819452,75121,3,100.0;3.0;10.0,2;1;2,9148,0.9939
2026-04-05T05:32:19.176451,75128,1,0.1,1,9149,0.9940
2026-04-05T05:32:19.278452,75130,2,30.0;30.0,4;2,9151,0.9937
2026-04-05T05:32:19.381451,75132,1,3.0,1,9152,0.9934
2026-04-05T05:32:19.432452,75133,2,0.1;100.0,1;3,9154,0.9931
2026-04-05T05:32:20.312452,75150,2,1.0;100.0,1;4,9156,0.9932
2026-04-05T05:32:20.364451,75151,1,0.1,3,9157,0.9929
2026-04-05T05:32:20.517451,75154,2,100.0;0.3,4;2,9159,0.9926
2026-04-05T05:32:21.840452,75179,1,30.0,2,9160,0.9925
2026-04-05T05:32:22.413426,75190,1,100.0,3,9161,0.9922
2026-04-05T05:32:22.875452,75199,1,0.1,2,9162,0.9921
2026-04-05T05:32:24.228452,75225,1,100.0,3,9163,0.9922
2026-04-05T05:32:25.016451,75240,2,10.0;0.1,1;3,9165,0.9923
2026-04-05T05:32:25.068425,75241,1,3.0,2,9166,0.9920
2026-04-05T05:32:25.120451,75242,1,3.0,1,9167,0.9917
2026-04-05T05:32:25.790451,75255,1,3.0,1,9168,0.9920
2026-04-05T05:32:26.558451,75270,2,30.0;30.0,4;4,9170,0.9917
2026-04-05T05:32:26.762452,75274,1,10.0,3,9171,0.9916
2026-04-05T05:32:26.915452,75277,2,10.0;30.0,3;3,9173,0.9913
2026-04-05T05:32:27.017452,75279,1,3.0,3,9174,0.9910
2026-04-05T05:32:27.170452,75282,2,10.0;1.0,3;3,9176,0.9907
2026-04-05T05:32:29.119451,75320,1,10.0,1,9177,0.9908
2026-04-05T05:32:29.848451,75334,1,30.0,2,9178,0.9911
2026-04-05T05:32:30.817452,75353,1,100.0,2,9179,0.9912
2026-04-05T05:32:31.786451,75372,1,30.0,2,9180,0.9913
2026-04-05T05:32:32.789452,75391,3,10.0;3.0;10.0,3;2;2,9183,0.9916
2026-04-05T05:32:33.044452,75396,1,30.0,1,9184,0.9917
2026-04-05T05:32:33.299452,75401,1,0.3,3,9185,0.9916
2026-04-05T05:32:34.013428,75415,1,0.1,1,9186,0.9915
2026-04-05T05:32:35.043451,75435,2,3.0;10.0,1;3,9188,0.9916
2026-04-05T05:32:35.451451,75443,1,0.3,1,9189,0.9917
2026-04-05T05:32:35.658452,75447,1,10.0,2,9190,0.9916
2026-04-05T05:32:36.403451,75461,1,30.0,1,9191,0.9919
2026-04-05T05:32:36.608428,75465,1,0.3,3,9192,0.9916
2026-04-05T05:32:36.711451,75467,3,10.0;1.0;3.0,1;3;2,9195,0.9913
2026-04-05T05:32:37.222451,75477,1,3.0,1,9196,0.9918
2026-04-05T05:32:37.324452,75479,2,3.0;0.1,3;2,9198,0.9915
2026-04-05T05:32:37.426451,75481,2,3.0;1.0,1;2,9200,0.9912
2026-04-05T05:32:37.477452,75482,1,0.3,2,9201,0.9909
2026-04-05T05:32:38.142425,75495,1,0.3,3,9202,0.9910
2026-04-05T05:32:38.295452,75498,2,1.0;0.1,3;3,9204,0.9909
2026-04-05T05:32:40.869452,75548,1,30.0,1,9205,0.9920
2026-04-05T05:32:41.073452,75552,1,10.0,1,9206,0.9917
2026-04-05T05:32:42.491452,75579,1,10.0,4,9207,0.9920
2026-04-05T05:32:44.253451,75613,2,1.0;100.0,2;3,9209,0.9923
2026-04-05T05:32:46.753427,75661,1,30.0,1,9210,0.9938
2026-04-05T05:32:47.018452,75666,1,3.0,1,9211,0.9935
2026-04-05T05:32:48.204425,75689,3,3.0;10.0;3.0,1;2;2,9214,0.9932
2026-04-05T05:32:48.919452,75703,1,3.0,3,9215,0.9931
2026-04-05T05:32:49.582452,75716,1,1.0,3,9216,0.9930
2026-04-05T05:32:50.520452,75734,1,0.3,3,9217,0.9933
2026-04-05T05:32:50.571427,75735,1,0.1,2,9218,0.9930
2026-04-05T05:32:50.775432,75739,1,0.3,3,9219,0.9929
2026-04-05T05:32:52.217452,75767,1,1.0,2,9220,0.9938
2026-04-05T05:32:52.268452,75768,1,10.0,2,9221,0.9935
2026-04-05T05:32:53.084452,75784,1,0.3,2,9222,0.9938
2026-04-05T05:32:53.544451,75793,1,100.0,2,9223,0.9941
2026-04-05T05:32:54.411452,75810,1,0.3,2,9224,0.9940
2026-04-05T05:32:57.441452,75869,2,100.0;10.0,1;3,9226,0.9957
2026-04-05T05:32:58.385452,75887,1,30.0,1,9227,0.9956
2026-04-05T05:32:59.099452,75901,2,3.0;0.3,3;2,9229,0.9953
2026-04-05T05:32:59.195425,75902,1,3.0,3,9230,0.9950
2026-04-05T05:32:59.452452,75907,1,3.0,1,9231,0.9947
2026-04-05T05:32:59.605452,75910,3,0.1;10.0;10.0,2;3;3,9234,0.9946
2026-04-05T05:33:00.181452,75921,1,0.3,4,9235,0.9943
2026-04-05T05:33:01.235432,75941,2,30.0;10.0,2;2,9237,0.9944
2026-04-05T05:33:01.899451,75954,1,3.0,2,9238,0.9941
2026-04-05T05:33:04.004451,75995,1,0.1,4,9239,0.9944
2026-04-05T05:33:04.872428,76012,2,10.0;0.1,2;2,9241,0.9943
2026-04-05T05:33:04.977452,76014,2,30.0;30.0,4;1,9243,0.9940
2026-04-05T05:33:05.028451,76015,2,30.0;1.0,1;1,9245,0.9937
2026-04-05T05:33:05.691452,76028,1,10.0,3,9246,0.9938
2026-04-05T05:33:05.900452,76032,1,10.0,2,9247,0.9935
2026-04-05T05:33:06.513452,76044,1,30.0,2,9248,0.9932
2026-04-05T05:33:08.708451,76087,2,3.0;100.0,4;4,9250,0.9943
2026-04-05T05:33:09.167451,76096,1,30.0,1,9251,0.9940
2026-04-05T05:33:09.218451,76097,1,30.0,4,9252,0.9937
2026-04-05T05:33:10.196452,76116,2,0.1;0.3,1;3,9254,0.9942
2026-04-05T05:33:10.611451,76124,1,0.1,1,9255,0.9941
2026-04-05T05:33:10.980452,76128,2,0.3;10.0,3;3,9257,0.9940
2026-04-05T05:33:11.548452,76139,1,10.0,4,9258,0.9941
2026-04-05T05:33:12.109432,76150,1,3.0,2,9259,0.9938
2026-04-05T05:33:12.314452,76154,1,1.0,2,9260,0.9935
2026-04-05T05:33:13.509422,76177,1,0.3,2,9261,0.9934
2026-04-05T05:33:13.878452,76184,2,30.0;3.0,1;1,9263,0.9935
2026-04-05T05:33:15.460452,76215,1,1.0,1,9264,0.9938
2026-04-05T05:33:16.854451,76241,1,1.0,1,9265,0.9939
2026-04-05T05:33:17.007451,76244,1,30.0,2,9266,0.9938
2026-04-05T05:33:17.352422,76250,3,30.0;1.0;30.0,3;3;3,9269,0.9937
2026-04-05T05:33:18.639452,76275,2,1.0;10.0,4;3,9271,0.9942
2026-04-05T05:33:18.743451,76277,1,1.0,4,9272,0.9939
2026-04-05T05:33:18.948452,76281,1,100.0,2,9273,0.9936
2026-04-05T05:33:18.999452,76282,1,100.0,2,9274,0.9933
2026-04-05T05:33:20.111452,76303,2,0.1;0.1,1;3,9276,0.9942
2026-04-05T05:33:20.622451,76313,2,0.3;0.3,2;2,9278,0.9941
2026-04-05T05:33:21.059451,76321,2,1.0;10.0,1;4,9280,0.9940
2026-04-05T05:33:21.885451,76337,1,10.0,3,9281,0.9939
2026-04-05T05:33:21.936452,76338,1,10.0,3,9282,0.9936
2026-04-05T05:33:23.150428,76361,2,0.3;100.0,2;2,9284,0.9943
2026-04-05T05:33:24.027451,76378,1,100.0,3,9285,0.9942
2026-04-05T05:33:24.435451,76386,1,0.3,2,9286,0.9939
2026-04-05T05:33:24.545451,76388,3,10.0;0.1;30.0,3;3;2,9289,0.9936
2026-04-05T05:33:26.183432,76420,3,10.0;0.3;100.0,1;1;1,9292,0.9943
2026-04-05T05:33:27.743451,76450,1,1.0,2,9293,0.9948
2026-04-05T05:33:28.202451,76459,1,30.0,2,9294,0.9951
2026-04-05T05:33:28.305452,76461,2,0.3;0.3,2;3,9296,0.9948
2026-04-05T05:33:29.689451,76488,1,0.3,3,9297,0.9949
2026-04-05T05:33:30.310452,76500,1,30.0,2,9298,0.9948
2026-04-05T05:33:30.821452,76510,1,0.3,4,9299,0.9945
2026-04-05T05:33:30.923452,76512,1,30.0,2,9300,0.9942
2026-04-05T05:33:31.744423,76528,1,10.0,4,9301,0.9941
2026-04-05T05:33:31.898452,76531,1,30.0,1,9302,0.9938
2026-04-05T05:33:31.953427,76532,1,10.0,2,9303,0.9935
2026-04-05T05:33:32.669452,76546,1,3.0,3,9304,0.9936
2026-04-05T05:33:32.822451,76549,1,30.0,1,9305,0.9935
2026-04-05T05:33:33.786452,76567,2,100.0;10.0,1;1,9307,0.9936
2026-04-05T05:33:34.041452,76572,1,3.0,2,9308,0.9933
2026-04-05T05:33:34.398426,76579,1,1.0,3,9309,0.9932
2026-04-05T05:33:35.096452,76592,1,10.0,1,9310,0.9933
2026-04-05T05:33:35.249427,76595,1,0.3,2,9311,0.9930
2026-04-05T05:33:36.262452,76614,1,100.0,2,9312,0.9927
2026-04-05T05:33:36.823451,76625,1,30.0,2,9313,0.9928
2026-04-05T05:33:36.976425,76628,3,0.3;30.0;0.1,2;2;2,9316,0.9925
2026-04-05T05:33:37.384452,76636,1,1.0,1,9317,0.9924
2026-04-05T05:33:37.435432,76637,2,0.3;10.0,2;1,9319,0.9921
2026-04-05T05:33:37.486426,76638,1,1.0,1,9320,0.9918
2026-04-05T05:33:37.691452,76642,1,3.0,3,9321,0.9915
2026-04-05T05:33:37.895452,76646,2,10.0;3.0,3;1,9323,0.9912
2026-04-05T05:33:38.968426,76667,1,0.1,3,9324,0.9913
2026-04-05T05:33:40.603452,76698,1,100.0,4,9325,0.9916
2026-04-05T05:33:40.858452,76703,1,0.1,3,9326,0.9913
2026-04-05T05:33:41.164451,76709,1,0.1,1,9327,0.9910
2026-04-05T05:33:41.471451,76715,1,3.0,3,9328,0.9911
2026-04-05T05:33:42.240451,76729,1,0.1,1,9329,0.9910
2026-04-05T05:33:44.233452,76767,3,0.1;30.0;3.0,2;1;2,9332,0.9923
2026-04-05T05:33:45.656451,76794,1,100.0,2,9333,0.9926
2026-04-05T05:33:47.972451,76836,1,30.0,3,9334,0.9937
2026-04-05T05:33:48.586452,76848,1,1.0,2,9335,0.9938
2026-04-05T05:33:48.637432,76849,1,30.0,3,9336,0.9935
2026-04-05T05:33:49.453452,76865,1,100.0,1,9337,0.9936
2026-04-05T05:33:50.173432,76879,1,100.0,2,9338,0.9937
2026-04-05T05:33:50.587452,76887,1,0.1,2,9339,0.9938
2026-04-05T05:33:54.573452,76963,1,0.3,2,9340,0.9951
2026-04-05T05:33:57.823452,77026,1,10.0,1,9341,0.9966
2026-04-05T05:33:59.191451,77052,1,30.0,3,9342,0.9971
2026-04-05T05:34:00.009451,77068,1,10.0,3,9343,0.9970
2026-04-05T05:34:00.886451,77085,2,0.3;10.0,1;2,9345,0.9973
2026-04-05T05:34:03.137452,77129,3,100.0;3.0;1.0,2;1;3,9348,0.9977
2026-04-05T05:34:03.852452,77143,1,100.0,2,9349,0.9974
2026-04-05T05:34:04.752422,77160,1,0.1,1,9350,0.9971
2026-04-05T05:34:05.110452,77167,1,3.0,1,9351,0.9968
2026-04-05T05:34:05.172427,77168,3,0.1;0.3;0.3,1;1;1,9354,0.9965
2026-04-05T05:34:05.378451,77172,1,10.0,2,9355,0.9964
2026-04-05T05:34:06.188451,77187,2,0.3;3.0,1;4,9357,0.9963
2026-04-05T05:34:06.394426,77191,1,100.0,2,9358,0.9962
2026-04-05T05:34:06.446432,77192,1,30.0,1,9359,0.9959
2026-04-05T05:34:06.549428,77194,1,1.0,4,9360,0.9958
2026-04-05T05:34:07.158452,77205,2,30.0;3.0,3;1,9362,0.9957
2026-04-05T05:34:08.335425,77228,1,0.3,2,9363,0.9958
2026-04-05T05:34:08.744452,77236,2,3.0;100.0,3;1,9365,0.9955
2026-04-05T05:34:08.897452,77239,1,10.0,1,9366,0.9952
2026-04-05T05:34:11.555452,77291,1,3.0,3,9367,0.9961
2026-04-05T05:34:12.990422,77318,1,30.0,3,9368,0.9962
2026-04-05T05:34:13.710452,77332,1,30.0,4,9369,0.9963
2026-04-05T05:34:14.477452,77347,1,30.0,3,9370,0.9966
2026-04-05T05:34:16.315451,77383,1,1.0,4,9371,0.9969
2026-04-05T05:34:16.774452,77392,1,0.3,2,9372,0.9966
2026-04-05T05:34:16.981451,77396,1,0.3,2,9373,0.9965
2026-04-05T05:34:17.083452,77398,2,3.0;0.1,2;2,9375,0.9962
2026-04-05T05:34:17.185452,77400,2,0.3;30.0,1;2,9377,0.9959
2026-04-05T05:34:17.542451,77407,1,0.1,3,9378,0.9956
2026-04-05T05:34:19.122425,77437,2,0.1;3.0,2;3,9380,0.9963
2026-04-05T05:34:19.173451,77438,2,3.0;0.1,3;3,9382,0.9960
2026-04-05T05:34:19.888426,77452,1,10.0,4,9383,0.9959
2026-04-05T05:34:21.266452,77479,1,0.3,3,9384,0.9956
2026-04-05T05:34:21.321427,77480,3,100.0;0.1;0.1,1;2;4,9387,0.9953
2026-04-05T05:34:21.478452,77483,1,10.0,2,9388,0.9950
2026-04-05T05:34:21.837426,77490,1,100.0,3,9389,0.9947
2026-04-05T05:34:23.017451,77511,1,0.1,1,9390,0.9946
2026-04-05T05:34:23.119452,77513,1,3.0,3,9391,0.9943
2026-04-05T05:34:23.323426,77517,2,1.0;100.0,3;2,9393,0.9940
2026-04-05T05:34:23.425452,77519,1,0.1,1,9394,0.9937
2026-04-05T05:34:25.061452,77551,2,100.0;1.0,1;2,9396,0.9950
2026-04-05T05:34:25.163452,77553,2,1.0;30.0,2;3,9398,0.9947
2026-04-05T05:34:25.673451,77563,1,30.0,1,9399,0.9946
2026-04-05T05:34:26.666451,77582,2,1.0;0.3,3;3,9401,0.9947
2026-04-05T05:34:26.870452,77586,1,3.0,4,9402,0.9944
2026-04-05T05:34:27.737452,77603,2,100.0;0.3,2;1,9404,0.9941
2026-04-05T05:34:27.841427,77605,2,0.1;1.0,4;1,9406,0.9940
2026-04-05T05:34:29.555451,77638,2,1.0;30.0,3;3,9408,0.9947
2026-04-05T05:34:29.900451,77644,1,3.0,3,9409,0.9946
2026-04-05T05:34:30.155452,77649,1,10.0,3,9410,0.9943
2026-04-05T05:34:31.289452,77671,1,0.3,1,9411,0.9942
2026-04-05T05:34:31.544452,77676,1,0.1,3,9412,0.9939
2026-04-05T05:34:32.364452,77692,1,0.1,3,9413,0.9940
2026-04-05T05:34:32.415452,77693,2,0.1;3.0,1;1,9415,0.9937
2026-04-05T05:34:33.336426,77709,1,3.0,1,9416,0.9940
2026-04-05T05:34:33.546451,77713,1,0.3,4,9417,0.9937
2026-04-05T05:34:33.804451,77718,1,100.0,1,9418,0.9936
2026-04-05T05:34:34.875427,77739,1,0.3,2,9419,0.9937
2026-04-05T05:34:35.797451,77757,3,1.0;0.3;0.3,1;4;3,9422,0.9936
2026-04-05T05:34:36.069451,77762,2,3.0;10.0,4;1,9424,0.9937
2026-04-05T05:34:36.582451,77772,1,10.0,3,9425,0.9944
2026-04-05T05:34:37.297452,77786,1,1.0,4,9426,0.9949
2026-04-05T05:34:38.113452,77802,2,1.0;100.0,1;1,9428,0.9948
2026-04-05T05:34:39.458451,77828,2,3.0;1.0,1;2,9430,0.9953
2026-04-05T05:34:40.705451,77852,2,30.0;0.3,2;1,9432,0.9950
2026-04-05T05:34:41.420452,77866,2,3.0;30.0,1;2,9434,0.9949
2026-04-05T05:34:41.833452,77874,1,10.0,2,9435,0.9946
2026-04-05T05:34:42.908451,77895,1,1.0,2,9436,0.9947
2026-04-05T05:34:45.267452,77940,3,0.1;0.1;10.0,1;3;2,9439,0.9956
2026-04-05T05:34:46.366452,77961,2,1.0;30.0,2;2,9441,0.9961
2026-04-05T05:34:47.033451,77974,2,10.0;1.0,1;2,9443,0.9960
2026-04-05T05:34:47.237452,77978,1,3.0,1,9444,0.9957
2026-04-05T05:34:47.953451,77992,2,0.1;3.0,4;1,9446,0.9958
2026-04-05T05:34:48.160451,77996,1,0.1,2,9447,0.9955
2026-04-05T05:34:49.501452,78022,2,100.0;0.3,3;3,9449,0.9960
2026-04-05T05:34:50.127452,78034,2,0.1;0.3,1;3,9451,0.9963
2026-04-05T05:34:51.110452,78053,3,0.1;1.0;1.0,1;1;1,9454,0.9966
2026-04-05T05:34:52.236432,78075,1,1.0,3,9455,0.9971
2026-04-05T05:34:52.697452,78084,3,100.0;3.0;10.0,3;1;1,9458,0.9970
2026-04-05T05:34:52.748452,78085,2,100.0;10.0,3;3,9460,0.9967
2026-04-05T05:34:53.105452,78092,3,10.0;0.3;3.0,1;1;3,9463,0.9964
2026-04-05T05:34:53.994452,78109,1,1.0,4,9464,0.9963
2026-04-05T05:34:54.300451,78115,1,30.0,3,9465,0.9962
2026-04-05T05:34:54.351428,78116,1,1.0,2,9466,0.9959
2026-04-05T05:34:54.555423,78120,1,100.0,1,9467,0.9956
2026-04-05T05:34:55.237452,78133,2,0.3;3.0,3;2,9469,0.9955
2026-04-05T05:34:56.054451,78149,1,0.3,1,9470,0.9960
2026-04-05T05:34:56.667451,78161,1,3.0,1,9471,0.9957
2026-04-05T05:34:56.769452,78163,1,100.0,1,9472,0.9954
2026-04-05T05:34:56.922452,78166,2,0.3;0.1,3;1,9474,0.9951
2026-04-05T05:34:57.128451,78170,1,3.0,2,9475,0.9948
2026-04-05T05:34:57.294451,78173,1,0.3,1,9476,0.9945
2026-04-05T05:34:59.307452,78212,1,0.3,2,9477,0.9950
2026-04-05T05:34:59.511452,78216,2,100.0;30.0,2;2,9479,0.9949
2026-04-05T05:35:00.025428,78226,2,3.0;100.0,3;1,9481,0.9948
2026-04-05T05:35:01.471452,78254,1,0.3,2,9482,0.9961
2026-04-05T05:35:01.789451,78260,3,0.1;10.0;0.1,2;1;2,9485,0.9960
2026-04-05T05:35:02.149451,78267,1,100.0,1,9486,0.9959
2026-04-05T05:35:02.507452,78274,1,10.0,3,9487,0.9958
2026-04-05T05:35:02.813452,78280,2,0.1;0.3,2;2,9489,0.9957
2026-04-05T05:35:02.864452,78281,3,0.1;0.3;0.1,3;4;1,9492,0.9954
2026-04-05T05:35:04.344426,78310,2,1.0;100.0,1;3,9494,0.9959
2026-04-05T05:35:04.446452,78312,3,0.1;10.0;3.0,1;2;2,9497,0.9956
2026-04-05T05:35:05.215452,78327,1,10.0,4,9498,0.9955
2026-04-05T05:35:05.627452,78335,1,0.1,3,9499,0.9954
2026-04-05T05:35:05.831452,78339,1,0.3,4,9500,0.9951
2026-04-05T05:35:06.953452,78359,2,3.0;100.0,1;2,9502,0.9960
2026-04-05T05:35:07.820452,78376,2,10.0;10.0,3;4,9504,0.9965
2026-04-05T05:35:08.893451,78397,1,100.0,2,9505,0.9966
2026-04-05T05:35:09.505451,78409,2,100.0;30.0,1;1,9507,0.9965
2026-04-05T05:35:10.434452,78427,3,0.1;30.0;0.3,1;2;4,9510,0.9966
2026-04-05T05:35:11.712451,78452,1,10.0,3,9511,0.9967
2026-04-05T05:35:11.918452,78456,2,10.0;10.0,3;1,9513,0.9964
2026-04-05T05:35:12.430451,78466,1,100.0,2,9514,0.9961
2026-04-05T05:35:13.150452,78480,1,30.0,3,9515,0.9964
2026-04-05T05:35:13.201425,78481,1,0.1,3,9516,0.9961
2026-04-05T05:35:13.867432,78494,2,3.0;3.0,2;2,9518,0.9958
2026-04-05T05:35:14.276451,78502,1,0.3,2,9519,0.9955
2026-04-05T05:35:14.328452,78503,1,30.0,1,9520,0.9952
2026-04-05T05:35:14.583452,78508,2,0.3;10.0,1;1,9522,0.9949
2026-04-05T05:35:15.654452,78529,2,1.0;0.1,1;1,9524,0.9950
2026-04-05T05:35:16.165451,78539,2,100.0;10.0,1;4,9526,0.9951
2026-04-05T05:35:16.420452,78544,1,0.3,3,9527,0.9948
2026-04-05T05:35:16.793428,78551,1,0.1,2,9528,0.9949
2026-04-05T05:35:16.998452,78555,2,0.3;0.1,1;4,9530,0.9948
2026-04-05T05:35:17.458452,78564,2,10.0;100.0,1;3,9532,0.9945
2026-04-05T05:35:17.688451,78568,2,30.0;10.0,1;2,9534,0.9942
2026-04-05T05:35:19.171424,78596,1,30.0,1,9535,0.9949
2026-04-05T05:35:19.376451,78600,2,100.0;1.0,2;1,9537,0.9946
2026-04-05T05:35:19.733451,78607,1,0.1,4,9538,0.9945
2026-04-05T05:35:21.011452,78632,1,3.0,2,9539,0.9946
2026-04-05T05:35:21.215452,78636,1,100.0,2,9540,0.9943
2026-04-05T05:35:21.572451,78643,2,1.0;3.0,3;3,9542,0.9944
2026-04-05T05:35:21.725452,78646,1,100.0,2,9543,0.9943
2026-04-05T05:35:22.031452,78652,3,0.1;30.0;0.3,2;3;2,9546,0.9940
2026-04-05T05:35:23.282424,78676,2,100.0;0.1,1;3,9548,0.9943
2026-04-05T05:35:24.149423,78693,2,0.1;1.0,2;1,9550,0.9946
2026-04-05T05:35:25.222451,78714,1,0.3,4,9551,0.9949
2026-04-05T05:35:25.940451,78728,2,0.1;100.0,1;3,9553,0.9946
2026-04-05T05:35:26.145452,78732,2,10.0;0.1,1;1,9555,0.9943
2026-04-05T05:35:26.808452,78745,1,0.1,1,9556,0.9942
2026-04-05T05:35:26.962452,78748,1,1.0,4,9557,0.9939
2026-04-05T05:35:27.371451,78756,1,3.0,1,9558,0.9938
2026-04-05T05:35:27.817432,78764,1,0.1,3,9559,0.9939
2026-04-05T05:35:27.919452,78766,2,30.0;1.0,1;4,9561,0.9936
2026-04-05T05:35:28.174452,78771,1,0.1,3,9562,0.9933
2026-04-05T05:35:28.502451,78777,2,0.3;30.0,3;2,9564,0.9932
2026-04-05T05:35:30.213427,78810,1,0.1,2,9565,0.9937
2026-04-05T05:35:30.629451,78818,1,0.1,2,9566,0.9936
2026-04-05T05:35:32.109451,78847,2,30.0;3.0,4;1,9568,0.9935
2026-04-05T05:35:32.673451,78858,3,100.0;10.0;3.0,2;4;2,9571,0.9934
2026-04-05T05:35:33.092451,78866,1,0.3,1,9572,0.9931
2026-04-05T05:35:33.144452,78867,2,0.1;10.0,2;3,9574,0.9928
2026-04-05T05:35:34.577452,78895,2,3.0;1.0,2;2,9576,0.9933
2026-04-05T05:35:36.363452,78930,3,30.0;0.3;3.0,1;3;2,9579,0.9932
2026-04-05T05:35:37.911452,78960,3,100.0;30.0;0.1,1;1;4,9582,0.9937
2026-04-05T05:35:38.728435,78976,1,10.0,4,9583,0.9946
2026-04-05T05:35:39.188452,78985,2,10.0;1.0,1;3,9585,0.9943
2026-04-05T05:35:40.055451,79002,1,10.0,1,9586,0.9946
2026-04-05T05:35:40.172451,79004,3,10.0;1.0;30.0,1;2;2,9589,0.9943
2026-04-05T05:35:40.377427,79008,1,0.1,3,9590,0.9944
2026-04-05T05:35:42.374422,79046,1,0.1,2,9591,0.9947
2026-04-05T05:35:42.560451,79049,1,1.0,1,9592,0.9946
2026-04-05T05:35:43.019452,79058,1,0.3,2,9593,0.9943
2026-04-05T05:35:43.071451,79059,1,0.1,2,9594,0.9940
2026-04-05T05:35:43.275452,79063,1,100.0,4,9595,0.9937
2026-04-05T05:35:43.683452,79071,1,0.3,4,9596,0.9938
2026-04-05T05:35:44.296452,79083,1,10.0,2,9597,0.9939
2026-04-05T05:35:44.398452,79085,3,1.0;3.0;3.0,2;4;3,9600,0.9938
2026-04-05T05:35:45.067451,79098,1,0.3,2,9601,0.9941
2026-04-05T05:35:46.019451,79116,1,10.0,3,9602,0.9938
2026-04-05T05:35:46.682451,79129,1,3.0,3,9603,0.9937
2026-04-05T05:35:47.544451,79145,2,1.0;0.3,3;4,9605,0.9942
2026-04-05T05:35:48.007451,79154,2,30.0;1.0,1;3,9607,0.9943
2026-04-05T05:35:48.778452,79169,1,30.0,3,9608,0.9940
2026-04-05T05:35:49.033452,79174,1,0.3,2,9609,0.9937
2026-04-05T05:35:49.288452,79179,2,1.0;30.0,3;3,9611,0.9934
2026-04-05T05:35:49.492427,79183,1,0.1,3,9612,0.9933
2026-04-05T05:35:50.513451,79203,3,0.3;3.0;3.0,3;4;2,9615,0.9938
2026-04-05T05:35:52.986451,79251,2,100.0;30.0,3;3,9617,0.9941
2026-04-05T05:35:53.262451,79256,1,0.3,4,9618,0.9940
2026-04-05T05:35:54.302451,79276,2,10.0;0.3,3;3,9620,0.9945
2026-04-05T05:35:54.358428,79277,1,3.0,4,9621,0.9942
2026-04-05T05:35:54.716452,79284,1,0.1,1,9622,0.9939
2026-04-05T05:35:55.175452,79293,3,3.0;1.0;100.0,2;2;3,9625,0.9936
2026-04-05T05:35:55.598452,79301,2,1.0;0.3,3;1,9627,0.9933
2026-04-05T05:35:55.855452,79306,1,0.1,3,9628,0.9930
2026-04-05T05:35:58.451452,79356,1,0.3,3,9629,0.9935
2026-04-05T05:35:59.369451,79374,1,30.0,3,9630,0.9934
2026-04-05T05:35:59.624451,79379,3,0.3;1.0;0.3,2;2;2,9633,0.9935
2026-04-05T05:35:59.726451,79381,1,0.1,1,9634,0.9932
2026-04-05T05:35:59.931433,79385,2,0.1;100.0,1;3,9636,0.9931
2026-04-05T05:36:00.494452,79396,2,10.0;0.1,3;2,9638,0.9934
2026-04-05T05:36:00.902452,79404,1,3.0,3,9639,0.9931
2026-04-05T05:36:01.004452,79406,2,10.0;100.0,2;2,9641,0.9928
2026-04-05T05:36:01.157452,79409,3,30.0;0.1;100.0,3;2;2,9644,0.9925
2026-04-05T05:36:01.208423,79410,2,3.0;10.0,4;1,9646,0.9922
2026-04-05T05:36:02.364425,79432,1,0.1,4,9647,0.9923
2026-04-05T05:36:02.568451,79436,2,10.0;0.3,1;3,9649,0.9920
2026-04-05T05:36:03.456452,79453,1,0.1,3,9650,0.9917
2026-04-05T05:36:04.426451,79472,3,0.3;30.0;0.3,3;4;3,9653,0.9914
2026-04-05T05:36:05.295452,79489,2,0.3;30.0,3;2,9655,0.9919
2026-04-05T05:36:05.448451,79492,1,0.1,4,9656,0.9916
2026-04-05T05:36:05.856451,79500,1,0.1,1,9657,0.9915
2026-04-05T05:36:06.061451,79504,1,1.0,2,9658,0.9916
2026-04-05T05:36:08.530451,79552,1,10.0,3,9659,0.9925
2026-04-05T05:36:08.989452,79561,2,3.0;1.0,2;3,9661,0.9922
2026-04-05T05:36:09.979452,79580,1,30.0,1,9662,0.9921
2026-04-05T05:36:10.236429,79585,1,0.3,2,9663,0.9922
2026-04-05T05:36:10.876452,79597,2,0.3;10.0,1;1,9665,0.9921
2026-04-05T05:36:11.182424,79603,1,1.0,1,9666,0.9918
2026-04-05T05:36:11.901452,79617,1,0.3,2,9667,0.9919
2026-04-05T05:36:11.952451,79618,1,100.0,1,9668,0.9916
2026-04-05T05:36:12.207452,79623,1,100.0,3,9669,0.9915
2026-04-05T05:36:12.360452,79626,2,0.1;0.3,3;4,9671,0.9912
2026-04-05T05:36:13.228452,79643,2,0.3;100.0,1;1,9673,0.9913
2026-04-05T05:36:13.330452,79645,1,0.1,1,9674,0.9910
2026-04-05T05:36:13.789426,79654,3,0.3;30.0;0.1,1;3;3,9677,0.9907
2026-04-05T05:36:13.944427,79657,3,100.0;0.1;3.0,3;2;3,9680,0.9904
2026-04-05T05:36:14.921451,79676,2,30.0;30.0,4;1,9682,0.9903
2026-04-05T05:36:15.023451,79678,3,10.0;3.0;1.0,1;1;2,9685,0.9900
2026-04-05T05:36:15.074451,79679,2,3.0;0.1,1;2,9687,0.9897
2026-04-05T05:36:17.171451,79720,3,1.0;0.1;100.0,2;1;2,9690,0.9902
2026-04-05T05:36:17.273452,79722,2,3.0;0.1,2;3,9692,0.9899
2026-04-05T05:36:17.375452,79724,2,10.0;30.0,3;2,9694,0.9896
2026-04-05T05:36:17.528427,79727,2,100.0;0.1,1;2,9696,0.9895
2026-04-05T05:36:17.681452,79730,1,30.0,2,9697,0.9894
2026-04-05T05:36:18.651452,79749,2,10.0;0.3,4;4,9699,0.9899
2026-04-05T05:36:18.957452,79755,3,10.0;0.1;100.0,2;3;4,9702,0.9898
2026-04-05T05:36:19.520452,79766,2,0.3;0.1,3;3,9704,0.9897
2026-04-05T05:36:20.084427,79777,1,0.3,3,9705,0.9898
2026-04-05T05:36:20.186451,79779,2,0.1;0.1,2;2,9707,0.9895
2026-04-05T05:36:20.849451,79792,1,30.0,1,9708,0.9894
2026-04-05T05:36:21.568451,79806,1,0.3,2,9709,0.9891
2026-04-05T05:36:24.024452,79852,1,0.1,3,9710,0.9900
2026-04-05T05:36:24.483452,79861,2,3.0;10.0,3;3,9712,0.9899
2026-04-05T05:36:25.213452,79875,3,100.0;0.3;30.0,1;4;1,9715,0.9896
2026-04-05T05:36:25.468452,79880,2,0.1;1.0,4;1,9717,0.9893
2026-04-05T05:36:25.519451,79881,3,0.3;1.0;100.0,3;4;1,9720,0.9890
2026-04-05T05:36:25.723428,79885,1,100.0,2,9721,0.9889
2026-04-05T05:36:26.233432,79895,1,30.0,2,9722,0.9892
2026-04-05T05:36:26.643452,79903,2,0.3;0.1,1;3,9724,0.9893
2026-04-05T05:36:27.645452,79922,1,3.0,3,9725,0.9898
2026-04-05T05:36:27.849452,79926,2,1.0;30.0,1;1,9727,0.9895
2026-04-05T05:36:27.951452,79928,1,0.3,1,9728,0.9892
2026-04-05T05:36:28.104451,79931,1,3.0,1,9729,0.9891
2026-04-05T05:36:29.655452,79960,1,30.0,2,9730,0.9896
2026-04-05T05:36:29.961427,79966,1,10.0,2,9731,0.9897
2026-04-05T05:36:30.216451,79971,1,3.0,1,9732,0.9894
2026-04-05T05:36:32.107452,80008,1,10.0,2,9733,0.9901
2026-04-05T05:36:33.546452,80036,1,10.0,3,9734,0.9902
2026-04-05T05:36:33.755452,80040,2,0.1;1.0,2;2,9736,0.9903
2026-04-05T05:36:33.806427,80041,2,1.0;1.0,1;3,9738,0.9900
2026-04-05T05:36:33.857451,80042,1,100.0,3,9739,0.9897
2026-04-05T05:36:34.163452,80048,1,30.0,4,9740,0.9894
2026-04-05T05:36:35.081452,80066,2,30.0;10.0,1;2,9742,0.9891
2026-04-05T05:36:36.054452,80085,3,3.0;30.0;1.0,1;4;1,9745,0.9894
2026-04-05T05:36:36.819452,80100,1,1.0,1,9746,0.9893
2026-04-05T05:36:37.076452,80105,1,100.0,2,9747,0.9892
2026-04-05T05:36:37.739451,80118,1,100.0,3,9748,0.9889
2026-04-05T05:36:38.420426,80131,1,10.0,3,9749,0.9888
2026-04-05T05:36:39.186452,80146,2,0.1;10.0,1;1,9751,0.9889
2026-04-05T05:36:39.288452,80148,1,0.3,2,9752,0.9886
2026-04-05T05:36:39.543451,80153,1,100.0,1,9753,0.9883
2026-04-05T05:36:39.660451,80155,1,0.1,4,9754,0.9880
2026-04-05T05:36:40.531452,80172,2,0.1;1.0,4;3,9756,0.9881
2026-04-05T05:36:42.340425,80206,2,0.3;0.3,3;2,9758,0.9888
2026-04-05T05:36:43.546452,80228,1,30.0,4,9759,0.9893
2026-04-05T05:36:43.954452,80236,1,1.0,3,9760,0.9894
2026-04-05T05:36:44.005452,80237,1,0.3,2,9761,0.9891
2026-04-05T05:36:44.363452,80244,2,30.0;10.0,2;3,9763,0.9888
2026-04-05T05:36:45.026452,80257,1,100.0,3,9764,0.9889
2026-04-05T05:36:46.813452,80292,2,10.0;3.0,2;3,9766,0.9894
2026-04-05T05:36:47.273452,80301,2,10.0;10.0,1;1,9768,0.9895
2026-04-05T05:36:47.426452,80304,2,100.0;0.3,3;3,9770,0.9892
2026-04-05T05:36:48.396452,80323,1,30.0,2,9771,0.9893
2026-04-05T05:36:49.010452,80335,1,10.0,3,9772,0.9890
2026-04-05T05:36:50.454451,80363,3,0.3;10.0;0.3,1;2;1,9775,0.9893
2026-04-05T05:36:50.890422,80371,1,30.0,1,9776,0.9892
2026-04-05T05:36:51.912452,80391,1,10.0,3,9777,0.9891
2026-04-05T05:36:52.014452,80393,3,0.3;30.0;30.0,1;2;3,9780,0.9888
2026-04-05T05:36:53.238451,80417,3,10.0;0.3;0.3,3;2;3,9783,0.9895
2026-04-05T05:36:53.342435,80419,2,100.0;3.0,4;2,9785,0.9892
2026-04-05T05:36:55.035452,80452,2,0.1;100.0,1;1,9787,0.9897
2026-04-05T05:36:55.392452,80459,2,3.0;30.0,1;2,9789,0.9894
2026-04-05T05:36:55.545451,80462,1,0.1,3,9790,0.9893
2026-04-05T05:36:56.387451,80478,1,100.0,1,9791,0.9892
2026-04-05T05:36:56.999451,80490,2,3.0;30.0,3;3,9793,0.9889
2026-04-05T05:36:57.254452,80495,3,3.0;30.0;0.1,2;2;4,9796,0.9888
2026-04-05T05:36:58.070432,80511,2,0.3;3.0,2;3,9798,0.9891
2026-04-05T05:36:58.121432,80512,1,3.0,3,9799,0.9888
2026-04-05T05:36:58.683452,80523,1,30.0,4,9800,0.9887
2026-04-05T05:36:58.738429,80524,1,100.0,3,9801,0.9884
2026-04-05T05:37:00.181452,80552,1,1.0,2,9802,0.9889
2026-04-05T05:37:01.849428,80584,1,100.0,3,9803,0.9898
2026-04-05T05:37:03.605451,80617,1,0.1,3,9804,0.9901
2026-04-05T05:37:03.656451,80618,1,3.0,2,9805,0.9898
2026-04-05T05:37:03.707432,80619,2,1.0;30.0,2;1,9807,0.9895
2026-04-05T05:37:04.064433,80626,1,10.0,3,9808,0.9896
2026-04-05T05:37:04.780451,80640,1,0.3,2,9809,0.9895
2026-04-05T05:37:05.545451,80655,2,1.0;0.3,1;1,9811,0.9894
2026-04-05T05:37:06.672452,80677,2,1.0;0.3,3;3,9813,0.9897
2026-04-05T05:37:06.927452,80682,1,3.0,1,9814,0.9894
2026-04-05T05:37:07.897451,80701,1,0.3,3,9815,0.9897
2026-04-05T05:37:08.560452,80714,1,0.1,2,9816,0.9894
2026-04-05T05:37:09.807452,80738,1,0.3,3,9817,0.9897
2026-04-05T05:37:10.370452,80749,2,1.0;1.0,1;1,9819,0.9896
2026-04-05T05:37:10.579451,80753,2,30.0;100.0,2;2,9821,0.9893
2026-04-05T05:37:10.885452,80759,1,100.0,4,9822,0.9892
2026-04-05T05:37:11.523451,80771,3,30.0;30.0;30.0,2;1;3,9825,0.9893
2026-04-05T05:37:12.018423,80780,1,100.0,2,9826,0.9890
2026-04-05T05:37:12.326452,80786,1,0.3,2,9827,0.9891
2026-04-05T05:37:12.530452,80790,3,3.0;100.0;10.0,3;3;3,9830,0.9888
2026-04-05T05:37:13.738452,80813,1,10.0,1,9831,0.9893
2026-04-05T05:37:13.942427,80817,1,0.1,2,9832,0.9892
2026-04-05T05:37:13.993451,80818,1,100.0,1,9833,0.9889
2026-04-05T05:37:14.146432,80821,2,10.0;0.1,3;3,9835,0.9886
2026-04-05T05:37:14.554451,80829,1,10.0,2,9836,0.9887
2026-04-05T05:37:15.319451,80844,1,30.0,3,9837,0.9890
2026-04-05T05:37:15.931452,80856,3,1.0;0.3;0.1,1;3;3,9840,0.9887
2026-04-05T05:37:16.034451,80858,2,100.0;100.0,2;2,9842,0.9884
2026-04-05T05:37:16.289452,80863,1,10.0,1,9843,0.9883
2026-04-05T05:37:16.340445,80864,1,0.3,2,9844,0.9880
2026-04-05T05:37:17.377451,80884,2,10.0;3.0,2;3,9846,0.9883
2026-04-05T05:37:17.429452,80885,2,1.0;100.0,3;2,9848,0.9880
2026-04-05T05:37:17.991432,80896,1,10.0,3,9849,0.9881
2026-04-05T05:37:19.083451,80917,1,3.0,1,9850,0.9878
2026-04-05T05:37:19.134452,80918,1,10.0,3,9851,0.9875
2026-04-05T05:37:19.287452,80921,1,0.1,1,9852,0.9872
2026-04-05T05:37:20.475452,80944,1,1.0,1,9853,0.9871
2026-04-05T05:37:20.577451,80946,1,1.0,3,9854,0.9868
2026-04-05T05:37:21.501452,80964,1,1.0,3,9855,0.9867
2026-04-05T05:37:22.167428,80977,3,0.1;1.0;1.0,1;3;2,9858,0.9868
2026-04-05T05:37:22.626452,80986,1,1.0,2,9859,0.9865
2026-04-05T05:37:22.717451,80987,1,100.0,1,9860,0.9862
2026-04-05T05:37:23.635451,81005,1,0.1,3,9861,0.9863
2026-04-05T05:37:23.686432,81006,1,1.0,3,9862,0.9860
2026-04-05T05:37:24.553451,81023,1,3.0,1,9863,0.9863
2026-04-05T05:37:25.739452,81046,1,3.0,3,9864,0.9866
2026-04-05T05:37:29.531452,81119,1,3.0,1,9865,0.9877
2026-04-05T05:37:29.582451,81120,2,30.0;0.1,2;1,9867,0.9874
2026-04-05T05:37:29.735428,81123,1,3.0,1,9868,0.9871
2026-04-05T05:37:31.277452,81153,1,0.3,2,9869,0.9874
2026-04-05T05:37:31.654451,81160,1,10.0,3,9870,0.9873
2026-04-05T05:37:31.756451,81162,1,30.0,3,9871,0.9870
2026-04-05T05:37:31.909432,81165,2,1.0;30.0,3;3,9873,0.9867
2026-04-05T05:37:32.266452,81172,1,3.0,3,9874,0.9864
2026-04-05T05:37:32.470426,81176,2,10.0;1.0,2;1,9876,0.9865
2026-04-05T05:37:33.957451,81205,2,10.0;3.0,3;1,9878,0.9872
2026-04-05T05:37:34.059452,81207,1,10.0,2,9879,0.9869
2026-04-05T05:37:37.369452,81271,1,0.1,2,9880,0.9878
2026-04-05T05:37:37.421451,81272,1,0.1,2,9881,0.9875
2026-04-05T05:37:37.574428,81275,1,10.0,3,9882,0.9876
2026-04-05T05:37:38.527452,81293,1,1.0,3,9883,0.9885
2026-04-05T05:37:38.680452,81296,1,3.0,1,9884,0.9882
2026-04-05T05:37:39.039452,81303,1,0.3,1,9885,0.9881
2026-04-05T05:37:39.141452,81305,1,1.0,1,9886,0.9880
2026-04-05T05:37:40.581452,81333,1,10.0,2,9887,0.9879
2026-04-05T05:37:41.397451,81349,2,10.0;10.0,1;3,9889,0.9878
2026-04-05T05:37:42.366452,81368,2,100.0;0.1,3;2,9891,0.9877
2026-04-05T05:37:42.774432,81376,1,1.0,2,9892,0.9876
2026-04-05T05:37:43.969451,81399,2,10.0;0.1,2;4,9894,0.9875
2026-04-05T05:37:44.428452,81408,3,100.0;1.0;0.1,3;2;2,9897,0.9872
2026-04-05T05:37:44.837452,81416,1,0.1,1,9898,0.9869
2026-04-05T05:37:45.041452,81420,1,3.0,2,9899,0.9868
2026-04-05T05:37:45.552451,81430,1,30.0,2,9900,0.9873
2026-04-05T05:37:46.165434,81442,2,100.0;100.0,4;2,9902,0.9874
2026-04-05T05:37:47.191452,81462,1,0.1,3,9903,0.9875
2026-04-05T05:37:48.008452,81478,1,3.0,2,9904,0.9878
2026-04-05T05:37:48.684452,81491,1,100.0,1,9905,0.9879
2026-04-05T05:37:48.786427,81493,2,100.0;1.0,1;1,9907,0.9876
2026-04-05T05:37:48.838451,81494,3,1.0;30.0;0.3,1;3;3,9910,0.9873
2026-04-05T05:37:48.940452,81496,1,30.0,2,9911,0.9870
2026-04-05T05:37:49.401452,81505,1,1.0,4,9912,0.9871
2026-04-05T05:37:49.656452,81510,1,10.0,3,9913,0.9868
2026-04-05T05:37:50.682452,81530,1,3.0,1,9914,0.9871
2026-04-05T05:37:50.784432,81532,1,0.1,1,9915,0.9868
2026-04-05T05:37:51.090426,81538,2,100.0;3.0,1;1,9917,0.9865
2026-04-05T05:37:51.450452,81545,1,1.0,1,9918,0.9864
2026-04-05T05:37:54.461451,81604,3,10.0;3.0;0.1,3;2;3,9921,0.9887
2026-04-05T05:37:54.615451,81607,1,1.0,2,9922,0.9884
2026-04-05T05:37:55.279451,81620,2,100.0;30.0,4;2,9924,0.9883
2026-04-05T05:37:55.942452,81633,1,30.0,3,9925,0.9882
2026-04-05T05:37:57.176426,81657,3,0.3;30.0;100.0,2;1;2,9928,0.9889
2026-04-05T05:37:58.572451,81684,1,1.0,3,9929,0.9892
2026-04-05T05:37:58.674452,81686,1,3.0,2,9930,0.9889
2026-04-05T05:37:58.725452,81687,2,10.0;100.0,2;3,9932,0.9886
2026-04-05T05:37:58.778452,81688,3,3.0;10.0;0.1,3;3;2,9935,0.9883
2026-04-05T05:37:59.701452,81706,1,3.0,1,9936,0.9886
2026-04-05T05:38:00.109451,81714,1,100.0,2,9937,0.9887
2026-04-05T05:38:00.313452,81718,1,10.0,1,9938,0.9884
2026-04-05T05:38:00.824452,81728,2,100.0;30.0,3;1,9940,0.9883
2026-04-05T05:38:01.130452,81734,1,1.0,1,9941,0.9882
2026-04-05T05:38:01.641452,81744,1,30.0,4,9942,0.9883
2026-04-05T05:38:02.256452,81756,1,30.0,2,9943,0.9886
2026-04-05T05:38:02.828425,81766,1,100.0,1,9944,0.9883
2026-04-05T05:38:02.984452,81769,1,10.0,1,9945,0.9880
2026-04-05T05:38:03.395452,81777,3,0.3;30.0;10.0,2;2;3,9948,0.9879
2026-04-05T05:38:03.957426,81788,2,3.0;3.0,4;2,9950,0.9878
2026-04-05T05:38:04.063452,81790,2,10.0;10.0,1;2,9952,0.9877
2026-04-05T05:38:06.525451,81838,2,30.0;3.0,2;3,9954,0.9888
2026-04-05T05:38:06.781452,81843,1,30.0,2,9955,0.9887
2026-04-05T05:38:07.037426,81848,1,10.0,3,9956,0.9884
2026-04-05T05:38:07.502452,81857,1,0.3,3,9957,0.9885
2026-04-05T05:38:08.119452,81869,1,0.3,3,9958,0.9884
2026-04-05T05:38:08.681451,81880,1,0.3,2,9959,0.9883
2026-04-05T05:38:08.732432,81881,3,100.0;10.0;100.0,2;3;3,9962,0.9880
2026-04-05T05:38:09.653452,81899,1,0.3,1,9963,0.9879
2026-04-05T05:38:10.967451,81924,3,10.0;10.0;0.1,2;1;1,9966,0.9886
2026-04-05T05:38:11.431451,81933,1,3.0,4,9967,0.9885
2026-04-05T05:38:11.607452,81936,2,1.0;3.0,1;2,9969,0.9882
2026-04-05T05:38:12.068452,81945,2,30.0;0.3,2;4,9971,0.9879
2026-04-05T05:38:12.272452,81949,2,1.0;0.1,3;2,9973,0.9878
2026-04-05T05:38:12.578452,81955,1,100.0,4,9974,0.9877
2026-04-05T05:38:12.885452,81961,1,100.0,3,9975,0.9874
2026-04-05T05:38:13.243452,81968,1,0.1,3,9976,0.9875
2026-04-05T05:38:13.702452,81977,2,100.0;1.0,3;3,9978,0.9872
2026-04-05T05:38:14.621451,81995,1,1.0,1,9979,0.9869
2026-04-05T05:38:14.826452,81999,3,0.3;0.1;10.0,2;2;1,9982,0.9866
2026-04-05T05:38:15.132452,82005,1,0.1,3,9983,0.9865
2026-04-05T05:38:16.015452,82022,1,0.1,1,9984,0.9866
2026-04-05T05:38:17.690451,82054,1,100.0,3,9985,0.9865
2026-04-05T05:38:18.609452,82072,2,0.1;3.0,4;1,9987,0.9868
2026-04-05T05:38:19.374452,82087,2,30.0;0.1,3;1,9989,0.9867
2026-04-05T05:38:19.629452,82092,1,1.0,1,9990,0.9864
2026-04-05T05:38:20.496451,82109,1,100.0,2,9991,0.9865
2026-04-05T05:38:22.596427,82150,3,100.0;3.0;100.0,1;2;3,9994,0.9876
2026-04-05T05:38:22.903452,82156,2,0.3;100.0,4;3,9996,0.9873
2026-04-05T05:38:23.005451,82158,2,0.3;30.0,1;2,9998,0.9870
2026-04-05T05:38:23.413452,82166,1,30.0,1,9999,0.9869
2026-04-05T05:38:24.649452,82190,1,0.3,2,10000,0.9870
2026-04-05T05:38:26.232452,82221,1,30.0,4,10001,0.9875
2026-04-05T05:38:26.640451,82229,2,10.0;0.1,2;2,10003,0.9874
2026-04-05T05:38:27.100432,82238,3,30.0;3.0;0.1,3;2;3,10006,0.9875
2026-04-05T05:38:27.407426,82244,2,10.0;0.1,1;4,10008,0.9876
2026-04-05T05:38:27.867452,82253,1,0.1,4,10009,0.9875
2026-04-05T05:38:28.612451,82267,2,10.0;100.0,1;1,10011,0.9874
2026-04-05T05:38:28.664428,82268,1,10.0,2,10012,0.9871
2026-04-05T05:38:30.058452,82295,2,100.0;3.0,1;1,10014,0.9874
2026-04-05T05:38:30.415452,82302,1,100.0,1,10015,0.9873
2026-04-05T05:38:31.042427,82314,1,100.0,4,10016,0.9872
2026-04-05T05:38:33.117427,82354,1,100.0,2,10017,0.9871
2026-04-05T05:38:34.493451,82380,2,0.3;30.0,1;1,10019,0.9870
2026-04-05T05:38:34.648451,82383,1,100.0,1,10020,0.9867
2026-04-05T05:38:35.774451,82405,1,3.0,2,10021,0.9872
2026-04-05T05:38:36.131452,82412,1,100.0,1,10022,0.9869
2026-04-05T05:38:36.387452,82417,1,1.0,2,10023,0.9866
2026-04-05T05:38:36.540452,82420,1,30.0,1,10024,0.9865
2026-04-05T05:38:39.093451,82469,1,100.0,4,10025,0.9874
2026-04-05T05:38:40.266427,82492,1,0.3,3,10026,0.9877
2026-04-05T05:38:40.577452,82498,1,1.0,2,10027,0.9874
2026-04-05T05:38:40.642425,82499,2,10.0;0.1,2;2,10029,0.9871
2026-04-05T05:38:40.746452,82501,2,100.0;100.0,1;3,10031,0.9868
2026-04-05T05:38:41.168426,82509,1,3.0,3,10032,0.9869
2026-04-05T05:38:41.664451,82518,1,0.1,3,10033,0.9866
2026-04-05T05:38:42.583452,82536,1,0.3,2,10034,0.9867
2026-04-05T05:38:43.814452,82560,2,100.0;100.0,3;2,10036,0.9874
2026-04-05T05:38:43.967452,82563,1,1.0,1,10037,0.9871
2026-04-05T05:38:47.394452,82629,1,10.0,3,10038,0.9874
2026-04-05T05:38:48.722452,82655,2,1.0;100.0,2;3,10040,0.9875
2026-04-05T05:38:49.181451,82664,1,3.0,2,10041,0.9874
2026-04-05T05:38:50.464451,82689,1,1.0,1,10042,0.9885
2026-04-05T05:38:51.391452,82707,2,30.0;100.0,1;2,10044,0.9886
2026-04-05T05:38:53.453451,82747,2,30.0;3.0,2;4,10046,0.9893
2026-04-05T05:38:53.810452,82754,1,30.0,3,10047,0.9890
2026-04-05T05:38:54.270452,82763,2,30.0;1.0,2;3,10049,0.9887
2026-04-05T05:38:55.218451,82781,1,0.1,3,10050,0.9884
2026-04-05T05:38:57.193452,82817,2,100.0;3.0,1;3,10052,0.9893
2026-04-05T05:38:57.603452,82825,2,1.0;0.1,2;4,10054,0.9890
2026-04-05T05:38:58.851452,82849,1,10.0,3,10055,0.9893
2026-04-05T05:38:59.774452,82867,1,0.1,3,10056,0.9898
2026-04-05T05:39:01.203452,82895,1,1.0,4,10057,0.9901
2026-04-05T05:39:01.833425,82907,1,0.1,2,10058,0.9900
2026-04-05T05:39:03.569452,82941,3,1.0;0.1;100.0,1;1;2,10061,0.9905
2026-04-05T05:39:04.793452,82965,3,3.0;30.0;0.1,3;1;4,10064,0.9906
2026-04-05T05:39:05.124452,82971,1,10.0,1,10065,0.9905
2026-04-05T05:39:05.379452,82976,3,1.0;10.0;0.1,1;2;4,10068,0.9904
2026-04-05T05:39:06.668452,83001,3,30.0;10.0;3.0,3;1;1,10071,0.9913
2026-04-05T05:39:06.770451,83003,2,3.0;10.0,3;4,10073,0.9910
2026-04-05T05:39:08.053451,83028,1,10.0,4,10074,0.9913
2026-04-05T05:39:09.309452,83052,1,10.0,3,10075,0.9920
2026-04-05T05:39:09.576427,83057,1,0.1,2,10076,0.9919
2026-04-05T05:39:10.037452,83066,2,30.0;100.0,2;3,10078,0.9918
2026-04-05T05:39:10.139433,83068,2,0.1;30.0,1;3,10080,0.9915
2026-04-05T05:39:10.241451,83070,1,0.1,1,10081,0.9912
2026-04-05T05:39:11.416452,83093,1,0.1,4,10082,0.9919
2026-04-05T05:39:11.980452,83104,2,1.0;10.0,3;4,10084,0.9920
2026-04-05T05:39:12.031432,83105,1,0.3,2,10085,0.9917
2026-04-05T05:39:12.286452,83110,2,1.0;1.0,1;1,10087,0.9914
2026-04-05T05:39:12.694451,83118,1,10.0,3,10088,0.9913
2026-04-05T05:39:13.868451,83141,1,0.1,1,10089,0.9916
2026-04-05T05:39:14.892451,83161,1,10.0,1,10090,0.9919
2026-04-05T05:39:15.198452,83167,3,0.3;100.0;1.0,2;1;2,10093,0.9918
2026-04-05T05:39:15.301427,83169,1,1.0,2,10094,0.9915
2026-04-05T05:39:17.619451,83214,1,30.0,1,10095,0.9922
2026-04-05T05:39:18.033425,83222,1,0.3,1,10096,0.9921
2026-04-05T05:39:18.085432,83223,3,100.0;3.0;0.3,1;1;2,10099,0.9918
2026-04-05T05:39:18.138428,83224,1,30.0,2,10100,0.9915
2026-04-05T05:39:18.701452,83235,3,10.0;0.3;0.1,4;4;1,10103,0.9914
2026-04-05T05:39:18.956451,83240,3,10.0;1.0;3.0,4;1;1,10106,0.9911
2026-04-05T05:39:19.007452,83241,1,10.0,1,10107,0.9908
2026-04-05T05:39:19.313452,83247,1,1.0,2,10108,0.9907
2026-04-05T05:39:19.417451,83249,1,100.0,3,10109,0.9904
2026-04-05T05:39:19.827451,83257,2,0.1;0.3,1;3,10111,0.9903
2026-04-05T05:39:20.288452,83266,2,100.0;100.0,1;2,10113,0.9902
2026-04-05T05:39:21.228452,83284,2,30.0;1.0,2;3,10115,0.9905
2026-04-05T05:39:23.888451,83336,2,3.0;1.0,1;1,10117,0.9910
2026-04-05T05:39:23.990452,83338,2,0.1;3.0,3;3,10119,0.9907
2026-04-05T05:39:25.320452,83364,1,0.1,2,10120,0.9910
2026-04-05T05:39:26.290452,83383,1,10.0,1,10121,0.9915
2026-04-05T05:39:26.751451,83392,1,100.0,3,10122,0.9916
2026-04-05T05:39:27.071452,83398,1,10.0,1,10123,0.9913
2026-04-05T05:39:27.122452,83399,3,0.1;0.1;100.0,3;1;4,10126,0.9910
2026-04-05T05:39:27.984422,83415,2,10.0;0.1,3;1,10128,0.9909
2026-04-05T05:39:28.700451,83429,1,1.0,3,10129,0.9910
2026-04-05T05:39:28.904452,83433,1,0.3,3,10130,0.9909
2026-04-05T05:39:29.057452,83436,3,10.0;0.1;100.0,1;4;2,10133,0.9906
2026-04-05T05:39:29.210452,83439,1,30.0,2,10134,0.9903
2026-04-05T05:39:29.699452,83448,1,10.0,4,10135,0.9902
2026-04-05T05:39:30.058432,83455,1,100.0,2,10136,0.9903
2026-04-05T05:39:30.212432,83458,1,10.0,4,10137,0.9900
2026-04-05T05:39:30.620452,83466,1,100.0,1,10138,0.9901
2026-04-05T05:39:31.858452,83490,1,30.0,3,10139,0.9904
2026-04-05T05:39:32.419451,83501,1,1.0,4,10140,0.9903
2026-04-05T05:39:32.674452,83506,1,1.0,1,10141,0.9900
2026-04-05T05:39:32.933451,83511,1,100.0,3,10142,0.9899
2026-04-05T05:39:33.290452,83518,1,10.0,1,10143,0.9898
2026-04-05T05:39:33.392452,83520,2,0.1;30.0,1;1,10145,0.9895
2026-04-05T05:39:33.444425,83521,1,0.1,3,10146,0.9892
2026-04-05T05:39:34.875452,83549,1,1.0,2,10147,0.9895
2026-04-05T05:39:35.283451,83557,1,10.0,2,10148,0.9892
2026-04-05T05:39:35.341426,83558,2,0.3;0.3,2;2,10150,0.9889
2026-04-05T05:39:36.670452,83584,2,100.0;1.0,2;2,10152,0.9888
2026-04-05T05:39:37.487452,83600,1,3.0,1,10153,0.9893
2026-04-05T05:39:38.355433,83617,2,30.0;0.3,2;3,10155,0.9896
2026-04-05T05:39:38.865451,83627,1,0.3,3,10156,0.9895
2026-04-05T05:39:39.529452,83640,3,1.0;3.0;100.0,4;4;3,10159,0.9898
2026-04-05T05:39:40.398451,83657,1,0.1,4,10160,0.9899
2026-04-05T05:39:41.367451,83676,1,3.0,1,10161,0.9896
2026-04-05T05:39:41.572451,83680,1,3.0,2,10162,0.9893
2026-04-05T05:39:41.674452,83682,1,10.0,3,10163,0.9890
2026-04-05T05:39:41.980452,83688,1,3.0,1,10164,0.9887
2026-04-05T05:39:42.666451,83700,1,3.0,1,10165,0.9886
2026-04-05T05:39:43.908452,83724,2,0.1;1.0,1;3,10167,0.9891
2026-04-05T05:39:44.572452,83737,1,10.0,1,10168,0.9892
2026-04-05T05:39:45.340426,83752,2,1.0;30.0,1;3,10170,0.9893
2026-04-05T05:39:46.413452,83773,1,3.0,1,10171,0.9900
2026-04-05T05:39:47.178451,83788,2,0.3;30.0,1;2,10173,0.9899
2026-04-05T05:39:47.689452,83798,1,100.0,3,10174,0.9898
2026-04-05T05:39:48.098425,83806,2,10.0;1.0,1;1,10176,0.9899
2026-04-05T05:39:48.507452,83814,2,10.0;30.0,3;1,10178,0.9896
2026-04-05T05:39:49.273452,83829,1,1.0,1,10179,0.9893
2026-04-05T05:39:49.477452,83833,2,0.1;1.0,3;1,10181,0.9892
2026-04-05T05:39:51.009451,83863,1,0.3,1,10182,0.9899
2026-04-05T05:39:51.724451,83877,2,0.1;1.0,1;2,10184,0.9896
2026-04-05T05:39:51.776429,83878,1,1.0,1,10185,0.9893
2026-04-05T05:39:52.039452,83883,2,0.3;10.0,1;3,10187,0.9890
2026-04-05T05:39:52.861451,83899,3,3.0;30.0;0.1,2;2;2,10190,0.9891
2026-04-05T05:39:53.816452,83916,1,0.1,1,10191,0.9888
2026-04-05T05:39:54.276452,83925,1,30.0,3,10192,0.9887
2026-04-05T05:39:54.429451,83928,2,3.0;0.3,1;2,10194,0.9884
2026-04-05T05:39:55.115452,83941,1,0.3,3,10195,0.9885
2026-04-05T05:39:55.574452,83950,2,100.0;10.0,2;1,10197,0.9886
2026-04-05T05:39:56.136425,83961,1,100.0,1,10198,0.9885
2026-04-05T05:39:58.845451,84014,2,1.0;0.1,3;2,10200,0.9910
2026-04-05T05:40:00.633452,84049,2,0.1;3.0,2;2,10202,0.9917
2026-04-05T05:40:00.684452,84050,2,100.0;30.0,1;2,10204,0.9914
2026-04-05T05:40:00.786451,84052,2,30.0;100.0,2;3,10206,0.9911
2026-04-05T05:40:01.450427,84065,1,10.0,1,10207,0.9912
2026-04-05T05:40:02.064452,84077,1,0.3,3,10208,0.9911
2026-04-05T05:40:02.421451,84084,2,0.1;3.0,3;3,10210,0.9910
2026-04-05T05:40:02.680451,84089,3,30.0;0.3;0.1,3;2;3,10213,0.9909
2026-04-05T05:40:03.192422,84099,2,1.0;1.0,4;1,10215,0.9906
2026-04-05T05:40:03.448451,84104,2,10.0;3.0,3;3,10217,0.9903
2026-04-05T05:40:03.805452,84111,1,0.1,1,10218,0.9902
2026-04-05T05:40:05.404451,84142,1,0.1,2,10219,0.9907
2026-04-05T05:40:06.923451,84171,1,30.0,3,10220,0.9908
2026-04-05T05:40:09.037436,84211,1,3.0,2,10221,0.9921
2026-04-05T05:40:10.466451,84239,3,10.0;0.3;1.0,2;1;1,10224,0.9926
2026-04-05T05:40:11.553452,84260,1,3.0,1,10225,0.9931
2026-04-05T05:40:11.928452,84267,3,10.0;30.0;1.0,1;1;2,10228,0.9928
2026-04-05T05:40:12.286451,84274,1,3.0,1,10229,0.9927
2026-04-05T05:40:12.899452,84286,1,30.0,3,10230,0.9926
2026-04-05T05:40:13.205452,84292,1,0.3,4,10231,0.9925
2026-04-05T05:40:13.518452,84298,1,100.0,4,10232,0.9922
2026-04-05T05:40:14.868452,84324,2,1.0;100.0,2;3,10234,0.9923
2026-04-05T05:40:14.970426,84326,1,0.3,3,10235,0.9920
2026-04-05T05:40:15.585451,84338,1,100.0,1,10236,0.9919
2026-04-05T05:40:16.300452,84352,1,3.0,2,10237,0.9924
2026-04-05T05:40:16.606451,84358,1,0.1,2,10238,0.9923
2026-04-05T05:40:16.708452,84360,1,3.0,2,10239,0.9920
2026-04-05T05:40:17.014452,84366,2,0.3;0.3,3;4,10241,0.9919
2026-04-05T05:40:17.577452,84377,1,0.3,2,10242,0.9924
2026-04-05T05:40:17.628432,84378,2,0.3;10.0,3;3,10244,0.9921
2026-04-05T05:40:17.730451,84380,1,0.1,1,10245,0.9918
2026-04-05T05:40:18.089426,84387,1,0.1,2,10246,0.9917
2026-04-05T05:40:18.509433,84395,1,3.0,3,10247,0.9918
2026-04-05T05:40:18.764452,84400,1,30.0,2,10248,0.9917
2026-04-05T05:40:20.552451,84435,3,100.0;100.0;3.0,1;2;2,10251,0.9924
2026-04-05T05:40:21.474427,84453,2,0.1;30.0,2;1,10253,0.9923
2026-04-05T05:40:26.049441,84541,2,10.0;10.0,3;2,10255,0.9936
2026-04-05T05:40:26.597452,84551,3,3.0;10.0;3.0,2;3;4,10258,0.9935
2026-04-05T05:40:27.158451,84562,2,1.0;1.0,1;3,10260,0.9936
2026-04-05T05:40:27.515452,84569,1,0.3,3,10261,0.9933
2026-04-05T05:40:28.587451,84590,1,30.0,1,10262,0.9936
2026-04-05T05:40:28.995451,84598,1,30.0,2,10263,0.9935
2026-04-05T05:40:30.229451,84621,1,30.0,1,10264,0.9934
2026-04-05T05:40:30.535451,84627,2,100.0;3.0,1;1,10266,0.9931
2026-04-05T05:40:30.688452,84630,1,100.0,2,10267,0.9930
2026-04-05T05:40:31.096451,84638,1,30.0,1,10268,0.9931
2026-04-05T05:40:33.396433,84683,1,0.1,4,10269,0.9944
2026-04-05T05:40:33.498451,84685,2,0.1;10.0,3;4,10271,0.9941
2026-04-05T05:40:33.549452,84686,1,0.3,3,10272,0.9938
2026-04-05T05:40:33.808451,84691,2,0.1;10.0,1;1,10274,0.9937
2026-04-05T05:40:35.312451,84720,1,10.0,3,10275,0.9938
2026-04-05T05:40:37.049452,84754,1,0.3,3,10276,0.9949
2026-04-05T05:40:37.763426,84768,1,0.3,1,10277,0.9948
2026-04-05T05:40:37.967451,84772,1,100.0,1,10278,0.9945
2026-04-05T05:40:40.763452,84826,3,0.3;30.0;0.3,1;1;1,10281,0.9950
2026-04-05T05:40:42.107428,84852,1,3.0,1,10282,0.9965
2026-04-05T05:40:42.261452,84855,1,0.3,2,10283,0.9962
2026-04-05T05:40:43.131452,84871,2,0.3;100.0,2;1,10285,0.9967
2026-04-05T05:40:43.488452,84878,1,3.0,2,10286,0.9966
2026-04-05T05:40:45.386427,84914,1,100.0,2,10287,0.9977
2026-04-05T05:40:45.795451,84922,2,30.0;10.0,3;1,10289,0.9974
2026-04-05T05:40:45.848427,84923,3,0.3;10.0;30.0,1;3;4,10292,0.9971
2026-04-05T05:40:46.210451,84930,1,3.0,1,10293,0.9968
2026-04-05T05:40:47.077425,84947,2,100.0;1.0,2;2,10295,0.9971
2026-04-05T05:40:47.641451,84958,1,0.1,3,10296,0.9974
2026-04-05T05:40:49.020452,84985,3,3.0;10.0;10.0,4;1;3,10299,0.9977
2026-04-05T05:40:49.123451,84987,1,0.3,3,10300,0.9974
2026-04-05T05:40:49.328452,84991,1,30.0,4,10301,0.9973
2026-04-05T05:40:49.430451,84993,1,10.0,1,10302,0.9970
2026-04-05T05:40:49.532452,84995,1,100.0,4,10303,0.9967
2026-04-05T05:40:50.603452,85016,1,3.0,2,10304,0.9968
2026-04-05T05:40:50.811452,85020,2,0.3;0.3,1;3,10306,0.9967
2026-04-05T05:40:51.066452,85025,1,3.0,3,10307,0.9964
2026-04-05T05:40:51.474451,85033,1,30.0,1,10308,0.9961
2026-04-05T05:40:51.888452,85041,1,10.0,1,10309,0.9962
2026-04-05T05:40:54.383452,85089,1,100.0,1,10310,0.9977
2026-04-05T05:40:54.485452,85091,2,30.0;0.3,2;1,10312,0.9974
2026-04-05T05:40:54.893452,85099,1,0.1,3,10313,0.9975
2026-04-05T05:40:55.199452,85105,1,30.0,1,10314,0.9972
2026-04-05T05:40:55.301452,85107,1,1.0,3,10315,0.9969
2026-04-05T05:40:58.037451,85160,1,0.3,4,10316,0.9977
2026-04-05T05:40:58.143452,85162,1,10.0,3,10317,0.9976
2026-04-05T05:40:59.980452,85198,1,30.0,2,10318,0.9977
2026-04-05T05:41:00.185451,85202,2,100.0;0.1,4;4,10320,0.9974
2026-04-05T05:41:01.358451,85225,2,30.0;0.1,2;4,10322,0.9977
2026-04-05T05:41:02.181433,85241,1,10.0,2,10323,0.9977
2026-04-05T05:41:03.327452,85263,2,0.1;30.0,2;1,10325,0.9977
2026-04-05T05:41:03.378426,85264,1,30.0,3,10326,0.9974
2026-04-05T05:41:03.431452,85265,3,10.0;10.0;30.0,2;2;2,10329,0.9971
2026-04-05T05:41:03.941451,85275,1,0.3,3,10330,0.9968
2026-04-05T05:41:03.993452,85276,1,10.0,1,10331,0.9965
2026-04-05T05:41:05.116432,85298,2,100.0;100.0,2;1,10333,0.9966
2026-04-05T05:41:05.474452,85305,1,100.0,2,10334,0.9967
2026-04-05T05:41:05.833452,85312,3,3.0;1.0;100.0,1;2;4,10337,0.9964
2026-04-05T05:41:06.255452,85320,2,0.3;1.0,3;3,10339,0.9963
2026-04-05T05:41:06.715452,85329,1,1.0,2,10340,0.9962
2026-04-05T05:41:06.868452,85332,1,1.0,2,10341,0.9959
2026-04-05T05:41:07.786451,85350,2,0.3;30.0,1;1,10343,0.9960
2026-04-05T05:41:07.939452,85353,2,1.0;3.0,2;1,10345,0.9959
2026-04-05T05:41:08.656452,85367,1,3.0,1,10346,0.9958
2026-04-05T05:41:08.813451,85370,1,10.0,3,10347,0.9955
2026-04-05T05:41:09.582422,85385,1,30.0,3,10348,0.9954
2026-04-05T05:41:09.993428,85393,1,30.0,1,10349,0.9955
2026-04-05T05:41:10.199425,85397,3,1.0;1.0;30.0,3;4;4,10352,0.9952
2026-04-05T05:41:10.251426,85398,1,3.0,2,10353,0.9949
2026-04-05T05:41:10.456451,85402,2,30.0;0.1,3;1,10355,0.9946
2026-04-05T05:41:11.910452,85430,1,10.0,2,10356,0.9953
2026-04-05T05:41:12.371452,85439,2,0.3;1.0,2;3,10358,0.9952
2026-04-05T05:41:12.576451,85443,2,100.0;30.0,2;3,10360,0.9949
2026-04-05T05:41:12.627452,85444,1,3.0,1,10361,0.9946
2026-04-05T05:41:14.737428,85485,1,1.0,2,10362,0.9951
2026-04-05T05:41:15.200451,85494,1,10.0,2,10363,0.9950
2026-04-05T05:41:15.824452,85506,1,1.0,1,10364,0.9951
2026-04-05T05:41:15.875426,85507,1,100.0,1,10365,0.9948
2026-04-05T05:41:16.232452,85514,2,10.0;3.0,1;2,10367,0.9947
2026-04-05T05:41:16.388427,85517,1,30.0,3,10368,0.9946
2026-04-05T05:41:16.453424,85518,1,30.0,2,10369,0.9943
2026-04-05T05:41:16.762452,85523,2,1.0;0.3,2;3,10371,0.9940
2026-04-05T05:41:17.476452,85537,1,100.0,1,10372,0.9945
2026-04-05T05:41:17.680451,85541,1,10.0,4,10373,0.9942
2026-04-05T05:41:19.009451,85567,2,100.0;30.0,2;2,10375,0.9945
2026-04-05T05:41:19.572422,85578,1,0.3,2,10376,0.9942
2026-04-05T05:41:19.726452,85581,1,100.0,1,10377,0.9939
2026-04-05T05:41:19.783430,85582,1,0.1,2,10378,0.9936
2026-04-05T05:41:19.988452,85586,2,30.0;0.1,1;3,10380,0.9935
2026-04-05T05:41:21.332449,85612,1,0.3,1,10381,0.9938
2026-04-05T05:41:22.199451,85629,2,0.3;100.0,4;1,10383,0.9941
2026-04-05T05:41:22.863452,85642,2,100.0;10.0,3;3,10385,0.9942
2026-04-05T05:41:22.915429,85643,1,100.0,2,10386,0.9939
2026-04-05T05:41:23.763452,85659,1,30.0,2,10387,0.9938
2026-04-05T05:41:24.018452,85664,1,10.0,1,10388,0.9935
2026-04-05T05:41:24.580452,85675,1,100.0,1,10389,0.9938
2026-04-05T05:41:25.142433,85686,2,30.0;30.0,3;3,10391,0.9939
2026-04-05T05:41:26.725435,85717,1,1.0,1,10392,0.9954
2026-04-05T05:41:26.878452,85720,1,100.0,1,10393,0.9953
2026-04-05T05:41:26.929451,85721,1,10.0,4,10394,0.9950
2026-04-05T05:41:28.715451,85756,1,0.1,3,10395,0.9955
2026-04-05T05:41:28.766452,85757,1,0.1,2,10396,0.9952
2026-04-05T05:41:29.021451,85762,1,0.1,2,10397,0.9951
2026-04-05T05:41:29.227428,85766,2,30.0;3.0,1;3,10399,0.9950
2026-04-05T05:41:30.338425,85787,1,3.0,1,10400,0.9947
2026-04-05T05:41:30.396428,85788,2,10.0;0.3,1;4,10402,0.9944
2026-04-05T05:41:32.599451,85831,1,0.1,3,10403,0.9953
2026-04-05T05:41:34.233452,85863,1,10.0,2,10404,0.9962
2026-04-05T05:41:34.916451,85876,2,1.0;3.0,3;4,10406,0.9961
2026-04-05T05:41:35.018429,85878,1,0.1,1,10407,0.9960
2026-04-05T05:41:35.069452,85879,2,0.1;0.3,1;3,10409,0.9957
2026-04-05T05:41:35.585452,85889,1,10.0,3,10410,0.9956
2026-04-05T05:41:36.004425,85897,2,30.0;0.1,2;1,10412,0.9955
2026-04-05T05:41:36.211426,85901,1,0.1,2,10413,0.9954
2026-04-05T05:41:36.875452,85914,1,1.0,1,10414,0.9953
2026-04-05T05:41:36.980451,85916,1,0.1,1,10415,0.9950
2026-04-05T05:41:37.133451,85919,1,10.0,2,10416,0.9947
2026-04-05T05:41:37.286452,85922,1,0.3,4,10417,0.9946
2026-04-05T05:41:37.494451,85926,1,0.1,3,10418,0.9947
2026-04-05T05:41:38.055451,85937,1,3.0,1,10419,0.9944
2026-04-05T05:41:38.515452,85946,2,10.0;1.0,2;2,10421,0.9945
2026-04-05T05:41:38.877452,85953,1,1.0,2,10422,0.9946
2026-04-05T05:41:39.234451,85960,1,0.1,2,10423,0.9947
2026-04-05T05:41:39.694452,85969,1,10.0,2,10424,0.9946
2026-04-05T05:41:39.745452,85970,1,1.0,1,10425,0.9943
2026-04-05T05:41:40.102452,85977,2,100.0;30.0,3;4,10427,0.9942
2026-04-05T05:41:41.740451,86009,1,10.0,3,10428,0.9947
2026-04-05T05:41:42.105452,86016,3,100.0;10.0;10.0,3;1;1,10431,0.9944
2026-04-05T05:41:42.258451,86019,2,10.0;10.0,3;3,10433,0.9941
2026-04-05T05:41:42.717452,86028,2,3.0;30.0,4;1,10435,0.9942
2026-04-05T05:41:42.975452,86033,1,0.3,2,10436,0.9941
2026-04-05T05:41:43.704452,86046,1,10.0,2,10437,0.9940
2026-04-05T05:41:45.438452,86080,1,0.1,1,10438,0.9945
2026-04-05T05:41:45.489432,86081,2,30.0;0.3,2;2,10440,0.9942
2026-04-05T05:41:45.999452,86091,1,3.0,1,10441,0.9943
2026-04-05T05:41:46.101451,86093,1,100.0,1,10442,0.9940
2026-04-05T05:41:46.774451,86106,3,30.0;1.0;1.0,2;4;4,10445,0.9941
2026-04-05T05:41:47.285451,86116,1,3.0,1,10446,0.9942
2026-04-05T05:41:47.493452,86120,1,30.0,2,10447,0.9941
2026-04-05T05:41:49.123452,86151,3,10.0;1.0;30.0,2;2;3,10450,0.9950
2026-04-05T05:41:49.429452,86157,1,30.0,1,10451,0.9951
2026-04-05T05:41:52.315452,86212,2,0.1;0.3,3;2,10453,0.9962
2026-04-05T05:41:53.067451,86226,1,30.0,2,10454,0.9963
2026-04-05T05:41:54.097452,86246,1,10.0,4,10455,0.9966
2026-04-05T05:41:54.250451,86249,1,1.0,1,10456,0.9963
2026-04-05T05:41:54.667452,86257,1,0.3,3,10457,0.9962
2026-04-05T05:41:55.795452,86279,1,10.0,1,10458,0.9967
2026-04-05T05:41:56.358452,86290,1,30.0,3,10459,0.9966
2026-04-05T05:41:56.868451,86300,1,30.0,4,10460,0.9963
2026-04-05T05:41:58.350452,86329,2,0.1;100.0,1;2,10462,0.9966
2026-04-05T05:41:59.064452,86343,1,3.0,3,10463,0.9963
2026-04-05T05:41:59.574452,86353,2,0.1;0.1,1;3,10465,0.9964
2026-04-05T05:41:59.638426,86354,2,1.0;100.0,3;3,10467,0.9961
2026-04-05T05:41:59.895452,86359,3,0.1;3.0;1.0,1;4;1,10470,0.9958
2026-04-05T05:42:00.772452,86376,2,10.0;3.0,3;3,10472,0.9959
2026-04-05T05:42:02.307452,86406,1,1.0,4,10473,0.9966
2026-04-05T05:42:02.460452,86409,1,0.1,4,10474,0.9965
2026-04-05T05:42:03.176452,86423,1,1.0,3,10475,0.9964
2026-04-05T05:42:04.558452,86450,3,3.0;10.0;1.0,1;1;3,10478,0.9965
2026-04-05T05:42:04.763452,86454,1,30.0,3,10479,0.9962
2026-04-05T05:42:06.448451,86487,1,0.1,3,10480,0.9967
2026-04-05T05:42:07.062452,86499,3,10.0;30.0;1.0,2;3;2,10483,0.9966
2026-04-05T05:42:07.113452,86500,1,3.0,3,10484,0.9963
2026-04-05T05:42:07.419426,86506,2,10.0;3.0,4;1,10486,0.9962
2026-04-05T05:42:09.077452,86537,2,30.0;0.3,4;3,10488,0.9961
2026-04-05T05:42:09.230452,86540,1,100.0,2,10489,0.9958
2026-04-05T05:42:09.843451,86552,1,3.0,4,10490,0.9955
2026-04-05T05:42:09.894452,86553,2,0.1;0.3,2;2,10492,0.9952
2026-04-05T05:42:09.996451,86555,1,1.0,1,10493,0.9949
2026-04-05T05:42:10.710452,86569,2,1.0;0.1,4;3,10495,0.9950
2026-04-05T05:42:10.863451,86572,1,100.0,1,10496,0.9947
2026-04-05T05:42:13.424451,86622,1,100.0,3,10497,0.9960
2026-04-05T05:42:13.577451,86625,1,3.0,3,10498,0.9959
2026-04-05T05:42:14.190452,86637,2,0.3;30.0,3;1,10500,0.9958
2026-04-05T05:42:15.583452,86664,1,0.1,3,10501,0.9967
2026-04-05T05:42:16.759452,86687,1,10.0,3,10502,0.9970
2026-04-05T05:42:17.014451,86692,3,100.0;3.0;0.1,1;4;2,10505,0.9971
2026-04-05T05:42:17.131452,86694,2,0.1;30.0,1;3,10507,0.9968
2026-04-05T05:42:17.847451,86708,3,100.0;30.0;100.0,1;3;3,10510,0.9969
2026-04-05T05:42:18.409452,86719,1,3.0,2,10511,0.9968
2026-04-05T05:42:18.563451,86722,1,1.0,4,10512,0.9967
2026-04-05T05:42:18.920451,86729,2,10.0;10.0,4;3,10514,0.9968
2026-04-05T05:42:19.636452,86743,2,10.0;1.0,2;1,10516,0.9967
2026-04-05T05:42:20.427451,86758,1,3.0,3,10517,0.9966
2026-04-05T05:42:20.891432,86767,3,30.0;10.0;10.0,1;2;1,10520,0.9969
2026-04-05T05:42:22.692451,86802,1,10.0,3,10521,0.9972
2026-04-05T05:42:22.845451,86805,1,10.0,2,10522,0.9969
2026-04-05T05:42:22.998451,86808,1,10.0,3,10523,0.9966
2026-04-05T05:42:24.345425,86834,1,10.0,4,10524,0.9969
2026-04-05T05:42:24.958452,86846,1,3.0,2,10525,0.9968
2026-04-05T05:42:25.878451,86864,1,3.0,3,10526,0.9973
2026-04-05T05:42:27.172426,86888,1,0.1,1,10527,0.9974
2026-04-05T05:42:27.225427,86889,2,100.0;3.0,3;2,10529,0.9971
2026-04-05T05:42:27.378428,86892,2,10.0;30.0,1;4,10531,0.9968
2026-04-05T05:42:27.786452,86900,2,10.0;1.0,4;1,10533,0.9965
2026-04-05T05:42:28.297452,86910,2,100.0;0.1,3;1,10535,0.9962
2026-04-05T05:42:28.705452,86918,2,30.0;100.0,3;2,10537,0.9963
2026-04-05T05:42:29.423427,86931,2,0.3;100.0,1;2,10539,0.9964
2026-04-05T05:42:30.143451,86945,1,10.0,2,10540,0.9963
2026-04-05T05:42:32.255452,86986,2,10.0;3.0,3;3,10542,0.9968
2026-04-05T05:42:32.719452,86995,1,3.0,1,10543,0.9969
2026-04-05T05:42:32.873451,86998,1,10.0,1,10544,0.9966
2026-04-05T05:42:34.542422,87030,2,0.3;100.0,1;1,10546,0.9973
2026-04-05T05:42:34.698451,87033,1,100.0,2,10547,0.9970
2026-04-05T05:42:34.749432,87034,1,3.0,2,10548,0.9967
2026-04-05T05:42:35.596451,87050,1,10.0,3,10549,0.9964
2026-04-05T05:42:36.516451,87068,3,3.0;0.3;30.0,3;2;2,10552,0.9965
2026-04-05T05:42:36.925452,87076,2,30.0;100.0,1;3,10554,0.9962
2026-04-05T05:42:37.234451,87082,1,0.3,1,10555,0.9961
2026-04-05T05:42:38.416452,87105,2,3.0;30.0,3;1,10557,0.9964
2026-04-05T05:42:38.876451,87114,1,1.0,2,10558,0.9963
2026-04-05T05:42:39.233432,87121,3,100.0;30.0;1.0,4;1;1,10561,0.9966
2026-04-05T05:42:40.259452,87141,1,3.0,1,10562,0.9967
2026-04-05T05:42:43.453452,87203,3,1.0;10.0;10.0,2;2;2,10565,0.9977
2026-04-05T05:42:43.861452,87211,1,30.0,1,10566,0.9974
2026-04-05T05:42:43.912451,87212,2,30.0;0.3,3;2,10568,0.9971
2026-04-05T05:42:44.575451,87225,1,30.0,2,10569,0.9974
2026-04-05T05:42:44.932452,87232,3,10.0;30.0;3.0,3;3;2,10572,0.9971
2026-04-05T05:42:45.035452,87234,1,10.0,2,10573,0.9968
2026-04-05T05:42:45.138452,87236,1,0.3,2,10574,0.9965
2026-04-05T05:42:45.444452,87242,1,1.0,1,10575,0.9962
2026-04-05T05:42:46.517451,87263,1,0.1,4,10576,0.9963
2026-04-05T05:42:47.129452,87275,1,10.0,1,10577,0.9960
2026-04-05T05:42:47.538452,87283,2,1.0;10.0,3;1,10579,0.9961
2026-04-05T05:42:47.899451,87290,2,100.0;0.3,3;2,10581,0.9958
2026-04-05T05:42:48.104426,87294,1,10.0,2,10582,0.9957
2026-04-05T05:42:48.718451,87306,2,10.0;10.0,1;1,10584,0.9956
2026-04-05T05:42:49.654451,87323,2,3.0;30.0,2;2,10586,0.9953
2026-04-05T05:42:50.523452,87340,1,100.0,4,10587,0.9952
2026-04-05T05:42:50.778452,87345,2,3.0;0.3,1;2,10589,0.9949
2026-04-05T05:42:51.288451,87355,1,3.0,1,10590,0.9948
2026-04-05T05:42:51.441451,87358,1,0.1,2,10591,0.9945
2026-04-05T05:42:52.776452,87384,2,1.0;0.3,3;2,10593,0.9948
2026-04-05T05:42:55.118451,87429,1,1.0,1,10594,0.9955
2026-04-05T05:42:55.273452,87432,3,0.1;0.3;0.1,1;4;3,10597,0.9954
2026-04-05T05:42:55.976452,87445,1,3.0,3,10598,0.9953
2026-04-05T05:42:56.180452,87449,1,30.0,3,10599,0.9950
2026-04-05T05:42:56.955451,87464,1,0.1,2,10600,0.9957
2026-04-05T05:42:57.465452,87474,1,30.0,3,10601,0.9954
2026-04-05T05:42:58.591451,87496,1,3.0,3,10602,0.9955
2026-04-05T05:42:59.581452,87515,1,0.3,4,10603,0.9954
2026-04-05T05:42:59.681425,87516,1,100.0,1,10604,0.9951
2026-04-05T05:43:00.449451,87531,1,100.0,3,10605,0.9954
2026-04-05T05:43:00.500433,87532,1,0.3,1,10606,0.9951
2026-04-05T05:43:00.756451,87537,1,100.0,4,10607,0.9948
2026-04-05T05:43:01.062452,87543,1,1.0,2,10608,0.9947
2026-04-05T05:43:01.530452,87552,1,30.0,1,10609,0.9944
2026-04-05T05:43:02.143452,87564,1,0.3,3,10610,0.9943
2026-04-05T05:43:02.195452,87565,1,0.1,1,10611,0.9940
2026-04-05T05:43:03.732451,87595,1,30.0,3,10612,0.9943
2026-04-05T05:43:03.885452,87598,1,10.0,2,10613,0.9940
2026-04-05T05:43:04.552452,87611,2,0.3;10.0,1;3,10615,0.9941
2026-04-05T05:43:04.756451,87615,1,30.0,1,10616,0.9938
2026-04-05T05:43:06.699452,87653,1,1.0,1,10617,0.9939
2026-04-05T05:43:06.853452,87656,1,3.0,4,10618,0.9936
2026-04-05T05:43:08.699452,87692,1,0.1,1,10619,0.9941
2026-04-05T05:43:08.816452,87694,2,1.0;30.0,2;1,10621,0.9938
2026-04-05T05:43:09.022425,87698,1,3.0,1,10622,0.9937
2026-04-05T05:43:09.380452,87705,1,3.0,1,10623,0.9936
2026-04-05T05:43:11.155452,87739,2,10.0;10.0,2;1,10625,0.9943
2026-04-05T05:43:11.411452,87744,2,30.0;1.0,3;2,10627,0.9940
2026-04-05T05:43:12.023427,87756,1,1.0,3,10628,0.9939
2026-04-05T05:43:12.178452,87759,2,100.0;1.0,2;3,10630,0.9936
2026-04-05T05:43:12.382451,87763,1,3.0,1,10631,0.9935
2026-04-05T05:43:12.485426,87765,2,1.0;30.0,2;1,10633,0.9932
2026-04-05T05:43:12.702422,87768,1,3.0,3,10634,0.9929
2026-04-05T05:43:12.906451,87772,3,10.0;100.0;10.0,3;3;3,10637,0.9928
2026-04-05T05:43:13.775452,87789,2,0.1;0.3,2;2,10639,0.9929
2026-04-05T05:43:14.030451,87794,2,100.0;1.0,1;4,10641,0.9928
2026-04-05T05:43:14.727422,87807,1,0.1,2,10642,0.9927
2026-04-05T05:43:14.990452,87812,1,0.3,3,10643,0.9928
2026-04-05T05:43:16.238451,87836,2,0.1;10.0,3;1,10645,0.9931
2026-04-05T05:43:16.596433,87843,1,30.0,3,10646,0.9932
2026-04-05T05:43:16.749451,87846,1,3.0,1,10647,0.9929
2026-04-05T05:43:17.532422,87861,2,3.0;30.0,2;2,10649,0.9926
2026-04-05T05:43:18.251452,87875,3,100.0;1.0;3.0,1;4;2,10652,0.9929
2026-04-05T05:43:19.017451,87890,1,3.0,1,10653,0.9932
2026-04-05T05:43:21.215452,87933,1,0.1,3,10654,0.9937
2026-04-05T05:43:21.882452,87946,2,3.0;100.0,2;4,10656,0.9946
2026-04-05T05:43:22.495451,87958,2,10.0;10.0,2;4,10658,0.9945
2026-04-05T05:43:23.210451,87972,1,1.0,2,10659,0.9946
2026-04-05T05:43:23.415452,87976,1,0.3,3,10660,0.9943
2026-04-05T05:43:23.619426,87980,2,10.0;30.0,3;3,10662,0.9940
2026-04-05T05:43:24.385425,87995,1,30.0,4,10663,0.9939
2026-04-05T05:43:24.442423,87996,1,0.1,2,10664,0.9936
2026-04-05T05:43:27.220427,88050,2,0.3;3.0,4;2,10666,0.9953
2026-04-05T05:43:27.883452,88063,1,0.1,2,10667,0.9952
2026-04-05T05:43:28.291452,88071,2,10.0;0.1,1;1,10669,0.9951
2026-04-05T05:43:28.343425,88072,1,1.0,3,10670,0.9948
2026-04-05T05:43:30.106426,88106,1,30.0,3,10671,0.9955
2026-04-05T05:43:30.158433,88107,1,3.0,2,10672,0.9952
2026-04-05T05:43:30.668451,88117,1,3.0,1,10673,0.9955
2026-04-05T05:43:31.076452,88125,1,100.0,3,10674,0.9952
2026-04-05T05:43:31.230451,88128,1,1.0,1,10675,0.9949
2026-04-05T05:43:31.843452,88140,1,100.0,3,10676,0.9948
2026-04-05T05:43:32.609451,88155,2,0.3;3.0,3;2,10678,0.9953
2026-04-05T05:43:32.915452,88161,3,10.0;0.1;100.0,2;3;2,10681,0.9950
2026-04-05T05:43:32.967432,88162,2,100.0;0.3,4;3,10683,0.9947
2026-04-05T05:43:33.901451,88180,2,1.0;100.0,1;3,10685,0.9952
2026-04-05T05:43:34.207452,88186,1,100.0,2,10686,0.9949
2026-04-05T05:43:34.722452,88196,1,3.0,1,10687,0.9950
2026-04-05T05:43:34.926452,88200,2,30.0;0.1,4;3,10689,0.9947
2026-04-05T05:43:34.977452,88201,3,0.1;10.0;10.0,3;2;2,10692,0.9944
2026-04-05T05:43:35.589451,88213,2,10.0;30.0,2;4,10694,0.9941
2026-04-05T05:43:37.824452,88255,1,30.0,1,10695,0.9952
2026-04-05T05:43:37.926452,88257,1,100.0,1,10696,0.9949
2026-04-05T05:43:38.283452,88264,1,100.0,2,10697,0.9948
2026-04-05T05:43:38.589451,88270,1,3.0,3,10698,0.9945
2026-04-05T05:43:38.946452,88277,3,0.1;1.0;1.0,3;2;2,10701,0.9942
2026-04-05T05:43:39.701452,88291,1,1.0,3,10702,0.9939
2026-04-05T05:43:40.216452,88301,1,0.1,2,10703,0.9936
2026-04-05T05:43:40.574451,88308,1,100.0,2,10704,0.9935
2026-04-05T05:43:40.881452,88314,1,0.3,1,10705,0.9932
2026-04-05T05:43:41.142452,88319,2,0.3;3.0,3;2,10707,0.9933
2026-04-05T05:43:41.806452,88332,1,3.0,2,10708,0.9932
2026-04-05T05:43:43.025452,88355,1,0.3,1,10709,0.9933
2026-04-05T05:43:43.179451,88358,2,30.0;30.0,3;1,10711,0.9932
2026-04-05T05:43:44.297452,88378,2,3.0;0.1,3;4,10713,0.9933
2026-04-05T05:43:44.399452,88380,1,0.3,1,10714,0.9932
2026-04-05T05:43:45.171452,88395,1,3.0,2,10715,0.9933
2026-04-05T05:43:45.273451,88397,2,1.0;30.0,1;3,10717,0.9930
2026-04-05T05:43:45.579452,88403,1,100.0,1,10718,0.9927
2026-04-05T05:43:45.912452,88409,2,0.1;0.1,2;3,10720,0.9924
2026-04-05T05:43:46.422452,88419,2,1.0;3.0,3;1,10722,0.9923
2026-04-05T05:43:47.289452,88436,1,0.1,1,10723,0.9920
2026-04-05T05:43:48.007452,88450,1,0.1,2,10724,0.9923
2026-04-05T05:43:48.211451,88454,1,100.0,4,10725,0.9920
2026-04-05T05:43:48.569452,88461,1,0.1,2,10726,0.9919
2026-04-05T05:43:50.409452,88496,2,0.1;30.0,4;3,10728,0.9926
2026-04-05T05:43:50.562452,88499,1,100.0,2,10729,0.9925
2026-04-05T05:43:50.766451,88503,1,30.0,3,10730,0.9922
2026-04-05T05:43:51.661432,88520,2,0.1;0.1,2;2,10732,0.9919
2026-04-05T05:43:52.070452,88528,1,1.0,1,10733,0.9916
2026-04-05T05:43:53.183452,88549,1,100.0,1,10734,0.9917
2026-04-05T05:43:54.314452,88571,2,30.0;1.0,2;2,10736,0.9922
2026-04-05T05:43:55.107452,88586,1,1.0,2,10737,0.9919
2026-04-05T05:43:55.311452,88590,2,100.0;1.0,1;4,10739,0.9916
2026-04-05T05:43:55.364425,88591,1,0.3,2,10740,0.9913
2026-04-05T05:43:56.195451,88607,1,3.0,2,10741,0.9920
2026-04-05T05:43:56.832423,88619,1,30.0,3,10742,0.9919
2026-04-05T05:43:58.536451,88652,1,0.1,1,10743,0.9926
2026-04-05T05:43:59.149452,88664,3,0.3;30.0;0.3,2;2;4,10746,0.9927
2026-04-05T05:44:00.443425,88689,1,30.0,1,10747,0.9928
2026-04-05T05:44:00.800452,88696,2,0.3;100.0,2;3,10749,0.9925
2026-04-05T05:44:02.083427,88721,1,10.0,2,10750,0.9932
2026-04-05T05:44:03.815451,88754,1,1.0,2,10751,0.9937
2026-04-05T05:44:03.917452,88756,1,3.0,1,10752,0.9934
2026-04-05T05:44:04.172451,88761,1,0.1,3,10753,0.9931
2026-04-05T05:44:04.339425,88764,2,100.0;100.0,3;2,10755,0.9928
2026-04-05T05:44:04.392452,88765,1,1.0,3,10756,0.9925
2026-04-05T05:44:05.566451,88788,1,3.0,2,10757,0.9928
2026-04-05T05:44:05.721452,88791,2,0.3;10.0,2;1,10759,0.9925
2026-04-05T05:44:06.385452,88804,1,0.1,1,10760,0.9930
2026-04-05T05:44:06.845451,88813,1,3.0,1,10761,0.9929
2026-04-05T05:44:07.253451,88821,3,10.0;100.0;10.0,3;4;3,10764,0.9928
2026-04-05T05:44:08.317452,88841,1,30.0,3,10765,0.9929
2026-04-05T05:44:09.564452,88865,2,100.0;30.0,2;2,10767,0.9940
2026-04-05T05:44:09.615452,88866,2,10.0;0.3,1;1,10769,0.9937
2026-04-05T05:44:10.380451,88881,2,0.3;0.3,1;1,10771,0.9936
2026-04-05T05:44:11.248452,88898,1,100.0,3,10772,0.9935
2026-04-05T05:44:11.350452,88900,3,10.0;3.0;1.0,1;1;1,10775,0.9932
2026-04-05T05:44:12.528451,88923,1,1.0,4,10776,0.9935
2026-04-05T05:44:13.040452,88933,2,100.0;10.0,4;3,10778,0.9934
2026-04-05T05:44:13.295432,88938,1,3.0,4,10779,0.9933
2026-04-05T05:44:13.550429,88943,1,100.0,3,10780,0.9934
2026-04-05T05:44:13.603451,88944,1,1.0,3,10781,0.9931
2026-04-05T05:44:14.013451,88952,1,10.0,2,10782,0.9928
2026-04-05T05:44:14.217452,88956,2,0.3;100.0,1;2,10784,0.9925
2026-04-05T05:44:15.196452,88975,1,0.1,1,10785,0.9934
2026-04-05T05:44:15.354452,88978,1,1.0,1,10786,0.9931
2026-04-05T05:44:16.059452,88991,2,3.0;100.0,3;2,10788,0.9928
2026-04-05T05:44:16.162452,88993,1,1.0,2,10789,0.9925
2026-04-05T05:44:16.723451,89004,1,3.0,3,10790,0.9924
2026-04-05T05:44:18.511451,89039,1,0.1,3,10791,0.9929
2026-04-05T05:44:18.767423,89044,1,0.1,3,10792,0.9928
2026-04-05T05:44:19.177451,89051,1,1.0,1,10793,0.9925
2026-04-05T05:44:20.248452,89072,2,100.0;0.3,4;2,10795,0.9926
2026-04-05T05:44:21.473452,89096,1,0.1,1,10796,0.9929
2026-04-05T05:44:21.524451,89097,3,0.3;0.1;30.0,3;3;3,10799,0.9926
2026-04-05T05:44:22.715427,89120,1,1.0,2,10800,0.9927
2026-04-05T05:44:24.353432,89152,1,30.0,2,10801,0.9930
2026-04-05T05:44:24.659452,89158,2,1.0;0.1,2;2,10803,0.9929
2026-04-05T05:44:25.994452,89184,3,10.0;0.3;0.1,1;2;1,10806,0.9934
2026-04-05T05:44:26.507451,89194,1,30.0,3,10807,0.9933
2026-04-05T05:44:26.609427,89196,2,0.1;0.1,2;1,10809,0.9930
2026-04-05T05:44:26.660426,89197,1,0.3,1,10810,0.9927
2026-04-05T05:44:27.120451,89206,1,10.0,3,10811,0.9928
2026-04-05T05:44:28.502452,89233,1,0.3,1,10812,0.9931
2026-04-05T05:44:28.553452,89234,2,0.1;30.0,2;3,10814,0.9928
2026-04-05T05:44:29.012425,89243,1,30.0,2,10815,0.9929
2026-04-05T05:44:29.112422,89244,3,10.0;10.0;1.0,4;2;1,10818,0.9926
2026-04-05T05:44:30.153451,89264,1,30.0,3,10819,0.9925
2026-04-05T05:44:30.510452,89271,1,3.0,1,10820,0.9922
2026-04-05T05:44:30.885452,89278,1,0.1,2,10821,0.9919
2026-04-05T05:44:31.143452,89283,1,1.0,3,10822,0.9916
2026-04-05T05:44:31.347425,89287,2,10.0;100.0,3;2,10824,0.9913
2026-04-05T05:44:32.010451,89300,1,30.0,1,10825,0.9914
2026-04-05T05:44:32.920451,89317,1,3.0,3,10826,0.9913
2026-04-05T05:44:33.534451,89329,3,0.1;0.3;3.0,1;4;2,10829,0.9916
2026-04-05T05:44:34.560452,89349,1,100.0,3,10830,0.9917
2026-04-05T05:44:34.611452,89350,1,0.3,4,10831,0.9914
2026-04-05T05:44:34.662452,89351,1,0.3,3,10832,0.9911
2026-04-05T05:44:35.307423,89363,3,30.0;30.0;30.0,2;1;2,10835,0.9908
2026-04-05T05:44:36.232451,89381,1,1.0,1,10836,0.9907
2026-04-05T05:44:36.899427,89394,3,0.3;3.0;10.0,3;1;2,10839,0.9910
2026-04-05T05:44:38.709451,89429,1,0.1,1,10840,0.9915
2026-04-05T05:44:39.742452,89448,2,0.3;0.1,1;4,10842,0.9920
2026-04-05T05:44:40.714452,89467,1,3.0,3,10843,0.9921
2026-04-05T05:44:41.188451,89476,2,0.3;0.1,3;3,10845,0.9918
2026-04-05T05:44:41.647452,89485,1,1.0,3,10846,0.9915
2026-04-05T05:44:41.902452,89490,3,0.1;0.1;3.0,2;2;2,10849,0.9912
2026-04-05T05:44:42.259451,89497,1,30.0,3,10850,0.9909
2026-04-05T05:44:42.311452,89498,1,30.0,4,10851,0.9906
2026-04-05T05:44:43.187452,89515,1,10.0,2,10852,0.9909
2026-04-05T05:44:43.493451,89521,1,0.1,2,10853,0.9906
2026-04-05T05:44:43.544452,89522,1,10.0,4,10854,0.9903
2026-04-05T05:44:43.952452,89530,3,0.1;1.0;30.0,2;3;3,10857,0.9902
2026-04-05T05:44:44.105452,89533,1,10.0,2,10858,0.9899
2026-04-05T05:44:44.258452,89536,1,0.3,2,10859,0.9896
2026-04-05T05:44:44.411452,89539,1,3.0,1,10860,0.9893
2026-04-05T05:44:45.329451,89557,2,100.0;0.1,2;1,10862,0.9892
2026-04-05T05:44:46.925452,89588,1,0.1,2,10863,0.9899
2026-04-05T05:44:48.255451,89614,1,3.0,2,10864,0.9900
2026-04-05T05:44:48.563452,89620,1,3.0,2,10865,0.9899
2026-04-05T05:44:49.124452,89631,2,1.0;0.1,1;4,10867,0.9898
2026-04-05T05:44:50.045452,89649,2,1.0;1.0,2;2,10869,0.9897
2026-04-05T05:44:50.574452,89659,2,0.3;1.0,3;1,10871,0.9898
2026-04-05T05:44:52.431452,89695,1,10.0,3,10872,0.9907
2026-04-05T05:44:54.421452,89734,1,1.0,3,10873,0.9920
2026-04-05T05:44:55.484452,89754,2,0.1;0.3,2;3,10875,0.9919
2026-04-05T05:44:55.637452,89757,1,100.0,3,10876,0.9918
2026-04-05T05:44:57.998451,89803,2,10.0;30.0,1;2,10878,0.9927
2026-04-05T05:44:58.049427,89804,1,30.0,1,10879,0.9924
2026-04-05T05:44:58.850452,89818,1,3.0,1,10880,0.9925
2026-04-05T05:44:59.361452,89828,1,10.0,4,10881,0.9924
2026-04-05T05:45:00.280452,89846,2,0.3;3.0,2;1,10883,0.9927
2026-04-05T05:45:00.790452,89856,2,3.0;100.0,1;2,10885,0.9926
2026-04-05T05:45:00.943451,89859,1,1.0,1,10886,0.9923
2026-04-05T05:45:01.518452,89870,1,0.1,1,10887,0.9922
2026-04-05T05:45:01.875451,89877,1,0.3,2,10888,0.9919
2026-04-05T05:45:02.182427,89883,3,10.0;100.0;3.0,2;3;3,10891,0.9916
2026-04-05T05:45:02.951451,89898,2,30.0;0.3,1;2,10893,0.9917
2026-04-05T05:45:03.002452,89899,1,0.3,3,10894,0.9914
2026-04-05T05:45:03.648433,89911,2,30.0;30.0,1;1,10896,0.9913
2026-04-05T05:45:04.477427,89927,2,3.0;3.0,1;1,10898,0.9910
2026-04-05T05:45:04.686451,89931,2,0.3;30.0,3;2,10900,0.9907
2026-04-05T05:45:05.657452,89950,2,1.0;3.0,2;2,10902,0.9910
2026-04-05T05:45:07.409452,89984,2,100.0;30.0,1;4,10904,0.9915
2026-04-05T05:45:08.072426,89997,1,0.3,3,10905,0.9912
2026-04-05T05:45:08.686451,90009,2,100.0;1.0,3;3,10907,0.9913
2026-04-05T05:45:09.359426,90022,1,0.1,3,10908,0.9914
2026-04-05T05:45:09.820451,90031,1,1.0,2,10909,0.9915
2026-04-05T05:45:10.075452,90036,1,100.0,1,10910,0.9914
2026-04-05T05:45:10.587451,90046,1,0.1,2,10911,0.9915
2026-04-05T05:45:11.413428,90062,2,10.0;10.0,3;4,10913,0.9922
2026-04-05T05:45:12.129452,90076,1,0.1,2,10914,0.9925
2026-04-05T05:45:13.996451,90112,1,30.0,3,10915,0.9930
2026-04-05T05:45:14.812452,90127,2,0.1;0.3,1;1,10917,0.9935
2026-04-05T05:45:15.894452,90148,3,0.3;10.0;10.0,1;3;3,10920,0.9934
2026-04-05T05:45:16.520432,90160,1,0.3,4,10921,0.9935
2026-04-05T05:45:16.622452,90162,3,0.1;1.0;10.0,2;3;1,10924,0.9932
2026-04-05T05:45:16.673452,90163,2,3.0;0.1,4;3,10926,0.9929
2026-04-05T05:45:16.826433,90166,2,1.0;1.0,3;1,10928,0.9928
2026-04-05T05:45:17.285451,90175,1,10.0,1,10929,0.9925
2026-04-05T05:45:18.816451,90205,1,100.0,2,10930,0.9930
2026-04-05T05:45:18.918452,90207,1,100.0,2,10931,0.9927
2026-04-05T05:45:19.224452,90213,1,0.1,3,10932,0.9924
2026-04-05T05:45:19.581427,90220,2,0.3;30.0,1;4,10934,0.9923
2026-04-05T05:45:19.683452,90222,2,3.0;3.0,2;3,10936,0.9920
2026-04-05T05:45:21.064451,90249,2,30.0;100.0,1;3,10938,0.9929
2026-04-05T05:45:21.614435,90259,1,10.0,1,10939,0.9928
2026-04-05T05:45:22.227427,90271,1,0.1,3,10940,0.9929
2026-04-05T05:45:22.584452,90278,1,0.1,2,10941,0.9930
2026-04-05T05:45:23.400432,90294,1,3.0,1,10942,0.9929
2026-04-05T05:45:23.661432,90299,3,100.0;0.3;10.0,4;1;2,10945,0.9928
2026-04-05T05:45:24.870426,90322,1,10.0,3,10946,0.9929
2026-04-05T05:45:25.075452,90326,1,0.3,2,10947,0.9926
2026-04-05T05:45:26.047452,90345,1,3.0,3,10948,0.9927
2026-04-05T05:45:26.942451,90362,2,0.3;3.0,3;2,10950,0.9926
2026-04-05T05:45:27.975434,90382,2,0.1;100.0,2;3,10952,0.9929
2026-04-05T05:45:28.077432,90384,1,1.0,4,10953,0.9926
2026-04-05T05:45:28.536451,90393,1,10.0,2,10954,0.9923
2026-04-05T05:45:28.740452,90397,1,0.3,3,10955,0.9922
2026-04-05T05:45:29.199427,90405,3,1.0;10.0;10.0,4;1;2,10958,0.9921
2026-04-05T05:45:29.577424,90412,1,1.0,3,10959,0.9918
2026-04-05T05:45:30.176432,90419,2,0.1;30.0,3;1,10961,0.9915
2026-04-05T05:45:30.227429,90420,3,10.0;0.1;10.0,1;1;4,10964,0.9912
2026-04-05T05:45:30.550452,90426,2,3.0;3.0,2;3,10966,0.9911
2026-04-05T05:45:30.703432,90429,2,100.0;0.3,2;3,10968,0.9908
2026-04-05T05:45:31.009427,90435,3,1.0;10.0;100.0,1;3;1,10971,0.9907
2026-04-05T05:45:31.585423,90446,1,0.3,1,10972,0.9908
2026-04-05T05:45:32.893425,90469,1,30.0,2,10973,0.9911
2026-04-05T05:45:33.723451,90484,1,10.0,2,10974,0.9912
2026-04-05T05:45:34.277452,90494,1,100.0,4,10975,0.9909
2026-04-05T05:45:34.678428,90500,1,100.0,3,10976,0.9910
2026-04-05T05:45:35.954423,90523,2,10.0;0.3,2;1,10978,0.9913
2026-04-05T05:45:36.224427,90528,1,10.0,1,10979,0.9914
2026-04-05T05:45:37.005452,90543,3,1.0;30.0;100.0,1;2;1,10982,0.9913
2026-04-05T05:45:38.759428,90575,1,0.3,2,10983,0.9912
2026-04-05T05:45:38.859425,90576,1,100.0,1,10984,0.9909
2026-04-05T05:45:39.306452,90584,1,0.3,1,10985,0.9908
2026-04-05T05:45:40.343452,90603,1,30.0,3,10986,0.9909
2026-04-05T05:45:40.666423,90609,2,30.0;100.0,3;2,10988,0.9912
2026-04-05T05:45:40.721423,90610,1,30.0,3,10989,0.9909
2026-04-05T05:45:41.157428,90618,2,1.0;0.1,2;2,10991,0.9910
2026-04-05T05:45:41.326425,90621,2,0.1;100.0,2;1,10993,0.9907
2026-04-05T05:45:42.260452,90639,2,0.1;0.1,4;3,10995,0.9906
2026-04-05T05:45:42.606423,90645,3,1.0;0.1;30.0,2;1;3,10998,0.9907
2026-04-05T05:45:43.317451,90658,1,30.0,2,10999,0.9906
2026-04-05T05:45:45.455451,90698,1,10.0,3,11000,0.9909
2026-04-05T05:45:45.765452,90704,1,30.0,3,11001,0.9906
2026-04-05T05:45:47.786452,90740,1,10.0,4,11002,0.9913
2026-04-05T05:45:48.117452,90746,1,1.0,1,11003,0.9912
