timestamp,cycle,resonance_type,resonance_value,scale,scale_name,complexity,complexity_name,total_nodes,coherence
2026-04-05T04:22:53.111334,1,0.3↔1.0,0.829,100.0,целые тексты,1,бытовой,1,0.9932
2026-04-05T04:22:53.224341,3,0.3↔1.0,0.819,10.0,предложения,1,бытовой,2,0.9934
2026-04-05T04:22:54.282733,23,0.3↔1.0,0.827,10.0,предложения,1,бытовой,3,0.9933
2026-04-05T04:22:55.339060,43,0.1↔0.3,0.821,10.0,предложения,1,бытовой,4,0.9935
2026-04-05T04:22:55.405059,44,0.1↔0.3,0.838,0.3,буквы/слоги,3,,5,0.9937
2026-04-05T04:22:55.829348,52,0.1↔0.3,0.827,30.0,абзацы,1,бытовой,6,0.9936
2026-04-05T04:22:56.349347,62,0.1↔0.3,0.821,30.0,абзацы,1,бытовой,7,0.9938
2026-04-05T04:22:56.570321,66,0.1↔0.3,0.828,0.3,буквы/слоги,2,научный,8,0.9940
2026-04-05T04:22:57.315531,80,0.3↔1.0,0.816,10.0,предложения,1,бытовой,9,0.9939
2026-04-05T04:22:58.455367,100,0.1↔0.3,0.814,10.0,предложения,2,научный,10,0.9938
2026-04-05T04:22:58.639368,103,0.3↔1.0,0.826,0.1,буквы/слоги,3,,11,0.9940
2026-04-05T04:22:58.917655,108,0.1↔0.3,0.808,1.0,слова,3,,12,0.9939
2026-04-05T04:22:59.344655,115,0.1↔0.3,0.819,30.0,абзацы,1,бытовой,13,0.9935
2026-04-05T04:22:59.863973,124,0.1↔0.3,0.818,3.0,словосочетания,2,научный,14,0.9934
2026-04-05T04:23:00.222973,131,0.1↔0.3,0.825,3.0,словосочетания,1,бытовой,15,0.9936
2026-04-05T04:23:00.390953,134,0.1↔0.3,0.814,3.0,словосочетания,3,,16,0.9938
2026-04-05T04:23:00.648973,139,0.1↔0.3,0.836,3.0,словосочетания,2,научный,17,0.9940
2026-04-05T04:23:00.971058,145,0.3↔1.0,0.816,1.0,слова,1,бытовой,18,0.9939
2026-04-05T04:23:01.182058,149,0.1↔0.3,0.837,100.0,целые тексты,2,научный,19,0.9941
2026-04-05T04:23:01.291033,151,0.3↔1.0,0.826,0.1,буквы/слоги,3,,20,0.9943
2026-04-05T04:23:01.543058,155,0.1↔0.3,0.820,30.0,абзацы,3,,21,0.9945
2026-04-05T04:23:01.828013,160,0.3↔1.0,0.828,1.0,слова,1,бытовой,22,0.9944
2026-04-05T04:23:01.878987,161,0.1↔0.3,0.811,1.0,слова,3,,23,0.9946
2026-04-05T04:23:03.561280,192,0.1↔0.3,0.822,0.3,буквы/слоги,4,метафорический,24,0.9939
2026-04-05T04:23:04.369575,206,0.1↔0.3,0.823,10.0,предложения,1,бытовой,25,0.9938
2026-04-05T04:23:04.512546,208,0.1↔0.3,0.823,3.0,словосочетания,4,метафорический,26,0.9940
2026-04-05T04:23:04.759412,212,0.3↔1.0,0.829,3.0,словосочетания,1,бытовой,27,0.9942
2026-04-05T04:23:06.664663,247,0.3↔1.0,0.817,10.0,предложения,2,научный,28,0.9935
2026-04-05T04:23:07.355317,260,0.1↔0.3,0.810,1.0,слова,1,бытовой,29,0.9937
2026-04-05T04:23:08.499633,280,0.3↔1.0,0.834,1.0,слова,3,,30,0.9933
2026-04-05T04:23:09.748491,300,0.1↔0.3,0.822,3.0,словосочетания,3,,31,0.9929
2026-04-05T04:23:10.669788,317,0.3↔1.0,0.813,10.0,предложения,4,метафорический,32,0.9925
2026-04-05T04:23:10.728759,318,0.1↔0.3,0.820,10.0,предложения,1,бытовой,33,0.9927
2026-04-05T04:23:10.871356,320,0.1↔0.3,0.823,100.0,целые тексты,3,,34,0.9926
2026-04-05T04:23:11.148359,325,0.1↔0.3,0.823,0.3,буквы/слоги,2,научный,35,0.9928
2026-04-05T04:23:12.149683,344,0.1↔0.3,0.816,100.0,целые тексты,1,бытовой,36,0.9927
2026-04-05T04:23:12.253661,345,0.3↔1.0,0.828,100.0,целые тексты,2,научный,37,0.9929
2026-04-05T04:23:12.342659,346,0.3↔1.0,0.830,1.0,слова,3,,38,0.9931
2026-04-05T04:23:12.656684,352,0.1↔0.3,0.828,1.0,слова,4,метафорический,39,0.9933
2026-04-05T04:23:12.709391,353,0.1↔0.3,0.813,0.1,буквы/слоги,3,,40,0.9935
2026-04-05T04:23:13.067534,359,0.3↔1.0,0.820,1.0,слова,3,,41,0.9934
2026-04-05T04:23:16.015181,415,0.1↔0.3,0.829,10.0,предложения,2,научный,42,0.9921
2026-04-05T04:23:16.327182,420,0.3↔1.0,0.837,0.1,буквы/слоги,1,бытовой,43,0.9923
2026-04-05T04:23:16.532182,424,0.3↔1.0,0.836,100.0,целые тексты,4,метафорический,44,0.9925
2026-04-05T04:23:17.843483,446,0.1↔0.3,0.833,3.0,словосочетания,2,научный,45,0.9915
2026-04-05T04:23:17.964454,448,0.1↔0.3,0.834,10.0,предложения,3,,46,0.9917
2026-04-05T04:23:18.046454,449,0.3↔1.0,0.824,10.0,предложения,1,бытовой,47,0.9919
2026-04-05T04:23:18.582483,459,0.1↔0.3,0.821,30.0,абзацы,3,,48,0.9921
2026-04-05T04:23:18.997940,465,0.1↔0.3,0.815,100.0,целые тексты,1,бытовой,49,0.9920
2026-04-05T04:23:19.167968,468,0.1↔0.3,0.818,30.0,абзацы,1,бытовой,50,0.9922
2026-04-05T04:23:19.243943,469,0.1↔0.3,0.822,0.1,буквы/слоги,1,бытовой,51,0.9924
2026-04-05T04:23:19.372969,471,0.3↔1.0,0.836,1.0,слова,4,метафорический,52,0.9926
2026-04-05T04:23:20.230431,486,0.1↔0.3,0.829,0.1,буквы/слоги,2,научный,53,0.9919
2026-04-05T04:23:20.680146,494,0.1↔0.3,0.823,0.1,буквы/слоги,1,бытовой,54,0.9918
2026-04-05T04:23:20.772120,495,0.3↔1.0,0.824,0.3,буквы/слоги,4,метафорический,55,0.9920
2026-04-05T04:23:20.951133,498,0.1↔0.3,0.836,100.0,целые тексты,2,научный,56,0.9922
2026-04-05T04:23:21.300133,504,0.3↔1.0,0.827,0.3,буквы/слоги,1,бытовой,57,0.9921
2026-04-05T04:23:21.720810,510,0.3↔1.0,0.820,3.0,словосочетания,3,,58,0.9923
2026-04-05T04:23:21.788812,511,0.1↔0.3,0.824,100.0,целые тексты,2,научный,59,0.9925
2026-04-05T04:23:21.891496,513,0.1↔0.3,0.819,1.0,слова,4,метафорический,60,0.9927
2026-04-05T04:23:22.468522,524,0.1↔0.3,0.810,0.3,буквы/слоги,1,бытовой,61,0.9929
2026-04-05T04:23:22.904975,531,0.1↔0.3,0.827,100.0,целые тексты,2,научный,62,0.9931
2026-04-05T04:23:23.892175,550,0.1↔0.3,0.814,0.3,буквы/слоги,1,бытовой,63,0.9927
2026-04-05T04:23:24.629175,562,0.3↔1.0,0.826,10.0,предложения,2,научный,64,0.9929
2026-04-05T04:23:25.054794,569,0.3↔1.0,0.833,10.0,предложения,3,,65,0.9928
2026-04-05T04:23:26.718151,600,0.1↔0.3,0.822,3.0,словосочетания,1,бытовой,66,0.9927
2026-04-05T04:23:26.815307,601,0.1↔0.3,0.829,3.0,словосочетания,4,метафорический,67,0.9929
2026-04-05T04:23:26.945324,603,0.1↔0.3,0.828,0.1,буквы/слоги,2,научный,68,0.9931
2026-04-05T04:23:27.272333,608,0.3↔1.0,0.811,1.0,слова,4,метафорический,69,0.9933
2026-04-05T04:23:27.511324,611,0.3↔1.0,0.833,1.0,слова,4,метафорический,70,0.9932
2026-04-05T04:23:27.946248,619,0.3↔1.0,0.824,3.0,словосочетания,3,,71,0.9934
2026-04-05T04:23:28.046249,620,0.3↔1.0,0.815,30.0,абзацы,4,метафорический,72,0.9936
2026-04-05T04:23:28.707392,629,0.1↔0.3,0.833,30.0,абзацы,3,,73,0.9932
2026-04-05T04:23:29.619766,642,0.3↔1.0,0.808,30.0,абзацы,3,,74,0.9931
2026-04-05T04:23:31.352378,668,0.1↔0.3,0.831,30.0,абзацы,2,научный,75,0.9927
2026-04-05T04:23:32.108801,681,0.1↔0.3,0.808,30.0,абзацы,3,,76,0.9929
2026-04-05T04:23:32.284778,683,0.1↔0.3,0.831,10.0,предложения,1,бытовой,77,0.9931
2026-04-05T04:23:33.371499,703,0.1↔0.3,0.812,3.0,словосочетания,2,научный,78,0.9924
2026-04-05T04:23:34.142934,715,0.1↔0.3,0.813,30.0,абзацы,3,,79,0.9923
2026-04-05T04:23:34.326958,718,0.1↔0.3,0.832,100.0,целые тексты,2,научный,80,0.9925
2026-04-05T04:23:34.542958,722,0.1↔0.3,0.836,0.1,буквы/слоги,1,бытовой,81,0.9927
2026-04-05T04:23:34.687933,724,0.3↔1.0,0.830,30.0,абзацы,1,бытовой,82,0.9929
2026-04-05T04:23:35.101721,732,0.3↔1.0,0.821,3.0,словосочетания,2,научный,83,0.9931
2026-04-05T04:23:35.639722,740,0.1↔0.3,0.830,100.0,целые тексты,3,,84,0.9927
2026-04-05T04:23:35.707721,741,0.1↔0.3,0.825,100.0,целые тексты,3,,85,0.9929
2026-04-05T04:23:35.927926,745,0.3↔1.0,0.810,30.0,абзацы,3,,86,0.9931
2026-04-05T04:23:36.907259,759,0.1↔0.3,0.827,100.0,целые тексты,1,бытовой,87,0.9933
2026-04-05T04:23:37.295260,765,0.1↔0.3,0.834,0.1,буквы/слоги,3,,88,0.9935
2026-04-05T04:23:37.544265,768,0.1↔0.3,0.825,100.0,целые тексты,1,бытовой,89,0.9934
2026-04-05T04:23:38.313826,780,0.1↔0.3,0.817,30.0,абзацы,1,бытовой,90,0.9933
2026-04-05T04:23:38.477807,783,0.1↔0.3,0.833,3.0,словосочетания,3,,91,0.9935
2026-04-05T04:23:38.981035,792,0.3↔1.0,0.809,100.0,целые тексты,1,бытовой,92,0.9937
2026-04-05T04:23:40.533644,820,0.3↔1.0,0.811,0.3,буквы/слоги,2,научный,93,0.9933
2026-04-05T04:23:40.751850,823,0.1↔0.3,0.830,3.0,словосочетания,1,бытовой,94,0.9935
2026-04-05T04:23:41.029559,828,0.1↔0.3,0.827,100.0,целые тексты,1,бытовой,95,0.9937
2026-04-05T04:23:41.640559,837,0.1↔0.3,0.833,30.0,абзацы,2,научный,96,0.9936
2026-04-05T04:23:41.918052,841,0.1↔0.3,0.825,100.0,целые тексты,1,бытовой,97,0.9938
2026-04-05T04:23:42.454052,851,0.3↔1.0,0.835,30.0,абзацы,1,бытовой,98,0.9937
2026-04-05T04:23:42.623027,853,0.1↔0.3,0.817,0.1,буквы/слоги,3,,99,0.9939
2026-04-05T04:23:42.723766,854,0.3↔1.0,0.813,0.3,буквы/слоги,2,научный,100,0.9941
2026-04-05T04:23:43.150410,862,0.3↔1.0,0.817,10.0,предложения,3,,101,0.9943
2026-04-05T04:23:43.470409,866,0.3↔1.0,0.820,100.0,целые тексты,3,,102,0.9945
2026-04-05T04:23:44.656090,884,0.1↔0.3,0.822,10.0,предложения,1,бытовой,103,0.9944
2026-04-05T04:23:45.772393,904,0.3↔1.0,0.826,1.0,слова,3,,104,0.9940
2026-04-05T04:23:45.915364,906,0.1↔0.3,0.818,0.3,буквы/слоги,2,научный,105,0.9942
2026-04-05T04:23:46.401370,914,0.1↔0.3,0.834,10.0,предложения,1,бытовой,106,0.9941
2026-04-05T04:23:46.485364,915,0.1↔0.3,0.823,100.0,целые тексты,2,научный,107,0.9943
2026-04-05T04:23:46.560365,916,0.3↔1.0,0.815,30.0,абзацы,2,научный,108,0.9945
2026-04-05T04:23:46.812949,920,0.1↔0.3,0.817,10.0,предложения,2,научный,109,0.9947
2026-04-05T04:23:46.883949,921,0.1↔0.3,0.818,1.0,слова,1,бытовой,110,0.9949
2026-04-05T04:23:46.961954,922,0.1↔0.3,0.824,100.0,целые тексты,3,,111,0.9951
2026-04-05T04:23:47.153956,925,0.1↔0.3,0.822,1.0,слова,2,научный,112,0.9950
2026-04-05T04:23:47.216956,926,0.1↔0.3,0.823,0.1,буквы/слоги,2,научный,113,0.9952
2026-04-05T04:23:47.405953,929,0.3↔1.0,0.809,3.0,словосочетания,3,,114,0.9948
2026-04-05T04:23:47.463951,930,0.3↔1.0,0.816,100.0,целые тексты,3,,115,0.9950
2026-04-05T04:23:48.137840,941,0.1↔0.3,0.815,30.0,абзацы,3,,116,0.9949
2026-04-05T04:23:48.643867,949,0.1↔0.3,0.825,30.0,абзацы,1,бытовой,117,0.9951
2026-04-05T04:23:49.525212,963,0.1↔0.3,0.826,30.0,абзацы,2,научный,118,0.9947
2026-04-05T04:23:50.122346,973,0.3↔1.0,0.823,10.0,предложения,1,бытовой,119,0.9943
2026-04-05T04:23:50.524321,980,0.1↔0.3,0.813,10.0,предложения,1,бытовой,120,0.9942
2026-04-05T04:23:51.368378,993,0.3↔1.0,0.837,100.0,целые тексты,2,научный,121,0.9938
2026-04-05T04:23:51.453382,994,0.1↔0.3,0.809,0.3,буквы/слоги,4,метафорический,122,0.9940
2026-04-05T04:23:52.466823,1012,0.1↔0.3,0.809,3.0,словосочетания,3,,123,0.9936
2026-04-05T04:23:52.527814,1013,0.1↔0.3,0.815,10.0,предложения,2,научный,124,0.9938
2026-04-05T04:23:52.938075,1021,0.3↔1.0,0.825,0.1,буквы/слоги,1,бытовой,125,0.9940
2026-04-05T04:23:53.182051,1024,0.1↔0.3,0.835,0.1,буквы/слоги,2,научный,126,0.9942
2026-04-05T04:23:55.154915,1055,0.1↔0.3,0.833,30.0,абзацы,2,научный,127,0.9938
2026-04-05T04:23:55.932932,1069,0.1↔0.3,0.824,1.0,слова,2,научный,128,0.9937
2026-04-05T04:23:56.225905,1074,0.3↔1.0,0.834,0.1,буквы/слоги,4,метафорический,129,0.9936
2026-04-05T04:23:56.737559,1084,0.1↔0.3,0.829,100.0,целые тексты,2,научный,130,0.9938
2026-04-05T04:23:57.099267,1091,0.3↔1.0,0.831,30.0,абзацы,1,бытовой,131,0.9940
2026-04-05T04:23:57.467285,1098,0.1↔0.3,0.816,0.1,буквы/слоги,3,,132,0.9942
2026-04-05T04:23:58.721291,1119,0.1↔0.3,0.829,1.0,слова,1,бытовой,133,0.9941
2026-04-05T04:23:58.836287,1120,0.1↔0.3,0.821,10.0,предложения,1,бытовой,134,0.9943
2026-04-05T04:23:58.990292,1123,0.1↔0.3,0.812,3.0,словосочетания,2,научный,135,0.9942
2026-04-05T04:23:59.403286,1130,0.3↔1.0,0.834,100.0,целые тексты,4,метафорический,136,0.9941
2026-04-05T04:23:59.630294,1134,0.1↔0.3,0.834,3.0,словосочетания,1,бытовой,137,0.9943
2026-04-05T04:23:59.763209,1136,0.1↔0.3,0.821,0.3,буквы/слоги,1,бытовой,138,0.9945
2026-04-05T04:23:59.832209,1137,0.1↔0.3,0.819,0.1,буквы/слоги,1,бытовой,139,0.9947
2026-04-05T04:24:00.595210,1150,0.3↔1.0,0.821,100.0,целые тексты,1,бытовой,140,0.9946
2026-04-05T04:24:00.729874,1152,0.1↔0.3,0.814,3.0,словосочетания,3,,141,0.9948
2026-04-05T04:24:00.848392,1154,0.1↔0.3,0.820,10.0,предложения,3,,142,0.9950
2026-04-05T04:24:01.036390,1157,0.1↔0.3,0.810,10.0,предложения,1,бытовой,143,0.9952
2026-04-05T04:24:01.105389,1158,0.1↔0.3,0.829,3.0,словосочетания,3,,144,0.9954
2026-04-05T04:24:01.261418,1161,0.1↔0.3,0.825,3.0,словосочетания,3,,145,0.9956
2026-04-05T04:24:01.343392,1162,0.3↔1.0,0.825,1.0,слова,2,научный,146,0.9958
2026-04-05T04:24:01.611393,1167,0.1↔0.3,0.830,3.0,словосочетания,2,научный,147,0.9960
2026-04-05T04:24:02.037771,1175,0.1↔0.3,0.828,1.0,слова,1,бытовой,148,0.9962
2026-04-05T04:24:02.171742,1177,0.3↔1.0,0.828,0.1,буквы/слоги,1,бытовой,149,0.9964
2026-04-05T04:24:02.475747,1182,0.3↔1.0,0.830,0.1,буквы/слоги,3,,150,0.9966
2026-04-05T04:24:04.752185,1222,0.3↔1.0,0.817,0.1,буквы/слоги,1,бытовой,151,0.9956
2026-04-05T04:24:04.994784,1226,0.1↔0.3,0.836,0.1,буквы/слоги,1,бытовой,152,0.9955
2026-04-05T04:24:05.202780,1230,0.1↔0.3,0.828,3.0,словосочетания,1,бытовой,153,0.9957
2026-04-05T04:24:06.208320,1248,0.3↔1.0,0.820,3.0,словосочетания,3,,154,0.9959
2026-04-05T04:24:06.319321,1250,0.1↔0.3,0.831,0.3,буквы/слоги,3,,155,0.9961
2026-04-05T04:24:06.432320,1252,0.1↔0.3,0.821,3.0,словосочетания,1,бытовой,156,0.9963
2026-04-05T04:24:06.548319,1254,0.3↔1.0,0.826,3.0,словосочетания,3,,157,0.9965
2026-04-05T04:24:07.097602,1264,0.1↔0.3,0.828,1.0,слова,2,научный,158,0.9964
2026-04-05T04:24:07.585602,1273,0.1↔0.3,0.823,1.0,слова,1,бытовой,159,0.9963
2026-04-05T04:24:08.423561,1287,0.3↔1.0,0.830,0.3,буквы/слоги,3,,160,0.9965
2026-04-05T04:24:08.623551,1290,0.1↔0.3,0.814,1.0,слова,2,научный,161,0.9964
2026-04-05T04:24:09.047973,1296,0.1↔0.3,0.827,100.0,целые тексты,1,бытовой,162,0.9966
2026-04-05T04:24:09.188983,1298,0.1↔0.3,0.821,10.0,предложения,4,метафорический,163,0.9968
2026-04-05T04:24:09.630003,1305,0.1↔0.3,0.816,100.0,целые тексты,4,метафорический,164,0.9970
2026-04-05T04:24:10.258002,1316,0.1↔0.3,0.813,0.1,буквы/слоги,1,бытовой,165,0.9969
2026-04-05T04:24:11.267832,1334,0.1↔0.3,0.809,30.0,абзацы,1,бытовой,166,0.9965
2026-04-05T04:24:11.500861,1338,0.3↔1.0,0.813,100.0,целые тексты,2,научный,167,0.9967
2026-04-05T04:24:11.614835,1340,0.1↔0.3,0.827,0.3,буквы/слоги,1,бытовой,168,0.9969
2026-04-05T04:24:12.380349,1354,0.1↔0.3,0.838,30.0,абзацы,3,,169,0.9968
2026-04-05T04:24:12.914681,1362,0.1↔0.3,0.833,10.0,предложения,4,метафорический,170,0.9970
2026-04-05T04:24:13.079680,1365,0.1↔0.3,0.811,3.0,словосочетания,2,научный,171,0.9972
2026-04-05T04:24:13.528680,1373,0.1↔0.3,0.811,0.1,буквы/слоги,3,,172,0.9974
2026-04-05T04:24:13.769874,1377,0.1↔0.3,0.812,0.1,буквы/слоги,3,,173,0.9976
2026-04-05T04:24:13.820871,1378,0.3↔1.0,0.808,3.0,словосочетания,3,,174,0.9978
2026-04-05T04:24:14.734542,1394,0.1↔0.3,0.827,30.0,абзацы,4,метафорический,175,0.9974
2026-04-05T04:24:15.306146,1403,0.1↔0.3,0.828,0.1,буквы/слоги,3,,176,0.9976
2026-04-05T04:24:15.979403,1414,0.1↔0.3,0.831,100.0,целые тексты,4,метафорический,177,0.9975
2026-04-05T04:24:16.475412,1421,0.3↔1.0,0.819,100.0,целые тексты,1,бытовой,178,0.9971
2026-04-05T04:24:16.736999,1425,0.1↔0.3,0.834,1.0,слова,2,научный,179,0.9973
2026-04-05T04:24:16.806602,1426,0.3↔1.0,0.816,3.0,словосочетания,2,научный,180,0.9975
2026-04-05T04:24:17.284604,1434,0.3↔1.0,0.812,30.0,абзацы,3,,181,0.9977
2026-04-05T04:24:18.026061,1445,0.1↔0.3,0.832,10.0,предложения,1,бытовой,182,0.9976
2026-04-05T04:24:18.562062,1454,0.1↔0.3,0.814,100.0,целые тексты,1,бытовой,183,0.9978
2026-04-05T04:24:18.646060,1455,0.3↔1.0,0.826,1.0,слова,1,бытовой,184,0.9980
2026-04-05T04:24:18.741766,1456,0.1↔0.3,0.829,100.0,целые тексты,3,,185,0.9980
2026-04-05T04:24:19.798797,1473,0.1↔0.3,0.823,30.0,абзацы,2,научный,186,0.9979
2026-04-05T04:24:20.259217,1480,0.1↔0.3,0.814,10.0,предложения,2,научный,187,0.9980
2026-04-05T04:24:20.771834,1488,0.3↔1.0,0.814,10.0,предложения,3,,188,0.9980
2026-04-05T04:24:21.166535,1494,0.1↔0.3,0.825,0.1,буквы/слоги,2,научный,189,0.9980
2026-04-05T04:24:21.422527,1498,0.1↔0.3,0.822,10.0,предложения,2,научный,190,0.9980
2026-04-05T04:24:22.044826,1507,0.3↔1.0,0.829,30.0,абзацы,4,метафорический,191,0.9979
2026-04-05T04:24:22.178827,1509,0.3↔1.0,0.825,0.3,буквы/слоги,2,научный,192,0.9980
2026-04-05T04:24:22.459822,1514,0.1↔0.3,0.820,30.0,абзацы,1,бытовой,193,0.9979
2026-04-05T04:24:22.969441,1523,0.3↔1.0,0.822,10.0,предложения,3,,194,0.9980
2026-04-05T04:24:23.737127,1536,0.3↔1.0,0.815,1.0,слова,2,научный,195,0.9976
2026-04-05T04:24:23.882720,1538,0.1↔0.3,0.836,0.1,буквы/слоги,4,метафорический,196,0.9978
2026-04-05T04:24:24.643723,1550,0.1↔0.3,0.830,10.0,предложения,1,бытовой,197,0.9977
2026-04-05T04:24:25.388709,1563,0.1↔0.3,0.833,30.0,абзацы,4,метафорический,198,0.9976
2026-04-05T04:24:25.708348,1569,0.3↔1.0,0.828,10.0,предложения,2,научный,199,0.9978
2026-04-05T04:24:25.846960,1571,0.1↔0.3,0.834,1.0,слова,2,научный,200,0.9980
2026-04-05T04:24:26.731970,1585,0.3↔1.0,0.829,0.1,буквы/слоги,2,научный,201,0.9979
2026-04-05T04:24:26.942053,1587,0.1↔0.3,0.823,100.0,целые тексты,1,бытовой,202,0.9980
2026-04-05T04:24:27.249075,1593,0.3↔1.0,0.822,0.1,буквы/слоги,3,,203,0.9980
2026-04-05T04:24:28.858592,1621,0.1↔0.3,0.814,100.0,целые тексты,4,метафорический,204,0.9970
2026-04-05T04:24:28.922571,1622,0.1↔0.3,0.817,3.0,словосочетания,2,научный,205,0.9972
2026-04-05T04:24:29.636567,1633,0.1↔0.3,0.813,1.0,слова,4,метафорический,206,0.9962
2026-04-05T04:24:29.777007,1635,0.3↔1.0,0.811,30.0,абзацы,3,,207,0.9961
2026-04-05T04:24:29.884027,1637,0.3↔1.0,0.826,3.0,словосочетания,3,,208,0.9963
2026-04-05T04:24:30.218025,1642,0.1↔0.3,0.829,30.0,абзацы,2,научный,209,0.9965
2026-04-05T04:24:30.292028,1643,0.1↔0.3,0.835,0.1,буквы/слоги,3,,210,0.9967
2026-04-05T04:24:30.509051,1646,0.1↔0.3,0.830,30.0,абзацы,1,бытовой,211,0.9969
2026-04-05T04:24:30.595029,1647,0.1↔0.3,0.817,0.1,буквы/слоги,4,метафорический,212,0.9971
2026-04-05T04:24:30.680891,1648,0.1↔0.3,0.832,30.0,абзацы,4,метафорический,213,0.9973
2026-04-05T04:24:31.152181,1656,0.3↔1.0,0.817,100.0,целые тексты,2,научный,214,0.9975
2026-04-05T04:24:31.452188,1661,0.1↔0.3,0.837,100.0,целые тексты,1,бытовой,215,0.9974
2026-04-05T04:24:32.106432,1670,0.1↔0.3,0.831,1.0,слова,1,бытовой,216,0.9970
2026-04-05T04:24:33.082651,1683,0.1↔0.3,0.831,0.1,буквы/слоги,2,научный,217,0.9966
2026-04-05T04:24:33.443646,1689,0.1↔0.3,0.833,1.0,слова,2,научный,218,0.9965
2026-04-05T04:24:33.509649,1690,0.1↔0.3,0.833,30.0,абзацы,1,бытовой,219,0.9967
2026-04-05T04:24:35.498762,1727,0.1↔0.3,0.812,30.0,абзацы,2,научный,220,0.9963
2026-04-05T04:24:35.868912,1734,0.1↔0.3,0.835,0.1,буквы/слоги,4,метафорический,221,0.9965
2026-04-05T04:24:36.114917,1738,0.3↔1.0,0.827,100.0,целые тексты,1,бытовой,222,0.9967
2026-04-05T04:24:36.184914,1739,0.1↔0.3,0.825,3.0,словосочетания,2,научный,223,0.9969
2026-04-05T04:24:36.858154,1752,0.1↔0.3,0.830,1.0,слова,2,научный,224,0.9971
2026-04-05T04:24:37.353158,1761,0.3↔1.0,0.810,0.1,буквы/слоги,2,научный,225,0.9973
2026-04-05T04:24:38.104667,1775,0.1↔0.3,0.812,10.0,предложения,3,,226,0.9972
2026-04-05T04:24:38.341641,1779,0.1↔0.3,0.824,100.0,целые тексты,4,метафорический,227,0.9974
2026-04-05T04:24:39.009899,1792,0.1↔0.3,0.825,100.0,целые тексты,2,научный,228,0.9976
2026-04-05T04:24:39.277919,1796,0.1↔0.3,0.830,0.1,буквы/слоги,3,,229,0.9978
2026-04-05T04:24:39.700545,1803,0.1↔0.3,0.836,30.0,абзацы,1,бытовой,230,0.9974
2026-04-05T04:24:39.825552,1805,0.3↔1.0,0.813,0.3,буквы/слоги,2,научный,231,0.9973
2026-04-05T04:24:40.180580,1811,0.1↔0.3,0.824,0.1,буквы/слоги,2,научный,232,0.9975
2026-04-05T04:24:41.063884,1828,0.1↔0.3,0.829,30.0,абзацы,2,научный,233,0.9977
2026-04-05T04:24:41.446860,1835,0.3↔1.0,0.813,100.0,целые тексты,3,,234,0.9976
2026-04-05T04:24:41.971035,1844,0.1↔0.3,0.809,1.0,слова,3,,235,0.9975
2026-04-05T04:24:42.799790,1858,0.1↔0.3,0.812,10.0,предложения,3,,236,0.9971
2026-04-05T04:24:43.063323,1862,0.3↔1.0,0.815,0.1,буквы/слоги,3,,237,0.9973
2026-04-05T04:24:43.440323,1867,0.1↔0.3,0.829,30.0,абзацы,1,бытовой,238,0.9969
2026-04-05T04:24:43.747906,1872,0.3↔1.0,0.812,100.0,целые тексты,1,бытовой,239,0.9971
2026-04-05T04:24:44.052824,1876,0.3↔1.0,0.813,0.3,буквы/слоги,3,,240,0.9967
2026-04-05T04:24:44.316819,1881,0.1↔0.3,0.831,3.0,словосочетания,2,научный,241,0.9966
2026-04-05T04:24:45.138813,1895,0.1↔0.3,0.823,30.0,абзацы,2,научный,242,0.9962
2026-04-05T04:24:45.213809,1896,0.1↔0.3,0.838,0.3,буквы/слоги,1,бытовой,243,0.9964
2026-04-05T04:24:45.289804,1897,0.3↔1.0,0.837,0.3,буквы/слоги,1,бытовой,244,0.9966
2026-04-05T04:24:45.472832,1900,0.3↔1.0,0.833,100.0,целые тексты,3,,245,0.9968
2026-04-05T04:24:45.543811,1901,0.3↔1.0,0.823,30.0,абзацы,3,,246,0.9970
2026-04-05T04:24:45.677454,1903,0.1↔0.3,0.822,30.0,абзацы,2,научный,247,0.9972
2026-04-05T04:24:45.879052,1906,0.3↔1.0,0.812,3.0,словосочетания,3,,248,0.9974
2026-04-05T04:24:46.967389,1924,0.1↔0.3,0.822,30.0,абзацы,1,бытовой,249,0.9967
2026-04-05T04:24:47.304386,1929,0.1↔0.3,0.822,1.0,слова,1,бытовой,250,0.9966
2026-04-05T04:24:48.205759,1943,0.3↔1.0,0.824,10.0,предложения,1,бытовой,251,0.9959
2026-04-05T04:24:48.290760,1944,0.1↔0.3,0.827,100.0,целые тексты,4,метафорический,252,0.9961
2026-04-05T04:24:48.365763,1945,0.3↔1.0,0.816,30.0,абзацы,1,бытовой,253,0.9963
2026-04-05T04:24:48.562755,1948,0.3↔1.0,0.813,1.0,слова,2,научный,254,0.9962
2026-04-05T04:24:48.862645,1951,0.1↔0.3,0.815,0.3,буквы/слоги,2,научный,255,0.9964
2026-04-05T04:24:49.048665,1954,0.1↔0.3,0.811,100.0,целые тексты,2,научный,256,0.9966
2026-04-05T04:24:49.328641,1958,0.1↔0.3,0.824,0.3,буквы/слоги,3,,257,0.9965
2026-04-05T04:24:49.476642,1960,0.3↔1.0,0.832,1.0,слова,4,метафорический,258,0.9967
2026-04-05T04:24:49.579637,1961,0.3↔1.0,0.819,100.0,целые тексты,3,,259,0.9969
2026-04-05T04:24:49.677644,1962,0.1↔0.3,0.827,0.1,буквы/слоги,2,научный,260,0.9971
2026-04-05T04:24:50.259368,1972,0.3↔1.0,0.811,3.0,словосочетания,2,научный,261,0.9973
2026-04-05T04:24:50.500346,1976,0.3↔1.0,0.822,0.3,буквы/слоги,1,бытовой,262,0.9975
2026-04-05T04:24:50.810202,1981,0.1↔0.3,0.819,0.3,буквы/слоги,1,бытовой,263,0.9977
2026-04-05T04:24:51.718938,1998,0.1↔0.3,0.820,1.0,слова,2,научный,264,0.9979
2026-04-05T04:24:51.780931,1999,0.1↔0.3,0.829,30.0,абзацы,1,бытовой,265,0.9980
2026-04-05T04:24:52.215110,2006,0.1↔0.3,0.828,1.0,слова,3,,266,0.9979
2026-04-05T04:24:52.296100,2007,0.3↔1.0,0.837,10.0,предложения,2,научный,267,0.9980
2026-04-05T04:24:52.599107,2011,0.1↔0.3,0.820,100.0,целые тексты,2,научный,268,0.9979
2026-04-05T04:24:52.682103,2012,0.3↔1.0,0.837,0.1,буквы/слоги,3,,269,0.9980
2026-04-05T04:24:52.937516,2015,0.1↔0.3,0.809,0.3,буквы/слоги,3,,270,0.9979
2026-04-05T04:24:53.022518,2016,0.1↔0.3,0.825,1.0,слова,1,бытовой,271,0.9980
2026-04-05T04:24:53.117517,2017,0.1↔0.3,0.829,0.1,буквы/слоги,2,научный,272,0.9980
2026-04-05T04:24:53.346534,2021,0.1↔0.3,0.834,3.0,словосочетания,1,бытовой,273,0.9980
2026-04-05T04:24:53.939844,2032,0.1↔0.3,0.835,30.0,абзацы,3,,274,0.9979
2026-04-05T04:24:53.999815,2033,0.3↔1.0,0.813,30.0,абзацы,3,,275,0.9980
2026-04-05T04:24:54.106825,2035,0.3↔1.0,0.818,10.0,предложения,2,научный,276,0.9980
2026-04-05T04:24:54.661817,2045,0.1↔0.3,0.834,10.0,предложения,3,,277,0.9980
2026-04-05T04:24:55.063654,2051,0.3↔1.0,0.811,1.0,слова,4,метафорический,278,0.9979
2026-04-05T04:24:55.620653,2060,0.1↔0.3,0.836,10.0,предложения,3,,279,0.9975
2026-04-05T04:24:57.350353,2092,0.1↔0.3,0.829,0.3,буквы/слоги,3,,280,0.9974
2026-04-05T04:24:57.412323,2093,0.3↔1.0,0.828,3.0,словосочетания,3,,281,0.9976
2026-04-05T04:24:57.630352,2097,0.3↔1.0,0.813,3.0,словосочетания,1,бытовой,282,0.9978
2026-04-05T04:24:58.153502,2104,0.3↔1.0,0.834,10.0,предложения,1,бытовой,283,0.9977
2026-04-05T04:24:58.400526,2108,0.1↔0.3,0.820,0.1,буквы/слоги,3,,284,0.9979
2026-04-05T04:24:59.030310,2120,0.1↔0.3,0.814,1.0,слова,1,бытовой,285,0.9975
2026-04-05T04:24:59.723403,2133,0.3↔1.0,0.837,3.0,словосочетания,2,научный,286,0.9974
2026-04-05T04:24:59.812088,2134,0.1↔0.3,0.815,100.0,целые тексты,1,бытовой,287,0.9976
2026-04-05T04:24:59.892088,2135,0.3↔1.0,0.823,100.0,целые тексты,2,научный,288,0.9978
2026-04-05T04:25:01.163340,2157,0.3↔1.0,0.820,3.0,словосочетания,2,научный,289,0.9977
2026-04-05T04:25:01.318315,2159,0.1↔0.3,0.809,100.0,целые тексты,3,,290,0.9979
2026-04-05T04:25:01.490340,2162,0.1↔0.3,0.832,3.0,словосочетания,3,,291,0.9980
2026-04-05T04:25:01.556316,2163,0.1↔0.3,0.821,30.0,абзацы,3,,292,0.9980
2026-04-05T04:25:02.078476,2173,0.3↔1.0,0.827,1.0,слова,3,,293,0.9980
2026-04-05T04:25:02.847898,2188,0.1↔0.3,0.834,0.1,буквы/слоги,2,научный,294,0.9980
2026-04-05T04:25:03.681503,2204,0.3↔1.0,0.823,100.0,целые тексты,3,,295,0.9980
2026-04-05T04:25:04.185155,2213,0.1↔0.3,0.822,0.3,буквы/слоги,3,,296,0.9980
2026-04-05T04:25:04.888607,2226,0.1↔0.3,0.824,3.0,словосочетания,3,,297,0.9979
2026-04-05T04:25:05.201607,2231,0.1↔0.3,0.813,10.0,предложения,2,научный,298,0.9980
2026-04-05T04:25:06.245848,2251,0.1↔0.3,0.809,0.1,буквы/слоги,4,метафорический,299,0.9979
2026-04-05T04:25:07.139708,2268,0.3↔1.0,0.820,0.1,буквы/слоги,1,бытовой,300,0.9978
2026-04-05T04:25:07.342711,2271,0.3↔1.0,0.822,3.0,словосочетания,3,,301,0.9980
2026-04-05T04:25:07.710348,2277,0.1↔0.3,0.821,1.0,слова,2,научный,302,0.9980
2026-04-05T04:25:08.177958,2285,0.3↔1.0,0.824,1.0,слова,3,,303,0.9980
2026-04-05T04:25:08.297930,2287,0.3↔1.0,0.815,0.1,буквы/слоги,1,бытовой,304,0.9980
2026-04-05T04:25:09.946819,2318,0.3↔1.0,0.812,3.0,словосочетания,1,бытовой,305,0.9976
2026-04-05T04:25:10.476793,2328,0.1↔0.3,0.835,3.0,словосочетания,3,,306,0.9978
2026-04-05T04:25:12.079046,2356,0.1↔0.3,0.828,0.3,буквы/слоги,1,бытовой,307,0.9968
2026-04-05T04:25:14.101154,2391,0.1↔0.3,0.811,0.1,буквы/слоги,3,,308,0.9949
2026-04-05T04:25:15.118449,2410,0.1↔0.3,0.822,3.0,словосочетания,3,,309,0.9942
2026-04-05T04:25:15.230420,2412,0.1↔0.3,0.821,3.0,словосочетания,2,научный,310,0.9944
2026-04-05T04:25:15.819538,2423,0.1↔0.3,0.823,3.0,словосочетания,2,научный,311,0.9946
2026-04-05T04:25:16.504513,2435,0.3↔1.0,0.837,0.3,буквы/слоги,3,,312,0.9942
2026-04-05T04:25:16.939508,2443,0.1↔0.3,0.821,30.0,абзацы,1,бытовой,313,0.9944
2026-04-05T04:25:16.991479,2444,0.1↔0.3,0.814,10.0,предложения,2,научный,314,0.9946
2026-04-05T04:25:17.479508,2453,0.1↔0.3,0.829,10.0,предложения,1,бытовой,315,0.9945
2026-04-05T04:25:17.694120,2456,0.1↔0.3,0.826,1.0,слова,1,бытовой,316,0.9944
2026-04-05T04:25:17.963208,2460,0.3↔1.0,0.813,1.0,слова,2,научный,317,0.9946
2026-04-05T04:25:19.462650,2487,0.1↔0.3,0.827,10.0,предложения,3,,318,0.9939
2026-04-05T04:25:19.678275,2491,0.3↔1.0,0.820,0.3,буквы/слоги,2,научный,319,0.9941
2026-04-05T04:25:19.895893,2495,0.3↔1.0,0.819,0.3,буквы/слоги,1,бытовой,320,0.9943
2026-04-05T04:25:19.956864,2496,0.1↔0.3,0.818,1.0,слова,1,бытовой,321,0.9945
2026-04-05T04:25:20.215873,2501,0.1↔0.3,0.822,0.1,буквы/слоги,1,бытовой,322,0.9944
2026-04-05T04:25:20.408893,2504,0.1↔0.3,0.828,10.0,предложения,3,,323,0.9946
2026-04-05T04:25:20.598875,2507,0.3↔1.0,0.810,10.0,предложения,3,,324,0.9948
2026-04-05T04:25:20.735478,2509,0.3↔1.0,0.813,0.3,буквы/слоги,2,научный,325,0.9947
2026-04-05T04:25:21.275131,2519,0.1↔0.3,0.816,0.1,буквы/слоги,3,,326,0.9949
2026-04-05T04:25:21.683939,2526,0.1↔0.3,0.811,0.3,буквы/слоги,2,научный,327,0.9951
2026-04-05T04:25:21.977866,2531,0.1↔0.3,0.827,100.0,целые тексты,1,бытовой,328,0.9953
2026-04-05T04:25:23.542130,2559,0.1↔0.3,0.823,10.0,предложения,1,бытовой,329,0.9946
2026-04-05T04:25:23.969416,2567,0.1↔0.3,0.837,3.0,словосочетания,1,бытовой,330,0.9948
2026-04-05T04:25:24.099390,2569,0.3↔1.0,0.822,1.0,слова,1,бытовой,331,0.9950
2026-04-05T04:25:24.600416,2578,0.1↔0.3,0.827,30.0,абзацы,4,метафорический,332,0.9952
2026-04-05T04:25:25.043096,2586,0.1↔0.3,0.833,30.0,абзацы,3,,333,0.9954
2026-04-05T04:25:25.679963,2597,0.1↔0.3,0.825,0.3,буквы/слоги,1,бытовой,334,0.9956
2026-04-05T04:25:25.831643,2599,0.3↔1.0,0.832,10.0,предложения,1,бытовой,335,0.9958
2026-04-05T04:25:26.661435,2615,0.1↔0.3,0.828,10.0,предложения,2,научный,336,0.9960
2026-04-05T04:25:26.793409,2616,0.1↔0.3,0.828,0.3,буквы/слоги,3,,337,0.9962
2026-04-05T04:25:26.979802,2619,0.1↔0.3,0.820,10.0,предложения,2,научный,338,0.9964
2026-04-05T04:25:27.304821,2624,0.1↔0.3,0.816,10.0,предложения,1,бытовой,339,0.9963
2026-04-05T04:25:27.536821,2628,0.3↔1.0,0.834,0.3,буквы/слоги,3,,340,0.9965
2026-04-05T04:25:27.599802,2629,0.3↔1.0,0.826,10.0,предложения,1,бытовой,341,0.9967
2026-04-05T04:25:27.805484,2633,0.1↔0.3,0.831,0.3,буквы/слоги,2,научный,342,0.9969
2026-04-05T04:25:28.121484,2639,0.1↔0.3,0.824,0.3,буквы/слоги,2,научный,343,0.9971
2026-04-05T04:25:28.675455,2648,0.3↔1.0,0.824,1.0,слова,3,,344,0.9967
2026-04-05T04:25:28.834063,2650,0.1↔0.3,0.811,0.1,буквы/слоги,3,,345,0.9969
2026-04-05T04:25:29.162067,2655,0.1↔0.3,0.810,0.3,буквы/слоги,1,бытовой,346,0.9968
2026-04-05T04:25:29.285059,2657,0.1↔0.3,0.837,0.3,буквы/слоги,2,научный,347,0.9967
2026-04-05T04:25:29.648086,2663,0.1↔0.3,0.834,3.0,словосочетания,1,бытовой,348,0.9969
2026-04-05T04:25:29.764080,2665,0.1↔0.3,0.828,3.0,словосочетания,4,метафорический,349,0.9971
2026-04-05T04:25:29.950211,2668,0.1↔0.3,0.830,0.3,буквы/слоги,1,бытовой,350,0.9973
2026-04-05T04:25:30.003186,2669,0.1↔0.3,0.828,0.1,буквы/слоги,2,научный,351,0.9975
2026-04-05T04:25:30.371211,2676,0.3↔1.0,0.812,1.0,слова,1,бытовой,352,0.9977
2026-04-05T04:25:30.950072,2686,0.1↔0.3,0.810,30.0,абзацы,1,бытовой,353,0.9973
2026-04-05T04:25:31.124048,2689,0.3↔1.0,0.822,0.3,буквы/слоги,1,бытовой,354,0.9975
2026-04-05T04:25:31.283053,2692,0.1↔0.3,0.809,100.0,целые тексты,2,научный,355,0.9977
2026-04-05T04:25:31.553071,2696,0.1↔0.3,0.819,30.0,абзацы,3,,356,0.9976
2026-04-05T04:25:31.896625,2701,0.1↔0.3,0.812,0.1,буквы/слоги,2,научный,357,0.9975
2026-04-05T04:25:32.060632,2704,0.1↔0.3,0.821,0.1,буквы/слоги,3,,358,0.9977
2026-04-05T04:25:32.723593,2716,0.1↔0.3,0.812,0.3,буквы/слоги,1,бытовой,359,0.9979
2026-04-05T04:25:33.310080,2726,0.3↔1.0,0.814,1.0,слова,1,бытовой,360,0.9978
2026-04-05T04:25:33.442090,2728,0.1↔0.3,0.835,0.1,буквы/слоги,1,бытовой,361,0.9980
2026-04-05T04:25:33.827537,2735,0.3↔1.0,0.826,30.0,абзацы,3,,362,0.9980
2026-04-05T04:25:34.691152,2749,0.1↔0.3,0.812,3.0,словосочетания,1,бытовой,363,0.9973
2026-04-05T04:25:34.796739,2751,0.3↔1.0,0.838,0.3,буквы/слоги,3,,364,0.9975
2026-04-05T04:25:37.325220,2797,0.1↔0.3,0.822,3.0,словосочетания,2,научный,365,0.9965
2026-04-05T04:25:37.613248,2802,0.1↔0.3,0.818,1.0,слова,2,научный,366,0.9967
2026-04-05T04:25:38.360809,2816,0.3↔1.0,0.828,0.1,буквы/слоги,4,метафорический,367,0.9966
2026-04-05T04:25:38.693443,2821,0.1↔0.3,0.831,100.0,целые тексты,3,,368,0.9968
2026-04-05T04:25:40.341387,2851,0.1↔0.3,0.835,0.3,буквы/слоги,2,научный,369,0.9955
2026-04-05T04:25:40.416384,2852,0.1↔0.3,0.827,3.0,словосочетания,3,,370,0.9957
2026-04-05T04:25:40.580384,2854,0.3↔1.0,0.817,100.0,целые тексты,1,бытовой,371,0.9956
2026-04-05T04:25:40.823495,2858,0.1↔0.3,0.827,30.0,абзацы,2,научный,372,0.9958
2026-04-05T04:25:41.008495,2861,0.1↔0.3,0.809,100.0,целые тексты,3,,373,0.9960
2026-04-05T04:25:43.203198,2902,0.3↔1.0,0.817,30.0,абзацы,3,,374,0.9956
2026-04-05T04:25:44.074482,2916,0.1↔0.3,0.817,30.0,абзацы,3,,375,0.9955
2026-04-05T04:25:44.407481,2922,0.1↔0.3,0.828,3.0,словосочетания,2,научный,376,0.9957
2026-04-05T04:25:44.643482,2925,0.3↔1.0,0.809,3.0,словосочетания,2,научный,377,0.9959
2026-04-05T04:25:45.302096,2937,0.3↔1.0,0.823,1.0,слова,1,бытовой,378,0.9961
2026-04-05T04:25:46.938831,2966,0.3↔1.0,0.814,0.1,буквы/слоги,1,бытовой,379,0.9960
2026-04-05T04:25:48.000491,2985,0.1↔0.3,0.814,3.0,словосочетания,2,научный,380,0.9953
2026-04-05T04:25:48.134486,2987,0.1↔0.3,0.812,100.0,целые тексты,2,научный,381,0.9955
2026-04-05T04:25:48.298486,2989,0.1↔0.3,0.829,0.3,буквы/слоги,3,,382,0.9957
2026-04-05T04:25:49.208823,3006,0.1↔0.3,0.810,0.3,буквы/слоги,2,научный,383,0.9959
2026-04-05T04:25:49.293801,3007,0.1↔0.3,0.828,0.3,буквы/слоги,4,метафорический,384,0.9961
2026-04-05T04:25:49.868174,3018,0.3↔1.0,0.816,0.1,буквы/слоги,3,,385,0.9960
2026-04-05T04:25:51.026289,3039,0.1↔0.3,0.836,3.0,словосочетания,4,метафорический,386,0.9962
2026-04-05T04:25:51.421260,3046,0.1↔0.3,0.822,10.0,предложения,3,,387,0.9961
2026-04-05T04:25:52.221539,3060,0.3↔1.0,0.810,1.0,слова,1,бытовой,388,0.9960
2026-04-05T04:25:52.335511,3062,0.1↔0.3,0.809,1.0,слова,1,бытовой,389,0.9959
2026-04-05T04:25:52.723204,3069,0.3↔1.0,0.809,1.0,слова,3,,390,0.9961
2026-04-05T04:25:53.822912,3089,0.3↔1.0,0.834,30.0,абзацы,1,бытовой,391,0.9960
2026-04-05T04:25:53.907911,3090,0.3↔1.0,0.833,10.0,предложения,2,научный,392,0.9962
2026-04-05T04:25:54.067907,3092,0.3↔1.0,0.831,0.3,буквы/слоги,3,,393,0.9964
2026-04-05T04:25:55.013223,3108,0.3↔1.0,0.814,0.1,буквы/слоги,4,метафорический,394,0.9954
2026-04-05T04:25:55.556222,3117,0.3↔1.0,0.832,3.0,словосочетания,2,научный,395,0.9953
2026-04-05T04:25:55.816159,3122,0.1↔0.3,0.823,1.0,слова,2,научный,396,0.9955
2026-04-05T04:25:55.871137,3123,0.1↔0.3,0.817,0.3,буквы/слоги,3,,397,0.9957
2026-04-05T04:25:56.232140,3130,0.3↔1.0,0.820,100.0,целые тексты,1,бытовой,398,0.9959
2026-04-05T04:25:56.577159,3136,0.3↔1.0,0.811,10.0,предложения,4,метафорический,399,0.9958
2026-04-05T04:25:56.681076,3138,0.3↔1.0,0.813,30.0,абзацы,2,научный,400,0.9960
2026-04-05T04:25:57.773685,3155,0.1↔0.3,0.815,100.0,целые тексты,1,бытовой,401,0.9953
2026-04-05T04:25:58.036248,3160,0.1↔0.3,0.824,3.0,словосочетания,3,,402,0.9955
2026-04-05T04:25:58.182221,3162,0.1↔0.3,0.820,100.0,целые тексты,1,бытовой,403,0.9957
2026-04-05T04:25:58.582249,3169,0.1↔0.3,0.818,1.0,слова,1,бытовой,404,0.9959
2026-04-05T04:25:59.179276,3179,0.3↔1.0,0.809,3.0,словосочетания,3,,405,0.9958
2026-04-05T04:26:00.600332,3205,0.1↔0.3,0.832,30.0,абзацы,3,,406,0.9954
2026-04-05T04:26:01.194833,3215,0.3↔1.0,0.835,1.0,слова,2,научный,407,0.9953
2026-04-05T04:26:01.346807,3217,0.3↔1.0,0.831,100.0,целые тексты,2,научный,408,0.9955
2026-04-05T04:26:01.453813,3219,0.3↔1.0,0.837,0.1,буквы/слоги,3,,409,0.9957
2026-04-05T04:26:01.669805,3222,0.1↔0.3,0.828,30.0,абзацы,2,научный,410,0.9956
2026-04-05T04:26:01.919989,3226,0.3↔1.0,0.824,30.0,абзацы,1,бытовой,411,0.9955
2026-04-05T04:26:02.429013,3234,0.3↔1.0,0.823,30.0,абзацы,1,бытовой,412,0.9954
2026-04-05T04:26:03.070262,3245,0.1↔0.3,0.814,10.0,предложения,4,метафорический,413,0.9953
2026-04-05T04:26:04.674947,3273,0.3↔1.0,0.834,0.1,буквы/слоги,1,бытовой,414,0.9943
2026-04-05T04:26:05.696619,3292,0.1↔0.3,0.824,10.0,предложения,3,,415,0.9945
2026-04-05T04:26:05.784594,3293,0.1↔0.3,0.831,10.0,предложения,4,метафорический,416,0.9947
2026-04-05T04:26:06.068012,3298,0.1↔0.3,0.824,3.0,словосочетания,2,научный,417,0.9943
2026-04-05T04:26:06.416030,3304,0.1↔0.3,0.822,3.0,словосочетания,3,,418,0.9945
2026-04-05T04:26:06.555002,3306,0.1↔0.3,0.826,3.0,словосочетания,1,бытовой,419,0.9947
2026-04-05T04:26:06.728810,3309,0.3↔1.0,0.826,30.0,абзацы,3,,420,0.9949
2026-04-05T04:26:07.119707,3316,0.3↔1.0,0.825,3.0,словосочетания,2,научный,421,0.9948
2026-04-05T04:26:07.473716,3322,0.1↔0.3,0.836,3.0,словосочетания,3,,422,0.9944
2026-04-05T04:26:07.732367,3327,0.1↔0.3,0.838,0.3,буквы/слоги,2,научный,423,0.9946
2026-04-05T04:26:07.907873,3330,0.1↔0.3,0.823,30.0,абзацы,4,метафорический,424,0.9948
2026-04-05T04:26:08.342866,3338,0.1↔0.3,0.835,100.0,целые тексты,2,научный,425,0.9950
2026-04-05T04:26:08.622892,3343,0.1↔0.3,0.829,10.0,предложения,2,научный,426,0.9949
2026-04-05T04:26:08.678147,3344,0.1↔0.3,0.828,1.0,слова,2,научный,427,0.9951
2026-04-05T04:26:08.831328,3347,0.1↔0.3,0.830,1.0,слова,3,,428,0.9953
2026-04-05T04:26:09.861528,3366,0.1↔0.3,0.829,0.1,буквы/слоги,1,бытовой,429,0.9949
2026-04-05T04:26:10.352557,3375,0.1↔0.3,0.834,0.1,буквы/слоги,4,метафорический,430,0.9951
2026-04-05T04:26:10.425528,3376,0.1↔0.3,0.837,0.1,буквы/слоги,3,,431,0.9953
2026-04-05T04:26:10.613537,3379,0.3↔1.0,0.818,10.0,предложения,1,бытовой,432,0.9955
2026-04-05T04:26:11.430412,3394,0.1↔0.3,0.830,100.0,целые тексты,2,научный,433,0.9951
2026-04-05T04:26:11.943622,3403,0.1↔0.3,0.819,0.3,буквы/слоги,3,,434,0.9950
2026-04-05T04:26:12.601622,3415,0.1↔0.3,0.831,100.0,целые тексты,1,бытовой,435,0.9952
2026-04-05T04:26:12.738966,3417,0.1↔0.3,0.815,0.3,буквы/слоги,1,бытовой,436,0.9954
2026-04-05T04:26:13.373566,3428,0.1↔0.3,0.825,30.0,абзацы,1,бытовой,437,0.9953
2026-04-05T04:26:13.444537,3429,0.1↔0.3,0.838,0.1,буквы/слоги,4,метафорический,438,0.9955
2026-04-05T04:26:15.369456,3463,0.3↔1.0,0.821,0.1,буквы/слоги,2,научный,439,0.9951
2026-04-05T04:26:15.641484,3467,0.3↔1.0,0.819,100.0,целые тексты,2,научный,440,0.9953
2026-04-05T04:26:15.841140,3470,0.3↔1.0,0.830,0.3,буквы/слоги,4,метафорический,441,0.9955
2026-04-05T04:26:16.139111,3475,0.1↔0.3,0.833,100.0,целые тексты,1,бытовой,442,0.9954
2026-04-05T04:26:16.247120,3477,0.1↔0.3,0.816,0.1,буквы/слоги,2,научный,443,0.9956
2026-04-05T04:26:16.974434,3490,0.1↔0.3,0.827,0.3,буквы/слоги,3,,444,0.9952
2026-04-05T04:26:17.373434,3497,0.3↔1.0,0.822,10.0,предложения,3,,445,0.9954
2026-04-05T04:26:17.501405,3499,0.1↔0.3,0.824,10.0,предложения,1,бытовой,446,0.9953
2026-04-05T04:26:17.880982,3506,0.3↔1.0,0.835,10.0,предложения,2,научный,447,0.9955
2026-04-05T04:26:18.196981,3511,0.1↔0.3,0.831,10.0,предложения,3,,448,0.9957
2026-04-05T04:26:18.567982,3518,0.1↔0.3,0.814,0.3,буквы/слоги,3,,449,0.9956
2026-04-05T04:26:19.485847,3534,0.3↔1.0,0.813,3.0,словосочетания,4,метафорический,450,0.9952
2026-04-05T04:26:19.876175,3541,0.3↔1.0,0.831,3.0,словосочетания,3,,451,0.9951
2026-04-05T04:26:20.083201,3544,0.1↔0.3,0.832,3.0,словосочетания,3,,452,0.9953
2026-04-05T04:26:20.989711,3559,0.1↔0.3,0.832,3.0,словосочетания,4,метафорический,453,0.9946
2026-04-05T04:26:21.309686,3563,0.1↔0.3,0.811,1.0,слова,3,,454,0.9948
2026-04-05T04:26:21.367687,3564,0.3↔1.0,0.838,100.0,целые тексты,1,бытовой,455,0.9950
2026-04-05T04:26:21.679309,3570,0.3↔1.0,0.812,30.0,абзацы,1,бытовой,456,0.9949
2026-04-05T04:26:21.858505,3573,0.1↔0.3,0.820,1.0,слова,1,бытовой,457,0.9951
2026-04-05T04:26:21.973502,3575,0.1↔0.3,0.820,0.3,буквы/слоги,2,научный,458,0.9953
2026-04-05T04:26:22.282532,3580,0.1↔0.3,0.821,3.0,словосочетания,2,научный,459,0.9955
2026-04-05T04:26:22.339507,3581,0.3↔1.0,0.816,100.0,целые тексты,2,научный,460,0.9957
2026-04-05T04:26:22.443513,3583,0.3↔1.0,0.810,3.0,словосочетания,1,бытовой,461,0.9959
2026-04-05T04:26:22.640532,3586,0.3↔1.0,0.820,3.0,словосочетания,1,бытовой,462,0.9961
2026-04-05T04:26:23.248533,3595,0.1↔0.3,0.826,30.0,абзацы,2,научный,463,0.9957
2026-04-05T04:26:23.671519,3603,0.3↔1.0,0.809,0.3,буквы/слоги,1,бытовой,464,0.9959
2026-04-05T04:26:24.417712,3617,0.1↔0.3,0.825,100.0,целые тексты,2,научный,465,0.9961
2026-04-05T04:26:24.546713,3619,0.1↔0.3,0.820,0.3,буквы/слоги,3,,466,0.9963
2026-04-05T04:26:25.315854,3634,0.1↔0.3,0.828,3.0,словосочетания,3,,467,0.9965
2026-04-05T04:26:25.995576,3646,0.1↔0.3,0.812,0.1,буквы/слоги,1,бытовой,468,0.9961
2026-04-05T04:26:26.109574,3648,0.3↔1.0,0.837,0.1,буквы/слоги,3,,469,0.9963
2026-04-05T04:26:26.339577,3652,0.1↔0.3,0.818,0.3,буквы/слоги,3,,470,0.9965
2026-04-05T04:26:26.421583,3653,0.1↔0.3,0.815,0.1,буквы/слоги,2,научный,471,0.9967
2026-04-05T04:26:26.855856,3660,0.3↔1.0,0.822,10.0,предложения,2,научный,472,0.9966
2026-04-05T04:26:27.194856,3666,0.3↔1.0,0.816,10.0,предложения,2,научный,473,0.9968
2026-04-05T04:26:28.040552,3681,0.1↔0.3,0.822,100.0,целые тексты,2,научный,474,0.9970
2026-04-05T04:26:28.106526,3682,0.3↔1.0,0.830,3.0,словосочетания,2,научный,475,0.9972
2026-04-05T04:26:28.332526,3686,0.1↔0.3,0.815,10.0,предложения,3,,476,0.9974
2026-04-05T04:26:28.394523,3687,0.1↔0.3,0.821,0.1,буквы/слоги,1,бытовой,477,0.9976
2026-04-05T04:26:28.832844,3695,0.3↔1.0,0.832,30.0,абзацы,2,научный,478,0.9975
2026-04-05T04:26:29.346845,3704,0.1↔0.3,0.817,3.0,словосочетания,2,научный,479,0.9974
2026-04-05T04:26:29.959834,3714,0.1↔0.3,0.822,10.0,предложения,1,бытовой,480,0.9973
2026-04-05T04:26:31.277506,3737,0.1↔0.3,0.816,0.1,буквы/слоги,2,научный,481,0.9972
2026-04-05T04:26:31.682134,3744,0.3↔1.0,0.822,1.0,слова,4,метафорический,482,0.9974
2026-04-05T04:26:32.033625,3750,0.1↔0.3,0.823,100.0,целые тексты,1,бытовой,483,0.9973
2026-04-05T04:26:32.758273,3764,0.3↔1.0,0.837,0.3,буквы/слоги,3,,484,0.9975
2026-04-05T04:26:33.327889,3774,0.3↔1.0,0.822,1.0,слова,1,бытовой,485,0.9977
2026-04-05T04:26:33.390866,3775,0.1↔0.3,0.833,1.0,слова,4,метафорический,486,0.9979
2026-04-05T04:26:33.777545,3782,0.1↔0.3,0.829,30.0,абзацы,2,научный,487,0.9980
2026-04-05T04:26:34.066545,3786,0.1↔0.3,0.816,30.0,абзацы,1,бытовой,488,0.9980
2026-04-05T04:26:34.828913,3800,0.1↔0.3,0.832,100.0,целые тексты,3,,489,0.9976
2026-04-05T04:26:34.993913,3803,0.3↔1.0,0.824,0.1,буквы/слоги,3,,490,0.9978
2026-04-05T04:26:35.068907,3804,0.1↔0.3,0.827,100.0,целые тексты,3,,491,0.9980
2026-04-05T04:26:35.630907,3814,0.1↔0.3,0.829,3.0,словосочетания,1,бытовой,492,0.9979
2026-04-05T04:26:35.999755,3821,0.1↔0.3,0.829,10.0,предложения,2,научный,493,0.9980
2026-04-05T04:26:36.337741,3827,0.3↔1.0,0.820,3.0,словосочетания,4,метафорический,494,0.9980
2026-04-05T04:26:36.557755,3831,0.1↔0.3,0.832,1.0,слова,4,метафорический,495,0.9980
2026-04-05T04:26:38.279451,3862,0.3↔1.0,0.826,0.3,буквы/слоги,2,научный,496,0.9970
2026-04-05T04:26:38.505450,3866,0.1↔0.3,0.823,10.0,предложения,3,,497,0.9972
2026-04-05T04:26:39.591766,3885,0.1↔0.3,0.819,1.0,слова,2,научный,498,0.9968
2026-04-05T04:26:39.964216,3891,0.1↔0.3,0.815,30.0,абзацы,1,бытовой,499,0.9967
2026-04-05T04:26:40.789249,3907,0.3↔1.0,0.829,0.3,буквы/слоги,4,метафорический,500,0.9969
2026-04-05T04:26:41.375249,3918,0.1↔0.3,0.815,1.0,слова,3,,501,0.9971
2026-04-05T04:26:41.608249,3922,0.3↔1.0,0.830,100.0,целые тексты,3,,502,0.9973
2026-04-05T04:26:41.722792,3924,0.3↔1.0,0.825,3.0,словосочетания,1,бытовой,503,0.9975
2026-04-05T04:26:41.927822,3927,0.1↔0.3,0.833,0.3,буквы/слоги,1,бытовой,504,0.9977
2026-04-05T04:26:42.234801,3931,0.1↔0.3,0.837,100.0,целые тексты,1,бытовой,505,0.9976
2026-04-05T04:26:42.431796,3934,0.3↔1.0,0.826,3.0,словосочетания,1,бытовой,506,0.9978
2026-04-05T04:26:43.139798,3947,0.3↔1.0,0.833,3.0,словосочетания,2,научный,507,0.9977
2026-04-05T04:26:43.598827,3955,0.1↔0.3,0.826,3.0,словосочетания,1,бытовой,508,0.9976
2026-04-05T04:26:43.745618,3957,0.1↔0.3,0.813,3.0,словосочетания,2,научный,509,0.9978
2026-04-05T04:26:43.943530,3960,0.3↔1.0,0.834,100.0,целые тексты,1,бытовой,510,0.9977
2026-04-05T04:26:44.134550,3963,0.1↔0.3,0.829,10.0,предложения,1,бытовой,511,0.9979
2026-04-05T04:26:44.757206,3974,0.3↔1.0,0.813,1.0,слова,3,,512,0.9980
2026-04-05T04:26:44.945792,3977,0.1↔0.3,0.819,1.0,слова,1,бытовой,513,0.9980
2026-04-05T04:26:45.093789,3979,0.3↔1.0,0.824,10.0,предложения,1,бытовой,514,0.9980
2026-04-05T04:26:45.278793,3982,0.3↔1.0,0.837,1.0,слова,1,бытовой,515,0.9980
2026-04-05T04:26:45.451783,3985,0.1↔0.3,0.837,3.0,словосочетания,3,,516,0.9980
2026-04-05T04:26:45.834175,3992,0.1↔0.3,0.836,3.0,словосочетания,3,,517,0.9980
2026-04-05T04:26:47.182994,4015,0.3↔1.0,0.837,100.0,целые тексты,2,научный,518,0.9973
2026-04-05T04:26:47.844554,4027,0.3↔1.0,0.829,0.1,буквы/слоги,1,бытовой,519,0.9972
2026-04-05T04:26:49.276125,4053,0.3↔1.0,0.818,0.1,буквы/слоги,2,научный,520,0.9965
2026-04-05T04:26:49.669777,4059,0.1↔0.3,0.817,0.1,буквы/слоги,3,,521,0.9964
2026-04-05T04:26:50.387935,4073,0.1↔0.3,0.817,0.3,буквы/слоги,3,,522,0.9966
2026-04-05T04:26:50.810744,4080,0.3↔1.0,0.834,30.0,абзацы,3,,523,0.9968
2026-04-05T04:26:50.993720,4083,0.1↔0.3,0.817,30.0,абзацы,2,научный,524,0.9967
2026-04-05T04:26:51.545744,4092,0.1↔0.3,0.811,30.0,абзацы,2,научный,525,0.9966
2026-04-05T04:26:52.242346,4103,0.1↔0.3,0.828,1.0,слова,4,метафорический,526,0.9959
2026-04-05T04:26:53.678478,4129,0.3↔1.0,0.819,30.0,абзацы,3,,527,0.9958
2026-04-05T04:26:54.241828,4139,0.3↔1.0,0.837,1.0,слова,1,бытовой,528,0.9960
2026-04-05T04:26:54.741996,4148,0.3↔1.0,0.821,30.0,абзацы,2,научный,529,0.9962
2026-04-05T04:26:55.279340,4157,0.3↔1.0,0.833,0.1,буквы/слоги,1,бытовой,530,0.9961
2026-04-05T04:26:55.515348,4161,0.3↔1.0,0.811,3.0,словосочетания,3,,531,0.9963
2026-04-05T04:26:56.240755,4173,0.3↔1.0,0.811,100.0,целые тексты,3,,532,0.9956
2026-04-05T04:26:56.543781,4178,0.3↔1.0,0.811,10.0,предложения,2,научный,533,0.9958
2026-04-05T04:26:57.083971,4187,0.3↔1.0,0.814,100.0,целые тексты,4,метафорический,534,0.9960
2026-04-05T04:26:57.155945,4188,0.1↔0.3,0.812,1.0,слова,2,научный,535,0.9962
2026-04-05T04:26:58.447170,4210,0.1↔0.3,0.836,100.0,целые тексты,4,метафорический,536,0.9961
2026-04-05T04:26:58.552173,4212,0.1↔0.3,0.809,10.0,предложения,1,бытовой,537,0.9963
2026-04-05T04:26:58.925605,4219,0.1↔0.3,0.829,1.0,слова,3,,538,0.9965
2026-04-05T04:26:59.623605,4231,0.1↔0.3,0.815,0.1,буквы/слоги,1,бытовой,539,0.9964
2026-04-05T04:27:03.053632,4295,0.3↔1.0,0.833,3.0,словосочетания,3,,540,0.9951
2026-04-05T04:27:04.255888,4317,0.1↔0.3,0.834,100.0,целые тексты,2,научный,541,0.9947
2026-04-05T04:27:04.717549,4325,0.3↔1.0,0.809,0.3,буквы/слоги,1,бытовой,542,0.9949
2026-04-05T04:27:05.026360,4330,0.1↔0.3,0.822,30.0,абзацы,2,научный,543,0.9951
2026-04-05T04:27:05.639361,4341,0.3↔1.0,0.817,0.1,буквы/слоги,3,,544,0.9950
2026-04-05T04:27:05.711331,4342,0.1↔0.3,0.819,30.0,абзацы,1,бытовой,545,0.9952
2026-04-05T04:27:05.926601,4346,0.1↔0.3,0.835,100.0,целые тексты,3,,546,0.9954
2026-04-05T04:27:06.666221,4360,0.3↔1.0,0.814,0.1,буквы/слоги,4,метафорический,547,0.9953
2026-04-05T04:27:07.017799,4366,0.3↔1.0,0.829,0.1,буквы/слоги,3,,548,0.9952
2026-04-05T04:27:07.204807,4369,0.1↔0.3,0.822,3.0,словосочетания,3,,549,0.9954
2026-04-05T04:27:07.316800,4371,0.1↔0.3,0.827,1.0,слова,2,научный,550,0.9956
2026-04-05T04:27:07.646808,4376,0.3↔1.0,0.829,10.0,предложения,2,научный,551,0.9958
2026-04-05T04:27:08.145110,4383,0.3↔1.0,0.831,30.0,абзацы,2,научный,552,0.9951
2026-04-05T04:27:08.608135,4390,0.1↔0.3,0.809,10.0,предложения,3,,553,0.9947
2026-04-05T04:27:08.743175,4392,0.3↔1.0,0.816,0.1,буквы/слоги,2,научный,554,0.9949
2026-04-05T04:27:08.878571,4394,0.3↔1.0,0.813,100.0,целые тексты,1,бытовой,555,0.9951
2026-04-05T04:27:09.330591,4402,0.1↔0.3,0.811,3.0,словосочетания,3,,556,0.9950
2026-04-05T04:27:10.453617,4423,0.3↔1.0,0.810,30.0,абзацы,3,,557,0.9952
2026-04-05T04:27:10.735212,4428,0.1↔0.3,0.835,0.3,буквы/слоги,1,бытовой,558,0.9954
2026-04-05T04:27:11.336514,4436,0.1↔0.3,0.828,0.1,буквы/слоги,2,научный,559,0.9956
2026-04-05T04:27:11.501515,4439,0.1↔0.3,0.821,3.0,словосочетания,1,бытовой,560,0.9958
2026-04-05T04:27:11.819760,4445,0.1↔0.3,0.822,10.0,предложения,4,метафорический,561,0.9960
2026-04-05T04:27:11.908762,4446,0.3↔1.0,0.823,100.0,целые тексты,1,бытовой,562,0.9962
2026-04-05T04:27:12.074761,4449,0.1↔0.3,0.819,3.0,словосочетания,1,бытовой,563,0.9964
2026-04-05T04:27:12.469756,4455,0.3↔1.0,0.815,3.0,словосочетания,3,,564,0.9963
2026-04-05T04:27:12.864041,4462,0.3↔1.0,0.838,10.0,предложения,4,метафорический,565,0.9965
2026-04-05T04:27:13.168041,4467,0.1↔0.3,0.824,1.0,слова,1,бытовой,566,0.9967
2026-04-05T04:27:13.593043,4474,0.3↔1.0,0.812,1.0,слова,1,бытовой,567,0.9966
2026-04-05T04:27:14.116373,4483,0.1↔0.3,0.836,0.3,буквы/слоги,2,научный,568,0.9962
2026-04-05T04:27:14.360373,4487,0.1↔0.3,0.810,3.0,словосочетания,3,,569,0.9964
2026-04-05T04:27:14.729019,4494,0.3↔1.0,0.836,0.1,буквы/слоги,4,метафорический,570,0.9966
2026-04-05T04:27:14.908882,4497,0.1↔0.3,0.816,1.0,слова,1,бытовой,571,0.9968
2026-04-05T04:27:14.994882,4498,0.1↔0.3,0.837,30.0,абзацы,2,научный,572,0.9970
2026-04-05T04:27:15.506881,4506,0.1↔0.3,0.813,0.3,буквы/слоги,3,,573,0.9969
2026-04-05T04:27:15.765573,4511,0.3↔1.0,0.827,3.0,словосочетания,3,,574,0.9971
2026-04-05T04:27:16.176572,4519,0.1↔0.3,0.815,3.0,словосочетания,3,,575,0.9973
2026-04-05T04:27:17.457872,4543,0.3↔1.0,0.828,0.3,буквы/слоги,2,научный,576,0.9972
2026-04-05T04:27:17.809145,4549,0.1↔0.3,0.835,100.0,целые тексты,1,бытовой,577,0.9974
2026-04-05T04:27:18.487118,4561,0.1↔0.3,0.812,3.0,словосочетания,2,научный,578,0.9973
2026-04-05T04:27:18.831452,4567,0.3↔1.0,0.809,0.3,буквы/слоги,2,научный,579,0.9975
2026-04-05T04:27:18.991426,4570,0.1↔0.3,0.810,0.3,буквы/слоги,2,научный,580,0.9977
2026-04-05T04:27:19.117423,4572,0.1↔0.3,0.833,30.0,абзацы,3,,581,0.9979
2026-04-05T04:27:19.191423,4573,0.1↔0.3,0.828,1.0,слова,3,,582,0.9980
2026-04-05T04:27:19.405432,4576,0.1↔0.3,0.836,100.0,целые тексты,1,бытовой,583,0.9979
2026-04-05T04:27:19.574429,4577,0.1↔0.3,0.821,3.0,словосочетания,3,,584,0.9980
2026-04-05T04:27:20.122749,4587,0.3↔1.0,0.829,30.0,абзацы,3,,585,0.9980
2026-04-05T04:27:20.914065,4601,0.3↔1.0,0.827,1.0,слова,1,бытовой,586,0.9979
2026-04-05T04:27:21.554065,4611,0.1↔0.3,0.824,30.0,абзацы,4,метафорический,587,0.9980
2026-04-05T04:27:22.115013,4621,0.3↔1.0,0.826,1.0,слова,3,,588,0.9980
2026-04-05T04:27:22.916437,4635,0.1↔0.3,0.818,0.1,буквы/слоги,2,научный,589,0.9980
2026-04-05T04:27:23.861933,4652,0.3↔1.0,0.836,1.0,слова,4,метафорический,590,0.9976
2026-04-05T04:27:24.363908,4661,0.3↔1.0,0.819,0.1,буквы/слоги,3,,591,0.9978
2026-04-05T04:27:24.710933,4666,0.1↔0.3,0.836,1.0,слова,1,бытовой,592,0.9977
2026-04-05T04:27:25.306495,4676,0.1↔0.3,0.823,1.0,слова,3,,593,0.9976
2026-04-05T04:27:26.436829,4697,0.1↔0.3,0.834,0.3,буквы/слоги,1,бытовой,594,0.9975
2026-04-05T04:27:26.798120,4704,0.1↔0.3,0.834,30.0,абзацы,3,,595,0.9977
2026-04-05T04:27:27.031119,4708,0.3↔1.0,0.819,0.3,буквы/слоги,1,бытовой,596,0.9979
2026-04-05T04:27:27.090096,4709,0.1↔0.3,0.820,10.0,предложения,1,бытовой,597,0.9980
2026-04-05T04:27:27.556120,4718,0.1↔0.3,0.831,0.3,буквы/слоги,4,метафорический,598,0.9980
2026-04-05T04:27:28.244604,4730,0.1↔0.3,0.829,1.0,слова,3,,599,0.9980
2026-04-05T04:27:28.381575,4732,0.1↔0.3,0.836,30.0,абзацы,1,бытовой,600,0.9980
2026-04-05T04:27:29.652775,4754,0.3↔1.0,0.821,10.0,предложения,2,научный,601,0.9976
2026-04-05T04:27:29.926995,4759,0.1↔0.3,0.826,1.0,слова,2,научный,602,0.9978
2026-04-05T04:27:30.676646,4773,0.3↔1.0,0.837,1.0,слова,3,,603,0.9977
2026-04-05T04:27:31.307245,4785,0.1↔0.3,0.821,3.0,словосочетания,2,научный,604,0.9979
2026-04-05T04:27:32.181214,4799,0.3↔1.0,0.828,10.0,предложения,3,,605,0.9972
2026-04-05T04:27:32.577236,4806,0.1↔0.3,0.834,3.0,словосочетания,2,научный,606,0.9974
2026-04-05T04:27:33.887606,4829,0.1↔0.3,0.829,10.0,предложения,3,,607,0.9973
2026-04-05T04:27:34.875061,4847,0.1↔0.3,0.813,0.3,буквы/слоги,3,,608,0.9972
2026-04-05T04:27:35.885509,4865,0.1↔0.3,0.827,0.3,буквы/слоги,2,научный,609,0.9968
2026-04-05T04:27:36.266509,4872,0.3↔1.0,0.837,30.0,абзацы,1,бытовой,610,0.9970
2026-04-05T04:27:36.490509,4876,0.3↔1.0,0.822,0.1,буквы/слоги,2,научный,611,0.9972
2026-04-05T04:27:36.576486,4877,0.1↔0.3,0.821,100.0,целые тексты,1,бытовой,612,0.9974
2026-04-05T04:27:36.796752,4881,0.1↔0.3,0.816,10.0,предложения,1,бытовой,613,0.9976
2026-04-05T04:27:37.168723,4887,0.3↔1.0,0.816,10.0,предложения,1,бытовой,614,0.9972
2026-04-05T04:27:37.663396,4894,0.1↔0.3,0.820,3.0,словосочетания,3,,615,0.9971
2026-04-05T04:27:38.609997,4912,0.3↔1.0,0.828,10.0,предложения,1,бытовой,616,0.9973
2026-04-05T04:27:39.107370,4920,0.1↔0.3,0.823,30.0,абзацы,1,бытовой,617,0.9975
2026-04-05T04:27:39.447369,4925,0.1↔0.3,0.835,100.0,целые тексты,2,научный,618,0.9974
2026-04-05T04:27:39.908003,4933,0.1↔0.3,0.813,100.0,целые тексты,3,,619,0.9970
2026-04-05T04:27:41.242021,4958,0.1↔0.3,0.827,0.3,буквы/слоги,1,бытовой,620,0.9966
2026-04-05T04:27:41.614001,4965,0.1↔0.3,0.818,0.1,буквы/слоги,4,метафорический,621,0.9968
2026-04-05T04:27:41.802290,4968,0.3↔1.0,0.828,30.0,абзацы,1,бытовой,622,0.9970
2026-04-05T04:27:42.356284,4978,0.3↔1.0,0.809,0.1,буквы/слоги,3,,623,0.9966
2026-04-05T04:27:44.509257,5019,0.3↔1.0,0.823,3.0,словосочетания,1,бытовой,624,0.9959
2026-04-05T04:27:45.339019,5034,0.3↔1.0,0.809,1.0,слова,1,бытовой,625,0.9958
2026-04-05T04:27:45.471017,5036,0.3↔1.0,0.826,0.3,буквы/слоги,1,бытовой,626,0.9957
2026-04-05T04:27:46.319227,5050,0.1↔0.3,0.832,100.0,целые тексты,3,,627,0.9950
2026-04-05T04:27:46.482208,5053,0.1↔0.3,0.808,3.0,словосочетания,2,научный,628,0.9952
2026-04-05T04:27:47.453458,5071,0.1↔0.3,0.809,30.0,абзацы,1,бытовой,629,0.9948
2026-04-05T04:27:48.508774,5090,0.1↔0.3,0.827,10.0,предложения,1,бытовой,630,0.9947
2026-04-05T04:27:48.855325,5096,0.3↔1.0,0.830,0.3,буквы/слоги,1,бытовой,631,0.9946
2026-04-05T04:27:48.925325,5097,0.1↔0.3,0.815,3.0,словосочетания,3,,632,0.9948
2026-04-05T04:27:49.112334,5100,0.1↔0.3,0.830,0.3,буквы/слоги,1,бытовой,633,0.9950
2026-04-05T04:27:49.496328,5107,0.1↔0.3,0.832,0.3,буквы/слоги,1,бытовой,634,0.9952
2026-04-05T04:27:49.627328,5109,0.1↔0.3,0.818,1.0,слова,2,научный,635,0.9954
2026-04-05T04:27:50.007126,5115,0.1↔0.3,0.824,0.3,буквы/слоги,3,,636,0.9950
2026-04-05T04:27:50.110131,5116,0.1↔0.3,0.830,1.0,слова,2,научный,637,0.9952
2026-04-05T04:27:50.245126,5118,0.1↔0.3,0.829,0.3,буквы/слоги,2,научный,638,0.9954
2026-04-05T04:27:51.156442,5134,0.1↔0.3,0.809,30.0,абзацы,2,научный,639,0.9953
2026-04-05T04:27:52.022746,5150,0.1↔0.3,0.821,1.0,слова,4,метафорический,640,0.9952
2026-04-05T04:27:52.896684,5165,0.3↔1.0,0.835,0.1,буквы/слоги,3,,641,0.9951
2026-04-05T04:27:53.125684,5169,0.1↔0.3,0.814,0.1,буквы/слоги,4,метафорический,642,0.9953
2026-04-05T04:27:53.362666,5173,0.1↔0.3,0.816,3.0,словосочетания,2,научный,643,0.9955
2026-04-05T04:27:53.442662,5174,0.1↔0.3,0.829,10.0,предложения,4,метафорический,644,0.9957
2026-04-05T04:27:54.443877,5192,0.1↔0.3,0.817,0.1,буквы/слоги,1,бытовой,645,0.9950
2026-04-05T04:27:54.507855,5193,0.1↔0.3,0.824,0.1,буквы/слоги,1,бытовой,646,0.9952
2026-04-05T04:27:55.145155,5205,0.3↔1.0,0.819,100.0,целые тексты,2,научный,647,0.9954
2026-04-05T04:27:55.721168,5216,0.3↔1.0,0.835,100.0,целые тексты,3,,648,0.9956
2026-04-05T04:27:56.503106,5230,0.3↔1.0,0.822,1.0,слова,3,,649,0.9955
2026-04-05T04:27:56.692756,5233,0.1↔0.3,0.825,0.3,буквы/слоги,3,,650,0.9954
2026-04-05T04:27:57.641255,5250,0.3↔1.0,0.828,3.0,словосочетания,1,бытовой,651,0.9953
2026-04-05T04:27:57.781387,5252,0.1↔0.3,0.824,0.1,буквы/слоги,2,научный,652,0.9955
2026-04-05T04:27:57.920387,5254,0.3↔1.0,0.826,1.0,слова,3,,653,0.9957
2026-04-05T04:27:59.115547,5275,0.1↔0.3,0.831,1.0,слова,1,бытовой,654,0.9947
2026-04-05T04:27:59.324571,5279,0.1↔0.3,0.820,0.1,буквы/слоги,1,бытовой,655,0.9949
2026-04-05T04:27:59.812864,5288,0.3↔1.0,0.814,30.0,абзацы,1,бытовой,656,0.9948
2026-04-05T04:28:00.208891,5295,0.1↔0.3,0.812,100.0,целые тексты,2,научный,657,0.9950
2026-04-05T04:28:00.435871,5299,0.3↔1.0,0.833,30.0,абзацы,3,,658,0.9952
2026-04-05T04:28:00.568862,5301,0.3↔1.0,0.824,100.0,целые тексты,1,бытовой,659,0.9954
2026-04-05T04:28:01.656790,5321,0.1↔0.3,0.813,0.3,буквы/слоги,2,научный,660,0.9953
2026-04-05T04:28:01.834516,5324,0.1↔0.3,0.830,1.0,слова,2,научный,661,0.9955
2026-04-05T04:28:02.446535,5335,0.3↔1.0,0.821,30.0,абзацы,1,бытовой,662,0.9954
2026-04-05T04:28:02.726507,5340,0.3↔1.0,0.837,0.3,буквы/слоги,4,метафорический,663,0.9953
2026-04-05T04:28:02.851152,5342,0.1↔0.3,0.811,10.0,предложения,3,,664,0.9955
2026-04-05T04:28:02.961123,5344,0.1↔0.3,0.809,100.0,целые тексты,3,,665,0.9957
2026-04-05T04:28:03.624151,5355,0.3↔1.0,0.828,1.0,слова,1,бытовой,666,0.9956
2026-04-05T04:28:04.270201,5367,0.3↔1.0,0.831,1.0,слова,2,научный,667,0.9955
2026-04-05T04:28:04.645195,5374,0.1↔0.3,0.826,30.0,абзацы,2,научный,668,0.9957
2026-04-05T04:28:05.208193,5384,0.1↔0.3,0.811,0.3,буквы/слоги,4,метафорический,669,0.9956
2026-04-05T04:28:06.422552,5407,0.1↔0.3,0.812,10.0,предложения,2,научный,670,0.9955
2026-04-05T04:28:06.976158,5416,0.3↔1.0,0.823,10.0,предложения,3,,671,0.9951
2026-04-05T04:28:07.308182,5421,0.3↔1.0,0.833,0.3,буквы/слоги,1,бытовой,672,0.9953
2026-04-05T04:28:07.880790,5432,0.1↔0.3,0.827,0.1,буквы/слоги,1,бытовой,673,0.9955
2026-04-05T04:28:08.087815,5435,0.3↔1.0,0.819,3.0,словосочетания,1,бытовой,674,0.9957
2026-04-05T04:28:08.209787,5437,0.1↔0.3,0.825,0.1,буквы/слоги,2,научный,675,0.9959
2026-04-05T04:28:08.666522,5445,0.1↔0.3,0.824,3.0,словосочетания,2,научный,676,0.9961
2026-04-05T04:28:09.018132,5451,0.1↔0.3,0.810,100.0,целые тексты,1,бытовой,677,0.9963
2026-04-05T04:28:09.860028,5466,0.1↔0.3,0.813,10.0,предложения,3,,678,0.9959
2026-04-05T04:28:10.008999,5468,0.3↔1.0,0.820,0.1,буквы/слоги,2,научный,679,0.9961
2026-04-05T04:28:10.222999,5471,0.1↔0.3,0.838,30.0,абзацы,3,,680,0.9960
2026-04-05T04:28:10.768318,5481,0.1↔0.3,0.836,100.0,целые тексты,4,метафорический,681,0.9962
2026-04-05T04:28:11.003344,5484,0.3↔1.0,0.817,0.1,буквы/слоги,3,,682,0.9964
2026-04-05T04:28:11.211344,5487,0.1↔0.3,0.822,0.3,буквы/слоги,3,,683,0.9966
2026-04-05T04:28:11.960719,5501,0.1↔0.3,0.837,3.0,словосочетания,4,метафорический,684,0.9968
2026-04-05T04:28:12.102719,5503,0.3↔1.0,0.816,3.0,словосочетания,2,научный,685,0.9970
2026-04-05T04:28:12.470699,5510,0.3↔1.0,0.818,10.0,предложения,1,бытовой,686,0.9969
2026-04-05T04:28:12.982017,5519,0.1↔0.3,0.817,100.0,целые тексты,2,научный,687,0.9971
2026-04-05T04:28:13.920747,5535,0.1↔0.3,0.822,1.0,слова,3,,688,0.9964
2026-04-05T04:28:14.440747,5545,0.3↔1.0,0.833,10.0,предложения,3,,689,0.9966
2026-04-05T04:28:14.622747,5547,0.1↔0.3,0.829,10.0,предложения,4,метафорический,690,0.9968
2026-04-05T04:28:15.051447,5555,0.1↔0.3,0.825,100.0,целые тексты,4,метафорический,691,0.9970
2026-04-05T04:28:15.720681,5564,0.3↔1.0,0.836,10.0,предложения,2,научный,692,0.9969
2026-04-05T04:28:16.035238,5569,0.3↔1.0,0.820,1.0,слова,4,метафорический,693,0.9968
2026-04-05T04:28:16.564242,5579,0.1↔0.3,0.818,3.0,словосочетания,2,научный,694,0.9970
2026-04-05T04:28:17.337251,5592,0.3↔1.0,0.830,30.0,абзацы,2,научный,695,0.9969
2026-04-05T04:28:17.486255,5594,0.3↔1.0,0.816,100.0,целые тексты,3,,696,0.9971
2026-04-05T04:28:17.538248,5595,0.1↔0.3,0.813,0.3,буквы/слоги,3,,697,0.9973
2026-04-05T04:28:17.856471,5598,0.1↔0.3,0.813,0.1,буквы/слоги,2,научный,698,0.9975
2026-04-05T04:28:18.253443,5604,0.3↔1.0,0.836,30.0,абзацы,3,,699,0.9971
2026-04-05T04:28:18.926594,5615,0.3↔1.0,0.820,3.0,словосочетания,2,научный,700,0.9970
2026-04-05T04:28:19.677011,5629,0.1↔0.3,0.811,0.1,буквы/слоги,3,,701,0.9972
2026-04-05T04:28:19.825576,5631,0.1↔0.3,0.824,0.3,буквы/слоги,2,научный,702,0.9974
2026-04-05T04:28:19.899554,5632,0.3↔1.0,0.811,3.0,словосочетания,3,,703,0.9976
2026-04-05T04:28:20.111550,5635,0.1↔0.3,0.818,3.0,словосочетания,1,бытовой,704,0.9978
2026-04-05T04:28:20.994094,5651,0.1↔0.3,0.822,0.1,буквы/слоги,3,,705,0.9971
2026-04-05T04:28:21.721538,5663,0.1↔0.3,0.822,0.3,буквы/слоги,2,научный,706,0.9967
2026-04-05T04:28:22.558835,5678,0.1↔0.3,0.834,3.0,словосочетания,3,,707,0.9963
2026-04-05T04:28:23.493901,5693,0.3↔1.0,0.819,30.0,абзацы,2,научный,708,0.9956
2026-04-05T04:28:23.549878,5694,0.1↔0.3,0.823,1.0,слова,1,бытовой,709,0.9958
2026-04-05T04:28:23.901385,5699,0.3↔1.0,0.826,10.0,предложения,3,,710,0.9957
2026-04-05T04:28:24.293405,5706,0.1↔0.3,0.812,30.0,абзацы,2,научный,711,0.9956
2026-04-05T04:28:24.410376,5708,0.1↔0.3,0.838,10.0,предложения,3,,712,0.9958
2026-04-05T04:28:24.895720,5717,0.3↔1.0,0.825,1.0,слова,2,научный,713,0.9960
2026-04-05T04:28:26.013588,5738,0.1↔0.3,0.836,1.0,слова,2,научный,714,0.9962
2026-04-05T04:28:26.140559,5740,0.1↔0.3,0.825,3.0,словосочетания,2,научный,715,0.9964
2026-04-05T04:28:26.514587,5746,0.3↔1.0,0.833,30.0,абзацы,3,,716,0.9966
2026-04-05T04:28:27.501803,5764,0.1↔0.3,0.816,0.1,буквы/слоги,4,метафорический,717,0.9965
2026-04-05T04:28:29.428016,5799,0.1↔0.3,0.811,10.0,предложения,2,научный,718,0.9955
2026-04-05T04:28:30.206300,5813,0.1↔0.3,0.824,3.0,словосочетания,2,научный,719,0.9954
2026-04-05T04:28:30.498299,5818,0.3↔1.0,0.811,0.3,буквы/слоги,1,бытовой,720,0.9956
2026-04-05T04:28:30.918971,5826,0.1↔0.3,0.835,1.0,слова,1,бытовой,721,0.9958
2026-04-05T04:28:31.035943,5828,0.1↔0.3,0.821,0.1,буквы/слоги,2,научный,722,0.9960
2026-04-05T04:28:31.713606,5839,0.1↔0.3,0.826,0.1,буквы/слоги,3,,723,0.9959
2026-04-05T04:28:32.818978,5859,0.1↔0.3,0.817,100.0,целые тексты,3,,724,0.9961
2026-04-05T04:28:33.305977,5868,0.1↔0.3,0.827,3.0,словосочетания,2,научный,725,0.9963
2026-04-05T04:28:33.388954,5869,0.3↔1.0,0.826,3.0,словосочетания,1,бытовой,726,0.9965
2026-04-05T04:28:33.441949,5870,0.3↔1.0,0.825,30.0,абзацы,4,метафорический,727,0.9967
2026-04-05T04:28:33.954289,5879,0.1↔0.3,0.832,3.0,словосочетания,2,научный,728,0.9969
2026-04-05T04:28:34.329262,5886,0.1↔0.3,0.837,30.0,абзацы,2,научный,729,0.9971
2026-04-05T04:28:34.738939,5893,0.1↔0.3,0.831,0.1,буквы/слоги,4,метафорический,730,0.9973
2026-04-05T04:28:34.986761,5896,0.1↔0.3,0.814,100.0,целые тексты,3,,731,0.9975
2026-04-05T04:28:35.372738,5903,0.1↔0.3,0.833,100.0,целые тексты,1,бытовой,732,0.9974
2026-04-05T04:28:35.556761,5906,0.3↔1.0,0.819,0.1,буквы/слоги,4,метафорический,733,0.9976
2026-04-05T04:28:35.951417,5913,0.1↔0.3,0.815,0.1,буквы/слоги,2,научный,734,0.9972
2026-04-05T04:28:36.312446,5919,0.3↔1.0,0.838,10.0,предложения,3,,735,0.9971
2026-04-05T04:28:36.817818,5927,0.1↔0.3,0.833,3.0,словосочетания,4,метафорический,736,0.9970
2026-04-05T04:28:36.972800,5930,0.1↔0.3,0.825,1.0,слова,3,,737,0.9972
2026-04-05T04:28:37.199819,5934,0.3↔1.0,0.821,100.0,целые тексты,4,метафорический,738,0.9974
2026-04-05T04:28:37.383796,5936,0.3↔1.0,0.838,0.1,буквы/слоги,2,научный,739,0.9976
2026-04-05T04:28:37.819090,5943,0.3↔1.0,0.812,30.0,абзацы,1,бытовой,740,0.9975
2026-04-05T04:28:37.985096,5945,0.3↔1.0,0.830,3.0,словосочетания,2,научный,741,0.9977
2026-04-05T04:28:39.168382,5967,0.1↔0.3,0.820,1.0,слова,2,научный,742,0.9973
2026-04-05T04:28:39.284382,5969,0.1↔0.3,0.829,100.0,целые тексты,3,,743,0.9975
2026-04-05T04:28:39.510382,5973,0.1↔0.3,0.829,100.0,целые тексты,4,метафорический,744,0.9977
2026-04-05T04:28:39.663359,5975,0.3↔1.0,0.809,10.0,предложения,3,,745,0.9979
2026-04-05T04:28:39.934925,5979,0.3↔1.0,0.814,0.1,буквы/слоги,3,,746,0.9980
2026-04-05T04:28:40.330899,5986,0.1↔0.3,0.818,0.1,буквы/слоги,2,научный,747,0.9980
2026-04-05T04:28:40.717247,5993,0.3↔1.0,0.835,100.0,целые тексты,1,бытовой,748,0.9979
2026-04-05T04:28:40.794712,5994,0.3↔1.0,0.821,10.0,предложения,2,научный,749,0.9980
2026-04-05T04:28:41.759387,6011,0.3↔1.0,0.831,3.0,словосочетания,1,бытовой,750,0.9976
2026-04-05T04:28:41.822362,6012,0.3↔1.0,0.813,0.3,буквы/слоги,1,бытовой,751,0.9978
2026-04-05T04:28:42.389367,6021,0.1↔0.3,0.820,3.0,словосочетания,3,,752,0.9977
2026-04-05T04:28:43.578632,6041,0.3↔1.0,0.818,10.0,предложения,4,метафорический,753,0.9970
2026-04-05T04:28:44.251351,6053,0.1↔0.3,0.814,0.3,буквы/слоги,3,,754,0.9972
2026-04-05T04:28:44.879737,6064,0.3↔1.0,0.830,3.0,словосочетания,2,научный,755,0.9974
2026-04-05T04:28:45.514738,6075,0.3↔1.0,0.834,30.0,абзацы,4,метафорический,756,0.9973
2026-04-05T04:28:45.584736,6076,0.1↔0.3,0.831,1.0,слова,3,,757,0.9975
2026-04-05T04:28:46.257340,6086,0.3↔1.0,0.827,10.0,предложения,4,метафорический,758,0.9971
2026-04-05T04:28:46.988516,6098,0.3↔1.0,0.818,0.3,буквы/слоги,2,научный,759,0.9967
2026-04-05T04:28:47.189511,6101,0.1↔0.3,0.813,30.0,абзацы,2,научный,760,0.9966
2026-04-05T04:28:47.333508,6103,0.3↔1.0,0.824,100.0,целые тексты,2,научный,761,0.9968
2026-04-05T04:28:47.518515,6106,0.3↔1.0,0.822,1.0,слова,3,,762,0.9970
2026-04-05T04:28:47.720436,6109,0.3↔1.0,0.813,0.3,буквы/слоги,2,научный,763,0.9972
2026-04-05T04:28:47.931169,6112,0.1↔0.3,0.820,100.0,целые тексты,1,бытовой,764,0.9974
2026-04-05T04:28:48.465175,6121,0.1↔0.3,0.825,0.3,буквы/слоги,3,,765,0.9973
2026-04-05T04:28:49.518464,6140,0.1↔0.3,0.816,0.1,буквы/слоги,3,,766,0.9969
2026-04-05T04:28:49.590442,6141,0.1↔0.3,0.837,0.1,буквы/слоги,3,,767,0.9971
2026-04-05T04:28:49.948588,6147,0.1↔0.3,0.815,100.0,целые тексты,2,научный,768,0.9973
2026-04-05T04:28:50.245568,6152,0.3↔1.0,0.820,30.0,абзацы,4,метафорический,769,0.9975
2026-04-05T04:28:50.368562,6154,0.3↔1.0,0.830,10.0,предложения,4,метафорический,770,0.9977
2026-04-05T04:28:50.727815,6158,0.1↔0.3,0.830,0.3,буквы/слоги,1,бытовой,771,0.9979
2026-04-05T04:28:50.785439,6159,0.3↔1.0,0.828,1.0,слова,3,,772,0.9980
2026-04-05T04:28:50.996462,6163,0.1↔0.3,0.821,0.3,буквы/слоги,3,,773,0.9980
2026-04-05T04:28:51.248442,6167,0.1↔0.3,0.813,10.0,предложения,4,метафорический,774,0.9980
2026-04-05T04:28:52.066673,6179,0.3↔1.0,0.822,100.0,целые тексты,1,бытовой,775,0.9973
2026-04-05T04:28:52.334679,6183,0.1↔0.3,0.810,3.0,словосочетания,2,научный,776,0.9972
2026-04-05T04:28:52.441682,6185,0.1↔0.3,0.823,0.3,буквы/слоги,2,научный,777,0.9974
2026-04-05T04:28:52.713350,6190,0.3↔1.0,0.822,1.0,слова,2,научный,778,0.9976
2026-04-05T04:28:52.778707,6191,0.3↔1.0,0.816,0.3,буквы/слоги,1,бытовой,779,0.9978
2026-04-05T04:28:53.579703,6205,0.3↔1.0,0.812,0.3,буквы/слоги,4,метафорический,780,0.9974
2026-04-05T04:28:53.790923,6209,0.1↔0.3,0.820,100.0,целые тексты,1,бытовой,781,0.9976
2026-04-05T04:28:54.334899,6217,0.1↔0.3,0.823,100.0,целые тексты,3,,782,0.9972
2026-04-05T04:28:55.445608,6238,0.1↔0.3,0.820,3.0,словосочетания,3,,783,0.9974
2026-04-05T04:28:55.695222,6242,0.3↔1.0,0.824,30.0,абзацы,1,бытовой,784,0.9973
2026-04-05T04:28:56.167408,6251,0.1↔0.3,0.815,0.3,буквы/слоги,4,метафорический,785,0.9975
2026-04-05T04:28:56.282384,6253,0.1↔0.3,0.829,100.0,целые тексты,1,бытовой,786,0.9977
2026-04-05T04:28:56.518409,6257,0.1↔0.3,0.813,0.1,буквы/слоги,2,научный,787,0.9979
2026-04-05T04:28:57.440716,6273,0.1↔0.3,0.828,10.0,предложения,1,бытовой,788,0.9975
2026-04-05T04:28:57.917293,6282,0.3↔1.0,0.810,1.0,слова,4,метафорический,789,0.9977
2026-04-05T04:28:57.984294,6283,0.1↔0.3,0.812,3.0,словосочетания,2,научный,790,0.9979
2026-04-05T04:28:58.084293,6284,0.3↔1.0,0.816,3.0,словосочетания,3,,791,0.9980
2026-04-05T04:28:58.788319,6296,0.3↔1.0,0.831,30.0,абзацы,2,научный,792,0.9979
2026-04-05T04:28:59.437030,6307,0.1↔0.3,0.829,3.0,словосочетания,3,,793,0.9978
2026-04-05T04:28:59.810314,6313,0.1↔0.3,0.835,3.0,словосочетания,4,метафорический,794,0.9974
2026-04-05T04:29:00.168333,6319,0.3↔1.0,0.835,0.1,буквы/слоги,3,,795,0.9976
2026-04-05T04:29:00.369334,6322,0.3↔1.0,0.825,10.0,предложения,3,,796,0.9978
2026-04-05T04:29:00.473305,6324,0.3↔1.0,0.836,100.0,целые тексты,1,бытовой,797,0.9980
2026-04-05T04:29:00.685918,6327,0.1↔0.3,0.821,0.1,буквы/слоги,1,бытовой,798,0.9980
2026-04-05T04:29:01.019570,6333,0.3↔1.0,0.833,0.1,буквы/слоги,3,,799,0.9980
2026-04-05T04:29:01.136541,6335,0.3↔1.0,0.809,100.0,целые тексты,3,,800,0.9980
2026-04-05T04:29:01.458543,6340,0.1↔0.3,0.819,10.0,предложения,3,,801,0.9979
2026-04-05T04:29:01.664570,6344,0.1↔0.3,0.821,1.0,слова,2,научный,802,0.9980
2026-04-05T04:29:01.791827,6346,0.3↔1.0,0.835,10.0,предложения,3,,803,0.9980
2026-04-05T04:29:03.109214,6370,0.3↔1.0,0.837,0.1,буквы/слоги,1,бытовой,804,0.9979
2026-04-05T04:29:03.496214,6375,0.3↔1.0,0.827,3.0,словосочетания,1,бытовой,805,0.9980
2026-04-05T04:29:03.886854,6381,0.3↔1.0,0.825,3.0,словосочетания,1,бытовой,806,0.9976
2026-04-05T04:29:04.116877,6385,0.1↔0.3,0.829,1.0,слова,1,бытовой,807,0.9978
2026-04-05T04:29:04.387877,6390,0.1↔0.3,0.833,0.3,буквы/слоги,1,бытовой,808,0.9980
2026-04-05T04:29:05.455240,6409,0.3↔1.0,0.819,0.1,буквы/слоги,3,,809,0.9973
2026-04-05T04:29:06.271562,6425,0.3↔1.0,0.810,0.3,буквы/слоги,3,,810,0.9975
2026-04-05T04:29:07.344831,6445,0.3↔1.0,0.828,0.3,буквы/слоги,3,,811,0.9974
2026-04-05T04:29:07.430807,6446,0.3↔1.0,0.829,100.0,целые тексты,2,научный,812,0.9976
2026-04-05T04:29:07.847083,6454,0.1↔0.3,0.818,30.0,абзацы,4,метафорический,813,0.9978
2026-04-05T04:29:08.109083,6459,0.1↔0.3,0.818,3.0,словосочетания,3,,814,0.9980
2026-04-05T04:29:08.428064,6464,0.1↔0.3,0.829,10.0,предложения,2,научный,815,0.9979
2026-04-05T04:29:09.261732,6479,0.3↔1.0,0.823,30.0,абзацы,1,бытовой,816,0.9980
2026-04-05T04:29:09.588712,6485,0.1↔0.3,0.813,3.0,словосочетания,3,,817,0.9976
2026-04-05T04:29:10.059906,6494,0.1↔0.3,0.811,0.1,буквы/слоги,1,бытовой,818,0.9978
2026-04-05T04:29:10.573901,6502,0.3↔1.0,0.836,30.0,абзацы,2,научный,819,0.9977
2026-04-05T04:29:10.880159,6508,0.3↔1.0,0.834,3.0,словосочетания,4,метафорический,820,0.9979
2026-04-05T04:29:11.058156,6510,0.1↔0.3,0.828,30.0,абзацы,4,метафорический,821,0.9980
2026-04-05T04:29:11.599185,6520,0.1↔0.3,0.808,1.0,слова,1,бытовой,822,0.9980
2026-04-05T04:29:12.410047,6534,0.1↔0.3,0.819,100.0,целые тексты,1,бытовой,823,0.9979
2026-04-05T04:29:13.089131,6545,0.3↔1.0,0.832,30.0,абзацы,1,бытовой,824,0.9972
2026-04-05T04:29:13.378160,6549,0.1↔0.3,0.809,0.3,буквы/слоги,3,,825,0.9971
2026-04-05T04:29:13.745807,6555,0.1↔0.3,0.821,100.0,целые тексты,1,бытовой,826,0.9973
2026-04-05T04:29:14.026760,6560,0.1↔0.3,0.832,0.3,буквы/слоги,2,научный,827,0.9975
2026-04-05T04:29:14.320764,6565,0.3↔1.0,0.820,10.0,предложения,3,,828,0.9974
2026-04-05T04:29:14.668632,6571,0.1↔0.3,0.834,3.0,словосочетания,2,научный,829,0.9976
2026-04-05T04:29:15.311042,6582,0.3↔1.0,0.822,100.0,целые тексты,2,научный,830,0.9978
2026-04-05T04:29:15.517041,6586,0.1↔0.3,0.836,10.0,предложения,1,бытовой,831,0.9980
2026-04-05T04:29:15.952618,6594,0.1↔0.3,0.811,30.0,абзацы,3,,832,0.9979
2026-04-05T04:29:16.075608,6596,0.1↔0.3,0.813,0.1,буквы/слоги,3,,833,0.9980
2026-04-05T04:29:16.317637,6600,0.1↔0.3,0.810,3.0,словосочетания,1,бытовой,834,0.9980
2026-04-05T04:29:16.387609,6601,0.3↔1.0,0.811,10.0,предложения,2,научный,835,0.9980
2026-04-05T04:29:17.833754,6624,0.3↔1.0,0.825,0.1,буквы/слоги,1,бытовой,836,0.9967
2026-04-05T04:29:18.061777,6628,0.1↔0.3,0.826,30.0,абзацы,3,,837,0.9969
2026-04-05T04:29:18.501778,6636,0.1↔0.3,0.819,1.0,слова,3,,838,0.9971
2026-04-05T04:29:18.733693,6639,0.3↔1.0,0.809,100.0,целые тексты,2,научный,839,0.9973
2026-04-05T04:29:18.993405,6643,0.3↔1.0,0.824,100.0,целые тексты,2,научный,840,0.9972
2026-04-05T04:29:20.185730,6664,0.1↔0.3,0.810,3.0,словосочетания,3,,841,0.9965
2026-04-05T04:29:20.546704,6671,0.1↔0.3,0.821,0.3,буквы/слоги,1,бытовой,842,0.9967
2026-04-05T04:29:20.769594,6675,0.3↔1.0,0.825,1.0,слова,3,,843,0.9969
2026-04-05T04:29:21.033590,6679,0.3↔1.0,0.826,0.3,буквы/слоги,1,бытовой,844,0.9968
2026-04-05T04:29:21.488614,6687,0.3↔1.0,0.821,0.3,буквы/слоги,1,бытовой,845,0.9970
2026-04-05T04:29:22.112890,6698,0.3↔1.0,0.817,0.3,буквы/слоги,1,бытовой,846,0.9972
2026-04-05T04:29:22.583891,6706,0.1↔0.3,0.831,30.0,абзацы,1,бытовой,847,0.9974
2026-04-05T04:29:23.717025,6726,0.1↔0.3,0.821,10.0,предложения,2,научный,848,0.9964
2026-04-05T04:29:23.796608,6727,0.1↔0.3,0.827,0.3,буквы/слоги,2,научный,849,0.9966
2026-04-05T04:29:24.210611,6734,0.3↔1.0,0.815,0.3,буквы/слоги,2,научный,850,0.9965
2026-04-05T04:29:25.227285,6752,0.1↔0.3,0.834,3.0,словосочетания,3,,851,0.9961
2026-04-05T04:29:27.028857,6784,0.3↔1.0,0.828,0.1,буквы/слоги,3,,852,0.9954
2026-04-05T04:29:27.260881,6788,0.1↔0.3,0.833,10.0,предложения,4,метафорический,853,0.9956
2026-04-05T04:29:27.414861,6791,0.1↔0.3,0.833,30.0,абзацы,1,бытовой,854,0.9958
2026-04-05T04:29:27.465851,6792,0.1↔0.3,0.816,1.0,слова,1,бытовой,855,0.9960
2026-04-05T04:29:27.758527,6797,0.3↔1.0,0.813,10.0,предложения,4,метафорический,856,0.9962
2026-04-05T04:29:28.262606,6806,0.1↔0.3,0.823,30.0,абзацы,2,научный,857,0.9961
2026-04-05T04:29:28.457607,6809,0.1↔0.3,0.826,1.0,слова,2,научный,858,0.9963
2026-04-05T04:29:28.737464,6814,0.1↔0.3,0.836,100.0,целые тексты,3,,859,0.9962
2026-04-05T04:29:29.303423,6824,0.3↔1.0,0.828,0.1,буквы/слоги,2,научный,860,0.9961
2026-04-05T04:29:30.082781,6839,0.3↔1.0,0.818,3.0,словосочетания,4,метафорический,861,0.9963
2026-04-05T04:29:30.374781,6844,0.1↔0.3,0.808,10.0,предложения,2,научный,862,0.9965
2026-04-05T04:29:30.590781,6848,0.1↔0.3,0.825,0.3,буквы/слоги,3,,863,0.9967
2026-04-05T04:29:31.585440,6867,0.1↔0.3,0.834,30.0,абзацы,4,метафорический,864,0.9963
2026-04-05T04:29:32.607702,6884,0.3↔1.0,0.816,3.0,словосочетания,4,метафорический,865,0.9959
2026-04-05T04:29:32.973910,6890,0.3↔1.0,0.815,10.0,предложения,4,метафорический,866,0.9958
2026-04-05T04:29:33.144886,6893,0.1↔0.3,0.827,30.0,абзацы,3,,867,0.9960
2026-04-05T04:29:33.204887,6894,0.1↔0.3,0.825,1.0,слова,2,научный,868,0.9962
2026-04-05T04:29:33.422910,6898,0.1↔0.3,0.814,100.0,целые тексты,1,бытовой,869,0.9964
2026-04-05T04:29:33.573882,6900,0.1↔0.3,0.812,10.0,предложения,1,бытовой,870,0.9966
2026-04-05T04:29:33.635882,6901,0.1↔0.3,0.826,0.3,буквы/слоги,2,научный,871,0.9968
2026-04-05T04:29:34.011067,6908,0.3↔1.0,0.835,1.0,слова,1,бытовой,872,0.9970
2026-04-05T04:29:34.220067,6912,0.1↔0.3,0.832,100.0,целые тексты,2,научный,873,0.9972
2026-04-05T04:29:34.823690,6923,0.3↔1.0,0.816,100.0,целые тексты,2,научный,874,0.9971
2026-04-05T04:29:34.983671,6926,0.3↔1.0,0.824,0.3,буквы/слоги,1,бытовой,875,0.9973
2026-04-05T04:29:35.056666,6927,0.3↔1.0,0.817,3.0,словосочетания,3,,876,0.9975
2026-04-05T04:29:35.543667,6935,0.1↔0.3,0.812,3.0,словосочетания,4,метафорический,877,0.9974
2026-04-05T04:29:36.729334,6957,0.3↔1.0,0.824,10.0,предложения,3,,878,0.9970
2026-04-05T04:29:36.971205,6961,0.3↔1.0,0.811,30.0,абзацы,1,бытовой,879,0.9972
2026-04-05T04:29:37.295205,6967,0.1↔0.3,0.818,1.0,слова,1,бытовой,880,0.9974
2026-04-05T04:29:38.320809,6986,0.1↔0.3,0.828,3.0,словосочетания,2,научный,881,0.9973
2026-04-05T04:29:39.179617,7002,0.1↔0.3,0.836,3.0,словосочетания,2,научный,882,0.9975
2026-04-05T04:29:39.263597,7003,0.3↔1.0,0.816,0.1,буквы/слоги,1,бытовой,883,0.9977
2026-04-05T04:29:39.450618,7006,0.1↔0.3,0.811,30.0,абзацы,4,метафорический,884,0.9979
2026-04-05T04:29:40.227914,7020,0.3↔1.0,0.828,100.0,целые тексты,2,научный,885,0.9978
2026-04-05T04:29:40.303914,7021,0.3↔1.0,0.816,100.0,целые тексты,3,,886,0.9980
2026-04-05T04:29:40.434911,7023,0.3↔1.0,0.817,30.0,абзацы,2,научный,887,0.9980
2026-04-05T04:29:41.583143,7044,0.1↔0.3,0.829,100.0,целые тексты,1,бытовой,888,0.9976
2026-04-05T04:29:41.653143,7045,0.1↔0.3,0.808,0.3,буквы/слоги,2,научный,889,0.9978
2026-04-05T04:29:42.240981,7051,0.1↔0.3,0.827,1.0,слова,4,метафорический,890,0.9977
2026-04-05T04:29:42.708227,7059,0.1↔0.3,0.809,3.0,словосочетания,4,метафорический,891,0.9979
2026-04-05T04:29:43.398513,7072,0.3↔1.0,0.837,3.0,словосочетания,1,бытовой,892,0.9978
2026-04-05T04:29:43.666484,7076,0.3↔1.0,0.810,30.0,абзацы,4,метафорический,893,0.9977
2026-04-05T04:29:43.752462,7077,0.1↔0.3,0.815,0.3,буквы/слоги,1,бытовой,894,0.9979
2026-04-05T04:29:44.115178,7083,0.1↔0.3,0.831,30.0,абзацы,1,бытовой,895,0.9980
2026-04-05T04:29:45.689632,7112,0.3↔1.0,0.834,0.3,буквы/слоги,2,научный,896,0.9976
2026-04-05T04:29:45.792418,7114,0.1↔0.3,0.834,0.1,буквы/слоги,3,,897,0.9978
2026-04-05T04:29:46.839928,7134,0.3↔1.0,0.826,0.1,буквы/слоги,1,бытовой,898,0.9977
2026-04-05T04:29:46.952899,7136,0.1↔0.3,0.834,100.0,целые тексты,1,бытовой,899,0.9979
2026-04-05T04:29:47.037899,7137,0.3↔1.0,0.835,10.0,предложения,3,,900,0.9980
2026-04-05T04:29:48.448425,7163,0.1↔0.3,0.825,0.1,буквы/слоги,2,научный,901,0.9976
2026-04-05T04:29:48.528420,7164,0.3↔1.0,0.835,100.0,целые тексты,1,бытовой,902,0.9978
2026-04-05T04:29:48.714661,7167,0.1↔0.3,0.833,10.0,предложения,1,бытовой,903,0.9980
2026-04-05T04:29:50.163622,7194,0.3↔1.0,0.822,100.0,целые тексты,4,метафорический,904,0.9973
2026-04-05T04:29:50.268631,7196,0.3↔1.0,0.833,30.0,абзацы,1,бытовой,905,0.9975
2026-04-05T04:29:51.212953,7213,0.3↔1.0,0.812,0.1,буквы/слоги,1,бытовой,906,0.9974
2026-04-05T04:29:51.469924,7217,0.3↔1.0,0.829,30.0,абзацы,2,научный,907,0.9973
2026-04-05T04:29:51.631930,7219,0.1↔0.3,0.832,0.1,буквы/слоги,2,научный,908,0.9975
2026-04-05T04:29:52.590170,7235,0.1↔0.3,0.813,3.0,словосочетания,2,научный,909,0.9968
2026-04-05T04:29:53.194454,7245,0.1↔0.3,0.833,3.0,словосочетания,3,,910,0.9958
2026-04-05T04:29:54.305129,7265,0.1↔0.3,0.825,3.0,словосочетания,2,научный,911,0.9954
2026-04-05T04:29:54.471105,7268,0.3↔1.0,0.826,100.0,целые тексты,2,научный,912,0.9956
2026-04-05T04:29:54.821473,7274,0.1↔0.3,0.836,0.1,буквы/слоги,1,бытовой,913,0.9955
2026-04-05T04:29:55.388473,7284,0.3↔1.0,0.813,1.0,слова,2,научный,914,0.9951
2026-04-05T04:29:55.667098,7289,0.1↔0.3,0.830,0.1,буквы/слоги,1,бытовой,915,0.9953
2026-04-05T04:29:55.977129,7295,0.1↔0.3,0.827,1.0,слова,3,,916,0.9955
2026-04-05T04:29:56.297104,7301,0.1↔0.3,0.820,100.0,целые тексты,2,научный,917,0.9957
2026-04-05T04:29:56.537129,7305,0.1↔0.3,0.825,0.3,буквы/слоги,3,,918,0.9959
2026-04-05T04:29:56.637107,7306,0.3↔1.0,0.828,1.0,слова,2,научный,919,0.9961
2026-04-05T04:29:57.084621,7313,0.1↔0.3,0.836,100.0,целые тексты,1,бытовой,920,0.9960
2026-04-05T04:29:57.535615,7320,0.3↔1.0,0.821,100.0,целые тексты,2,научный,921,0.9962
2026-04-05T04:29:57.818172,7324,0.1↔0.3,0.838,3.0,словосочетания,1,бытовой,922,0.9964
2026-04-05T04:29:58.259167,7331,0.1↔0.3,0.824,30.0,абзацы,2,научный,923,0.9963
2026-04-05T04:29:58.666768,7338,0.1↔0.3,0.815,1.0,слова,3,,924,0.9965
2026-04-05T04:29:58.741747,7339,0.3↔1.0,0.837,0.3,буквы/слоги,2,научный,925,0.9967
2026-04-05T04:29:58.954541,7343,0.1↔0.3,0.831,30.0,абзацы,2,научный,926,0.9969
2026-04-05T04:29:59.153512,7346,0.3↔1.0,0.827,10.0,предложения,1,бытовой,927,0.9968
2026-04-05T04:29:59.403517,7349,0.1↔0.3,0.815,1.0,слова,2,научный,928,0.9967
2026-04-05T04:29:59.822167,7357,0.1↔0.3,0.832,0.1,буквы/слоги,1,бытовой,929,0.9969
2026-04-05T04:30:03.113731,7416,0.1↔0.3,0.820,1.0,слова,1,бытовой,930,0.9950
2026-04-05T04:30:03.272757,7418,0.1↔0.3,0.820,10.0,предложения,3,,931,0.9952
2026-04-05T04:30:03.806422,7427,0.1↔0.3,0.819,0.3,буквы/слоги,2,научный,932,0.9948
2026-04-05T04:30:04.349243,7436,0.1↔0.3,0.810,3.0,словосочетания,2,научный,933,0.9944
2026-04-05T04:30:04.454250,7438,0.3↔1.0,0.812,3.0,словосочетания,3,,934,0.9946
2026-04-05T04:30:05.653642,7460,0.1↔0.3,0.830,100.0,целые тексты,3,,935,0.9942
2026-04-05T04:30:06.310523,7472,0.3↔1.0,0.823,0.1,буквы/слоги,2,научный,936,0.9941
2026-04-05T04:30:06.554523,7476,0.3↔1.0,0.811,0.1,буквы/слоги,1,бытовой,937,0.9943
2026-04-05T04:30:08.004393,7500,0.1↔0.3,0.827,100.0,целые тексты,3,,938,0.9939
2026-04-05T04:30:08.334410,7505,0.1↔0.3,0.836,0.1,буквы/слоги,3,,939,0.9941
2026-04-05T04:30:09.354100,7523,0.1↔0.3,0.829,10.0,предложения,4,метафорический,940,0.9940
2026-04-05T04:30:09.556100,7526,0.1↔0.3,0.825,0.1,буквы/слоги,3,,941,0.9942
2026-04-05T04:30:09.798683,7530,0.3↔1.0,0.824,1.0,слова,1,бытовой,942,0.9944
2026-04-05T04:30:10.399683,7539,0.1↔0.3,0.828,1.0,слова,3,,943,0.9943
2026-04-05T04:30:10.470683,7540,0.3↔1.0,0.815,1.0,слова,1,бытовой,944,0.9945
2026-04-05T04:30:10.689354,7544,0.3↔1.0,0.812,10.0,предложения,1,бытовой,945,0.9947
2026-04-05T04:30:10.806676,7546,0.3↔1.0,0.825,0.1,буквы/слоги,1,бытовой,946,0.9949
2026-04-05T04:30:10.943686,7548,0.1↔0.3,0.831,100.0,целые тексты,1,бытовой,947,0.9951
2026-04-05T04:30:12.613303,7580,0.3↔1.0,0.818,100.0,целые тексты,2,научный,948,0.9950
2026-04-05T04:30:14.171567,7608,0.1↔0.3,0.823,10.0,предложения,2,научный,949,0.9949
2026-04-05T04:30:15.985807,7639,0.1↔0.3,0.837,0.3,буквы/слоги,3,,950,0.9942
2026-04-05T04:30:16.678478,7652,0.3↔1.0,0.834,10.0,предложения,1,бытовой,951,0.9944
2026-04-05T04:30:17.837285,7672,0.1↔0.3,0.818,10.0,предложения,1,бытовой,952,0.9940
2026-04-05T04:30:18.224285,7679,0.3↔1.0,0.828,3.0,словосочетания,3,,953,0.9942
2026-04-05T04:30:18.800808,7689,0.3↔1.0,0.811,0.3,буквы/слоги,3,,954,0.9941
2026-04-05T04:30:19.350827,7699,0.1↔0.3,0.827,100.0,целые тексты,2,научный,955,0.9943
2026-04-05T04:30:20.185566,7713,0.1↔0.3,0.815,1.0,слова,3,,956,0.9936
2026-04-05T04:30:20.571594,7719,0.1↔0.3,0.830,30.0,абзацы,1,бытовой,957,0.9935
2026-04-05T04:30:20.759262,7722,0.3↔1.0,0.827,100.0,целые тексты,3,,958,0.9937
2026-04-05T04:30:21.721642,7738,0.3↔1.0,0.822,30.0,абзацы,3,,959,0.9930
2026-04-05T04:30:22.310236,7749,0.3↔1.0,0.816,0.3,буквы/слоги,2,научный,960,0.9932
2026-04-05T04:30:22.470232,7751,0.1↔0.3,0.836,3.0,словосочетания,2,научный,961,0.9934
2026-04-05T04:30:24.177697,7782,0.1↔0.3,0.836,1.0,слова,2,научный,962,0.9924
2026-04-05T04:30:24.261672,7783,0.3↔1.0,0.822,0.1,буквы/слоги,2,научный,963,0.9926
2026-04-05T04:30:25.120937,7799,0.1↔0.3,0.816,30.0,абзацы,1,бытовой,964,0.9922
2026-04-05T04:30:25.182914,7800,0.3↔1.0,0.824,1.0,слова,1,бытовой,965,0.9924
2026-04-05T04:30:26.614110,7827,0.3↔1.0,0.831,0.1,буквы/слоги,2,научный,966,0.9926
2026-04-05T04:30:26.900887,7832,0.3↔1.0,0.811,3.0,словосочетания,2,научный,967,0.9928
2026-04-05T04:30:26.957857,7833,0.1↔0.3,0.820,10.0,предложения,3,,968,0.9930
2026-04-05T04:30:27.017857,7834,0.1↔0.3,0.810,30.0,абзацы,1,бытовой,969,0.9932
2026-04-05T04:30:27.243861,7838,0.1↔0.3,0.834,30.0,абзацы,2,научный,970,0.9931
2026-04-05T04:30:27.344865,7839,0.3↔1.0,0.832,0.1,буквы/слоги,4,метафорический,971,0.9933
2026-04-05T04:30:27.524864,7842,0.3↔1.0,0.813,30.0,абзацы,2,научный,972,0.9935
2026-04-05T04:30:29.001765,7870,0.1↔0.3,0.818,0.3,буквы/слоги,2,научный,973,0.9934
2026-04-05T04:30:29.271765,7874,0.1↔0.3,0.810,10.0,предложения,1,бытовой,974,0.9936
2026-04-05T04:30:29.522765,7878,0.3↔1.0,0.811,10.0,предложения,2,научный,975,0.9938
2026-04-05T04:30:29.718622,7881,0.1↔0.3,0.827,0.1,буквы/слоги,3,,976,0.9937
2026-04-05T04:30:29.847318,7883,0.1↔0.3,0.830,30.0,абзацы,3,,977,0.9939
2026-04-05T04:30:30.689997,7898,0.1↔0.3,0.812,100.0,целые тексты,1,бытовой,978,0.9935
2026-04-05T04:30:31.438790,7910,0.1↔0.3,0.824,0.1,буквы/слоги,3,,979,0.9934
2026-04-05T04:30:32.344742,7927,0.1↔0.3,0.815,30.0,абзацы,2,научный,980,0.9936
2026-04-05T04:30:33.062948,7939,0.1↔0.3,0.832,30.0,абзацы,2,научный,981,0.9935
2026-04-05T04:30:33.776913,7951,0.1↔0.3,0.819,0.1,буквы/слоги,3,,982,0.9934
2026-04-05T04:30:35.385159,7980,0.3↔1.0,0.823,3.0,словосочетания,1,бытовой,983,0.9918
2026-04-05T04:30:35.983827,7991,0.1↔0.3,0.815,3.0,словосочетания,1,бытовой,984,0.9911
2026-04-05T04:30:36.452808,8000,0.3↔1.0,0.812,30.0,абзацы,4,метафорический,985,0.9913
2026-04-05T04:30:36.866768,8008,0.3↔1.0,0.813,1.0,слова,1,бытовой,986,0.9915
2026-04-05T04:30:37.214746,8014,0.1↔0.3,0.810,0.1,буквы/слоги,3,,987,0.9914
2026-04-05T04:30:37.519768,8019,0.3↔1.0,0.820,10.0,предложения,2,научный,988,0.9913
2026-04-05T04:30:38.368840,8033,0.1↔0.3,0.832,3.0,словосочетания,4,метафорический,989,0.9906
2026-04-05T04:30:38.591840,8037,0.3↔1.0,0.824,100.0,целые тексты,1,бытовой,990,0.9908
2026-04-05T04:30:38.993124,8044,0.1↔0.3,0.821,30.0,абзацы,3,,991,0.9907
2026-04-05T04:30:39.202124,8048,0.1↔0.3,0.833,0.1,буквы/слоги,3,,992,0.9909
2026-04-05T04:30:39.323095,8050,0.3↔1.0,0.815,30.0,абзацы,1,бытовой,993,0.9911
2026-04-05T04:30:39.399095,8051,0.1↔0.3,0.815,1.0,слова,3,,994,0.9913
2026-04-05T04:30:40.591061,8072,0.3↔1.0,0.816,3.0,словосочетания,2,научный,995,0.9909
2026-04-05T04:30:40.680923,8073,0.1↔0.3,0.837,0.1,буквы/слоги,1,бытовой,996,0.9911
2026-04-05T04:30:40.764466,8074,0.1↔0.3,0.825,100.0,целые тексты,2,научный,997,0.9913
2026-04-05T04:30:41.594896,8089,0.1↔0.3,0.829,10.0,предложения,1,бытовой,998,0.9912
2026-04-05T04:30:42.033499,8096,0.1↔0.3,0.838,3.0,словосочетания,3,,999,0.9911
2026-04-05T04:30:42.609498,8107,0.1↔0.3,0.815,0.1,буквы/слоги,2,научный,1000,0.9910
2026-04-05T04:30:42.992283,8113,0.3↔1.0,0.817,30.0,абзацы,2,научный,1001,0.9912
2026-04-05T04:30:43.675905,8125,0.1↔0.3,0.820,1.0,слова,2,научный,1002,0.9911
2026-04-05T04:30:43.925490,8129,0.3↔1.0,0.831,0.1,буквы/слоги,1,бытовой,1003,0.9910
2026-04-05T04:30:44.183491,8133,0.3↔1.0,0.822,0.3,буквы/слоги,3,,1004,0.9912
2026-04-05T04:30:44.363516,8136,0.1↔0.3,0.813,1.0,слова,2,научный,1005,0.9914
2026-04-05T04:30:44.599491,8139,0.3↔1.0,0.814,30.0,абзацы,1,бытовой,1006,0.9913
2026-04-05T04:30:45.298500,8152,0.3↔1.0,0.810,10.0,предложения,2,научный,1007,0.9912
2026-04-05T04:30:45.465472,8155,0.1↔0.3,0.813,1.0,слова,3,,1008,0.9914
2026-04-05T04:30:45.639481,8158,0.1↔0.3,0.825,1.0,слова,3,,1009,0.9916
2026-04-05T04:30:45.927111,8163,0.1↔0.3,0.829,3.0,словосочетания,4,метафорический,1010,0.9918
2026-04-05T04:30:46.517090,8174,0.3↔1.0,0.823,10.0,предложения,3,,1011,0.9917
2026-04-05T04:30:46.881962,8181,0.3↔1.0,0.813,0.1,буквы/слоги,2,научный,1012,0.9919
2026-04-05T04:30:47.269332,8187,0.3↔1.0,0.814,30.0,абзацы,1,бытовой,1013,0.9918
2026-04-05T04:30:47.473456,8191,0.3↔1.0,0.833,0.3,буквы/слоги,1,бытовой,1014,0.9920
2026-04-05T04:30:47.526429,8192,0.1↔0.3,0.819,10.0,предложения,2,научный,1015,0.9922
2026-04-05T04:30:48.362260,8208,0.3↔1.0,0.819,1.0,слова,1,бытовой,1016,0.9921
2026-04-05T04:30:48.453237,8209,0.3↔1.0,0.809,0.3,буквы/слоги,1,бытовой,1017,0.9923
2026-04-05T04:30:48.633240,8212,0.1↔0.3,0.835,3.0,словосочетания,3,,1018,0.9922
2026-04-05T04:30:49.086383,8220,0.1↔0.3,0.837,3.0,словосочетания,2,научный,1019,0.9921
2026-04-05T04:30:49.143357,8221,0.3↔1.0,0.837,3.0,словосочетания,3,,1020,0.9923
2026-04-05T04:30:49.860908,8235,0.3↔1.0,0.814,30.0,абзацы,1,бытовой,1021,0.9925
2026-04-05T04:30:50.017879,8237,0.3↔1.0,0.832,1.0,слова,3,,1022,0.9924
2026-04-05T04:30:50.755556,8250,0.1↔0.3,0.820,10.0,предложения,1,бытовой,1023,0.9923
2026-04-05T04:30:51.141555,8256,0.3↔1.0,0.836,1.0,слова,3,,1024,0.9925
2026-04-05T04:30:52.568774,8281,0.3↔1.0,0.810,100.0,целые тексты,1,бытовой,1025,0.9924
2026-04-05T04:30:53.469383,8295,0.1↔0.3,0.817,10.0,предложения,2,научный,1026,0.9926
2026-04-05T04:30:54.089581,8305,0.1↔0.3,0.827,3.0,словосочетания,3,,1027,0.9925
2026-04-05T04:30:54.498378,8312,0.1↔0.3,0.818,1.0,слова,3,,1028,0.9927
2026-04-05T04:30:55.005623,8320,0.3↔1.0,0.817,1.0,слова,2,научный,1029,0.9929
2026-04-05T04:30:55.224824,8323,0.1↔0.3,0.837,3.0,словосочетания,4,метафорический,1030,0.9931
2026-04-05T04:30:55.669215,8331,0.3↔1.0,0.813,10.0,предложения,1,бытовой,1031,0.9930
2026-04-05T04:30:55.809187,8333,0.1↔0.3,0.816,100.0,целые тексты,3,,1032,0.9932
2026-04-05T04:30:56.178190,8340,0.1↔0.3,0.814,30.0,абзацы,2,научный,1033,0.9934
2026-04-05T04:30:56.596215,8347,0.1↔0.3,0.808,10.0,предложения,1,бытовой,1034,0.9936
2026-04-05T04:30:57.044215,8354,0.3↔1.0,0.833,3.0,словосочетания,2,научный,1035,0.9938
2026-04-05T04:30:57.596189,8362,0.3↔1.0,0.818,100.0,целые тексты,3,,1036,0.9934
2026-04-05T04:30:58.153215,8372,0.3↔1.0,0.837,0.3,буквы/слоги,4,метафорический,1037,0.9936
2026-04-05T04:30:58.402215,8376,0.1↔0.3,0.827,3.0,словосочетания,2,научный,1038,0.9938
2026-04-05T04:30:58.990215,8387,0.1↔0.3,0.827,0.1,буквы/слоги,1,бытовой,1039,0.9937
2026-04-05T04:30:59.201196,8391,0.1↔0.3,0.829,1.0,слова,2,научный,1040,0.9939
2026-04-05T04:30:59.468216,8396,0.1↔0.3,0.835,100.0,целые тексты,3,,1041,0.9941
2026-04-05T04:31:00.393190,8413,0.3↔1.0,0.808,30.0,абзацы,1,бытовой,1042,0.9937
2026-04-05T04:31:01.094193,8425,0.3↔1.0,0.830,0.3,буквы/слоги,3,,1043,0.9933
2026-04-05T04:31:02.041197,8443,0.1↔0.3,0.824,0.3,буквы/слоги,2,научный,1044,0.9932
2026-04-05T04:31:02.473192,8451,0.1↔0.3,0.815,30.0,абзацы,2,научный,1045,0.9934
2026-04-05T04:31:02.992191,8459,0.1↔0.3,0.833,30.0,абзацы,2,научный,1046,0.9933
2026-04-05T04:31:03.555216,8469,0.1↔0.3,0.817,1.0,слова,2,научный,1047,0.9935
2026-04-05T04:31:03.692191,8471,0.3↔1.0,0.822,100.0,целые тексты,3,,1048,0.9937
2026-04-05T04:31:03.810190,8473,0.3↔1.0,0.816,1.0,слова,3,,1049,0.9939
2026-04-05T04:31:03.996189,8476,0.3↔1.0,0.808,10.0,предложения,2,научный,1050,0.9938
2026-04-05T04:31:04.085187,8477,0.3↔1.0,0.838,30.0,абзацы,2,научный,1051,0.9940
2026-04-05T04:31:04.546191,8485,0.1↔0.3,0.833,1.0,слова,3,,1052,0.9939
2026-04-05T04:31:04.607191,8486,0.3↔1.0,0.813,100.0,целые тексты,3,,1053,0.9941
2026-04-05T04:31:04.722194,8488,0.3↔1.0,0.814,10.0,предложения,3,,1054,0.9943
2026-04-05T04:31:04.915217,8490,0.1↔0.3,0.816,3.0,словосочетания,3,,1055,0.9945
2026-04-05T04:31:05.552216,8502,0.3↔1.0,0.819,0.1,буквы/слоги,3,,1056,0.9947
2026-04-05T04:31:06.151197,8513,0.1↔0.3,0.829,3.0,словосочетания,1,бытовой,1057,0.9949
2026-04-05T04:31:06.227193,8514,0.1↔0.3,0.816,0.3,буквы/слоги,4,метафорический,1058,0.9951
2026-04-05T04:31:06.466216,8518,0.1↔0.3,0.832,0.1,буквы/слоги,2,научный,1059,0.9953
2026-04-05T04:31:07.222216,8531,0.1↔0.3,0.815,30.0,абзацы,4,метафорический,1060,0.9952
2026-04-05T04:31:07.417193,8534,0.1↔0.3,0.813,100.0,целые тексты,2,научный,1061,0.9954
2026-04-05T04:31:08.134217,8548,0.3↔1.0,0.837,3.0,словосочетания,3,,1062,0.9956
2026-04-05T04:31:08.286191,8549,0.3↔1.0,0.812,0.3,буквы/слоги,3,,1063,0.9958
2026-04-05T04:31:08.370191,8550,0.1↔0.3,0.810,0.1,буквы/слоги,3,,1064,0.9960
2026-04-05T04:31:08.923192,8559,0.1↔0.3,0.817,30.0,абзацы,1,бытовой,1065,0.9956
2026-04-05T04:31:09.128216,8562,0.1↔0.3,0.819,10.0,предложения,4,метафорический,1066,0.9958
2026-04-05T04:31:09.460216,8568,0.1↔0.3,0.824,30.0,абзацы,1,бытовой,1067,0.9960
2026-04-05T04:31:10.329188,8584,0.3↔1.0,0.823,3.0,словосочетания,1,бытовой,1068,0.9959
2026-04-05T04:31:10.606189,8587,0.3↔1.0,0.824,30.0,абзацы,1,бытовой,1069,0.9955
2026-04-05T04:31:10.752188,8589,0.1↔0.3,0.810,0.1,буквы/слоги,1,бытовой,1070,0.9954
2026-04-05T04:31:11.135197,8595,0.1↔0.3,0.821,10.0,предложения,1,бытовой,1071,0.9953
2026-04-05T04:31:11.249188,8597,0.1↔0.3,0.810,100.0,целые тексты,2,научный,1072,0.9955
2026-04-05T04:31:11.378197,8599,0.3↔1.0,0.823,30.0,абзацы,3,,1073,0.9957
2026-04-05T04:31:12.257191,8614,0.1↔0.3,0.832,30.0,абзацы,1,бытовой,1074,0.9956
2026-04-05T04:31:12.737217,8623,0.1↔0.3,0.822,0.1,буквы/слоги,1,бытовой,1075,0.9958
2026-04-05T04:31:13.474217,8637,0.3↔1.0,0.810,0.1,буквы/слоги,3,,1076,0.9960
2026-04-05T04:31:14.160217,8649,0.1↔0.3,0.817,30.0,абзацы,3,,1077,0.9959
2026-04-05T04:31:15.505217,8673,0.3↔1.0,0.837,100.0,целые тексты,1,бытовой,1078,0.9958
2026-04-05T04:31:15.703197,8676,0.3↔1.0,0.838,30.0,абзацы,2,научный,1079,0.9960
2026-04-05T04:31:15.850188,8678,0.1↔0.3,0.838,10.0,предложения,2,научный,1080,0.9962
2026-04-05T04:31:16.056191,8682,0.1↔0.3,0.832,1.0,слова,1,бытовой,1081,0.9964
2026-04-05T04:31:16.112195,8683,0.3↔1.0,0.808,0.1,буквы/слоги,3,,1082,0.9966
2026-04-05T04:31:17.495217,8707,0.1↔0.3,0.823,0.3,буквы/слоги,3,,1083,0.9953
2026-04-05T04:31:17.873194,8712,0.1↔0.3,0.819,0.1,буквы/слоги,2,научный,1084,0.9955
2026-04-05T04:31:18.233218,8718,0.3↔1.0,0.813,10.0,предложения,4,метафорический,1085,0.9957
2026-04-05T04:31:19.028193,8732,0.3↔1.0,0.821,30.0,абзацы,3,,1086,0.9953
2026-04-05T04:31:19.681192,8743,0.1↔0.3,0.827,30.0,абзацы,3,,1087,0.9952
2026-04-05T04:31:19.818188,8745,0.3↔1.0,0.820,3.0,словосочетания,3,,1088,0.9954
2026-04-05T04:31:20.033189,8748,0.1↔0.3,0.836,30.0,абзацы,2,научный,1089,0.9953
2026-04-05T04:31:20.200191,8750,0.3↔1.0,0.816,0.3,буквы/слоги,1,бытовой,1090,0.9955
2026-04-05T04:31:20.374201,8753,0.1↔0.3,0.834,0.1,буквы/слоги,3,,1091,0.9957
2026-04-05T04:31:20.497189,8755,0.1↔0.3,0.828,10.0,предложения,1,бытовой,1092,0.9959
2026-04-05T04:31:20.766200,8760,0.3↔1.0,0.832,0.1,буквы/слоги,2,научный,1093,0.9958
2026-04-05T04:31:20.875195,8762,0.1↔0.3,0.821,3.0,словосочетания,2,научный,1094,0.9957
2026-04-05T04:31:21.474192,8773,0.3↔1.0,0.813,30.0,абзацы,3,,1095,0.9959
2026-04-05T04:31:21.677192,8775,0.1↔0.3,0.819,100.0,целые тексты,2,научный,1096,0.9961
2026-04-05T04:31:21.782198,8777,0.1↔0.3,0.835,0.3,буквы/слоги,1,бытовой,1097,0.9963
2026-04-05T04:31:21.852189,8778,0.3↔1.0,0.814,0.1,буквы/слоги,3,,1098,0.9965
2026-04-05T04:31:22.287191,8786,0.1↔0.3,0.819,1.0,слова,3,,1099,0.9964
2026-04-05T04:31:22.492190,8789,0.3↔1.0,0.822,3.0,словосочетания,1,бытовой,1100,0.9966
2026-04-05T04:31:22.681191,8792,0.1↔0.3,0.834,1.0,слова,4,метафорический,1101,0.9965
2026-04-05T04:31:23.151189,8800,0.1↔0.3,0.824,1.0,слова,2,научный,1102,0.9961
2026-04-05T04:31:23.351190,8803,0.3↔1.0,0.827,1.0,слова,4,метафорический,1103,0.9963
2026-04-05T04:31:24.477195,8822,0.1↔0.3,0.815,0.1,буквы/слоги,3,,1104,0.9956
2026-04-05T04:31:24.913218,8829,0.1↔0.3,0.837,3.0,словосочетания,1,бытовой,1105,0.9955
2026-04-05T04:31:25.342192,8836,0.1↔0.3,0.822,3.0,словосочетания,2,научный,1106,0.9957
2026-04-05T04:31:26.143218,8850,0.3↔1.0,0.826,1.0,слова,2,научный,1107,0.9953
2026-04-05T04:31:26.367218,8854,0.1↔0.3,0.831,100.0,целые тексты,4,метафорический,1108,0.9955
2026-04-05T04:31:26.588219,8858,0.3↔1.0,0.819,30.0,абзацы,3,,1109,0.9957
2026-04-05T04:31:26.733189,8860,0.1↔0.3,0.810,100.0,целые тексты,2,научный,1110,0.9959
2026-04-05T04:31:26.924218,8863,0.1↔0.3,0.809,10.0,предложения,3,,1111,0.9961
2026-04-05T04:31:27.110189,8866,0.1↔0.3,0.834,100.0,целые тексты,1,бытовой,1112,0.9960
2026-04-05T04:31:28.762218,8896,0.1↔0.3,0.815,10.0,предложения,1,бытовой,1113,0.9956
2026-04-05T04:31:29.759189,8913,0.3↔1.0,0.824,0.1,буквы/слоги,1,бытовой,1114,0.9949
2026-04-05T04:31:29.977218,8917,0.1↔0.3,0.812,0.3,буквы/слоги,1,бытовой,1115,0.9951
2026-04-05T04:31:30.754218,8931,0.1↔0.3,0.821,1.0,слова,3,,1116,0.9953
2026-04-05T04:31:31.556219,8946,0.1↔0.3,0.811,0.3,буквы/слоги,3,,1117,0.9952
2026-04-05T04:31:31.622190,8947,0.1↔0.3,0.811,0.1,буквы/слоги,4,метафорический,1118,0.9954
2026-04-05T04:31:31.899219,8952,0.3↔1.0,0.814,30.0,абзацы,1,бытовой,1119,0.9956
2026-04-05T04:31:32.131219,8956,0.1↔0.3,0.826,3.0,словосочетания,4,метафорический,1120,0.9958
2026-04-05T04:31:32.185193,8957,0.3↔1.0,0.833,10.0,предложения,2,научный,1121,0.9960
2026-04-05T04:31:32.682194,8966,0.3↔1.0,0.832,10.0,предложения,3,,1122,0.9959
2026-04-05T04:31:32.735190,8967,0.3↔1.0,0.835,100.0,целые тексты,4,метафорический,1123,0.9961
2026-04-05T04:31:33.624219,8982,0.1↔0.3,0.836,0.3,буквы/слоги,2,научный,1124,0.9960
2026-04-05T04:31:33.784219,8985,0.1↔0.3,0.814,0.3,буквы/слоги,1,бытовой,1125,0.9962
2026-04-05T04:31:34.993191,9005,0.3↔1.0,0.809,3.0,словосочетания,3,,1126,0.9952
2026-04-05T04:31:35.295195,9009,0.1↔0.3,0.818,3.0,словосочетания,1,бытовой,1127,0.9951
2026-04-05T04:31:35.708219,9017,0.1↔0.3,0.837,3.0,словосочетания,3,,1128,0.9953
2026-04-05T04:31:35.929219,9020,0.1↔0.3,0.814,100.0,целые тексты,1,бытовой,1129,0.9955
2026-04-05T04:31:36.406220,9029,0.1↔0.3,0.826,0.3,буквы/слоги,3,,1130,0.9957
2026-04-05T04:31:36.604194,9032,0.1↔0.3,0.831,3.0,словосочетания,3,,1131,0.9959
2026-04-05T04:31:37.909192,9055,0.1↔0.3,0.831,1.0,слова,2,научный,1132,0.9955
2026-04-05T04:31:38.210219,9060,0.3↔1.0,0.828,100.0,целые тексты,3,,1133,0.9957
2026-04-05T04:31:38.268190,9061,0.3↔1.0,0.820,10.0,предложения,3,,1134,0.9959
2026-04-05T04:31:38.942190,9074,0.3↔1.0,0.811,1.0,слова,3,,1135,0.9955
2026-04-05T04:31:39.070192,9076,0.3↔1.0,0.836,3.0,словосочетания,1,бытовой,1136,0.9957
2026-04-05T04:31:39.837220,9090,0.1↔0.3,0.833,30.0,абзацы,2,научный,1137,0.9959
2026-04-05T04:31:39.891191,9091,0.3↔1.0,0.830,30.0,абзацы,3,,1138,0.9961
2026-04-05T04:31:40.088219,9094,0.3↔1.0,0.811,3.0,словосочетания,1,бытовой,1139,0.9963
2026-04-05T04:31:41.931220,9130,0.1↔0.3,0.832,30.0,абзацы,2,научный,1140,0.9965
2026-04-05T04:31:42.315200,9136,0.3↔1.0,0.812,1.0,слова,1,бытовой,1141,0.9964
2026-04-05T04:31:42.644220,9142,0.3↔1.0,0.836,0.1,буквы/слоги,3,,1142,0.9966
2026-04-05T04:31:43.554198,9159,0.1↔0.3,0.810,100.0,целые тексты,3,,1143,0.9959
2026-04-05T04:31:44.662195,9180,0.3↔1.0,0.829,3.0,словосочетания,1,бытовой,1144,0.9961
2026-04-05T04:31:45.246191,9190,0.1↔0.3,0.824,100.0,целые тексты,3,,1145,0.9960
2026-04-05T04:31:45.554220,9195,0.3↔1.0,0.833,100.0,целые тексты,3,,1146,0.9962
2026-04-05T04:31:46.849201,9218,0.1↔0.3,0.818,30.0,абзацы,1,бытовой,1147,0.9961
2026-04-05T04:31:46.903192,9219,0.1↔0.3,0.821,30.0,абзацы,1,бытовой,1148,0.9963
2026-04-05T04:31:47.065196,9221,0.3↔1.0,0.814,3.0,словосочетания,2,научный,1149,0.9965
2026-04-05T04:31:47.764220,9233,0.1↔0.3,0.810,0.3,буквы/слоги,2,научный,1150,0.9964
2026-04-05T04:31:47.964192,9236,0.1↔0.3,0.828,100.0,целые тексты,2,научный,1151,0.9963
2026-04-05T04:31:48.157220,9239,0.3↔1.0,0.834,10.0,предложения,1,бытовой,1152,0.9965
2026-04-05T04:31:48.485221,9245,0.3↔1.0,0.816,30.0,абзацы,3,,1153,0.9967
2026-04-05T04:31:48.926221,9253,0.1↔0.3,0.810,0.3,буквы/слоги,2,научный,1154,0.9969
2026-04-05T04:31:49.006197,9254,0.1↔0.3,0.814,0.3,буквы/слоги,2,научный,1155,0.9971
2026-04-05T04:31:49.965221,9271,0.1↔0.3,0.817,100.0,целые тексты,2,научный,1156,0.9961
2026-04-05T04:31:50.383191,9278,0.1↔0.3,0.837,3.0,словосочетания,3,,1157,0.9960
2026-04-05T04:31:50.923221,9288,0.1↔0.3,0.829,30.0,абзацы,2,научный,1158,0.9962
2026-04-05T04:31:51.815221,9303,0.3↔1.0,0.836,1.0,слова,2,научный,1159,0.9961
2026-04-05T04:31:51.975201,9306,0.3↔1.0,0.825,10.0,предложения,3,,1160,0.9963
2026-04-05T04:31:52.276194,9311,0.1↔0.3,0.813,0.3,буквы/слоги,2,научный,1161,0.9962
2026-04-05T04:31:52.917193,9323,0.3↔1.0,0.813,100.0,целые тексты,1,бытовой,1162,0.9958
2026-04-05T04:31:53.760221,9338,0.1↔0.3,0.815,30.0,абзацы,2,научный,1163,0.9960
2026-04-05T04:31:54.011221,9342,0.3↔1.0,0.824,30.0,абзацы,2,научный,1164,0.9962
2026-04-05T04:31:54.312196,9347,0.1↔0.3,0.832,3.0,словосочетания,4,метафорический,1165,0.9961
2026-04-05T04:31:54.554221,9351,0.1↔0.3,0.837,3.0,словосочетания,2,научный,1166,0.9963
2026-04-05T04:31:55.918221,9376,0.3↔1.0,0.832,1.0,слова,4,метафорический,1167,0.9959
2026-04-05T04:31:56.160221,9379,0.1↔0.3,0.835,1.0,слова,3,,1168,0.9961
2026-04-05T04:31:56.373221,9383,0.3↔1.0,0.810,100.0,целые тексты,3,,1169,0.9963
2026-04-05T04:31:56.480192,9385,0.1↔0.3,0.821,1.0,слова,1,бытовой,1170,0.9965
2026-04-05T04:31:56.833221,9391,0.1↔0.3,0.820,100.0,целые тексты,4,метафорический,1171,0.9964
2026-04-05T04:31:57.023223,9394,0.3↔1.0,0.816,100.0,целые тексты,1,бытовой,1172,0.9966
2026-04-05T04:31:57.079193,9395,0.3↔1.0,0.825,1.0,слова,1,бытовой,1173,0.9968
2026-04-05T04:31:57.753202,9407,0.1↔0.3,0.809,3.0,словосочетания,1,бытовой,1174,0.9961
2026-04-05T04:31:58.162221,9415,0.1↔0.3,0.818,30.0,абзацы,4,метафорический,1175,0.9963
2026-04-05T04:31:59.712221,9440,0.3↔1.0,0.816,100.0,целые тексты,4,метафорический,1176,0.9947
2026-04-05T04:31:59.769193,9441,0.1↔0.3,0.822,100.0,целые тексты,1,бытовой,1177,0.9949
2026-04-05T04:32:00.062197,9446,0.1↔0.3,0.831,30.0,абзацы,1,бытовой,1178,0.9951
2026-04-05T04:32:00.118193,9447,0.1↔0.3,0.814,1.0,слова,3,,1179,0.9953
2026-04-05T04:32:00.457197,9453,0.1↔0.3,0.821,3.0,словосочетания,4,метафорический,1180,0.9952
2026-04-05T04:32:00.853222,9459,0.1↔0.3,0.815,1.0,слова,2,научный,1181,0.9951
2026-04-05T04:32:01.524222,9472,0.1↔0.3,0.816,0.3,буквы/слоги,1,бытовой,1182,0.9953
2026-04-05T04:32:01.823221,9477,0.3↔1.0,0.822,3.0,словосочетания,4,метафорический,1183,0.9952
2026-04-05T04:32:02.045196,9481,0.3↔1.0,0.823,3.0,словосочетания,4,метафорический,1184,0.9951
2026-04-05T04:32:02.181221,9483,0.1↔0.3,0.819,0.3,буквы/слоги,2,научный,1185,0.9953
2026-04-05T04:32:02.447195,9486,0.1↔0.3,0.814,0.3,буквы/слоги,2,научный,1186,0.9952
2026-04-05T04:32:02.733193,9489,0.1↔0.3,0.826,10.0,предложения,1,бытовой,1187,0.9954
2026-04-05T04:32:04.246222,9515,0.1↔0.3,0.816,0.3,буквы/слоги,1,бытовой,1188,0.9956
2026-04-05T04:32:06.142222,9550,0.1↔0.3,0.828,10.0,предложения,1,бытовой,1189,0.9955
2026-04-05T04:32:06.282194,9552,0.1↔0.3,0.827,100.0,целые тексты,1,бытовой,1190,0.9957
2026-04-05T04:32:06.389194,9553,0.3↔1.0,0.816,0.1,буквы/слоги,4,метафорический,1191,0.9959
2026-04-05T04:32:06.559223,9556,0.3↔1.0,0.833,0.1,буквы/слоги,2,научный,1192,0.9961
2026-04-05T04:32:07.727222,9576,0.1↔0.3,0.833,0.3,буквы/слоги,3,,1193,0.9954
2026-04-05T04:32:09.810194,9610,0.1↔0.3,0.821,1.0,слова,3,,1194,0.9941
2026-04-05T04:32:10.247198,9617,0.1↔0.3,0.827,10.0,предложения,1,бытовой,1195,0.9940
2026-04-05T04:32:10.848196,9627,0.1↔0.3,0.825,3.0,словосочетания,2,научный,1196,0.9939
2026-04-05T04:32:11.018194,9630,0.1↔0.3,0.812,3.0,словосочетания,4,метафорический,1197,0.9941
2026-04-05T04:32:12.439200,9653,0.1↔0.3,0.836,0.1,буквы/слоги,1,бытовой,1198,0.9934
2026-04-05T04:32:12.743194,9658,0.3↔1.0,0.821,0.3,буквы/слоги,3,,1199,0.9933
2026-04-05T04:32:13.522195,9671,0.1↔0.3,0.817,30.0,абзацы,3,,1200,0.9929
2026-04-05T04:32:16.130223,9720,0.3↔1.0,0.814,3.0,словосочетания,3,,1201,0.9916
2026-04-05T04:32:16.277194,9722,0.3↔1.0,0.815,1.0,слова,4,метафорический,1202,0.9918
2026-04-05T04:32:16.508196,9726,0.3↔1.0,0.829,0.1,буквы/слоги,3,,1203,0.9917
2026-04-05T04:32:16.583195,9727,0.1↔0.3,0.835,3.0,словосочетания,1,бытовой,1204,0.9919
2026-04-05T04:32:17.732203,9748,0.1↔0.3,0.832,0.3,буквы/слоги,2,научный,1205,0.9915
2026-04-05T04:32:18.679201,9762,0.3↔1.0,0.816,100.0,целые тексты,2,научный,1206,0.9917
2026-04-05T04:32:20.122194,9787,0.3↔1.0,0.832,1.0,слова,1,бытовой,1207,0.9919
2026-04-05T04:32:20.540195,9793,0.1↔0.3,0.811,1.0,слова,3,,1208,0.9915
2026-04-05T04:32:21.145204,9802,0.3↔1.0,0.810,1.0,слова,3,,1209,0.9908
2026-04-05T04:32:21.558196,9809,0.3↔1.0,0.814,0.1,буквы/слоги,3,,1210,0.9910
2026-04-05T04:32:23.056197,9832,0.3↔1.0,0.831,100.0,целые тексты,2,научный,1211,0.9909
2026-04-05T04:32:24.011196,9847,0.1↔0.3,0.826,100.0,целые тексты,1,бытовой,1212,0.9905
2026-04-05T04:32:24.865200,9861,0.1↔0.3,0.835,1.0,слова,3,,1213,0.9907
2026-04-05T04:32:26.408224,9889,0.1↔0.3,0.833,0.3,буквы/слоги,1,бытовой,1214,0.9903
2026-04-05T04:32:26.962224,9898,0.1↔0.3,0.809,3.0,словосочетания,1,бытовой,1215,0.9902
2026-04-05T04:32:27.074199,9900,0.1↔0.3,0.829,10.0,предложения,1,бытовой,1216,0.9904
2026-04-05T04:32:27.690205,9911,0.1↔0.3,0.822,0.3,буквы/слоги,1,бытовой,1217,0.9903
2026-04-05T04:32:28.949225,9934,0.1↔0.3,0.830,1.0,слова,1,бытовой,1218,0.9899
2026-04-05T04:32:30.210225,9955,0.3↔1.0,0.837,30.0,абзацы,1,бытовой,1219,0.9889
2026-04-05T04:32:31.846224,9985,0.1↔0.3,0.838,0.3,буквы/слоги,2,научный,1220,0.9888
2026-04-05T04:32:32.580225,9999,0.3↔1.0,0.812,30.0,абзацы,1,бытовой,1221,0.9890
2026-04-05T04:32:33.368200,10013,0.1↔0.3,0.830,0.3,буквы/слоги,4,метафорический,1222,0.9892
2026-04-05T04:32:34.195225,10029,0.3↔1.0,0.828,0.1,буквы/слоги,2,научный,1223,0.9894
2026-04-05T04:32:34.347202,10031,0.1↔0.3,0.834,3.0,словосочетания,4,метафорический,1224,0.9896
2026-04-05T04:32:35.113200,10042,0.1↔0.3,0.815,0.3,буквы/слоги,3,,1225,0.9898
2026-04-05T04:32:35.506200,10049,0.3↔1.0,0.819,100.0,целые тексты,1,бытовой,1226,0.9900
2026-04-05T04:32:35.966200,10056,0.3↔1.0,0.825,100.0,целые тексты,2,научный,1227,0.9899
2026-04-05T04:32:37.691200,10086,0.1↔0.3,0.822,30.0,абзацы,1,бытовой,1228,0.9886
2026-04-05T04:32:38.410206,10099,0.1↔0.3,0.826,1.0,слова,3,,1229,0.9888
2026-04-05T04:32:38.719206,10104,0.3↔1.0,0.833,3.0,словосочетания,3,,1230,0.9890
2026-04-05T04:32:39.285202,10114,0.3↔1.0,0.809,0.3,буквы/слоги,2,научный,1231,0.9889
2026-04-05T04:32:39.346203,10115,0.1↔0.3,0.820,100.0,целые тексты,1,бытовой,1232,0.9891
2026-04-05T04:32:39.941200,10124,0.3↔1.0,0.814,3.0,словосочетания,3,,1233,0.9884
2026-04-05T04:32:40.024204,10125,0.1↔0.3,0.825,1.0,слова,3,,1234,0.9886
2026-04-05T04:32:40.111207,10126,0.1↔0.3,0.828,10.0,предложения,1,бытовой,1235,0.9888
2026-04-05T04:32:40.191197,10127,0.3↔1.0,0.812,1.0,слова,2,научный,1236,0.9890
2026-04-05T04:32:40.327206,10129,0.1↔0.3,0.822,100.0,целые тексты,1,бытовой,1237,0.9892
2026-04-05T04:32:41.369207,10147,0.1↔0.3,0.824,1.0,слова,2,научный,1238,0.9888
2026-04-05T04:32:41.430198,10148,0.1↔0.3,0.809,100.0,целые тексты,1,бытовой,1239,0.9890
2026-04-05T04:32:41.511197,10149,0.3↔1.0,0.823,30.0,абзацы,1,бытовой,1240,0.9892
2026-04-05T04:32:42.200226,10161,0.3↔1.0,0.816,3.0,словосочетания,1,бытовой,1241,0.9894
2026-04-05T04:32:42.294205,10162,0.1↔0.3,0.826,10.0,предложения,1,бытовой,1242,0.9896
2026-04-05T04:32:42.799197,10170,0.3↔1.0,0.832,3.0,словосочетания,3,,1243,0.9892
2026-04-05T04:32:43.512226,10183,0.1↔0.3,0.818,0.1,буквы/слоги,1,бытовой,1244,0.9894
2026-04-05T04:32:43.782226,10187,0.3↔1.0,0.822,1.0,слова,1,бытовой,1245,0.9896
2026-04-05T04:32:43.953203,10189,0.3↔1.0,0.821,100.0,целые тексты,1,бытовой,1246,0.9898
2026-04-05T04:32:44.306226,10195,0.3↔1.0,0.827,10.0,предложения,4,метафорический,1247,0.9900
2026-04-05T04:32:44.484207,10198,0.1↔0.3,0.810,1.0,слова,1,бытовой,1248,0.9899
2026-04-05T04:32:44.537198,10199,0.1↔0.3,0.812,100.0,целые тексты,4,метафорический,1249,0.9901
2026-04-05T04:32:44.821200,10204,0.1↔0.3,0.833,0.3,буквы/слоги,3,,1250,0.9903
2026-04-05T04:32:46.401226,10231,0.1↔0.3,0.811,3.0,словосочетания,1,бытовой,1251,0.9902
2026-04-05T04:32:46.738227,10237,0.1↔0.3,0.829,3.0,словосочетания,3,,1252,0.9901
2026-04-05T04:32:47.180198,10243,0.3↔1.0,0.833,0.1,буквы/слоги,3,,1253,0.9897
2026-04-05T04:32:47.239201,10244,0.3↔1.0,0.835,10.0,предложения,4,метафорический,1254,0.9899
2026-04-05T04:32:47.859226,10256,0.1↔0.3,0.810,0.1,буквы/слоги,2,научный,1255,0.9901
2026-04-05T04:32:48.060198,10259,0.1↔0.3,0.817,1.0,слова,1,бытовой,1256,0.9900
2026-04-05T04:32:48.414227,10265,0.1↔0.3,0.817,0.1,буквы/слоги,3,,1257,0.9902
2026-04-05T04:32:49.254226,10281,0.3↔1.0,0.808,3.0,словосочетания,3,,1258,0.9901
2026-04-05T04:32:49.401198,10283,0.3↔1.0,0.819,0.3,буквы/слоги,3,,1259,0.9903
2026-04-05T04:32:49.672212,10287,0.1↔0.3,0.825,100.0,целые тексты,3,,1260,0.9905
2026-04-05T04:32:49.837205,10290,0.1↔0.3,0.824,30.0,абзацы,3,,1261,0.9907
2026-04-05T04:32:49.994204,10293,0.1↔0.3,0.834,100.0,целые тексты,1,бытовой,1262,0.9909
2026-04-05T04:32:50.258203,10296,0.1↔0.3,0.823,100.0,целые тексты,3,,1263,0.9908
2026-04-05T04:32:50.369207,10298,0.1↔0.3,0.827,0.1,буквы/слоги,3,,1264,0.9910
2026-04-05T04:32:51.078227,10310,0.1↔0.3,0.832,0.1,буквы/слоги,2,научный,1265,0.9909
2026-04-05T04:32:51.153204,10311,0.3↔1.0,0.823,0.1,буквы/слоги,4,метафорический,1266,0.9911
2026-04-05T04:32:51.239200,10312,0.3↔1.0,0.809,3.0,словосочетания,4,метафорический,1267,0.9913
2026-04-05T04:32:51.450227,10315,0.1↔0.3,0.836,10.0,предложения,1,бытовой,1268,0.9915
2026-04-05T04:32:51.779226,10321,0.1↔0.3,0.836,0.3,буквы/слоги,2,научный,1269,0.9917
2026-04-05T04:32:52.067198,10325,0.3↔1.0,0.825,0.3,буквы/слоги,4,метафорический,1270,0.9916
2026-04-05T04:32:52.375227,10330,0.1↔0.3,0.825,100.0,целые тексты,3,,1271,0.9915
2026-04-05T04:32:52.446202,10331,0.3↔1.0,0.815,3.0,словосочетания,2,научный,1272,0.9917
2026-04-05T04:32:52.855227,10339,0.1↔0.3,0.835,1.0,слова,1,бытовой,1273,0.9919
2026-04-05T04:32:53.650202,10350,0.1↔0.3,0.822,100.0,целые тексты,1,бытовой,1274,0.9912
2026-04-05T04:32:53.859201,10353,0.1↔0.3,0.825,0.3,буквы/слоги,2,научный,1275,0.9914
2026-04-05T04:32:54.133201,10358,0.3↔1.0,0.820,3.0,словосочетания,1,бытовой,1276,0.9916
2026-04-05T04:32:54.909202,10371,0.1↔0.3,0.826,100.0,целые тексты,1,бытовой,1277,0.9915
2026-04-05T04:32:56.394228,10396,0.1↔0.3,0.837,10.0,предложения,1,бытовой,1278,0.9905
2026-04-05T04:32:56.966208,10406,0.3↔1.0,0.830,0.1,буквы/слоги,2,научный,1279,0.9904
2026-04-05T04:32:57.283227,10411,0.3↔1.0,0.827,30.0,абзацы,3,,1280,0.9903
2026-04-05T04:32:57.831204,10420,0.1↔0.3,0.836,1.0,слова,1,бытовой,1281,0.9899
2026-04-05T04:32:57.967203,10422,0.1↔0.3,0.836,10.0,предложения,4,метафорический,1282,0.9901
2026-04-05T04:32:58.111201,10424,0.1↔0.3,0.816,10.0,предложения,2,научный,1283,0.9903
2026-04-05T04:32:58.447228,10430,0.3↔1.0,0.834,0.3,буквы/слоги,2,научный,1284,0.9905
2026-04-05T04:32:58.586227,10432,0.1↔0.3,0.816,10.0,предложения,1,бытовой,1285,0.9907
2026-04-05T04:32:58.976228,10438,0.3↔1.0,0.813,10.0,предложения,2,научный,1286,0.9906
2026-04-05T04:32:59.777227,10451,0.3↔1.0,0.832,0.1,буквы/слоги,3,,1287,0.9899
2026-04-05T04:32:59.936201,10453,0.1↔0.3,0.827,100.0,целые тексты,4,метафорический,1288,0.9898
2026-04-05T04:33:00.703228,10466,0.1↔0.3,0.830,0.3,буквы/слоги,1,бытовой,1289,0.9897
2026-04-05T04:33:00.935203,10470,0.3↔1.0,0.828,30.0,абзацы,1,бытовой,1290,0.9899
2026-04-05T04:33:01.053198,10472,0.3↔1.0,0.813,100.0,целые тексты,2,научный,1291,0.9901
2026-04-05T04:33:01.209199,10474,0.3↔1.0,0.838,30.0,абзацы,3,,1292,0.9903
2026-04-05T04:33:02.059203,10487,0.1↔0.3,0.828,30.0,абзацы,3,,1293,0.9899
2026-04-05T04:33:02.696205,10497,0.1↔0.3,0.814,0.3,буквы/слоги,2,научный,1294,0.9895
2026-04-05T04:33:02.761199,10498,0.1↔0.3,0.834,3.0,словосочетания,3,,1295,0.9897
2026-04-05T04:33:03.859206,10515,0.1↔0.3,0.819,30.0,абзацы,2,научный,1296,0.9890
2026-04-05T04:33:04.349203,10524,0.3↔1.0,0.822,100.0,целые тексты,4,метафорический,1297,0.9886
2026-04-05T04:33:04.484199,10526,0.3↔1.0,0.825,0.3,буквы/слоги,3,,1298,0.9888
2026-04-05T04:33:05.124203,10538,0.1↔0.3,0.813,10.0,предложения,1,бытовой,1299,0.9890
2026-04-05T04:33:05.347208,10541,0.1↔0.3,0.824,100.0,целые тексты,4,метафорический,1300,0.9892
2026-04-05T04:33:05.519209,10544,0.1↔0.3,0.829,1.0,слова,3,,1301,0.9894
2026-04-05T04:33:06.068228,10554,0.1↔0.3,0.814,100.0,целые тексты,2,научный,1302,0.9893
2026-04-05T04:33:06.243209,10557,0.1↔0.3,0.810,3.0,словосочетания,4,метафорический,1303,0.9895
2026-04-05T04:33:06.935199,10569,0.1↔0.3,0.815,3.0,словосочетания,4,метафорический,1304,0.9888
2026-04-05T04:33:07.282228,10575,0.1↔0.3,0.816,100.0,целые тексты,4,метафорический,1305,0.9890
2026-04-05T04:33:07.519228,10579,0.3↔1.0,0.828,10.0,предложения,3,,1306,0.9892
2026-04-05T04:33:07.733200,10582,0.1↔0.3,0.810,0.3,буквы/слоги,1,бытовой,1307,0.9891
2026-04-05T04:33:07.910208,10585,0.1↔0.3,0.829,0.1,буквы/слоги,3,,1308,0.9893
2026-04-05T04:33:08.632207,10598,0.3↔1.0,0.832,10.0,предложения,1,бытовой,1309,0.9892
2026-04-05T04:33:08.876228,10602,0.3↔1.0,0.817,3.0,словосочетания,4,метафорический,1310,0.9894
2026-04-05T04:33:09.237213,10609,0.1↔0.3,0.814,0.3,буквы/слоги,1,бытовой,1311,0.9896
2026-04-05T04:33:09.305209,10610,0.3↔1.0,0.815,100.0,целые тексты,1,бытовой,1312,0.9898
2026-04-05T04:33:09.704203,10617,0.3↔1.0,0.822,3.0,словосочетания,2,научный,1313,0.9897
2026-04-05T04:33:11.118229,10642,0.3↔1.0,0.837,0.1,буквы/слоги,2,научный,1314,0.9893
2026-04-05T04:33:11.486229,10649,0.1↔0.3,0.833,3.0,словосочетания,2,научный,1315,0.9895
2026-04-05T04:33:12.532229,10666,0.3↔1.0,0.824,30.0,абзацы,3,,1316,0.9888
2026-04-05T04:33:12.647200,10668,0.3↔1.0,0.821,3.0,словосочетания,1,бытовой,1317,0.9890
2026-04-05T04:33:12.786229,10670,0.1↔0.3,0.822,30.0,абзацы,2,научный,1318,0.9892
2026-04-05T04:33:13.663228,10686,0.1↔0.3,0.828,3.0,словосочетания,3,,1319,0.9888
2026-04-05T04:33:14.028229,10693,0.1↔0.3,0.812,100.0,целые тексты,1,бытовой,1320,0.9890
2026-04-05T04:33:14.196200,10695,0.1↔0.3,0.827,0.1,буквы/слоги,1,бытовой,1321,0.9892
2026-04-05T04:33:14.791229,10706,0.3↔1.0,0.820,100.0,целые тексты,4,метафорический,1322,0.9888
2026-04-05T04:33:15.484229,10719,0.1↔0.3,0.818,100.0,целые тексты,3,,1323,0.9887
2026-04-05T04:33:15.647209,10722,0.3↔1.0,0.808,10.0,предложения,2,научный,1324,0.9889
2026-04-05T04:33:15.698200,10723,0.1↔0.3,0.823,1.0,слова,1,бытовой,1325,0.9891
2026-04-05T04:33:15.795200,10724,0.1↔0.3,0.818,0.1,буквы/слоги,2,научный,1326,0.9893
2026-04-05T04:33:16.082229,10729,0.1↔0.3,0.829,0.3,буквы/слоги,3,,1327,0.9895
2026-04-05T04:33:17.626229,10758,0.1↔0.3,0.813,0.3,буквы/слоги,1,бытовой,1328,0.9888
2026-04-05T04:33:17.743205,10759,0.1↔0.3,0.830,0.1,буквы/слоги,3,,1329,0.9890
2026-04-05T04:33:18.324230,10768,0.1↔0.3,0.821,30.0,абзацы,2,научный,1330,0.9889
2026-04-05T04:33:18.563229,10772,0.3↔1.0,0.821,30.0,абзацы,4,метафорический,1331,0.9891
2026-04-05T04:33:18.960230,10779,0.3↔1.0,0.810,100.0,целые тексты,3,,1332,0.9893
2026-04-05T04:33:19.596230,10791,0.1↔0.3,0.814,30.0,абзацы,1,бытовой,1333,0.9895
2026-04-05T04:33:20.530230,10808,0.1↔0.3,0.814,100.0,целые тексты,2,научный,1334,0.9888
2026-04-05T04:33:20.798230,10813,0.1↔0.3,0.818,100.0,целые тексты,1,бытовой,1335,0.9890
2026-04-05T04:33:20.964210,10816,0.1↔0.3,0.813,3.0,словосочетания,3,,1336,0.9892
2026-04-05T04:33:21.297201,10822,0.3↔1.0,0.825,1.0,слова,2,научный,1337,0.9891
2026-04-05T04:33:21.954230,10834,0.1↔0.3,0.816,3.0,словосочетания,1,бытовой,1338,0.9890
2026-04-05T04:33:22.391201,10842,0.3↔1.0,0.834,30.0,абзацы,3,,1339,0.9889
2026-04-05T04:33:22.526201,10844,0.1↔0.3,0.818,0.1,буквы/слоги,2,научный,1340,0.9891
2026-04-05T04:33:22.863230,10850,0.1↔0.3,0.822,0.3,буквы/слоги,3,,1341,0.9893
2026-04-05T04:33:23.905211,10869,0.1↔0.3,0.830,30.0,абзацы,4,метафорический,1342,0.9895
2026-04-05T04:33:25.719230,10901,0.1↔0.3,0.826,10.0,предложения,2,научный,1343,0.9888
2026-04-05T04:33:25.894232,10904,0.1↔0.3,0.821,1.0,слова,1,бытовой,1344,0.9890
2026-04-05T04:33:26.025202,10906,0.3↔1.0,0.809,10.0,предложения,2,научный,1345,0.9892
2026-04-05T04:33:26.473230,10914,0.1↔0.3,0.819,0.1,буквы/слоги,2,научный,1346,0.9894
2026-04-05T04:33:28.155231,10943,0.1↔0.3,0.818,1.0,слова,3,,1347,0.9887
2026-04-05T04:33:28.522206,10950,0.1↔0.3,0.816,0.3,буквы/слоги,3,,1348,0.9889
2026-04-05T04:33:29.814230,10974,0.3↔1.0,0.810,3.0,словосочетания,1,бытовой,1349,0.9888
2026-04-05T04:33:30.052231,10978,0.3↔1.0,0.809,0.3,буквы/слоги,2,научный,1350,0.9890
2026-04-05T04:33:30.524231,10987,0.3↔1.0,0.812,1.0,слова,2,научный,1351,0.9892
2026-04-05T04:33:30.732211,10990,0.1↔0.3,0.810,10.0,предложения,1,бытовой,1352,0.9894
2026-04-05T04:33:30.967205,10994,0.1↔0.3,0.832,0.1,буквы/слоги,2,научный,1353,0.9893
2026-04-05T04:33:31.231231,10999,0.3↔1.0,0.830,1.0,слова,3,,1354,0.9895
2026-04-05T04:33:32.299231,11018,0.3↔1.0,0.832,0.1,буквы/слоги,3,,1355,0.9891
2026-04-05T04:33:33.279212,11037,0.3↔1.0,0.833,0.1,буквы/слоги,4,метафорический,1356,0.9893
2026-04-05T04:33:33.355207,11038,0.3↔1.0,0.816,100.0,целые тексты,4,метафорический,1357,0.9895
2026-04-05T04:33:33.782201,11046,0.1↔0.3,0.837,30.0,абзацы,2,научный,1358,0.9897
2026-04-05T04:33:33.975207,11048,0.1↔0.3,0.818,3.0,словосочетания,1,бытовой,1359,0.9899
2026-04-05T04:33:34.453219,11057,0.1↔0.3,0.809,0.1,буквы/слоги,3,,1360,0.9901
2026-04-05T04:33:34.711207,11061,0.1↔0.3,0.835,100.0,целые тексты,2,научный,1361,0.9900
2026-04-05T04:33:35.832231,11082,0.1↔0.3,0.826,3.0,словосочетания,1,бытовой,1362,0.9899
2026-04-05T04:33:36.062231,11086,0.3↔1.0,0.830,100.0,целые тексты,2,научный,1363,0.9901
2026-04-05T04:33:36.602231,11096,0.1↔0.3,0.819,100.0,целые тексты,3,,1364,0.9903
2026-04-05T04:33:36.921212,11101,0.3↔1.0,0.823,10.0,предложения,4,метафорический,1365,0.9905
2026-04-05T04:33:37.112203,11104,0.1↔0.3,0.810,30.0,абзацы,1,бытовой,1366,0.9904
2026-04-05T04:33:37.533231,11111,0.1↔0.3,0.833,3.0,словосочетания,3,,1367,0.9903
2026-04-05T04:33:37.725203,11114,0.3↔1.0,0.823,0.3,буквы/слоги,1,бытовой,1368,0.9902
2026-04-05T04:33:37.935231,11117,0.3↔1.0,0.811,0.1,буквы/слоги,2,научный,1369,0.9904
2026-04-05T04:33:38.066203,11119,0.1↔0.3,0.831,30.0,абзацы,3,,1370,0.9906
2026-04-05T04:33:38.477232,11126,0.1↔0.3,0.829,100.0,целые тексты,1,бытовой,1371,0.9908
2026-04-05T04:33:38.934212,11134,0.1↔0.3,0.831,100.0,целые тексты,1,бытовой,1372,0.9907
2026-04-05T04:33:39.204232,11139,0.3↔1.0,0.822,3.0,словосочетания,3,,1373,0.9909
2026-04-05T04:33:39.271209,11140,0.3↔1.0,0.809,100.0,целые тексты,1,бытовой,1374,0.9911
2026-04-05T04:33:39.697202,11147,0.1↔0.3,0.820,100.0,целые тексты,2,научный,1375,0.9907
2026-04-05T04:33:39.890209,11150,0.1↔0.3,0.816,100.0,целые тексты,2,научный,1376,0.9906
2026-04-05T04:33:39.965203,11151,0.1↔0.3,0.830,3.0,словосочетания,2,научный,1377,0.9908
2026-04-05T04:33:40.147213,11154,0.1↔0.3,0.822,30.0,абзацы,3,,1378,0.9910
2026-04-05T04:33:40.723207,11165,0.1↔0.3,0.836,10.0,предложения,4,метафорический,1379,0.9912
2026-04-05T04:33:40.934205,11167,0.3↔1.0,0.831,10.0,предложения,3,,1380,0.9911
2026-04-05T04:33:41.781232,11182,0.3↔1.0,0.813,0.1,буквы/слоги,2,научный,1381,0.9910
2026-04-05T04:33:42.057231,11187,0.3↔1.0,0.820,0.3,буквы/слоги,4,метафорический,1382,0.9912
2026-04-05T04:33:42.453212,11194,0.3↔1.0,0.822,1.0,слова,4,метафорический,1383,0.9914
2026-04-05T04:33:42.875207,11201,0.1↔0.3,0.817,100.0,целые тексты,1,бытовой,1384,0.9916
2026-04-05T04:33:43.385232,11210,0.1↔0.3,0.831,0.3,буквы/слоги,3,,1385,0.9915
2026-04-05T04:33:43.611232,11214,0.1↔0.3,0.832,100.0,целые тексты,1,бытовой,1386,0.9917
2026-04-05T04:33:43.676206,11215,0.3↔1.0,0.822,10.0,предложения,1,бытовой,1387,0.9919
2026-04-05T04:33:43.763208,11216,0.3↔1.0,0.809,30.0,абзацы,2,научный,1388,0.9921
2026-04-05T04:33:44.220213,11224,0.3↔1.0,0.822,0.3,буквы/слоги,4,метафорический,1389,0.9920
2026-04-05T04:33:44.451232,11228,0.1↔0.3,0.814,100.0,целые тексты,3,,1390,0.9922
2026-04-05T04:33:44.617234,11231,0.1↔0.3,0.813,100.0,целые тексты,1,бытовой,1391,0.9924
2026-04-05T04:33:45.192232,11241,0.1↔0.3,0.833,3.0,словосочетания,1,бытовой,1392,0.9926
2026-04-05T04:33:46.182207,11259,0.1↔0.3,0.829,30.0,абзацы,3,,1393,0.9925
2026-04-05T04:33:46.451232,11263,0.3↔1.0,0.813,100.0,целые тексты,3,,1394,0.9927
2026-04-05T04:33:46.784232,11269,0.3↔1.0,0.813,0.3,буквы/слоги,4,метафорический,1395,0.9929
2026-04-05T04:33:46.966213,11272,0.1↔0.3,0.834,10.0,предложения,4,метафорический,1396,0.9931
2026-04-05T04:33:47.836214,11288,0.1↔0.3,0.818,1.0,слова,3,,1397,0.9930
2026-04-05T04:33:49.164209,11309,0.1↔0.3,0.816,1.0,слова,2,научный,1398,0.9917
2026-04-05T04:33:49.763210,11318,0.3↔1.0,0.837,3.0,словосочетания,1,бытовой,1399,0.9916
2026-04-05T04:33:50.452233,11331,0.3↔1.0,0.828,100.0,целые тексты,2,научный,1400,0.9918
2026-04-05T04:33:51.339226,11347,0.1↔0.3,0.820,3.0,словосочетания,3,,1401,0.9920
2026-04-05T04:33:51.698232,11353,0.3↔1.0,0.828,3.0,словосочетания,3,,1402,0.9922
2026-04-05T04:33:51.852213,11356,0.3↔1.0,0.820,0.1,буквы/слоги,3,,1403,0.9924
2026-04-05T04:33:52.484233,11368,0.3↔1.0,0.820,1.0,слова,3,,1404,0.9923
2026-04-05T04:33:53.233204,11379,0.1↔0.3,0.822,1.0,слова,3,,1405,0.9919
2026-04-05T04:33:53.551233,11384,0.1↔0.3,0.836,30.0,абзацы,1,бытовой,1406,0.9921
2026-04-05T04:33:54.270233,11396,0.3↔1.0,0.808,0.1,буквы/слоги,1,бытовой,1407,0.9917
2026-04-05T04:33:54.409204,11398,0.1↔0.3,0.814,0.1,буквы/слоги,3,,1408,0.9919
2026-04-05T04:33:55.185233,11410,0.1↔0.3,0.822,1.0,слова,2,научный,1409,0.9912
2026-04-05T04:33:55.236209,11411,0.1↔0.3,0.834,30.0,абзацы,1,бытовой,1410,0.9914
2026-04-05T04:33:55.410207,11414,0.3↔1.0,0.835,10.0,предложения,2,научный,1411,0.9916
2026-04-05T04:33:55.463210,11415,0.1↔0.3,0.811,1.0,слова,3,,1412,0.9918
2026-04-05T04:33:56.070233,11426,0.1↔0.3,0.826,100.0,целые тексты,2,научный,1413,0.9914
2026-04-05T04:33:56.199233,11428,0.3↔1.0,0.808,100.0,целые тексты,1,бытовой,1414,0.9916
2026-04-05T04:33:56.330204,11430,0.1↔0.3,0.828,100.0,целые тексты,1,бытовой,1415,0.9918
2026-04-05T04:33:57.744233,11457,0.3↔1.0,0.813,100.0,целые тексты,3,,1416,0.9914
2026-04-05T04:33:58.996233,11479,0.1↔0.3,0.830,1.0,слова,4,метафорический,1417,0.9910
2026-04-05T04:33:59.402234,11486,0.1↔0.3,0.812,3.0,словосочетания,3,,1418,0.9909
2026-04-05T04:33:59.841215,11493,0.3↔1.0,0.824,100.0,целые тексты,3,,1419,0.9905
2026-04-05T04:34:00.000209,11495,0.1↔0.3,0.814,1.0,слова,2,научный,1420,0.9904
2026-04-05T04:34:00.066208,11496,0.1↔0.3,0.830,0.3,буквы/слоги,4,метафорический,1421,0.9906
2026-04-05T04:34:00.306212,11499,0.1↔0.3,0.837,3.0,словосочетания,1,бытовой,1422,0.9908
2026-04-05T04:34:00.432205,11501,0.3↔1.0,0.817,10.0,предложения,3,,1423,0.9910
2026-04-05T04:34:01.453215,11519,0.1↔0.3,0.825,1.0,слова,1,бытовой,1424,0.9909
2026-04-05T04:34:02.588234,11537,0.1↔0.3,0.828,10.0,предложения,3,,1425,0.9905
2026-04-05T04:34:02.745205,11539,0.3↔1.0,0.808,100.0,целые тексты,1,бытовой,1426,0.9907
2026-04-05T04:34:02.984234,11543,0.1↔0.3,0.816,30.0,абзацы,2,научный,1427,0.9909
2026-04-05T04:34:03.037206,11544,0.1↔0.3,0.825,100.0,целые тексты,3,,1428,0.9911
2026-04-05T04:34:03.290234,11548,0.3↔1.0,0.838,0.3,буквы/слоги,2,научный,1429,0.9913
2026-04-05T04:34:03.355210,11549,0.1↔0.3,0.809,100.0,целые тексты,2,научный,1430,0.9915
2026-04-05T04:34:03.568234,11553,0.1↔0.3,0.823,0.1,буквы/слоги,2,научный,1431,0.9917
2026-04-05T04:34:03.833234,11558,0.1↔0.3,0.818,0.1,буквы/слоги,2,научный,1432,0.9919
2026-04-05T04:34:04.477216,11570,0.3↔1.0,0.825,0.3,буквы/слоги,1,бытовой,1433,0.9918
2026-04-05T04:34:05.615234,11591,0.3↔1.0,0.811,3.0,словосочетания,4,метафорический,1434,0.9914
2026-04-05T04:34:06.235235,11603,0.3↔1.0,0.829,10.0,предложения,2,научный,1435,0.9916
2026-04-05T04:34:06.883234,11615,0.1↔0.3,0.829,10.0,предложения,1,бытовой,1436,0.9915
2026-04-05T04:34:07.365206,11623,0.3↔1.0,0.828,30.0,абзацы,1,бытовой,1437,0.9914
2026-04-05T04:34:07.702234,11629,0.3↔1.0,0.809,100.0,целые тексты,2,научный,1438,0.9916
2026-04-05T04:34:08.128205,11637,0.3↔1.0,0.809,0.1,буквы/слоги,3,,1439,0.9912
2026-04-05T04:34:08.417234,11642,0.1↔0.3,0.813,0.1,буквы/слоги,4,метафорический,1440,0.9914
2026-04-05T04:34:08.683208,11647,0.1↔0.3,0.822,10.0,предложения,3,,1441,0.9916
2026-04-05T04:34:08.844215,11650,0.1↔0.3,0.814,0.1,буквы/слоги,3,,1442,0.9918
2026-04-05T04:34:10.091235,11672,0.3↔1.0,0.820,0.1,буквы/слоги,2,научный,1443,0.9917
2026-04-05T04:34:10.506234,11679,0.1↔0.3,0.811,0.1,буквы/слоги,2,научный,1444,0.9919
2026-04-05T04:34:10.617211,11680,0.1↔0.3,0.823,0.1,буквы/слоги,2,научный,1445,0.9921
2026-04-05T04:34:11.538235,11698,0.1↔0.3,0.818,100.0,целые тексты,1,бытовой,1446,0.9923
2026-04-05T04:34:11.689215,11700,0.3↔1.0,0.814,100.0,целые тексты,1,бытовой,1447,0.9925
2026-04-05T04:34:11.880235,11703,0.3↔1.0,0.818,3.0,словосочетания,2,научный,1448,0.9927
2026-04-05T04:34:12.141235,11708,0.1↔0.3,0.838,1.0,слова,3,,1449,0.9929
2026-04-05T04:34:12.660235,11717,0.3↔1.0,0.838,0.3,буквы/слоги,3,,1450,0.9931
2026-04-05T04:34:12.995235,11722,0.3↔1.0,0.820,30.0,абзацы,3,,1451,0.9933
2026-04-05T04:34:13.527235,11732,0.3↔1.0,0.836,0.1,буквы/слоги,3,,1452,0.9929
2026-04-05T04:34:15.021235,11761,0.1↔0.3,0.836,0.1,буквы/слоги,4,метафорический,1453,0.9931
2026-04-05T04:34:15.076206,11762,0.3↔1.0,0.835,100.0,целые тексты,1,бытовой,1454,0.9933
2026-04-05T04:34:15.233235,11765,0.1↔0.3,0.833,0.3,буквы/слоги,2,научный,1455,0.9935
2026-04-05T04:34:15.288206,11766,0.3↔1.0,0.829,0.3,буквы/слоги,2,научный,1456,0.9937
2026-04-05T04:34:15.354208,11767,0.1↔0.3,0.825,100.0,целые тексты,3,,1457,0.9939
2026-04-05T04:34:15.509235,11769,0.3↔1.0,0.809,1.0,слова,2,научный,1458,0.9941
2026-04-05T04:34:17.120209,11797,0.1↔0.3,0.820,30.0,абзацы,3,,1459,0.9934
2026-04-05T04:34:17.374208,11801,0.3↔1.0,0.813,0.3,буквы/слоги,1,бытовой,1460,0.9936
2026-04-05T04:34:17.560206,11804,0.1↔0.3,0.824,1.0,слова,3,,1461,0.9935
2026-04-05T04:34:17.628207,11805,0.3↔1.0,0.823,0.3,буквы/слоги,3,,1462,0.9937
2026-04-05T04:34:18.161235,11814,0.1↔0.3,0.829,0.3,буквы/слоги,1,бытовой,1463,0.9939
2026-04-05T04:34:18.879210,11826,0.1↔0.3,0.835,30.0,абзацы,2,научный,1464,0.9938
2026-04-05T04:34:19.946206,11845,0.3↔1.0,0.835,30.0,абзацы,2,научный,1465,0.9937
2026-04-05T04:34:20.014207,11846,0.1↔0.3,0.834,30.0,абзацы,1,бытовой,1466,0.9939
2026-04-05T04:34:20.645210,11857,0.1↔0.3,0.812,0.3,буквы/слоги,1,бытовой,1467,0.9935
2026-04-05T04:34:21.425236,11871,0.3↔1.0,0.818,0.3,буквы/слоги,3,,1468,0.9937
2026-04-05T04:34:21.596207,11874,0.1↔0.3,0.810,30.0,абзацы,3,,1469,0.9936
2026-04-05T04:34:21.659207,11875,0.3↔1.0,0.835,10.0,предложения,1,бытовой,1470,0.9938
2026-04-05T04:34:21.987213,11880,0.1↔0.3,0.826,3.0,словосочетания,3,,1471,0.9937
2026-04-05T04:34:22.107208,11882,0.3↔1.0,0.809,10.0,предложения,3,,1472,0.9939
2026-04-05T04:34:23.050209,11897,0.1↔0.3,0.811,30.0,абзацы,1,бытовой,1473,0.9929
2026-04-05T04:34:23.381235,11903,0.3↔1.0,0.828,1.0,слова,3,,1474,0.9931
2026-04-05T04:34:23.773236,11908,0.3↔1.0,0.818,1.0,слова,2,научный,1475,0.9930
2026-04-05T04:34:24.103236,11914,0.1↔0.3,0.828,10.0,предложения,1,бытовой,1476,0.9932
2026-04-05T04:34:24.747208,11923,0.3↔1.0,0.818,3.0,словосочетания,3,,1477,0.9925
2026-04-05T04:34:24.983236,11927,0.1↔0.3,0.835,3.0,словосочетания,1,бытовой,1478,0.9927
2026-04-05T04:34:26.542207,11955,0.1↔0.3,0.833,100.0,целые тексты,4,метафорический,1479,0.9920
2026-04-05T04:34:26.729213,11957,0.3↔1.0,0.826,0.3,буквы/слоги,2,научный,1480,0.9919
2026-04-05T04:34:26.809214,11958,0.1↔0.3,0.835,0.1,буквы/слоги,1,бытовой,1481,0.9921
2026-04-05T04:34:27.302238,11967,0.3↔1.0,0.816,1.0,слова,3,,1482,0.9923
2026-04-05T04:34:27.477236,11970,0.1↔0.3,0.831,0.1,буквы/слоги,3,,1483,0.9925
2026-04-05T04:34:27.611207,11972,0.3↔1.0,0.835,30.0,абзацы,1,бытовой,1484,0.9927
2026-04-05T04:34:28.147236,11980,0.1↔0.3,0.817,1.0,слова,1,бытовой,1485,0.9923
2026-04-05T04:34:28.681208,11988,0.3↔1.0,0.837,10.0,предложения,3,,1486,0.9922
2026-04-05T04:34:29.012209,11993,0.1↔0.3,0.828,30.0,абзацы,1,бытовой,1487,0.9921
2026-04-05T04:34:29.443237,12001,0.3↔1.0,0.816,100.0,целые тексты,1,бытовой,1488,0.9923
2026-04-05T04:34:29.912237,12009,0.3↔1.0,0.817,100.0,целые тексты,1,бытовой,1489,0.9925
2026-04-05T04:34:30.586237,12020,0.1↔0.3,0.814,0.1,буквы/слоги,1,бытовой,1490,0.9924
2026-04-05T04:34:30.776237,12023,0.3↔1.0,0.834,3.0,словосочетания,2,научный,1491,0.9926
2026-04-05T04:34:31.574217,12038,0.3↔1.0,0.811,10.0,предложения,4,метафорический,1492,0.9928
2026-04-05T04:34:32.466218,12053,0.3↔1.0,0.829,30.0,абзацы,1,бытовой,1493,0.9921
2026-04-05T04:34:32.529214,12054,0.1↔0.3,0.817,1.0,слова,3,,1494,0.9923
2026-04-05T04:34:32.590215,12055,0.1↔0.3,0.823,1.0,слова,2,научный,1495,0.9925
2026-04-05T04:34:33.283212,12066,0.3↔1.0,0.812,10.0,предложения,1,бытовой,1496,0.9918
2026-04-05T04:34:33.415212,12067,0.1↔0.3,0.827,30.0,абзацы,2,научный,1497,0.9920
2026-04-05T04:34:34.360213,12084,0.1↔0.3,0.837,30.0,абзацы,1,бытовой,1498,0.9919
2026-04-05T04:34:34.646237,12089,0.3↔1.0,0.833,0.1,буквы/слоги,2,научный,1499,0.9921
2026-04-05T04:34:34.826211,12091,0.3↔1.0,0.824,3.0,словосочетания,2,научный,1500,0.9923
2026-04-05T04:34:35.115237,12094,0.3↔1.0,0.827,1.0,слова,1,бытовой,1501,0.9922
2026-04-05T04:34:35.845237,12106,0.1↔0.3,0.833,10.0,предложения,2,научный,1502,0.9921
2026-04-05T04:34:36.187218,12112,0.1↔0.3,0.837,100.0,целые тексты,2,научный,1503,0.9923
2026-04-05T04:34:36.816237,12124,0.1↔0.3,0.818,100.0,целые тексты,1,бытовой,1504,0.9925
2026-04-05T04:34:37.303238,12133,0.1↔0.3,0.837,0.3,буквы/слоги,2,научный,1505,0.9927
2026-04-05T04:34:38.216238,12149,0.1↔0.3,0.814,3.0,словосочетания,1,бытовой,1506,0.9920
2026-04-05T04:34:38.537238,12155,0.1↔0.3,0.826,1.0,слова,1,бытовой,1507,0.9922
2026-04-05T04:34:38.648208,12157,0.3↔1.0,0.828,0.1,буквы/слоги,2,научный,1508,0.9924
2026-04-05T04:34:38.813237,12159,0.3↔1.0,0.816,30.0,абзацы,4,метафорический,1509,0.9926
2026-04-05T04:34:38.870216,12160,0.1↔0.3,0.836,1.0,слова,2,научный,1510,0.9928
2026-04-05T04:34:40.419238,12186,0.3↔1.0,0.827,30.0,абзацы,1,бытовой,1511,0.9918
2026-04-05T04:34:40.748238,12191,0.3↔1.0,0.829,100.0,целые тексты,3,,1512,0.9917
2026-04-05T04:34:41.198238,12198,0.1↔0.3,0.824,3.0,словосочетания,2,научный,1513,0.9919
2026-04-05T04:34:41.713238,12207,0.3↔1.0,0.810,10.0,предложения,1,бытовой,1514,0.9915
2026-04-05T04:34:42.686238,12224,0.1↔0.3,0.810,0.3,буквы/слоги,2,научный,1515,0.9908
2026-04-05T04:34:43.338209,12236,0.1↔0.3,0.812,100.0,целые тексты,1,бытовой,1516,0.9910
2026-04-05T04:34:43.594238,12240,0.1↔0.3,0.832,100.0,целые тексты,4,метафорический,1517,0.9912
2026-04-05T04:34:44.068213,12249,0.1↔0.3,0.820,10.0,предложения,3,,1518,0.9914
2026-04-05T04:34:44.876212,12264,0.1↔0.3,0.827,3.0,словосочетания,4,метафорический,1519,0.9916
2026-04-05T04:34:45.100238,12267,0.1↔0.3,0.827,0.3,буквы/слоги,3,,1520,0.9918
2026-04-05T04:34:45.588213,12276,0.1↔0.3,0.833,100.0,целые тексты,3,,1521,0.9917
2026-04-05T04:34:47.042238,12301,0.1↔0.3,0.822,0.1,буквы/слоги,2,научный,1522,0.9913
2026-04-05T04:34:47.198218,12304,0.3↔1.0,0.812,10.0,предложения,4,метафорический,1523,0.9912
2026-04-05T04:34:47.466238,12309,0.3↔1.0,0.817,30.0,абзацы,3,,1524,0.9914
2026-04-05T04:34:48.007238,12319,0.1↔0.3,0.822,0.1,буквы/слоги,3,,1525,0.9916
2026-04-05T04:34:48.217238,12322,0.1↔0.3,0.831,10.0,предложения,1,бытовой,1526,0.9918
2026-04-05T04:34:48.339211,12324,0.1↔0.3,0.820,30.0,абзацы,2,научный,1527,0.9920
2026-04-05T04:34:48.596239,12328,0.3↔1.0,0.809,100.0,целые тексты,3,,1528,0.9922
2026-04-05T04:34:49.051238,12336,0.1↔0.3,0.818,0.1,буквы/слоги,1,бытовой,1529,0.9924
2026-04-05T04:34:49.754214,12349,0.1↔0.3,0.815,1.0,слова,2,научный,1530,0.9926
2026-04-05T04:34:49.967238,12353,0.1↔0.3,0.813,100.0,целые тексты,1,бытовой,1531,0.9928
2026-04-05T04:34:50.600238,12365,0.1↔0.3,0.823,30.0,абзацы,3,,1532,0.9927
2026-04-05T04:34:50.738214,12367,0.3↔1.0,0.824,3.0,словосочетания,1,бытовой,1533,0.9929
2026-04-05T04:34:50.963239,12371,0.1↔0.3,0.832,0.1,буквы/слоги,3,,1534,0.9931
2026-04-05T04:34:51.871238,12388,0.1↔0.3,0.810,30.0,абзацы,3,,1535,0.9924
2026-04-05T04:34:52.391219,12397,0.1↔0.3,0.817,100.0,целые тексты,3,,1536,0.9926
2026-04-05T04:34:52.753220,12404,0.1↔0.3,0.833,0.1,буквы/слоги,1,бытовой,1537,0.9928
2026-04-05T04:34:53.189239,12410,0.1↔0.3,0.828,0.1,буквы/слоги,2,научный,1538,0.9924
2026-04-05T04:34:53.794239,12421,0.3↔1.0,0.829,10.0,предложения,1,бытовой,1539,0.9926
2026-04-05T04:34:54.146210,12427,0.1↔0.3,0.835,10.0,предложения,3,,1540,0.9925
2026-04-05T04:34:54.703217,12437,0.1↔0.3,0.826,0.3,буквы/слоги,3,,1541,0.9927
2026-04-05T04:34:55.677214,12454,0.3↔1.0,0.820,3.0,словосочетания,1,бытовой,1542,0.9923
2026-04-05T04:34:55.824218,12456,0.1↔0.3,0.832,0.3,буквы/слоги,2,научный,1543,0.9925
2026-04-05T04:34:56.036239,12459,0.1↔0.3,0.838,0.1,буквы/слоги,2,научный,1544,0.9927
2026-04-05T04:34:56.299239,12463,0.1↔0.3,0.824,100.0,целые тексты,2,научный,1545,0.9929
2026-04-05T04:34:57.244239,12480,0.1↔0.3,0.823,3.0,словосочетания,1,бытовой,1546,0.9928
2026-04-05T04:34:57.465211,12483,0.3↔1.0,0.821,1.0,слова,1,бытовой,1547,0.9927
2026-04-05T04:34:58.074217,12494,0.1↔0.3,0.813,1.0,слова,1,бытовой,1548,0.9929
2026-04-05T04:34:58.734240,12503,0.1↔0.3,0.829,1.0,слова,3,,1549,0.9925
2026-04-05T04:34:58.887217,12505,0.1↔0.3,0.820,0.1,буквы/слоги,1,бытовой,1550,0.9927
2026-04-05T04:34:59.713217,12520,0.1↔0.3,0.814,10.0,предложения,1,бытовой,1551,0.9926
2026-04-05T04:35:00.078220,12527,0.1↔0.3,0.833,3.0,словосочетания,3,,1552,0.9928
2026-04-05T04:35:00.163215,12528,0.3↔1.0,0.811,0.3,буквы/слоги,3,,1553,0.9930
2026-04-05T04:35:00.937215,12540,0.3↔1.0,0.811,3.0,словосочетания,4,метафорический,1554,0.9926
2026-04-05T04:35:01.256220,12546,0.1↔0.3,0.825,0.1,буквы/слоги,1,бытовой,1555,0.9928
2026-04-05T04:35:02.379215,12564,0.1↔0.3,0.823,1.0,слова,2,научный,1556,0.9921
2026-04-05T04:35:03.435218,12581,0.3↔1.0,0.814,0.3,буквы/слоги,4,метафорический,1557,0.9911
2026-04-05T04:35:04.007221,12591,0.1↔0.3,0.829,3.0,словосочетания,1,бытовой,1558,0.9910
2026-04-05T04:35:04.464217,12599,0.1↔0.3,0.815,0.1,буквы/слоги,2,научный,1559,0.9909
2026-04-05T04:35:04.545211,12600,0.3↔1.0,0.810,0.1,буквы/слоги,1,бытовой,1560,0.9911
2026-04-05T04:35:05.574217,12616,0.3↔1.0,0.838,0.3,буквы/слоги,1,бытовой,1561,0.9904
2026-04-05T04:35:06.042240,12624,0.1↔0.3,0.817,30.0,абзацы,1,бытовой,1562,0.9906
2026-04-05T04:35:06.172212,12626,0.1↔0.3,0.815,0.1,буквы/слоги,1,бытовой,1563,0.9908
2026-04-05T04:35:06.750240,12636,0.1↔0.3,0.827,0.1,буквы/слоги,3,,1564,0.9910
2026-04-05T04:35:06.899218,12638,0.1↔0.3,0.830,1.0,слова,3,,1565,0.9912
2026-04-05T04:35:07.358240,12646,0.3↔1.0,0.824,100.0,целые тексты,1,бытовой,1566,0.9914
2026-04-05T04:35:07.574221,12649,0.1↔0.3,0.831,0.3,буквы/слоги,1,бытовой,1567,0.9916
2026-04-05T04:35:07.797211,12653,0.3↔1.0,0.811,10.0,предложения,2,научный,1568,0.9918
2026-04-05T04:35:08.096241,12658,0.3↔1.0,0.825,0.1,буквы/слоги,2,научный,1569,0.9920
2026-04-05T04:35:09.598221,12686,0.1↔0.3,0.812,100.0,целые тексты,2,научный,1570,0.9919
2026-04-05T04:35:11.236222,12714,0.3↔1.0,0.837,0.3,буквы/слоги,3,,1571,0.9906
2026-04-05T04:35:11.298212,12715,0.3↔1.0,0.836,30.0,абзацы,1,бытовой,1572,0.9908
2026-04-05T04:35:11.452221,12718,0.1↔0.3,0.815,3.0,словосочетания,2,научный,1573,0.9910
2026-04-05T04:35:11.894216,12726,0.3↔1.0,0.837,0.3,буквы/слоги,1,бытовой,1574,0.9912
2026-04-05T04:35:12.115241,12730,0.1↔0.3,0.814,30.0,абзацы,2,научный,1575,0.9914
2026-04-05T04:35:12.575219,12738,0.1↔0.3,0.827,30.0,абзацы,3,,1576,0.9913
2026-04-05T04:35:12.709212,12740,0.3↔1.0,0.834,0.1,буквы/слоги,3,,1577,0.9915
2026-04-05T04:35:12.972216,12743,0.3↔1.0,0.818,3.0,словосочетания,1,бытовой,1578,0.9914
2026-04-05T04:35:13.441241,12751,0.1↔0.3,0.837,10.0,предложения,1,бытовой,1579,0.9913
2026-04-05T04:35:14.498212,12770,0.1↔0.3,0.827,0.1,буквы/слоги,3,,1580,0.9903
2026-04-05T04:35:14.828222,12776,0.1↔0.3,0.821,0.3,буквы/слоги,2,научный,1581,0.9905
2026-04-05T04:35:15.095241,12780,0.1↔0.3,0.835,10.0,предложения,3,,1582,0.9907
2026-04-05T04:35:15.471241,12787,0.1↔0.3,0.823,0.3,буквы/слоги,4,метафорический,1583,0.9909
2026-04-05T04:35:16.511241,12805,0.1↔0.3,0.833,100.0,целые тексты,3,,1584,0.9899
2026-04-05T04:35:16.845241,12811,0.3↔1.0,0.809,10.0,предложения,3,,1585,0.9901
2026-04-05T04:35:16.901219,12812,0.3↔1.0,0.836,1.0,слова,1,бытовой,1586,0.9903
2026-04-05T04:35:17.405222,12821,0.1↔0.3,0.833,0.3,буквы/слоги,4,метафорический,1587,0.9902
2026-04-05T04:35:17.935216,12831,0.1↔0.3,0.835,0.3,буквы/слоги,4,метафорический,1588,0.9904
2026-04-05T04:35:18.229241,12835,0.3↔1.0,0.813,10.0,предложения,1,бытовой,1589,0.9906
2026-04-05T04:35:18.675241,12843,0.1↔0.3,0.823,0.1,буквы/слоги,3,,1590,0.9905
2026-04-05T04:35:19.153241,12852,0.3↔1.0,0.832,0.3,буквы/слоги,2,научный,1591,0.9907
2026-04-05T04:35:19.752222,12863,0.1↔0.3,0.825,100.0,целые тексты,1,бытовой,1592,0.9909
2026-04-05T04:35:19.957217,12866,0.3↔1.0,0.822,10.0,предложения,1,бытовой,1593,0.9911
2026-04-05T04:35:20.262217,12871,0.3↔1.0,0.832,100.0,целые тексты,3,,1594,0.9910
2026-04-05T04:35:20.341213,12872,0.1↔0.3,0.810,30.0,абзацы,1,бытовой,1595,0.9912
2026-04-05T04:35:21.141223,12887,0.1↔0.3,0.811,3.0,словосочетания,3,,1596,0.9911
2026-04-05T04:35:21.254213,12889,0.3↔1.0,0.833,0.3,буквы/слоги,4,метафорический,1597,0.9913
2026-04-05T04:35:21.464215,12892,0.3↔1.0,0.826,30.0,абзацы,4,метафорический,1598,0.9912
2026-04-05T04:35:22.091216,12904,0.1↔0.3,0.835,10.0,предложения,2,научный,1599,0.9914
2026-04-05T04:35:22.182219,12905,0.1↔0.3,0.836,0.1,буквы/слоги,3,,1600,0.9916
2026-04-05T04:35:22.359222,12908,0.1↔0.3,0.826,10.0,предложения,4,метафорический,1601,0.9918
2026-04-05T04:35:22.577241,12912,0.1↔0.3,0.830,1.0,слова,1,бытовой,1602,0.9920
2026-04-05T04:35:23.100242,12922,0.3↔1.0,0.836,0.3,буквы/слоги,4,метафорический,1603,0.9922
2026-04-05T04:35:23.513235,12929,0.1↔0.3,0.829,0.3,буквы/слоги,1,бытовой,1604,0.9924
2026-04-05T04:35:23.864242,12935,0.1↔0.3,0.838,0.3,буквы/слоги,3,,1605,0.9926
2026-04-05T04:35:25.435242,12965,0.1↔0.3,0.823,100.0,целые тексты,3,,1606,0.9925
2026-04-05T04:35:25.634244,12968,0.1↔0.3,0.814,0.3,буквы/слоги,3,,1607,0.9927
2026-04-05T04:35:25.800222,12971,0.1↔0.3,0.811,30.0,абзацы,1,бытовой,1608,0.9929
2026-04-05T04:35:26.295242,12980,0.3↔1.0,0.828,3.0,словосочетания,1,бытовой,1609,0.9931
2026-04-05T04:35:27.078224,12994,0.1↔0.3,0.815,1.0,слова,3,,1610,0.9930
2026-04-05T04:35:27.709242,13005,0.1↔0.3,0.834,0.1,буквы/слоги,2,научный,1611,0.9923
2026-04-05T04:35:27.874222,13008,0.3↔1.0,0.822,30.0,абзацы,1,бытовой,1612,0.9925
2026-04-05T04:35:27.999214,13010,0.1↔0.3,0.811,30.0,абзацы,1,бытовой,1613,0.9927
2026-04-05T04:35:28.364243,13015,0.1↔0.3,0.826,0.1,буквы/слоги,2,научный,1614,0.9929
2026-04-05T04:35:28.424219,13016,0.1↔0.3,0.830,0.1,буквы/слоги,2,научный,1615,0.9931
2026-04-05T04:35:28.885217,13024,0.3↔1.0,0.823,0.1,буквы/слоги,3,,1616,0.9930
2026-04-05T04:35:28.941214,13025,0.3↔1.0,0.821,0.3,буквы/слоги,2,научный,1617,0.9932
2026-04-05T04:35:30.261242,13049,0.1↔0.3,0.829,100.0,целые тексты,3,,1618,0.9931
2026-04-05T04:35:30.319218,13050,0.1↔0.3,0.813,30.0,абзацы,3,,1619,0.9933
2026-04-05T04:35:30.561214,13054,0.1↔0.3,0.815,1.0,слова,4,метафорический,1620,0.9932
2026-04-05T04:35:31.602243,13073,0.1↔0.3,0.810,3.0,словосочетания,3,,1621,0.9931
2026-04-05T04:35:32.429218,13088,0.3↔1.0,0.828,0.3,буквы/слоги,2,научный,1622,0.9933
2026-04-05T04:35:33.560243,13109,0.3↔1.0,0.827,10.0,предложения,4,метафорический,1623,0.9932
2026-04-05T04:35:34.240243,13121,0.1↔0.3,0.833,100.0,целые тексты,4,метафорический,1624,0.9934
2026-04-05T04:35:34.376224,13123,0.3↔1.0,0.810,3.0,словосочетания,4,метафорический,1625,0.9936
2026-04-05T04:35:35.233243,13139,0.3↔1.0,0.832,3.0,словосочетания,3,,1626,0.9935
2026-04-05T04:35:35.397218,13141,0.1↔0.3,0.809,10.0,предложения,3,,1627,0.9937
2026-04-05T04:35:35.629214,13145,0.1↔0.3,0.828,0.1,буквы/слоги,3,,1628,0.9936
2026-04-05T04:35:35.784243,13148,0.1↔0.3,0.817,1.0,слова,1,бытовой,1629,0.9938
2026-04-05T04:35:36.266243,13156,0.3↔1.0,0.832,10.0,предложения,1,бытовой,1630,0.9937
2026-04-05T04:35:36.482243,13160,0.1↔0.3,0.812,0.1,буквы/слоги,2,научный,1631,0.9939
2026-04-05T04:35:38.351225,13195,0.1↔0.3,0.817,0.1,буквы/слоги,1,бытовой,1632,0.9935
2026-04-05T04:35:38.943224,13205,0.3↔1.0,0.812,0.3,буквы/слоги,2,научный,1633,0.9937
2026-04-05T04:35:39.528217,13215,0.1↔0.3,0.819,30.0,абзацы,1,бытовой,1634,0.9933
2026-04-05T04:35:40.238221,13228,0.1↔0.3,0.821,10.0,предложения,3,,1635,0.9932
2026-04-05T04:35:40.433244,13231,0.1↔0.3,0.824,10.0,предложения,1,бытовой,1636,0.9934
2026-04-05T04:35:40.782216,13237,0.3↔1.0,0.825,1.0,слова,1,бытовой,1637,0.9936
2026-04-05T04:35:40.836215,13238,0.3↔1.0,0.823,3.0,словосочетания,1,бытовой,1638,0.9938
2026-04-05T04:35:40.964227,13240,0.3↔1.0,0.832,0.1,буквы/слоги,3,,1639,0.9940
2026-04-05T04:35:41.211226,13244,0.3↔1.0,0.819,100.0,целые тексты,2,научный,1640,0.9942
2026-04-05T04:35:41.702221,13253,0.3↔1.0,0.836,0.1,буквы/слоги,4,метафорический,1641,0.9944
2026-04-05T04:35:42.131244,13261,0.1↔0.3,0.834,3.0,словосочетания,4,метафорический,1642,0.9946
2026-04-05T04:35:42.683220,13270,0.1↔0.3,0.824,30.0,абзацы,1,бытовой,1643,0.9948
2026-04-05T04:35:42.777219,13271,0.3↔1.0,0.832,0.1,буквы/слоги,1,бытовой,1644,0.9950
2026-04-05T04:35:43.691244,13288,0.3↔1.0,0.837,0.3,буквы/слоги,3,,1645,0.9949
2026-04-05T04:35:43.881215,13290,0.3↔1.0,0.809,100.0,целые тексты,1,бытовой,1646,0.9951
2026-04-05T04:35:45.621244,13323,0.1↔0.3,0.832,30.0,абзацы,2,научный,1647,0.9947
2026-04-05T04:35:45.788225,13326,0.1↔0.3,0.826,0.1,буквы/слоги,2,научный,1648,0.9949
2026-04-05T04:35:46.183219,13333,0.3↔1.0,0.826,30.0,абзацы,1,бытовой,1649,0.9948
2026-04-05T04:35:46.871244,13345,0.1↔0.3,0.830,0.3,буквы/слоги,2,научный,1650,0.9950
2026-04-05T04:35:47.382215,13354,0.3↔1.0,0.820,1.0,слова,4,метафорический,1651,0.9952
2026-04-05T04:35:47.476220,13355,0.1↔0.3,0.811,3.0,словосочетания,3,,1652,0.9954
2026-04-05T04:35:47.717244,13359,0.1↔0.3,0.812,1.0,слова,2,научный,1653,0.9956
2026-04-05T04:35:48.080218,13365,0.1↔0.3,0.825,100.0,целые тексты,2,научный,1654,0.9958
2026-04-05T04:35:49.060244,13381,0.3↔1.0,0.812,3.0,словосочетания,3,,1655,0.9951
2026-04-05T04:35:49.551221,13390,0.3↔1.0,0.812,100.0,целые тексты,4,метафорический,1656,0.9950
2026-04-05T04:35:51.065220,13418,0.3↔1.0,0.821,3.0,словосочетания,4,метафорический,1657,0.9946
2026-04-05T04:35:51.540245,13427,0.1↔0.3,0.834,30.0,абзацы,3,,1658,0.9948
2026-04-05T04:35:51.879245,13433,0.1↔0.3,0.835,30.0,абзацы,3,,1659,0.9950
2026-04-05T04:35:52.246220,13439,0.3↔1.0,0.828,3.0,словосочетания,1,бытовой,1660,0.9949
2026-04-05T04:35:52.589245,13445,0.3↔1.0,0.816,0.3,буквы/слоги,3,,1661,0.9951
2026-04-05T04:35:53.187245,13456,0.1↔0.3,0.818,10.0,предложения,3,,1662,0.9950
2026-04-05T04:35:53.311216,13458,0.3↔1.0,0.825,0.3,буквы/слоги,2,научный,1663,0.9952
2026-04-05T04:35:53.415216,13459,0.1↔0.3,0.835,30.0,абзацы,1,бытовой,1664,0.9954
2026-04-05T04:35:53.524226,13461,0.3↔1.0,0.832,100.0,целые тексты,1,бытовой,1665,0.9956
2026-04-05T04:35:53.793245,13466,0.3↔1.0,0.822,30.0,абзацы,2,научный,1666,0.9958
2026-04-05T04:35:54.016245,13470,0.1↔0.3,0.817,1.0,слова,2,научный,1667,0.9960
2026-04-05T04:35:54.519245,13478,0.1↔0.3,0.828,3.0,словосочетания,3,,1668,0.9962
2026-04-05T04:35:54.886225,13484,0.1↔0.3,0.822,100.0,целые тексты,1,бытовой,1669,0.9961
2026-04-05T04:35:55.400220,13494,0.1↔0.3,0.831,0.3,буквы/слоги,2,научный,1670,0.9963
2026-04-05T04:35:55.713217,13498,0.1↔0.3,0.821,30.0,абзацы,2,научный,1671,0.9962
2026-04-05T04:35:55.794216,13499,0.3↔1.0,0.828,30.0,абзацы,1,бытовой,1672,0.9964
2026-04-05T04:35:56.032245,13503,0.1↔0.3,0.820,0.1,буквы/слоги,2,научный,1673,0.9966
2026-04-05T04:35:56.304218,13507,0.1↔0.3,0.811,0.1,буквы/слоги,1,бытовой,1674,0.9965
2026-04-05T04:35:56.956245,13519,0.1↔0.3,0.809,1.0,слова,1,бытовой,1675,0.9967
2026-04-05T04:35:57.534246,13529,0.1↔0.3,0.827,3.0,словосочетания,2,научный,1676,0.9966
2026-04-05T04:35:58.261220,13542,0.1↔0.3,0.822,30.0,абзацы,3,,1677,0.9965
2026-04-05T04:35:59.126217,13557,0.1↔0.3,0.837,30.0,абзацы,1,бытовой,1678,0.9961
2026-04-05T04:35:59.809226,13569,0.3↔1.0,0.837,0.3,буквы/слоги,1,бытовой,1679,0.9960
2026-04-05T04:36:00.660245,13583,0.1↔0.3,0.832,30.0,абзацы,4,метафорический,1680,0.9953
2026-04-05T04:36:01.257226,13594,0.1↔0.3,0.822,0.3,буквы/слоги,2,научный,1681,0.9955
2026-04-05T04:36:01.947217,13606,0.1↔0.3,0.827,0.3,буквы/слоги,4,метафорический,1682,0.9948
2026-04-05T04:36:02.070226,13608,0.3↔1.0,0.814,0.3,буквы/слоги,3,,1683,0.9950
2026-04-05T04:36:02.230228,13611,0.1↔0.3,0.809,3.0,словосочетания,2,научный,1684,0.9952
2026-04-05T04:36:02.670246,13619,0.3↔1.0,0.814,0.1,буквы/слоги,2,научный,1685,0.9954
2026-04-05T04:36:03.202246,13628,0.1↔0.3,0.835,10.0,предложения,1,бытовой,1686,0.9953
2026-04-05T04:36:03.271223,13629,0.1↔0.3,0.830,0.1,буквы/слоги,3,,1687,0.9955
2026-04-05T04:36:03.499246,13633,0.3↔1.0,0.826,100.0,целые тексты,1,бытовой,1688,0.9957
2026-04-05T04:36:04.225227,13646,0.3↔1.0,0.829,0.1,буквы/слоги,2,научный,1689,0.9953
2026-04-05T04:36:04.741246,13656,0.3↔1.0,0.824,30.0,абзацы,4,метафорический,1690,0.9955
2026-04-05T04:36:05.314223,13666,0.1↔0.3,0.829,10.0,предложения,4,метафорический,1691,0.9954
2026-04-05T04:36:06.119224,13680,0.3↔1.0,0.838,0.3,буквы/слоги,1,бытовой,1692,0.9950
2026-04-05T04:36:06.615246,13689,0.1↔0.3,0.816,1.0,слова,1,бытовой,1693,0.9952
2026-04-05T04:36:06.708223,13690,0.1↔0.3,0.833,3.0,словосочетания,2,научный,1694,0.9954
2026-04-05T04:36:08.527227,13722,0.1↔0.3,0.823,0.3,буквы/слоги,2,научный,1695,0.9941
2026-04-05T04:36:08.851220,13728,0.3↔1.0,0.810,0.1,буквы/слоги,1,бытовой,1696,0.9940
2026-04-05T04:36:09.387247,13737,0.3↔1.0,0.829,100.0,целые тексты,3,,1697,0.9939
2026-04-05T04:36:10.150226,13749,0.1↔0.3,0.831,3.0,словосочетания,1,бытовой,1698,0.9938
2026-04-05T04:36:10.437247,13754,0.1↔0.3,0.810,3.0,словосочетания,2,научный,1699,0.9940
2026-04-05T04:36:11.005247,13764,0.1↔0.3,0.837,10.0,предложения,2,научный,1700,0.9939
2026-04-05T04:36:11.077223,13765,0.1↔0.3,0.818,30.0,абзацы,2,научный,1701,0.9941
2026-04-05T04:36:11.621247,13775,0.3↔1.0,0.831,3.0,словосочетания,2,научный,1702,0.9940
2026-04-05T04:36:11.696220,13776,0.1↔0.3,0.827,100.0,целые тексты,2,научный,1703,0.9942
2026-04-05T04:36:11.814247,13778,0.1↔0.3,0.820,0.3,буквы/слоги,3,,1704,0.9944
2026-04-05T04:36:11.927217,13780,0.1↔0.3,0.814,0.1,буквы/слоги,1,бытовой,1705,0.9946
2026-04-05T04:36:12.637247,13793,0.3↔1.0,0.824,30.0,абзацы,2,научный,1706,0.9948
2026-04-05T04:36:12.795223,13795,0.3↔1.0,0.836,3.0,словосочетания,3,,1707,0.9947
2026-04-05T04:36:13.306218,13803,0.1↔0.3,0.809,30.0,абзацы,3,,1708,0.9943
2026-04-05T04:36:13.711247,13810,0.1↔0.3,0.812,100.0,целые тексты,3,,1709,0.9942
2026-04-05T04:36:14.097221,13817,0.1↔0.3,0.826,0.1,буквы/слоги,3,,1710,0.9944
2026-04-05T04:36:14.352247,13820,0.3↔1.0,0.828,30.0,абзацы,2,научный,1711,0.9946
2026-04-05T04:36:15.632228,13844,0.1↔0.3,0.813,30.0,абзацы,1,бытовой,1712,0.9945
2026-04-05T04:36:15.794222,13846,0.1↔0.3,0.832,0.3,буквы/слоги,4,метафорический,1713,0.9947
2026-04-05T04:36:16.163247,13852,0.3↔1.0,0.809,1.0,слова,3,,1714,0.9946
2026-04-05T04:36:17.014247,13866,0.3↔1.0,0.820,100.0,целые тексты,3,,1715,0.9945
2026-04-05T04:36:17.154218,13868,0.1↔0.3,0.815,10.0,предложения,3,,1716,0.9947
2026-04-05T04:36:18.589228,13895,0.1↔0.3,0.815,1.0,слова,4,метафорический,1717,0.9946
2026-04-05T04:36:19.850248,13917,0.1↔0.3,0.825,0.1,буквы/слоги,1,бытовой,1718,0.9945
2026-04-05T04:36:20.130248,13922,0.3↔1.0,0.834,0.3,буквы/слоги,4,метафорический,1719,0.9947
2026-04-05T04:36:21.408247,13946,0.1↔0.3,0.828,1.0,слова,4,метафорический,1720,0.9946
2026-04-05T04:36:22.277248,13962,0.1↔0.3,0.832,30.0,абзацы,1,бытовой,1721,0.9948
2026-04-05T04:36:22.335220,13963,0.1↔0.3,0.818,1.0,слова,3,,1722,0.9950
2026-04-05T04:36:22.490248,13965,0.1↔0.3,0.828,3.0,словосочетания,3,,1723,0.9952
2026-04-05T04:36:22.557223,13966,0.1↔0.3,0.808,10.0,предложения,1,бытовой,1724,0.9954
2026-04-05T04:36:22.745248,13969,0.3↔1.0,0.811,0.3,буквы/слоги,3,,1725,0.9956
2026-04-05T04:36:23.949229,13991,0.3↔1.0,0.809,30.0,абзацы,1,бытовой,1726,0.9958
2026-04-05T04:36:24.662248,14003,0.1↔0.3,0.825,3.0,словосочетания,2,научный,1727,0.9957
2026-04-05T04:36:24.878248,14007,0.1↔0.3,0.815,100.0,целые тексты,3,,1728,0.9959
2026-04-05T04:36:25.537248,14018,0.1↔0.3,0.830,0.1,буквы/слоги,1,бытовой,1729,0.9958
2026-04-05T04:36:25.667223,14020,0.1↔0.3,0.819,30.0,абзацы,2,научный,1730,0.9960
2026-04-05T04:36:25.862219,14023,0.1↔0.3,0.823,10.0,предложения,3,,1731,0.9959
2026-04-05T04:36:25.925219,14024,0.1↔0.3,0.821,10.0,предложения,3,,1732,0.9961
2026-04-05T04:36:26.264248,14030,0.1↔0.3,0.821,10.0,предложения,2,научный,1733,0.9960
2026-04-05T04:36:26.391220,14032,0.3↔1.0,0.811,0.1,буквы/слоги,2,научный,1734,0.9962
2026-04-05T04:36:27.044248,14043,0.1↔0.3,0.819,10.0,предложения,3,,1735,0.9961
2026-04-05T04:36:27.185224,14045,0.1↔0.3,0.834,1.0,слова,1,бытовой,1736,0.9963
2026-04-05T04:36:27.456248,14050,0.1↔0.3,0.837,30.0,абзацы,1,бытовой,1737,0.9965
2026-04-05T04:36:27.642229,14053,0.1↔0.3,0.809,3.0,словосочетания,1,бытовой,1738,0.9967
2026-04-05T04:36:28.918224,14077,0.3↔1.0,0.835,1.0,слова,3,,1739,0.9969
2026-04-05T04:36:29.120248,14080,0.1↔0.3,0.811,1.0,слова,1,бытовой,1740,0.9971
2026-04-05T04:36:29.182225,14081,0.3↔1.0,0.830,0.1,буквы/слоги,2,научный,1741,0.9973
2026-04-05T04:36:29.758249,14092,0.1↔0.3,0.823,0.3,буквы/слоги,3,,1742,0.9975
2026-04-05T04:36:30.706249,14109,0.1↔0.3,0.829,1.0,слова,4,метафорический,1743,0.9974
2026-04-05T04:36:31.184229,14117,0.1↔0.3,0.820,100.0,целые тексты,4,метафорический,1744,0.9970
2026-04-05T04:36:31.346230,14120,0.1↔0.3,0.831,0.1,буквы/слоги,3,,1745,0.9972
2026-04-05T04:36:31.474220,14122,0.1↔0.3,0.808,0.1,буквы/слоги,2,научный,1746,0.9971
2026-04-05T04:36:31.800249,14128,0.1↔0.3,0.838,100.0,целые тексты,3,,1747,0.9973
2026-04-05T04:36:32.221249,14135,0.3↔1.0,0.809,30.0,абзацы,4,метафорический,1748,0.9972
2026-04-05T04:36:32.347220,14137,0.3↔1.0,0.809,10.0,предложения,3,,1749,0.9974
2026-04-05T04:36:33.350250,14153,0.1↔0.3,0.816,100.0,целые тексты,2,научный,1750,0.9967
2026-04-05T04:36:33.673249,14159,0.1↔0.3,0.830,1.0,слова,3,,1751,0.9969
2026-04-05T04:36:33.933249,14164,0.1↔0.3,0.821,0.1,буквы/слоги,2,научный,1752,0.9971
2026-04-05T04:36:34.343223,14172,0.1↔0.3,0.817,3.0,словосочетания,3,,1753,0.9973
2026-04-05T04:36:34.512229,14175,0.1↔0.3,0.826,0.3,буквы/слоги,4,метафорический,1754,0.9975
2026-04-05T04:36:35.664231,14195,0.1↔0.3,0.809,3.0,словосочетания,3,,1755,0.9965
2026-04-05T04:36:35.879249,14198,0.3↔1.0,0.833,0.3,буквы/слоги,1,бытовой,1756,0.9967
2026-04-05T04:36:36.086249,14202,0.1↔0.3,0.812,0.1,буквы/слоги,2,научный,1757,0.9969
2026-04-05T04:36:36.322249,14206,0.3↔1.0,0.812,30.0,абзацы,3,,1758,0.9971
2026-04-05T04:36:36.710220,14213,0.1↔0.3,0.818,100.0,целые тексты,2,научный,1759,0.9970
2026-04-05T04:36:37.381249,14225,0.3↔1.0,0.822,100.0,целые тексты,4,метафорический,1760,0.9972
2026-04-05T04:36:37.561249,14228,0.1↔0.3,0.834,3.0,словосочетания,2,научный,1761,0.9974
2026-04-05T04:36:38.138249,14239,0.1↔0.3,0.836,30.0,абзацы,1,бытовой,1762,0.9976
2026-04-05T04:36:38.558249,14247,0.1↔0.3,0.811,0.3,буквы/слоги,1,бытовой,1763,0.9978
2026-04-05T04:36:38.658227,14248,0.1↔0.3,0.810,0.3,буквы/слоги,2,научный,1764,0.9980
2026-04-05T04:36:38.848229,14251,0.3↔1.0,0.835,10.0,предложения,1,бытовой,1765,0.9980
2026-04-05T04:36:38.903221,14252,0.3↔1.0,0.814,1.0,слова,3,,1766,0.9980
2026-04-05T04:36:39.681250,14267,0.3↔1.0,0.820,10.0,предложения,3,,1767,0.9979
2026-04-05T04:36:40.950222,14289,0.1↔0.3,0.818,0.1,буквы/слоги,1,бытовой,1768,0.9969
2026-04-05T04:36:42.728250,14321,0.3↔1.0,0.811,30.0,абзацы,3,,1769,0.9968
2026-04-05T04:36:43.482250,14335,0.3↔1.0,0.817,0.1,буквы/слоги,3,,1770,0.9970
2026-04-05T04:36:44.666252,14355,0.3↔1.0,0.825,0.3,буквы/слоги,2,научный,1771,0.9966
2026-04-05T04:36:45.091249,14363,0.1↔0.3,0.836,0.1,буквы/слоги,3,,1772,0.9968
2026-04-05T04:36:45.280224,14366,0.1↔0.3,0.832,10.0,предложения,2,научный,1773,0.9970
2026-04-05T04:36:45.959250,14378,0.1↔0.3,0.836,10.0,предложения,1,бытовой,1774,0.9969
2026-04-05T04:36:46.580225,14389,0.1↔0.3,0.811,30.0,абзацы,1,бытовой,1775,0.9971
2026-04-05T04:36:46.950225,14396,0.3↔1.0,0.826,1.0,слова,1,бытовой,1776,0.9973
2026-04-05T04:36:47.036228,14397,0.1↔0.3,0.830,30.0,абзацы,1,бытовой,1777,0.9975
2026-04-05T04:36:47.198236,14400,0.1↔0.3,0.831,0.3,буквы/слоги,2,научный,1778,0.9977
2026-04-05T04:36:47.439250,14404,0.3↔1.0,0.822,1.0,слова,3,,1779,0.9979
2026-04-05T04:36:47.608231,14407,0.3↔1.0,0.831,0.1,буквы/слоги,3,,1780,0.9980
2026-04-05T04:36:47.754221,14409,0.1↔0.3,0.821,1.0,слова,1,бытовой,1781,0.9980
2026-04-05T04:36:48.629250,14424,0.1↔0.3,0.821,30.0,абзацы,1,бытовой,1782,0.9973
2026-04-05T04:36:48.748225,14425,0.3↔1.0,0.832,0.1,буквы/слоги,2,научный,1783,0.9975
2026-04-05T04:36:49.713250,14443,0.1↔0.3,0.835,3.0,словосочетания,1,бытовой,1784,0.9977
2026-04-05T04:36:49.837222,14445,0.1↔0.3,0.826,3.0,словосочетания,1,бытовой,1785,0.9979
2026-04-05T04:36:50.291250,14452,0.3↔1.0,0.809,3.0,словосочетания,3,,1786,0.9978
2026-04-05T04:36:50.932227,14463,0.1↔0.3,0.817,10.0,предложения,3,,1787,0.9977
2026-04-05T04:36:51.761251,14478,0.1↔0.3,0.811,3.0,словосочетания,4,метафорический,1788,0.9973
2026-04-05T04:36:51.984225,14482,0.3↔1.0,0.810,0.3,буквы/слоги,2,научный,1789,0.9972
2026-04-05T04:36:54.063251,14521,0.1↔0.3,0.831,0.3,буквы/слоги,1,бытовой,1790,0.9968
2026-04-05T04:36:54.126229,14522,0.3↔1.0,0.822,30.0,абзацы,3,,1791,0.9970
2026-04-05T04:36:54.320251,14525,0.1↔0.3,0.810,10.0,предложения,2,научный,1792,0.9972
2026-04-05T04:36:54.397228,14526,0.1↔0.3,0.815,10.0,предложения,1,бытовой,1793,0.9974
2026-04-05T04:36:54.726251,14532,0.3↔1.0,0.831,1.0,слова,3,,1794,0.9976
2026-04-05T04:36:55.576251,14547,0.1↔0.3,0.829,3.0,словосочетания,2,научный,1795,0.9975
2026-04-05T04:36:56.416231,14562,0.1↔0.3,0.816,100.0,целые тексты,2,научный,1796,0.9974
2026-04-05T04:36:56.476223,14563,0.3↔1.0,0.820,0.3,буквы/слоги,3,,1797,0.9976
2026-04-05T04:36:56.584227,14565,0.3↔1.0,0.818,0.1,буквы/слоги,2,научный,1798,0.9978
2026-04-05T04:36:57.520251,14582,0.1↔0.3,0.826,30.0,абзацы,2,научный,1799,0.9977
2026-04-05T04:36:58.214225,14593,0.1↔0.3,0.826,0.1,буквы/слоги,3,,1800,0.9973
2026-04-05T04:36:58.517228,14598,0.1↔0.3,0.824,3.0,словосочетания,3,,1801,0.9969
2026-04-05T04:36:58.821251,14603,0.1↔0.3,0.837,10.0,предложения,3,,1802,0.9971
2026-04-05T04:36:58.923226,14604,0.3↔1.0,0.830,30.0,абзацы,1,бытовой,1803,0.9973
2026-04-05T04:36:59.226223,14609,0.1↔0.3,0.823,100.0,целые тексты,1,бытовой,1804,0.9972
2026-04-05T04:36:59.385252,14612,0.1↔0.3,0.832,10.0,предложения,2,научный,1805,0.9974
2026-04-05T04:36:59.703252,14616,0.1↔0.3,0.817,1.0,слова,3,,1806,0.9976
2026-04-05T04:37:00.227226,14626,0.1↔0.3,0.827,10.0,предложения,3,,1807,0.9978
2026-04-05T04:37:00.927251,14639,0.3↔1.0,0.835,3.0,словосочетания,3,,1808,0.9980
2026-04-05T04:37:02.323227,14666,0.3↔1.0,0.815,30.0,абзацы,3,,1809,0.9976
2026-04-05T04:37:02.584228,14671,0.1↔0.3,0.829,100.0,целые тексты,1,бытовой,1810,0.9978
2026-04-05T04:37:03.028252,14679,0.3↔1.0,0.826,0.3,буквы/слоги,1,бытовой,1811,0.9980
2026-04-05T04:37:03.211226,14681,0.3↔1.0,0.817,0.1,буквы/слоги,1,бытовой,1812,0.9980
2026-04-05T04:37:03.768252,14691,0.3↔1.0,0.838,10.0,предложения,3,,1813,0.9980
2026-04-05T04:37:04.027252,14696,0.1↔0.3,0.829,100.0,целые тексты,2,научный,1814,0.9980
2026-04-05T04:37:04.085228,14697,0.3↔1.0,0.824,1.0,слова,1,бытовой,1815,0.9980
2026-04-05T04:37:04.249233,14700,0.3↔1.0,0.817,30.0,абзацы,3,,1816,0.9980
2026-04-05T04:37:04.906229,14711,0.1↔0.3,0.820,1.0,слова,2,научный,1817,0.9979
2026-04-05T04:37:05.650227,14723,0.3↔1.0,0.811,3.0,словосочетания,2,научный,1818,0.9975
2026-04-05T04:37:05.730228,14724,0.3↔1.0,0.822,10.0,предложения,2,научный,1819,0.9977
2026-04-05T04:37:05.791223,14725,0.1↔0.3,0.832,30.0,абзацы,1,бытовой,1820,0.9979
2026-04-05T04:37:06.315231,14733,0.3↔1.0,0.826,10.0,предложения,1,бытовой,1821,0.9978
2026-04-05T04:37:07.816252,14761,0.1↔0.3,0.818,0.1,буквы/слоги,3,,1822,0.9971
2026-04-05T04:37:07.887230,14762,0.3↔1.0,0.819,0.1,буквы/слоги,1,бытовой,1823,0.9973
2026-04-05T04:37:07.993227,14764,0.3↔1.0,0.835,30.0,абзацы,2,научный,1824,0.9975
2026-04-05T04:37:09.059252,14784,0.3↔1.0,0.834,0.3,буквы/слоги,1,бытовой,1825,0.9974
2026-04-05T04:37:09.383233,14790,0.3↔1.0,0.836,1.0,слова,2,научный,1826,0.9976
2026-04-05T04:37:10.178253,14804,0.1↔0.3,0.837,30.0,абзацы,1,бытовой,1827,0.9972
2026-04-05T04:37:10.375224,14807,0.1↔0.3,0.827,10.0,предложения,1,бытовой,1828,0.9971
2026-04-05T04:37:10.457224,14808,0.1↔0.3,0.823,100.0,целые тексты,4,метафорический,1829,0.9973
2026-04-05T04:37:10.834253,14815,0.3↔1.0,0.835,0.3,буквы/слоги,1,бытовой,1830,0.9975
2026-04-05T04:37:10.919229,14816,0.3↔1.0,0.824,30.0,абзацы,2,научный,1831,0.9977
2026-04-05T04:37:11.479253,14826,0.1↔0.3,0.836,10.0,предложения,1,бытовой,1832,0.9976
2026-04-05T04:37:11.812236,14832,0.1↔0.3,0.812,3.0,словосочетания,2,научный,1833,0.9975
2026-04-05T04:37:12.134228,14838,0.3↔1.0,0.831,30.0,абзацы,2,научный,1834,0.9977
2026-04-05T04:37:12.482253,14844,0.3↔1.0,0.834,1.0,слова,4,метафорический,1835,0.9979
2026-04-05T04:37:13.766228,14867,0.1↔0.3,0.813,1.0,слова,1,бытовой,1836,0.9975
2026-04-05T04:37:14.920230,14886,0.1↔0.3,0.826,30.0,абзацы,3,,1837,0.9971
2026-04-05T04:37:14.984224,14887,0.1↔0.3,0.832,10.0,предложения,3,,1838,0.9973
2026-04-05T04:37:15.068231,14888,0.3↔1.0,0.826,1.0,слова,2,научный,1839,0.9975
2026-04-05T04:37:15.713253,14900,0.1↔0.3,0.809,0.3,буквы/слоги,2,научный,1840,0.9977
2026-04-05T04:37:17.792224,14937,0.3↔1.0,0.813,10.0,предложения,1,бытовой,1841,0.9970
2026-04-05T04:37:17.894225,14938,0.1↔0.3,0.819,3.0,словосочетания,2,научный,1842,0.9972
2026-04-05T04:37:18.586253,14951,0.3↔1.0,0.811,0.1,буквы/слоги,1,бытовой,1843,0.9974
2026-04-05T04:37:18.968254,14957,0.1↔0.3,0.813,1.0,слова,2,научный,1844,0.9976
2026-04-05T04:37:19.438228,14966,0.1↔0.3,0.828,100.0,целые тексты,3,,1845,0.9978
2026-04-05T04:37:19.652254,14970,0.1↔0.3,0.810,100.0,целые тексты,1,бытовой,1846,0.9980
2026-04-05T04:37:19.813235,14973,0.1↔0.3,0.817,10.0,предложения,2,научный,1847,0.9980
2026-04-05T04:37:19.919225,14975,0.1↔0.3,0.824,1.0,слова,3,,1848,0.9980
2026-04-05T04:37:20.583254,14987,0.1↔0.3,0.813,30.0,абзацы,2,научный,1849,0.9980
2026-04-05T04:37:22.103225,15014,0.1↔0.3,0.830,3.0,словосочетания,2,научный,1850,0.9967
2026-04-05T04:37:22.168225,15015,0.1↔0.3,0.822,0.1,буквы/слоги,3,,1851,0.9969
2026-04-05T04:37:22.537228,15021,0.1↔0.3,0.813,100.0,целые тексты,3,,1852,0.9968
2026-04-05T04:37:23.215254,15031,0.3↔1.0,0.822,1.0,слова,3,,1853,0.9964
2026-04-05T04:37:23.467231,15035,0.1↔0.3,0.824,30.0,абзацы,3,,1854,0.9966
2026-04-05T04:37:24.450237,15054,0.1↔0.3,0.823,0.1,буквы/слоги,3,,1855,0.9965
2026-04-05T04:37:24.841254,15058,0.3↔1.0,0.811,0.3,буквы/слоги,1,бытовой,1856,0.9961
2026-04-05T04:37:26.550228,15088,0.1↔0.3,0.823,3.0,словосочетания,3,,1857,0.9957
2026-04-05T04:37:26.778254,15091,0.3↔1.0,0.809,10.0,предложения,2,научный,1858,0.9956
2026-04-05T04:37:27.512254,15105,0.3↔1.0,0.838,100.0,целые тексты,3,,1859,0.9958
2026-04-05T04:37:28.114236,15116,0.1↔0.3,0.829,30.0,абзацы,3,,1860,0.9960
2026-04-05T04:37:28.810254,15127,0.1↔0.3,0.815,10.0,предложения,1,бытовой,1861,0.9953
2026-04-05T04:37:28.872226,15128,0.1↔0.3,0.831,0.3,буквы/слоги,4,метафорический,1862,0.9955
2026-04-05T04:37:29.249233,15134,0.3↔1.0,0.829,1.0,слова,2,научный,1863,0.9951
2026-04-05T04:37:30.001254,15146,0.1↔0.3,0.811,1.0,слова,3,,1864,0.9944
2026-04-05T04:37:30.308235,15151,0.1↔0.3,0.818,0.3,буквы/слоги,2,научный,1865,0.9943
2026-04-05T04:37:31.338234,15169,0.1↔0.3,0.820,100.0,целые тексты,2,научный,1866,0.9939
2026-04-05T04:37:31.563255,15173,0.1↔0.3,0.821,100.0,целые тексты,3,,1867,0.9941
2026-04-05T04:37:32.390235,15187,0.1↔0.3,0.819,10.0,предложения,2,научный,1868,0.9937
2026-04-05T04:37:33.384232,15203,0.1↔0.3,0.813,0.3,буквы/слоги,4,метафорический,1869,0.9930
2026-04-05T04:37:34.212232,15218,0.1↔0.3,0.824,3.0,словосочетания,3,,1870,0.9926
2026-04-05T04:37:34.449232,15222,0.3↔1.0,0.832,0.3,буквы/слоги,2,научный,1871,0.9928
2026-04-05T04:37:35.364256,15238,0.1↔0.3,0.815,10.0,предложения,2,научный,1872,0.9927
2026-04-05T04:37:35.936236,15248,0.1↔0.3,0.818,30.0,абзацы,4,метафорический,1873,0.9926
2026-04-05T04:37:36.183236,15252,0.1↔0.3,0.810,3.0,словосочетания,2,научный,1874,0.9928
2026-04-05T04:37:36.637235,15259,0.3↔1.0,0.824,0.1,буквы/слоги,3,,1875,0.9927
2026-04-05T04:37:36.968255,15265,0.3↔1.0,0.814,10.0,предложения,3,,1876,0.9929
2026-04-05T04:37:37.091236,15267,0.3↔1.0,0.811,0.3,буквы/слоги,3,,1877,0.9931
2026-04-05T04:37:37.249235,15269,0.3↔1.0,0.827,30.0,абзацы,3,,1878,0.9930
2026-04-05T04:37:37.653255,15275,0.1↔0.3,0.820,3.0,словосочетания,4,метафорический,1879,0.9932
2026-04-05T04:37:38.448255,15288,0.1↔0.3,0.821,10.0,предложения,1,бытовой,1880,0.9925
2026-04-05T04:37:38.719255,15292,0.3↔1.0,0.823,0.1,буквы/слоги,1,бытовой,1881,0.9924
2026-04-05T04:37:38.781235,15293,0.1↔0.3,0.811,30.0,абзацы,4,метафорический,1882,0.9926
2026-04-05T04:37:39.265236,15302,0.1↔0.3,0.814,3.0,словосочетания,2,научный,1883,0.9928
2026-04-05T04:37:39.507255,15306,0.1↔0.3,0.833,1.0,слова,3,,1884,0.9930
2026-04-05T04:37:40.551236,15325,0.1↔0.3,0.821,1.0,слова,3,,1885,0.9926
2026-04-05T04:37:40.786231,15328,0.3↔1.0,0.826,100.0,целые тексты,2,научный,1886,0.9928
2026-04-05T04:37:41.150255,15335,0.1↔0.3,0.826,0.1,буквы/слоги,3,,1887,0.9930
2026-04-05T04:37:42.355233,15355,0.1↔0.3,0.818,30.0,абзацы,1,бытовой,1888,0.9923
2026-04-05T04:37:42.938230,15366,0.1↔0.3,0.812,30.0,абзацы,2,научный,1889,0.9925
2026-04-05T04:37:43.067229,15368,0.3↔1.0,0.834,0.1,буквы/слоги,3,,1890,0.9927
2026-04-05T04:37:44.445228,15394,0.1↔0.3,0.834,100.0,целые тексты,2,научный,1891,0.9920
2026-04-05T04:37:45.134256,15406,0.3↔1.0,0.837,0.3,буквы/слоги,3,,1892,0.9919
2026-04-05T04:37:45.235232,15407,0.1↔0.3,0.830,0.3,буквы/слоги,2,научный,1893,0.9921
2026-04-05T04:37:45.430229,15410,0.3↔1.0,0.829,10.0,предложения,4,метафорический,1894,0.9923
2026-04-05T04:37:45.905256,15419,0.3↔1.0,0.836,0.1,буквы/слоги,1,бытовой,1895,0.9922
2026-04-05T04:37:45.974227,15420,0.3↔1.0,0.809,100.0,целые тексты,1,бытовой,1896,0.9924
2026-04-05T04:37:47.033256,15440,0.1↔0.3,0.838,100.0,целые тексты,2,научный,1897,0.9920
2026-04-05T04:37:47.176227,15442,0.1↔0.3,0.832,1.0,слова,3,,1898,0.9922
2026-04-05T04:37:47.821256,15453,0.1↔0.3,0.834,1.0,слова,2,научный,1899,0.9921
2026-04-05T04:37:49.465243,15485,0.1↔0.3,0.817,1.0,слова,1,бытовой,1900,0.9923
2026-04-05T04:37:49.530230,15486,0.3↔1.0,0.815,0.1,буквы/слоги,3,,1901,0.9925
2026-04-05T04:37:49.587228,15487,0.1↔0.3,0.829,10.0,предложения,2,научный,1902,0.9927
2026-04-05T04:37:49.790237,15490,0.3↔1.0,0.836,30.0,абзацы,2,научный,1903,0.9929
2026-04-05T04:37:50.011228,15493,0.1↔0.3,0.812,1.0,слова,4,метафорический,1904,0.9928
2026-04-05T04:37:51.727256,15525,0.3↔1.0,0.808,3.0,словосочетания,1,бытовой,1905,0.9927
2026-04-05T04:37:51.880231,15527,0.1↔0.3,0.820,1.0,слова,3,,1906,0.9929
2026-04-05T04:37:53.001257,15547,0.3↔1.0,0.811,0.1,буквы/слоги,2,научный,1907,0.9922
2026-04-05T04:37:53.968228,15562,0.3↔1.0,0.831,100.0,целые тексты,1,бытовой,1908,0.9915
2026-04-05T04:37:54.815232,15578,0.1↔0.3,0.834,1.0,слова,3,,1909,0.9917
2026-04-05T04:37:55.045257,15582,0.3↔1.0,0.823,0.3,буквы/слоги,3,,1910,0.9919
2026-04-05T04:37:55.217257,15585,0.1↔0.3,0.823,30.0,абзацы,3,,1911,0.9921
2026-04-05T04:37:55.651257,15593,0.1↔0.3,0.828,3.0,словосочетания,1,бытовой,1912,0.9920
2026-04-05T04:37:56.949237,15616,0.1↔0.3,0.816,1.0,слова,3,,1913,0.9910
2026-04-05T04:37:57.181257,15620,0.3↔1.0,0.827,0.3,буквы/слоги,2,научный,1914,0.9912
2026-04-05T04:37:58.831257,15651,0.1↔0.3,0.811,10.0,предложения,3,,1915,0.9908
2026-04-05T04:38:00.403258,15679,0.3↔1.0,0.820,0.1,буквы/слоги,3,,1916,0.9901
2026-04-05T04:38:00.528229,15681,0.1↔0.3,0.814,0.3,буквы/слоги,1,бытовой,1917,0.9903
2026-04-05T04:38:00.785258,15685,0.1↔0.3,0.835,0.1,буквы/слоги,2,научный,1918,0.9905
2026-04-05T04:38:01.562258,15699,0.1↔0.3,0.835,100.0,целые тексты,2,научный,1919,0.9907
2026-04-05T04:38:01.992230,15705,0.3↔1.0,0.816,30.0,абзацы,1,бытовой,1920,0.9906
2026-04-05T04:38:03.037258,15723,0.1↔0.3,0.830,30.0,абзацы,2,научный,1921,0.9902
2026-04-05T04:38:03.111233,15724,0.3↔1.0,0.822,100.0,целые тексты,2,научный,1922,0.9904
2026-04-05T04:38:03.218231,15726,0.3↔1.0,0.833,0.1,буквы/слоги,3,,1923,0.9906
2026-04-05T04:38:03.550234,15729,0.1↔0.3,0.829,1.0,слова,1,бытовой,1924,0.9905
2026-04-05T04:38:03.824235,15733,0.3↔1.0,0.833,1.0,слова,2,научный,1925,0.9904
2026-04-05T04:38:04.324233,15741,0.3↔1.0,0.818,30.0,абзацы,2,научный,1926,0.9903
2026-04-05T04:38:04.638258,15747,0.1↔0.3,0.822,0.1,буквы/слоги,3,,1927,0.9905
2026-04-05T04:38:04.878258,15751,0.3↔1.0,0.836,0.3,буквы/слоги,1,бытовой,1928,0.9907
2026-04-05T04:38:05.464259,15762,0.1↔0.3,0.818,1.0,слова,1,бытовой,1929,0.9909
2026-04-05T04:38:05.994238,15772,0.3↔1.0,0.831,1.0,слова,2,научный,1930,0.9908
2026-04-05T04:38:06.793258,15786,0.1↔0.3,0.827,100.0,целые тексты,1,бытовой,1931,0.9907
2026-04-05T04:38:07.164259,15792,0.1↔0.3,0.825,3.0,словосочетания,3,,1932,0.9909
2026-04-05T04:38:07.966233,15806,0.1↔0.3,0.821,10.0,предложения,1,бытовой,1933,0.9905
2026-04-05T04:38:08.786258,15821,0.3↔1.0,0.824,1.0,слова,2,научный,1934,0.9907
2026-04-05T04:38:09.302259,15830,0.1↔0.3,0.809,10.0,предложения,3,,1935,0.9906
2026-04-05T04:38:09.521230,15833,0.1↔0.3,0.831,1.0,слова,1,бытовой,1936,0.9905
2026-04-05T04:38:10.232259,15846,0.1↔0.3,0.818,3.0,словосочетания,1,бытовой,1937,0.9901
2026-04-05T04:38:10.671230,15853,0.1↔0.3,0.815,1.0,слова,2,научный,1938,0.9900
2026-04-05T04:38:11.843258,15872,0.3↔1.0,0.808,0.1,буквы/слоги,2,научный,1939,0.9896
2026-04-05T04:38:11.906231,15873,0.1↔0.3,0.829,1.0,слова,2,научный,1940,0.9898
2026-04-05T04:38:12.024259,15875,0.1↔0.3,0.815,0.1,буквы/слоги,2,научный,1941,0.9900
2026-04-05T04:38:12.684236,15885,0.1↔0.3,0.823,0.1,буквы/слоги,1,бытовой,1942,0.9896
2026-04-05T04:38:13.386231,15896,0.3↔1.0,0.823,0.3,буквы/слоги,1,бытовой,1943,0.9889
2026-04-05T04:38:13.648259,15900,0.1↔0.3,0.838,10.0,предложения,2,научный,1944,0.9891
2026-04-05T04:38:14.928259,15923,0.1↔0.3,0.811,30.0,абзацы,2,научный,1945,0.9887
2026-04-05T04:38:15.039230,15925,0.1↔0.3,0.812,100.0,целые тексты,4,метафорический,1946,0.9889
2026-04-05T04:38:16.651259,15954,0.1↔0.3,0.817,1.0,слова,3,,1947,0.9888
2026-04-05T04:38:16.812238,15956,0.1↔0.3,0.822,1.0,слова,4,метафорический,1948,0.9890
2026-04-05T04:38:16.888237,15957,0.3↔1.0,0.816,0.3,буквы/слоги,3,,1949,0.9892
2026-04-05T04:38:16.968230,15958,0.3↔1.0,0.828,100.0,целые тексты,3,,1950,0.9894
2026-04-05T04:38:18.028259,15978,0.3↔1.0,0.825,0.3,буквы/слоги,4,метафорический,1951,0.9893
2026-04-05T04:38:18.153232,15980,0.1↔0.3,0.829,0.3,буквы/слоги,4,метафорический,1952,0.9892
2026-04-05T04:38:18.220230,15981,0.1↔0.3,0.835,10.0,предложения,3,,1953,0.9894
2026-04-05T04:38:18.293231,15982,0.3↔1.0,0.812,0.3,буквы/слоги,3,,1954,0.9896
2026-04-05T04:38:18.376235,15983,0.3↔1.0,0.814,0.3,буквы/слоги,4,метафорический,1955,0.9898
2026-04-05T04:38:18.635260,15988,0.3↔1.0,0.826,1.0,слова,3,,1956,0.9900
2026-04-05T04:38:19.027259,15995,0.3↔1.0,0.820,0.3,буквы/слоги,1,бытовой,1957,0.9902
2026-04-05T04:38:19.190241,15998,0.1↔0.3,0.809,1.0,слова,3,,1958,0.9904
2026-04-05T04:38:19.296242,16000,0.3↔1.0,0.812,100.0,целые тексты,3,,1959,0.9906
2026-04-05T04:38:20.428259,16021,0.3↔1.0,0.815,1.0,слова,3,,1960,0.9902
2026-04-05T04:38:20.844259,16029,0.3↔1.0,0.817,3.0,словосочетания,1,бытовой,1961,0.9904
2026-04-05T04:38:21.474231,16040,0.3↔1.0,0.819,100.0,целые тексты,2,научный,1962,0.9903
2026-04-05T04:38:21.862260,16047,0.1↔0.3,0.819,1.0,слова,3,,1963,0.9905
2026-04-05T04:38:22.226260,16053,0.1↔0.3,0.816,1.0,слова,3,,1964,0.9904
2026-04-05T04:38:22.419235,16056,0.3↔1.0,0.825,30.0,абзацы,2,научный,1965,0.9906
2026-04-05T04:38:22.778237,16060,0.1↔0.3,0.835,100.0,целые тексты,1,бытовой,1966,0.9902
2026-04-05T04:38:23.890259,16081,0.3↔1.0,0.835,1.0,слова,3,,1967,0.9901
2026-04-05T04:38:24.169260,16086,0.1↔0.3,0.831,30.0,абзацы,3,,1968,0.9903
2026-04-05T04:38:24.338240,16089,0.3↔1.0,0.827,0.3,буквы/слоги,3,,1969,0.9905
2026-04-05T04:38:24.612260,16094,0.1↔0.3,0.819,1.0,слова,2,научный,1970,0.9907
2026-04-05T04:38:24.960232,16100,0.1↔0.3,0.809,0.1,буквы/слоги,3,,1971,0.9909
2026-04-05T04:38:25.134238,16102,0.3↔1.0,0.837,0.3,буквы/слоги,2,научный,1972,0.9911
2026-04-05T04:38:25.274231,16104,0.1↔0.3,0.824,0.1,буквы/слоги,3,,1973,0.9910
2026-04-05T04:38:25.410260,16106,0.3↔1.0,0.812,100.0,целые тексты,1,бытовой,1974,0.9912
2026-04-05T04:38:25.488235,16107,0.3↔1.0,0.836,10.0,предложения,4,метафорический,1975,0.9914
2026-04-05T04:38:25.893231,16114,0.1↔0.3,0.831,10.0,предложения,2,научный,1976,0.9913
2026-04-05T04:38:25.989231,16115,0.1↔0.3,0.821,10.0,предложения,1,бытовой,1977,0.9915
2026-04-05T04:38:26.358240,16121,0.3↔1.0,0.837,0.3,буквы/слоги,2,научный,1978,0.9914
2026-04-05T04:38:26.410232,16122,0.1↔0.3,0.819,1.0,слова,1,бытовой,1979,0.9916
2026-04-05T04:38:26.552231,16124,0.1↔0.3,0.817,30.0,абзацы,2,научный,1980,0.9918
2026-04-05T04:38:26.647237,16125,0.3↔1.0,0.837,0.3,буквы/слоги,2,научный,1981,0.9920
2026-04-05T04:38:26.775237,16127,0.1↔0.3,0.834,0.3,буквы/слоги,1,бытовой,1982,0.9922
2026-04-05T04:38:27.116241,16133,0.1↔0.3,0.818,100.0,целые тексты,1,бытовой,1983,0.9924
2026-04-05T04:38:27.358235,16137,0.3↔1.0,0.821,10.0,предложения,1,бытовой,1984,0.9926
2026-04-05T04:38:28.574260,16159,0.3↔1.0,0.817,30.0,абзацы,2,научный,1985,0.9922
2026-04-05T04:38:28.959261,16166,0.3↔1.0,0.837,3.0,словосочетания,2,научный,1986,0.9924
2026-04-05T04:38:29.077231,16168,0.1↔0.3,0.826,100.0,целые тексты,1,бытовой,1987,0.9926
2026-04-05T04:38:29.287261,16171,0.3↔1.0,0.837,100.0,целые тексты,2,научный,1988,0.9928
2026-04-05T04:38:29.775232,16178,0.1↔0.3,0.814,1.0,слова,3,,1989,0.9924
2026-04-05T04:38:29.950232,16181,0.1↔0.3,0.811,0.1,буквы/слоги,2,научный,1990,0.9926
2026-04-05T04:38:30.822234,16196,0.3↔1.0,0.817,0.1,буквы/слоги,4,метафорический,1991,0.9919
2026-04-05T04:38:30.954241,16198,0.3↔1.0,0.816,100.0,целые тексты,2,научный,1992,0.9921
2026-04-05T04:38:31.398236,16206,0.3↔1.0,0.837,1.0,слова,2,научный,1993,0.9920
2026-04-05T04:38:31.777260,16213,0.3↔1.0,0.836,0.3,буквы/слоги,2,научный,1994,0.9922
2026-04-05T04:38:32.097261,16218,0.1↔0.3,0.830,0.1,буквы/слоги,3,,1995,0.9924
2026-04-05T04:38:32.209232,16220,0.1↔0.3,0.817,30.0,абзацы,2,научный,1996,0.9926
2026-04-05T04:38:32.778241,16230,0.1↔0.3,0.813,100.0,целые тексты,1,бытовой,1997,0.9925
2026-04-05T04:38:33.063235,16235,0.3↔1.0,0.812,3.0,словосочетания,1,бытовой,1998,0.9924
2026-04-05T04:38:35.309242,16276,0.1↔0.3,0.826,30.0,абзацы,3,,1999,0.9908
2026-04-05T04:38:35.403238,16277,0.1↔0.3,0.834,100.0,целые тексты,2,научный,2000,0.9910
2026-04-05T04:38:35.863233,16284,0.1↔0.3,0.809,1.0,слова,1,бытовой,2001,0.9906
2026-04-05T04:38:36.245261,16289,0.1↔0.3,0.830,30.0,абзацы,2,научный,2002,0.9905
2026-04-05T04:38:36.965248,16302,0.1↔0.3,0.811,0.3,буквы/слоги,3,,2003,0.9904
2026-04-05T04:38:37.207261,16305,0.1↔0.3,0.819,10.0,предложения,2,научный,2004,0.9906
2026-04-05T04:38:38.490233,16327,0.1↔0.3,0.832,1.0,слова,1,бытовой,2005,0.9896
2026-04-05T04:38:39.760261,16351,0.3↔1.0,0.819,10.0,предложения,2,научный,2006,0.9898
2026-04-05T04:38:40.547236,16365,0.3↔1.0,0.824,0.3,буквы/слоги,2,научный,2007,0.9897
2026-04-05T04:38:41.418262,16379,0.1↔0.3,0.815,100.0,целые тексты,2,научный,2008,0.9887
2026-04-05T04:38:41.832238,16387,0.1↔0.3,0.827,10.0,предложения,1,бытовой,2009,0.9889
2026-04-05T04:38:42.496262,16399,0.1↔0.3,0.823,1.0,слова,3,,2010,0.9891
2026-04-05T04:38:42.941233,16406,0.1↔0.3,0.819,0.1,буквы/слоги,3,,2011,0.9887
2026-04-05T04:38:43.199262,16410,0.1↔0.3,0.828,0.1,буквы/слоги,2,научный,2012,0.9889
2026-04-05T04:38:43.496262,16415,0.3↔1.0,0.809,100.0,целые тексты,4,метафорический,2013,0.9891
2026-04-05T04:38:44.127239,16426,0.1↔0.3,0.836,10.0,предложения,2,научный,2014,0.9890
2026-04-05T04:38:44.187233,16427,0.3↔1.0,0.834,0.3,буквы/слоги,2,научный,2015,0.9892
2026-04-05T04:38:44.387262,16430,0.1↔0.3,0.836,0.1,буквы/слоги,2,научный,2016,0.9894
2026-04-05T04:38:44.600262,16434,0.3↔1.0,0.817,100.0,целые тексты,3,,2017,0.9896
2026-04-05T04:38:44.838262,16438,0.3↔1.0,0.812,0.3,буквы/слоги,3,,2018,0.9898
2026-04-05T04:38:45.925243,16455,0.3↔1.0,0.821,0.3,буквы/слоги,2,научный,2019,0.9882
2026-04-05T04:38:47.702262,16487,0.1↔0.3,0.816,0.3,буквы/слоги,1,бытовой,2020,0.9875
2026-04-05T04:38:48.131239,16494,0.1↔0.3,0.827,100.0,целые тексты,1,бытовой,2021,0.9874
2026-04-05T04:38:48.832238,16506,0.3↔1.0,0.818,3.0,словосочетания,3,,2022,0.9870
2026-04-05T04:38:49.093262,16511,0.1↔0.3,0.825,30.0,абзацы,3,,2023,0.9872
2026-04-05T04:38:49.310263,16515,0.3↔1.0,0.817,0.1,буквы/слоги,1,бытовой,2024,0.9874
2026-04-05T04:38:50.060263,16527,0.1↔0.3,0.829,3.0,словосочетания,4,метафорический,2025,0.9870
2026-04-05T04:38:50.854235,16542,0.1↔0.3,0.814,1.0,слова,3,,2026,0.9866
2026-04-05T04:38:50.915238,16543,0.1↔0.3,0.832,100.0,целые тексты,1,бытовой,2027,0.9868
2026-04-05T04:38:51.056235,16545,0.3↔1.0,0.837,100.0,целые тексты,1,бытовой,2028,0.9870
2026-04-05T04:38:52.211263,16567,0.3↔1.0,0.829,1.0,слова,3,,2029,0.9869
2026-04-05T04:38:52.550262,16573,0.1↔0.3,0.837,100.0,целые тексты,2,научный,2030,0.9871
2026-04-05T04:38:53.141244,16583,0.1↔0.3,0.822,30.0,абзацы,2,научный,2031,0.9873
2026-04-05T04:38:53.738243,16591,0.3↔1.0,0.836,0.3,буквы/слоги,1,бытовой,2032,0.9875
2026-04-05T04:38:56.275240,16636,0.3↔1.0,0.826,3.0,словосочетания,3,,2033,0.9859
2026-04-05T04:38:56.501263,16640,0.3↔1.0,0.817,100.0,целые тексты,2,научный,2034,0.9861
2026-04-05T04:38:56.625238,16642,0.1↔0.3,0.823,0.3,буквы/слоги,1,бытовой,2035,0.9863
2026-04-05T04:38:57.446263,16655,0.1↔0.3,0.832,10.0,предложения,3,,2036,0.9862
2026-04-05T04:38:58.690247,16678,0.1↔0.3,0.821,3.0,словосочетания,2,научный,2037,0.9858
2026-04-05T04:38:58.751241,16679,0.1↔0.3,0.832,10.0,предложения,3,,2038,0.9860
2026-04-05T04:38:58.808235,16680,0.1↔0.3,0.820,0.1,буквы/слоги,3,,2039,0.9862
2026-04-05T04:38:59.091263,16685,0.3↔1.0,0.821,1.0,слова,2,научный,2040,0.9864
2026-04-05T04:38:59.658263,16695,0.1↔0.3,0.808,0.1,буквы/слоги,4,метафорический,2041,0.9860
2026-04-05T04:38:59.761235,16697,0.3↔1.0,0.818,10.0,предложения,3,,2042,0.9862
2026-04-05T04:39:00.362240,16707,0.3↔1.0,0.812,3.0,словосочетания,4,метафорический,2043,0.9861
2026-04-05T04:39:01.925264,16736,0.3↔1.0,0.830,30.0,абзацы,2,научный,2044,0.9854
2026-04-05T04:39:02.167263,16739,0.3↔1.0,0.836,30.0,абзацы,1,бытовой,2045,0.9856
2026-04-05T04:39:02.275235,16741,0.3↔1.0,0.833,10.0,предложения,3,,2046,0.9858
2026-04-05T04:39:02.696264,16747,0.3↔1.0,0.831,10.0,предложения,3,,2047,0.9857
2026-04-05T04:39:03.199264,16756,0.3↔1.0,0.821,100.0,целые тексты,1,бытовой,2048,0.9856
2026-04-05T04:39:03.671264,16765,0.3↔1.0,0.810,100.0,целые тексты,3,,2049,0.9858
2026-04-05T04:39:03.852245,16768,0.1↔0.3,0.812,10.0,предложения,1,бытовой,2050,0.9860
2026-04-05T04:39:04.913241,16788,0.3↔1.0,0.837,10.0,предложения,2,научный,2051,0.9856
2026-04-05T04:39:05.704264,16802,0.3↔1.0,0.814,0.3,буквы/слоги,1,бытовой,2052,0.9855
2026-04-05T04:39:05.865265,16804,0.1↔0.3,0.809,30.0,абзацы,3,,2053,0.9857
2026-04-05T04:39:06.092264,16808,0.1↔0.3,0.820,30.0,абзацы,1,бытовой,2054,0.9859
2026-04-05T04:39:06.348264,16813,0.3↔1.0,0.828,1.0,слова,1,бытовой,2055,0.9861
2026-04-05T04:39:06.985264,16823,0.3↔1.0,0.818,100.0,целые тексты,3,,2056,0.9860
2026-04-05T04:39:07.369264,16830,0.3↔1.0,0.821,0.1,буквы/слоги,1,бытовой,2057,0.9862
2026-04-05T04:39:09.201248,16864,0.1↔0.3,0.832,1.0,слова,1,бытовой,2058,0.9861
2026-04-05T04:39:09.396245,16867,0.1↔0.3,0.837,30.0,абзацы,4,метафорический,2059,0.9860
2026-04-05T04:39:10.194265,16882,0.1↔0.3,0.818,10.0,предложения,2,научный,2060,0.9856
2026-04-05T04:39:10.260236,16883,0.1↔0.3,0.818,30.0,абзацы,4,метафорический,2061,0.9858
2026-04-05T04:39:10.607242,16889,0.3↔1.0,0.811,0.1,буквы/слоги,3,,2062,0.9857
2026-04-05T04:39:10.718240,16891,0.1↔0.3,0.837,100.0,целые тексты,3,,2063,0.9859
2026-04-05T04:39:10.978246,16896,0.1↔0.3,0.811,100.0,целые тексты,4,метафорический,2064,0.9861
2026-04-05T04:39:11.529265,16906,0.1↔0.3,0.820,30.0,абзацы,2,научный,2065,0.9860
2026-04-05T04:39:11.956265,16913,0.1↔0.3,0.826,0.3,буквы/слоги,2,научный,2066,0.9862
2026-04-05T04:39:12.351239,16919,0.1↔0.3,0.808,1.0,слова,2,научный,2067,0.9861
2026-04-05T04:39:12.726265,16926,0.3↔1.0,0.835,0.3,буквы/слоги,2,научный,2068,0.9863
2026-04-05T04:39:13.198240,16935,0.1↔0.3,0.814,0.3,буквы/слоги,3,,2069,0.9865
2026-04-05T04:39:13.394238,16937,0.1↔0.3,0.824,0.3,буквы/слоги,1,бытовой,2070,0.9867
2026-04-05T04:39:14.420238,16954,0.1↔0.3,0.818,1.0,слова,4,метафорический,2071,0.9866
2026-04-05T04:39:15.477265,16973,0.1↔0.3,0.815,0.1,буквы/слоги,1,бытовой,2072,0.9862
2026-04-05T04:39:15.528247,16974,0.1↔0.3,0.822,0.1,буквы/слоги,2,научный,2073,0.9864
2026-04-05T04:39:16.484245,16991,0.3↔1.0,0.821,0.1,буквы/слоги,3,,2074,0.9860
2026-04-05T04:39:16.849265,16998,0.1↔0.3,0.818,1.0,слова,2,научный,2075,0.9862
2026-04-05T04:39:17.252265,17005,0.1↔0.3,0.836,1.0,слова,2,научный,2076,0.9861
2026-04-05T04:39:17.651265,17012,0.1↔0.3,0.830,30.0,абзацы,2,научный,2077,0.9857
2026-04-05T04:39:17.927266,17017,0.1↔0.3,0.819,0.1,буквы/слоги,1,бытовой,2078,0.9859
2026-04-05T04:39:18.121236,17020,0.1↔0.3,0.819,0.3,буквы/слоги,4,метафорический,2079,0.9858
2026-04-05T04:39:18.572266,17028,0.3↔1.0,0.832,3.0,словосочетания,1,бытовой,2080,0.9857
2026-04-05T04:39:19.056266,17036,0.1↔0.3,0.830,1.0,слова,3,,2081,0.9856
2026-04-05T04:39:19.401242,17042,0.3↔1.0,0.827,100.0,целые тексты,2,научный,2082,0.9855
2026-04-05T04:39:19.570245,17045,0.1↔0.3,0.826,0.3,буквы/слоги,3,,2083,0.9857
2026-04-05T04:39:19.698238,17047,0.1↔0.3,0.813,10.0,предложения,1,бытовой,2084,0.9859
2026-04-05T04:39:19.790236,17048,0.1↔0.3,0.828,1.0,слова,2,научный,2085,0.9861
2026-04-05T04:39:20.249246,17056,0.3↔1.0,0.829,1.0,слова,3,,2086,0.9860
2026-04-05T04:39:20.300238,17057,0.1↔0.3,0.822,100.0,целые тексты,1,бытовой,2087,0.9862
2026-04-05T04:39:20.614246,17063,0.3↔1.0,0.831,0.3,буквы/слоги,2,научный,2088,0.9864
2026-04-05T04:39:21.244240,17074,0.3↔1.0,0.812,0.3,буквы/слоги,1,бытовой,2089,0.9860
2026-04-05T04:39:21.476266,17077,0.3↔1.0,0.831,10.0,предложения,3,,2090,0.9862
2026-04-05T04:39:21.601243,17079,0.3↔1.0,0.815,30.0,абзацы,2,научный,2091,0.9864
2026-04-05T04:39:22.029240,17087,0.1↔0.3,0.815,0.3,буквы/слоги,2,научный,2092,0.9866
2026-04-05T04:39:22.953266,17103,0.3↔1.0,0.834,0.3,буквы/слоги,2,научный,2093,0.9862
2026-04-05T04:39:23.306242,17109,0.1↔0.3,0.832,30.0,абзацы,1,бытовой,2094,0.9861
2026-04-05T04:39:23.520267,17113,0.1↔0.3,0.823,3.0,словосочетания,3,,2095,0.9863
2026-04-05T04:39:25.104266,17140,0.3↔1.0,0.814,30.0,абзацы,2,научный,2096,0.9853
2026-04-05T04:39:25.155241,17141,0.1↔0.3,0.810,30.0,абзацы,1,бытовой,2097,0.9855
2026-04-05T04:39:25.424240,17146,0.3↔1.0,0.812,0.3,буквы/слоги,2,научный,2098,0.9857
2026-04-05T04:39:25.850240,17151,0.3↔1.0,0.834,0.3,буквы/слоги,1,бытовой,2099,0.9859
2026-04-05T04:39:25.991245,17153,0.1↔0.3,0.816,10.0,предложения,3,,2100,0.9861
2026-04-05T04:39:26.174266,17156,0.1↔0.3,0.814,10.0,предложения,2,научный,2101,0.9863
2026-04-05T04:39:26.781266,17167,0.1↔0.3,0.809,100.0,целые тексты,1,бытовой,2102,0.9862
2026-04-05T04:39:27.213248,17174,0.1↔0.3,0.818,1.0,слова,3,,2103,0.9861
2026-04-05T04:39:27.626267,17182,0.3↔1.0,0.822,10.0,предложения,2,научный,2104,0.9863
2026-04-05T04:39:28.611247,17199,0.3↔1.0,0.831,0.1,буквы/слоги,1,бытовой,2105,0.9859
2026-04-05T04:39:28.685244,17200,0.3↔1.0,0.827,30.0,абзацы,1,бытовой,2106,0.9861
2026-04-05T04:39:28.994247,17205,0.1↔0.3,0.818,0.1,буквы/слоги,2,научный,2107,0.9863
2026-04-05T04:39:29.517267,17212,0.3↔1.0,0.830,30.0,абзацы,2,научный,2108,0.9859
2026-04-05T04:39:29.596242,17213,0.1↔0.3,0.815,10.0,предложения,3,,2109,0.9861
2026-04-05T04:39:29.704247,17215,0.3↔1.0,0.835,30.0,абзацы,1,бытовой,2110,0.9863
2026-04-05T04:39:29.771238,17216,0.3↔1.0,0.814,1.0,слова,3,,2111,0.9865
2026-04-05T04:39:30.004238,17219,0.1↔0.3,0.817,30.0,абзацы,2,научный,2112,0.9864
2026-04-05T04:39:30.326241,17223,0.1↔0.3,0.814,0.1,буквы/слоги,1,бытовой,2113,0.9857
2026-04-05T04:39:30.650238,17228,0.3↔1.0,0.820,100.0,целые тексты,2,научный,2114,0.9853
2026-04-05T04:39:30.843266,17231,0.1↔0.3,0.833,1.0,слова,2,научный,2115,0.9855
2026-04-05T04:39:31.575238,17243,0.1↔0.3,0.834,30.0,абзацы,2,научный,2116,0.9854
2026-04-05T04:39:33.957267,17283,0.1↔0.3,0.834,1.0,слова,1,бытовой,2117,0.9835
2026-04-05T04:39:34.129242,17286,0.1↔0.3,0.826,0.3,буквы/слоги,2,научный,2118,0.9837
2026-04-05T04:39:34.615238,17295,0.1↔0.3,0.830,0.1,буквы/слоги,3,,2119,0.9833
2026-04-05T04:39:35.673238,17315,0.1↔0.3,0.835,1.0,слова,3,,2120,0.9832
2026-04-05T04:39:35.842267,17318,0.1↔0.3,0.819,0.3,буквы/слоги,3,,2121,0.9834
2026-04-05T04:39:36.411267,17328,0.1↔0.3,0.830,1.0,слова,1,бытовой,2122,0.9833
2026-04-05T04:39:37.086241,17339,0.1↔0.3,0.818,1.0,слова,3,,2123,0.9835
2026-04-05T04:39:38.725239,17369,0.1↔0.3,0.821,30.0,абзацы,3,,2124,0.9831
2026-04-05T04:39:39.833267,17389,0.1↔0.3,0.823,1.0,слова,2,научный,2125,0.9827
2026-04-05T04:39:39.972239,17391,0.1↔0.3,0.826,10.0,предложения,2,научный,2126,0.9829
2026-04-05T04:39:40.544249,17401,0.3↔1.0,0.815,1.0,слова,3,,2127,0.9828
2026-04-05T04:39:40.802268,17406,0.1↔0.3,0.826,100.0,целые тексты,3,,2128,0.9830
2026-04-05T04:39:41.953238,17428,0.1↔0.3,0.812,0.3,буквы/слоги,2,научный,2129,0.9820
2026-04-05T04:39:42.185268,17432,0.1↔0.3,0.818,1.0,слова,2,научный,2130,0.9822
2026-04-05T04:39:43.633268,17458,0.1↔0.3,0.834,100.0,целые тексты,3,,2131,0.9818
2026-04-05T04:39:44.291268,17470,0.3↔1.0,0.814,30.0,абзацы,1,бытовой,2132,0.9820
2026-04-05T04:39:45.167239,17485,0.3↔1.0,0.836,10.0,предложения,2,научный,2133,0.9810
2026-04-05T04:39:45.460268,17489,0.1↔0.3,0.825,3.0,словосочетания,1,бытовой,2134,0.9809
2026-04-05T04:39:45.644270,17492,0.3↔1.0,0.829,3.0,словосочетания,4,метафорический,2135,0.9811
2026-04-05T04:39:45.705245,17493,0.1↔0.3,0.835,0.1,буквы/слоги,2,научный,2136,0.9813
2026-04-05T04:39:46.165268,17502,0.3↔1.0,0.814,3.0,словосочетания,2,научный,2137,0.9815
2026-04-05T04:39:47.762249,17531,0.1↔0.3,0.822,0.3,буквы/слоги,1,бытовой,2138,0.9805
2026-04-05T04:39:48.406268,17543,0.3↔1.0,0.820,30.0,абзацы,2,научный,2139,0.9807
2026-04-05T04:39:48.676269,17548,0.3↔1.0,0.819,3.0,словосочетания,1,бытовой,2140,0.9809
2026-04-05T04:39:48.792239,17550,0.3↔1.0,0.832,1.0,слова,2,научный,2141,0.9811
2026-04-05T04:39:49.736268,17568,0.1↔0.3,0.817,10.0,предложения,1,бытовой,2142,0.9810
2026-04-05T04:39:49.855240,17570,0.1↔0.3,0.835,30.0,абзацы,2,научный,2143,0.9812
2026-04-05T04:39:50.223269,17577,0.1↔0.3,0.828,0.3,буквы/слоги,1,бытовой,2144,0.9814
2026-04-05T04:39:50.944243,17590,0.1↔0.3,0.824,100.0,целые тексты,3,,2145,0.9813
2026-04-05T04:39:51.487242,17600,0.1↔0.3,0.813,0.3,буквы/слоги,3,,2146,0.9812
2026-04-05T04:39:51.953269,17608,0.3↔1.0,0.829,0.1,буквы/слоги,4,метафорический,2147,0.9811
2026-04-05T04:39:52.621250,17621,0.1↔0.3,0.829,0.3,буквы/слоги,1,бытовой,2148,0.9813
2026-04-05T04:39:52.843242,17624,0.1↔0.3,0.832,0.1,буквы/слоги,4,метафорический,2149,0.9812
2026-04-05T04:39:53.953250,17645,0.3↔1.0,0.819,100.0,целые тексты,3,,2150,0.9811
2026-04-05T04:39:54.161269,17649,0.1↔0.3,0.834,3.0,словосочетания,2,научный,2151,0.9813
2026-04-05T04:39:54.509269,17655,0.1↔0.3,0.826,1.0,слова,2,научный,2152,0.9812
2026-04-05T04:39:54.637240,17657,0.1↔0.3,0.822,100.0,целые тексты,3,,2153,0.9814
2026-04-05T04:39:55.395245,17669,0.1↔0.3,0.832,0.1,буквы/слоги,1,бытовой,2154,0.9807
2026-04-05T04:39:55.820245,17675,0.3↔1.0,0.821,30.0,абзацы,3,,2155,0.9806
2026-04-05T04:39:56.450249,17686,0.3↔1.0,0.835,3.0,словосочетания,1,бытовой,2156,0.9805
2026-04-05T04:39:57.072250,17697,0.3↔1.0,0.830,10.0,предложения,3,,2157,0.9804
2026-04-05T04:39:59.159269,17734,0.3↔1.0,0.834,3.0,словосочетания,3,,2158,0.9802
2026-04-05T04:39:59.481251,17740,0.3↔1.0,0.827,1.0,слова,1,бытовой,2159,0.9804
2026-04-05T04:39:59.901246,17747,0.3↔1.0,0.814,0.1,буквы/слоги,3,,2160,0.9803
2026-04-05T04:40:00.473241,17757,0.3↔1.0,0.824,0.3,буквы/слоги,1,бытовой,2161,0.9805
2026-04-05T04:40:00.592240,17759,0.1↔0.3,0.836,0.3,буквы/слоги,2,научный,2162,0.9807
2026-04-05T04:40:01.892241,17782,0.1↔0.3,0.811,0.3,буквы/слоги,3,,2163,0.9802
2026-04-05T04:40:01.976245,17783,0.1↔0.3,0.815,30.0,абзацы,2,научный,2164,0.9804
2026-04-05T04:40:02.546249,17793,0.1↔0.3,0.835,30.0,абзацы,2,научный,2165,0.9802
2026-04-05T04:40:03.386241,17809,0.3↔1.0,0.819,3.0,словосочетания,1,бытовой,2166,0.9804
2026-04-05T04:40:03.729270,17815,0.1↔0.3,0.837,3.0,словосочетания,1,бытовой,2167,0.9806
2026-04-05T04:40:03.972242,17818,0.3↔1.0,0.831,100.0,целые тексты,1,бытовой,2168,0.9805
2026-04-05T04:40:04.871270,17833,0.1↔0.3,0.809,3.0,словосочетания,2,научный,2169,0.9804
2026-04-05T04:40:05.010244,17835,0.1↔0.3,0.821,1.0,слова,1,бытовой,2170,0.9806
2026-04-05T04:40:05.305251,17840,0.3↔1.0,0.827,10.0,предложения,1,бытовой,2171,0.9808
2026-04-05T04:40:05.450250,17842,0.1↔0.3,0.834,30.0,абзацы,2,научный,2172,0.9810
2026-04-05T04:40:05.887247,17849,0.1↔0.3,0.821,10.0,предложения,3,,2173,0.9812
2026-04-05T04:40:07.234251,17872,0.1↔0.3,0.814,0.1,буквы/слоги,3,,2174,0.9808
2026-04-05T04:40:07.571249,17878,0.1↔0.3,0.825,3.0,словосочетания,1,бытовой,2175,0.9807
2026-04-05T04:40:07.855270,17883,0.1↔0.3,0.817,10.0,предложения,3,,2176,0.9809
2026-04-05T04:40:08.003241,17885,0.3↔1.0,0.814,1.0,слова,1,бытовой,2177,0.9811
2026-04-05T04:40:08.474270,17892,0.1↔0.3,0.821,10.0,предложения,1,бытовой,2178,0.9813
2026-04-05T04:40:10.118241,17922,0.3↔1.0,0.838,3.0,словосочетания,2,научный,2179,0.9806
2026-04-05T04:40:11.625270,17950,0.3↔1.0,0.810,3.0,словосочетания,2,научный,2180,0.9805
2026-04-05T04:40:14.232271,17996,0.1↔0.3,0.826,0.1,буквы/слоги,3,,2181,0.9802
2026-04-05T04:40:15.384271,18017,0.3↔1.0,0.830,0.3,буквы/слоги,2,научный,2182,0.9802
2026-04-05T04:40:16.265252,18032,0.3↔1.0,0.820,0.1,буквы/слоги,3,,2183,0.9802
2026-04-05T04:40:16.319248,18033,0.1↔0.3,0.814,30.0,абзацы,3,,2184,0.9804
2026-04-05T04:40:16.856271,18043,0.3↔1.0,0.835,100.0,целые тексты,1,бытовой,2185,0.9806
2026-04-05T04:40:17.120271,18047,0.1↔0.3,0.835,10.0,предложения,2,научный,2186,0.9808
2026-04-05T04:40:17.454271,18053,0.1↔0.3,0.837,100.0,целые тексты,2,научный,2187,0.9807
2026-04-05T04:40:18.516248,18072,0.1↔0.3,0.820,10.0,предложения,3,,2188,0.9802
2026-04-05T04:40:18.644271,18074,0.1↔0.3,0.817,100.0,целые тексты,1,бытовой,2189,0.9804
2026-04-05T04:40:18.859271,18078,0.3↔1.0,0.814,30.0,абзацы,2,научный,2190,0.9806
2026-04-05T04:40:19.036249,18080,0.1↔0.3,0.835,10.0,предложения,3,,2191,0.9808
2026-04-05T04:40:19.253271,18084,0.3↔1.0,0.831,0.3,буквы/слоги,1,бытовой,2192,0.9810
2026-04-05T04:40:19.617252,18091,0.3↔1.0,0.836,3.0,словосочетания,1,бытовой,2193,0.9809
2026-04-05T04:40:19.691252,18092,0.1↔0.3,0.834,1.0,слова,2,научный,2194,0.9811
2026-04-05T04:40:19.765249,18093,0.3↔1.0,0.832,30.0,абзацы,2,научный,2195,0.9813
2026-04-05T04:40:20.579247,18108,0.3↔1.0,0.812,10.0,предложения,2,научный,2196,0.9812
2026-04-05T04:40:20.741252,18111,0.3↔1.0,0.835,100.0,целые тексты,3,,2197,0.9814
2026-04-05T04:40:21.091248,18117,0.1↔0.3,0.825,0.3,буквы/слоги,2,научный,2198,0.9810
2026-04-05T04:40:21.320271,18121,0.3↔1.0,0.827,0.1,буквы/слоги,2,научный,2199,0.9812
2026-04-05T04:40:21.373243,18122,0.1↔0.3,0.829,30.0,абзацы,3,,2200,0.9814
2026-04-05T04:40:21.846271,18130,0.1↔0.3,0.813,100.0,целые тексты,1,бытовой,2201,0.9813
2026-04-05T04:40:21.906246,18131,0.3↔1.0,0.825,3.0,словосочетания,1,бытовой,2202,0.9815
2026-04-05T04:40:23.933244,18166,0.3↔1.0,0.836,1.0,слова,2,научный,2203,0.9802
2026-04-05T04:40:24.132247,18169,0.1↔0.3,0.822,0.3,буквы/слоги,2,научный,2204,0.9802
2026-04-05T04:40:25.560246,18195,0.1↔0.3,0.815,1.0,слова,1,бытовой,2205,0.9802
2026-04-05T04:40:26.376272,18210,0.1↔0.3,0.810,100.0,целые тексты,3,,2206,0.9802
2026-04-05T04:40:26.638272,18215,0.3↔1.0,0.819,30.0,абзацы,1,бытовой,2207,0.9804
2026-04-05T04:40:26.698243,18216,0.1↔0.3,0.820,3.0,словосочетания,2,научный,2208,0.9806
2026-04-05T04:40:27.413272,18230,0.1↔0.3,0.837,0.1,буквы/слоги,3,,2209,0.9808
2026-04-05T04:40:27.771272,18236,0.1↔0.3,0.816,30.0,абзацы,3,,2210,0.9810
2026-04-05T04:40:28.128273,18243,0.1↔0.3,0.836,100.0,целые тексты,1,бытовой,2211,0.9812
2026-04-05T04:40:29.476274,18267,0.3↔1.0,0.814,0.1,буквы/слоги,1,бытовой,2212,0.9811
2026-04-05T04:40:29.535244,18268,0.1↔0.3,0.832,10.0,предложения,2,научный,2213,0.9813
2026-04-05T04:40:29.811249,18272,0.1↔0.3,0.827,30.0,абзацы,2,научный,2214,0.9812
2026-04-05T04:40:30.553247,18285,0.3↔1.0,0.810,3.0,словосочетания,3,,2215,0.9811
2026-04-05T04:40:30.722273,18288,0.1↔0.3,0.817,0.3,буквы/слоги,2,научный,2216,0.9813
2026-04-05T04:40:30.778250,18289,0.1↔0.3,0.838,0.1,буквы/слоги,3,,2217,0.9815
2026-04-05T04:40:31.446248,18301,0.1↔0.3,0.831,3.0,словосочетания,3,,2218,0.9814
2026-04-05T04:40:32.037273,18310,0.1↔0.3,0.812,100.0,целые тексты,3,,2219,0.9816
2026-04-05T04:40:32.546248,18319,0.1↔0.3,0.838,100.0,целые тексты,1,бытовой,2220,0.9818
2026-04-05T04:40:33.054273,18326,0.3↔1.0,0.834,30.0,абзацы,1,бытовой,2221,0.9817
2026-04-05T04:40:33.616273,18334,0.3↔1.0,0.831,3.0,словосочетания,2,научный,2222,0.9813
2026-04-05T04:40:33.950273,18340,0.1↔0.3,0.820,3.0,словосочетания,3,,2223,0.9815
2026-04-05T04:40:34.228273,18345,0.3↔1.0,0.819,30.0,абзацы,1,бытовой,2224,0.9817
2026-04-05T04:40:35.100273,18360,0.3↔1.0,0.816,100.0,целые тексты,4,метафорический,2225,0.9810
2026-04-05T04:40:35.502248,18367,0.3↔1.0,0.811,0.3,буквы/слоги,2,научный,2226,0.9809
2026-04-05T04:40:35.954274,18375,0.3↔1.0,0.836,3.0,словосочетания,2,научный,2227,0.9808
2026-04-05T04:40:36.480273,18385,0.3↔1.0,0.835,100.0,целые тексты,1,бытовой,2228,0.9810
2026-04-05T04:40:36.745274,18389,0.3↔1.0,0.831,3.0,словосочетания,2,научный,2229,0.9812
2026-04-05T04:40:37.584253,18404,0.1↔0.3,0.828,1.0,слова,1,бытовой,2230,0.9808
2026-04-05T04:40:37.806254,18408,0.3↔1.0,0.821,100.0,целые тексты,1,бытовой,2231,0.9810
2026-04-05T04:40:38.132274,18413,0.1↔0.3,0.810,0.1,буквы/слоги,2,научный,2232,0.9812
2026-04-05T04:40:39.140255,18432,0.3↔1.0,0.835,0.3,буквы/слоги,1,бытовой,2233,0.9811
2026-04-05T04:40:39.968254,18447,0.3↔1.0,0.820,30.0,абзацы,3,,2234,0.9807
2026-04-05T04:40:40.464249,18456,0.3↔1.0,0.811,0.3,буквы/слоги,3,,2235,0.9809
2026-04-05T04:40:40.991245,18466,0.1↔0.3,0.837,30.0,абзацы,1,бытовой,2236,0.9808
2026-04-05T04:40:41.154247,18469,0.3↔1.0,0.827,1.0,слова,3,,2237,0.9810
2026-04-05T04:40:41.468246,18475,0.1↔0.3,0.830,30.0,абзацы,2,научный,2238,0.9812
2026-04-05T04:40:41.726248,18479,0.3↔1.0,0.819,3.0,словосочетания,3,,2239,0.9814
2026-04-05T04:40:41.862245,18481,0.3↔1.0,0.835,30.0,абзацы,1,бытовой,2240,0.9816
2026-04-05T04:40:42.288249,18489,0.3↔1.0,0.808,1.0,слова,1,бытовой,2241,0.9815
2026-04-05T04:40:42.556255,18494,0.1↔0.3,0.816,10.0,предложения,2,научный,2242,0.9817
2026-04-05T04:40:42.949245,18501,0.1↔0.3,0.824,30.0,абзацы,1,бытовой,2243,0.9819
2026-04-05T04:40:43.729274,18516,0.1↔0.3,0.825,0.1,буквы/слоги,3,,2244,0.9821
2026-04-05T04:40:43.783246,18517,0.1↔0.3,0.821,0.3,буквы/слоги,1,бытовой,2245,0.9823
2026-04-05T04:40:43.852245,18518,0.1↔0.3,0.829,100.0,целые тексты,2,научный,2246,0.9825
2026-04-05T04:40:43.923245,18519,0.1↔0.3,0.835,0.1,буквы/слоги,1,бытовой,2247,0.9827
2026-04-05T04:40:44.063274,18521,0.1↔0.3,0.838,3.0,словосочетания,1,бытовой,2248,0.9829
2026-04-05T04:40:44.392254,18527,0.3↔1.0,0.830,1.0,слова,2,научный,2249,0.9831
2026-04-05T04:40:44.817274,18535,0.1↔0.3,0.825,30.0,абзацы,3,,2250,0.9833
2026-04-05T04:40:45.264249,18543,0.3↔1.0,0.827,3.0,словосочетания,3,,2251,0.9835
2026-04-05T04:40:45.708274,18550,0.1↔0.3,0.823,0.3,буквы/слоги,2,научный,2252,0.9834
2026-04-05T04:40:46.180274,18559,0.1↔0.3,0.820,0.1,буквы/слоги,3,,2253,0.9836
2026-04-05T04:40:46.739274,18569,0.3↔1.0,0.827,0.3,буквы/слоги,4,метафорический,2254,0.9835
2026-04-05T04:40:47.129274,18576,0.1↔0.3,0.810,3.0,словосочетания,1,бытовой,2255,0.9837
2026-04-05T04:40:48.745251,18606,0.3↔1.0,0.809,0.3,буквы/слоги,1,бытовой,2256,0.9833
2026-04-05T04:40:49.214253,18614,0.3↔1.0,0.823,0.1,буквы/слоги,1,бытовой,2257,0.9832
2026-04-05T04:40:49.662246,18621,0.1↔0.3,0.809,0.3,буквы/слоги,3,,2258,0.9831
2026-04-05T04:40:50.052274,18628,0.3↔1.0,0.829,1.0,слова,1,бытовой,2259,0.9833
2026-04-05T04:40:50.882275,18642,0.1↔0.3,0.838,1.0,слова,3,,2260,0.9832
2026-04-05T04:40:50.938252,18643,0.3↔1.0,0.838,10.0,предложения,2,научный,2261,0.9834
2026-04-05T04:40:51.084246,18645,0.1↔0.3,0.837,0.1,буквы/слоги,1,бытовой,2262,0.9836
2026-04-05T04:40:51.374248,18650,0.1↔0.3,0.810,100.0,целые тексты,1,бытовой,2263,0.9835
2026-04-05T04:40:51.823256,18658,0.1↔0.3,0.815,0.3,буквы/слоги,2,научный,2264,0.9834
2026-04-05T04:40:52.427249,18668,0.3↔1.0,0.818,1.0,слова,3,,2265,0.9827
2026-04-05T04:40:52.644275,18672,0.1↔0.3,0.808,100.0,целые тексты,3,,2266,0.9829
2026-04-05T04:40:53.400251,18685,0.1↔0.3,0.827,10.0,предложения,1,бытовой,2267,0.9828
2026-04-05T04:40:53.697246,18690,0.1↔0.3,0.831,3.0,словосочетания,3,,2268,0.9830
2026-04-05T04:40:54.677256,18708,0.1↔0.3,0.816,100.0,целые тексты,1,бытовой,2269,0.9829
2026-04-05T04:40:58.014249,18767,0.3↔1.0,0.820,10.0,предложения,3,,2270,0.9810
2026-04-05T04:40:58.284275,18770,0.1↔0.3,0.835,1.0,слова,3,,2271,0.9812
2026-04-05T04:40:59.009251,18782,0.3↔1.0,0.825,1.0,слова,1,бытовой,2272,0.9808
2026-04-05T04:40:59.483246,18790,0.1↔0.3,0.816,3.0,словосочетания,1,бытовой,2273,0.9807
2026-04-05T04:40:59.612256,18792,0.1↔0.3,0.825,0.3,буквы/слоги,2,научный,2274,0.9809
2026-04-05T04:41:00.000276,18799,0.3↔1.0,0.830,3.0,словосочетания,3,,2275,0.9811
2026-04-05T04:41:00.121246,18801,0.1↔0.3,0.823,3.0,словосочетания,4,метафорический,2276,0.9813
2026-04-05T04:41:00.405256,18805,0.1↔0.3,0.832,100.0,целые тексты,4,метафорический,2277,0.9812
2026-04-05T04:41:01.145247,18816,0.3↔1.0,0.823,0.3,буквы/слоги,1,бытовой,2278,0.9802
2026-04-05T04:41:01.763247,18825,0.3↔1.0,0.811,30.0,абзацы,3,,2279,0.9802
2026-04-05T04:41:03.017253,18847,0.3↔1.0,0.831,100.0,целые тексты,1,бытовой,2280,0.9802
2026-04-05T04:41:03.382276,18854,0.1↔0.3,0.823,10.0,предложения,3,,2281,0.9804
2026-04-05T04:41:03.717276,18859,0.1↔0.3,0.815,0.1,буквы/слоги,1,бытовой,2282,0.9806
2026-04-05T04:41:04.007248,18864,0.1↔0.3,0.823,3.0,словосочетания,2,научный,2283,0.9808
2026-04-05T04:41:04.522276,18873,0.3↔1.0,0.816,0.1,буквы/слоги,4,метафорический,2284,0.9810
2026-04-05T04:41:04.844275,18878,0.3↔1.0,0.819,0.3,буквы/слоги,1,бытовой,2285,0.9812
2026-04-05T04:41:05.088251,18882,0.1↔0.3,0.831,10.0,предложения,1,бытовой,2286,0.9814
2026-04-05T04:41:05.412250,18887,0.1↔0.3,0.824,100.0,целые тексты,2,научный,2287,0.9810
2026-04-05T04:41:05.856276,18895,0.1↔0.3,0.816,3.0,словосочетания,1,бытовой,2288,0.9812
2026-04-05T04:41:06.004248,18897,0.1↔0.3,0.817,10.0,предложения,3,,2289,0.9814
2026-04-05T04:41:06.208249,18900,0.1↔0.3,0.825,3.0,словосочетания,3,,2290,0.9816
2026-04-05T04:41:06.338248,18902,0.1↔0.3,0.829,0.1,буквы/слоги,2,научный,2291,0.9818
2026-04-05T04:41:06.819253,18910,0.1↔0.3,0.826,1.0,слова,2,научный,2292,0.9817
2026-04-05T04:41:07.724248,18927,0.3↔1.0,0.810,10.0,предложения,2,научный,2293,0.9813
2026-04-05T04:41:07.917277,18930,0.1↔0.3,0.831,100.0,целые тексты,2,научный,2294,0.9815
2026-04-05T04:41:08.928276,18949,0.3↔1.0,0.817,1.0,слова,3,,2295,0.9811
2026-04-05T04:41:09.100277,18952,0.1↔0.3,0.829,1.0,слова,2,научный,2296,0.9813
2026-04-05T04:41:10.029277,18969,0.1↔0.3,0.813,0.3,буквы/слоги,2,научный,2297,0.9809
2026-04-05T04:41:10.189277,18971,0.3↔1.0,0.820,10.0,предложения,4,метафорический,2298,0.9811
2026-04-05T04:41:10.256252,18972,0.1↔0.3,0.821,100.0,целые тексты,4,метафорический,2299,0.9813
2026-04-05T04:41:10.641251,18979,0.3↔1.0,0.826,1.0,слова,2,научный,2300,0.9812
2026-04-05T04:41:11.644258,18997,0.3↔1.0,0.828,30.0,абзацы,2,научный,2301,0.9808
2026-04-05T04:41:11.948277,19002,0.1↔0.3,0.809,100.0,целые тексты,4,метафорический,2302,0.9807
2026-04-05T04:41:12.005254,19003,0.1↔0.3,0.830,3.0,словосочетания,2,научный,2303,0.9809
2026-04-05T04:41:12.242276,19007,0.3↔1.0,0.825,0.3,буквы/слоги,1,бытовой,2304,0.9811
2026-04-05T04:41:12.370254,19009,0.1↔0.3,0.817,3.0,словосочетания,2,научный,2305,0.9813
2026-04-05T04:41:13.264277,19024,0.3↔1.0,0.820,30.0,абзацы,2,научный,2306,0.9806
2026-04-05T04:41:15.034248,19056,0.3↔1.0,0.817,0.1,буквы/слоги,3,,2307,0.9802
2026-04-05T04:41:16.014278,19073,0.3↔1.0,0.834,1.0,слова,3,,2308,0.9802
2026-04-05T04:41:16.192251,19075,0.3↔1.0,0.833,0.3,буквы/слоги,3,,2309,0.9804
2026-04-05T04:41:16.794258,19086,0.1↔0.3,0.833,3.0,словосочетания,3,,2310,0.9806
2026-04-05T04:41:16.912250,19088,0.3↔1.0,0.835,1.0,слова,2,научный,2311,0.9808
2026-04-05T04:41:17.202277,19092,0.1↔0.3,0.820,0.3,буквы/слоги,3,,2312,0.9804
2026-04-05T04:41:17.793254,19102,0.1↔0.3,0.817,0.3,буквы/слоги,2,научный,2313,0.9802
2026-04-05T04:41:17.872255,19103,0.3↔1.0,0.817,10.0,предложения,1,бытовой,2314,0.9804
2026-04-05T04:41:18.283277,19110,0.1↔0.3,0.825,0.3,буквы/слоги,1,бытовой,2315,0.9803
2026-04-05T04:41:19.246259,19128,0.1↔0.3,0.824,100.0,целые тексты,3,,2316,0.9805
2026-04-05T04:41:19.722278,19137,0.1↔0.3,0.832,100.0,целые тексты,4,метафорический,2317,0.9807
2026-04-05T04:41:19.957277,19141,0.3↔1.0,0.832,100.0,целые тексты,1,бытовой,2318,0.9809
2026-04-05T04:41:20.896278,19157,0.1↔0.3,0.828,100.0,целые тексты,1,бытовой,2319,0.9808
2026-04-05T04:41:21.164258,19162,0.1↔0.3,0.811,0.3,буквы/слоги,1,бытовой,2320,0.9810
2026-04-05T04:41:22.232278,19181,0.1↔0.3,0.821,1.0,слова,2,научный,2321,0.9809
2026-04-05T04:41:22.483249,19184,0.3↔1.0,0.821,0.1,буквы/слоги,3,,2322,0.9808
2026-04-05T04:41:23.129278,19195,0.1↔0.3,0.822,10.0,предложения,1,бытовой,2323,0.9802
2026-04-05T04:41:23.187255,19196,0.1↔0.3,0.821,10.0,предложения,1,бытовой,2324,0.9804
2026-04-05T04:41:23.721249,19205,0.3↔1.0,0.818,1.0,слова,2,научный,2325,0.9802
2026-04-05T04:41:24.118278,19212,0.1↔0.3,0.812,100.0,целые тексты,3,,2326,0.9802
2026-04-05T04:41:24.693252,19222,0.1↔0.3,0.825,10.0,предложения,2,научный,2327,0.9802
2026-04-05T04:41:24.839249,19224,0.3↔1.0,0.823,30.0,абзацы,2,научный,2328,0.9804
2026-04-05T04:41:26.044254,19246,0.3↔1.0,0.814,30.0,абзацы,1,бытовой,2329,0.9802
2026-04-05T04:41:27.079278,19264,0.3↔1.0,0.821,0.3,буквы/слоги,1,бытовой,2330,0.9802
2026-04-05T04:41:27.520278,19271,0.1↔0.3,0.810,0.1,буквы/слоги,2,научный,2331,0.9804
2026-04-05T04:41:27.657250,19273,0.3↔1.0,0.817,30.0,абзацы,3,,2332,0.9803
2026-04-05T04:41:28.504278,19289,0.3↔1.0,0.828,0.3,буквы/слоги,3,,2333,0.9805
2026-04-05T04:41:29.323261,19304,0.1↔0.3,0.814,100.0,целые тексты,1,бытовой,2334,0.9802
2026-04-05T04:41:30.065278,19318,0.3↔1.0,0.825,30.0,абзацы,1,бытовой,2335,0.9804
2026-04-05T04:41:31.213254,19339,0.3↔1.0,0.826,10.0,предложения,1,бытовой,2336,0.9802
2026-04-05T04:41:31.286256,19340,0.3↔1.0,0.823,100.0,целые тексты,2,научный,2337,0.9804
2026-04-05T04:41:31.932279,19352,0.3↔1.0,0.830,0.3,буквы/слоги,2,научный,2338,0.9806
2026-04-05T04:41:32.842252,19369,0.1↔0.3,0.816,0.3,буквы/слоги,4,метафорический,2339,0.9802
2026-04-05T04:41:32.949251,19370,0.3↔1.0,0.818,0.3,буквы/слоги,2,научный,2340,0.9804
2026-04-05T04:41:33.747279,19385,0.3↔1.0,0.832,3.0,словосочетания,3,,2341,0.9803
2026-04-05T04:41:33.933255,19388,0.1↔0.3,0.813,0.1,буквы/слоги,1,бытовой,2342,0.9805
2026-04-05T04:41:34.234250,19391,0.1↔0.3,0.820,10.0,предложения,3,,2343,0.9804
2026-04-05T04:41:34.770260,19401,0.1↔0.3,0.818,0.1,буквы/слоги,3,,2344,0.9806
2026-04-05T04:41:34.882252,19403,0.1↔0.3,0.815,3.0,словосочетания,1,бытовой,2345,0.9808
2026-04-05T04:41:35.175279,19408,0.3↔1.0,0.809,10.0,предложения,2,научный,2346,0.9810
2026-04-05T04:41:36.285279,19428,0.1↔0.3,0.821,0.1,буквы/слоги,1,бытовой,2347,0.9803
2026-04-05T04:41:37.184255,19445,0.3↔1.0,0.811,0.3,буквы/слоги,1,бытовой,2348,0.9805
2026-04-05T04:41:37.260256,19446,0.1↔0.3,0.823,30.0,абзацы,1,бытовой,2349,0.9807
2026-04-05T04:41:37.321251,19447,0.3↔1.0,0.815,100.0,целые тексты,3,,2350,0.9809
2026-04-05T04:41:38.400280,19467,0.1↔0.3,0.831,30.0,абзацы,4,метафорический,2351,0.9808
2026-04-05T04:41:38.844279,19475,0.1↔0.3,0.826,0.1,буквы/слоги,3,,2352,0.9807
2026-04-05T04:41:38.926255,19476,0.1↔0.3,0.813,10.0,предложения,2,научный,2353,0.9809
2026-04-05T04:41:39.058260,19478,0.3↔1.0,0.833,1.0,слова,1,бытовой,2354,0.9811
2026-04-05T04:41:39.528280,19487,0.1↔0.3,0.812,3.0,словосочетания,3,,2355,0.9813
2026-04-05T04:41:39.938260,19494,0.1↔0.3,0.812,0.3,буквы/слоги,1,бытовой,2356,0.9809
2026-04-05T04:41:40.049251,19496,0.3↔1.0,0.822,0.3,буквы/слоги,2,научный,2357,0.9811
2026-04-05T04:41:40.694255,19508,0.1↔0.3,0.814,1.0,слова,3,,2358,0.9813
2026-04-05T04:41:40.874253,19511,0.3↔1.0,0.822,1.0,слова,1,бытовой,2359,0.9815
2026-04-05T04:41:41.227280,19517,0.1↔0.3,0.812,0.3,буквы/слоги,1,бытовой,2360,0.9814
2026-04-05T04:41:41.502260,19521,0.3↔1.0,0.816,30.0,абзацы,3,,2361,0.9813
2026-04-05T04:41:41.997280,19530,0.3↔1.0,0.817,100.0,целые тексты,1,бытовой,2362,0.9812
2026-04-05T04:41:42.557257,19540,0.3↔1.0,0.810,30.0,абзацы,1,бытовой,2363,0.9811
2026-04-05T04:41:42.874270,19546,0.1↔0.3,0.830,10.0,предложения,1,бытовой,2364,0.9813
2026-04-05T04:41:43.081279,19549,0.3↔1.0,0.830,100.0,целые тексты,3,,2365,0.9815
2026-04-05T04:41:44.738280,19578,0.1↔0.3,0.830,10.0,предложения,4,метафорический,2366,0.9805
2026-04-05T04:41:45.099280,19584,0.1↔0.3,0.811,10.0,предложения,2,научный,2367,0.9807
2026-04-05T04:41:45.387254,19589,0.3↔1.0,0.816,10.0,предложения,2,научный,2368,0.9806
2026-04-05T04:41:45.508253,19590,0.1↔0.3,0.829,30.0,абзацы,4,метафорический,2369,0.9808
2026-04-05T04:41:46.190280,19601,0.1↔0.3,0.813,30.0,абзацы,4,метафорический,2370,0.9807
2026-04-05T04:41:46.688257,19609,0.3↔1.0,0.822,30.0,абзацы,2,научный,2371,0.9803
2026-04-05T04:41:46.870280,19612,0.1↔0.3,0.810,10.0,предложения,2,научный,2372,0.9805
2026-04-05T04:41:47.116259,19616,0.1↔0.3,0.817,10.0,предложения,1,бытовой,2373,0.9804
2026-04-05T04:41:47.885280,19631,0.3↔1.0,0.809,100.0,целые тексты,2,научный,2374,0.9806
2026-04-05T04:41:47.947258,19632,0.1↔0.3,0.818,10.0,предложения,1,бытовой,2375,0.9808
2026-04-05T04:41:48.003251,19633,0.3↔1.0,0.836,1.0,слова,3,,2376,0.9810
2026-04-05T04:41:48.306280,19638,0.3↔1.0,0.834,0.1,буквы/слоги,1,бытовой,2377,0.9812
2026-04-05T04:41:48.453252,19640,0.3↔1.0,0.836,30.0,абзацы,1,бытовой,2378,0.9814
2026-04-05T04:41:48.879252,19647,0.3↔1.0,0.834,3.0,словосочетания,3,,2379,0.9813
2026-04-05T04:41:49.471281,19657,0.1↔0.3,0.810,10.0,предложения,2,научный,2380,0.9812
2026-04-05T04:41:49.554257,19658,0.1↔0.3,0.819,3.0,словосочетания,1,бытовой,2381,0.9814
2026-04-05T04:41:49.615252,19659,0.1↔0.3,0.818,30.0,абзацы,2,научный,2382,0.9816
2026-04-05T04:41:49.698252,19660,0.3↔1.0,0.835,3.0,словосочетания,2,научный,2383,0.9818
2026-04-05T04:41:50.044251,19666,0.1↔0.3,0.821,3.0,словосочетания,1,бытовой,2384,0.9817
2026-04-05T04:41:50.485281,19674,0.3↔1.0,0.836,1.0,слова,1,бытовой,2385,0.9819
2026-04-05T04:41:51.317262,19688,0.3↔1.0,0.836,3.0,словосочетания,2,научный,2386,0.9818
2026-04-05T04:41:51.381253,19689,0.1↔0.3,0.825,100.0,целые тексты,3,,2387,0.9820
2026-04-05T04:41:51.793259,19697,0.1↔0.3,0.829,10.0,предложения,1,бытовой,2388,0.9822
2026-04-05T04:41:52.244281,19705,0.1↔0.3,0.814,30.0,абзацы,2,научный,2389,0.9821
2026-04-05T04:41:52.503281,19709,0.1↔0.3,0.830,3.0,словосочетания,1,бытовой,2390,0.9823
2026-04-05T04:41:53.232254,19722,0.1↔0.3,0.837,3.0,словосочетания,2,научный,2391,0.9822
2026-04-05T04:41:53.670255,19730,0.3↔1.0,0.834,10.0,предложения,2,научный,2392,0.9824
2026-04-05T04:41:53.855281,19733,0.3↔1.0,0.828,1.0,слова,4,метафорический,2393,0.9826
2026-04-05T04:41:54.383281,19743,0.3↔1.0,0.835,10.0,предложения,2,научный,2394,0.9828
2026-04-05T04:41:54.698281,19748,0.1↔0.3,0.830,10.0,предложения,3,,2395,0.9830
2026-04-05T04:41:55.886281,19770,0.1↔0.3,0.812,1.0,слова,2,научный,2396,0.9832
2026-04-05T04:41:56.731257,19784,0.1↔0.3,0.818,100.0,целые тексты,3,,2397,0.9828
2026-04-05T04:41:56.994260,19788,0.3↔1.0,0.836,0.1,буквы/слоги,2,научный,2398,0.9827
2026-04-05T04:41:57.075257,19789,0.1↔0.3,0.817,1.0,слова,1,бытовой,2399,0.9829
2026-04-05T04:41:57.405258,19795,0.3↔1.0,0.821,10.0,предложения,3,,2400,0.9831
2026-04-05T04:41:58.009263,19806,0.1↔0.3,0.810,100.0,целые тексты,1,бытовой,2401,0.9833
2026-04-05T04:41:58.257262,19810,0.1↔0.3,0.814,0.1,буквы/слоги,4,метафорический,2402,0.9835
2026-04-05T04:41:59.529282,19834,0.1↔0.3,0.821,100.0,целые тексты,3,,2403,0.9831
2026-04-05T04:41:59.682252,19836,0.3↔1.0,0.808,0.3,буквы/слоги,2,научный,2404,0.9830
2026-04-05T04:42:00.052260,19842,0.1↔0.3,0.828,30.0,абзацы,3,,2405,0.9832
2026-04-05T04:42:00.276255,19845,0.3↔1.0,0.831,30.0,абзацы,2,научный,2406,0.9831
2026-04-05T04:42:00.485260,19847,0.1↔0.3,0.824,1.0,слова,1,бытовой,2407,0.9833
2026-04-05T04:42:01.277282,19860,0.3↔1.0,0.816,0.1,буквы/слоги,3,,2408,0.9835
2026-04-05T04:42:01.623281,19866,0.3↔1.0,0.813,0.3,буквы/слоги,2,научный,2409,0.9837
2026-04-05T04:42:01.778255,19868,0.3↔1.0,0.836,10.0,предложения,2,научный,2410,0.9839
2026-04-05T04:42:02.506282,19880,0.1↔0.3,0.815,0.3,буквы/слоги,1,бытовой,2411,0.9838
2026-04-05T04:42:03.316282,19894,0.1↔0.3,0.836,3.0,словосочетания,2,научный,2412,0.9837
2026-04-05T04:42:04.859258,19922,0.3↔1.0,0.809,100.0,целые тексты,1,бытовой,2413,0.9830
2026-04-05T04:42:05.026257,19924,0.3↔1.0,0.825,0.3,буквы/слоги,3,,2414,0.9832
2026-04-05T04:42:05.195258,19926,0.3↔1.0,0.824,0.3,буквы/слоги,1,бытовой,2415,0.9831
2026-04-05T04:42:05.737282,19935,0.1↔0.3,0.822,10.0,предложения,1,бытовой,2416,0.9830
2026-04-05T04:42:06.347257,19946,0.1↔0.3,0.817,0.1,буквы/слоги,3,,2417,0.9832
2026-04-05T04:42:06.650265,19951,0.1↔0.3,0.831,10.0,предложения,3,,2418,0.9834
2026-04-05T04:42:06.728260,19952,0.1↔0.3,0.833,0.3,буквы/слоги,1,бытовой,2419,0.9836
2026-04-05T04:42:06.869253,19954,0.3↔1.0,0.832,0.1,буквы/слоги,1,бытовой,2420,0.9838
2026-04-05T04:42:07.858283,19971,0.1↔0.3,0.818,0.1,буквы/слоги,2,научный,2421,0.9834
2026-04-05T04:42:08.001257,19973,0.1↔0.3,0.813,3.0,словосочетания,1,бытовой,2422,0.9836
2026-04-05T04:42:09.316260,19997,0.3↔1.0,0.820,3.0,словосочетания,3,,2423,0.9832
2026-04-05T04:42:09.473254,19999,0.3↔1.0,0.826,30.0,абзацы,3,,2424,0.9834
2026-04-05T04:42:09.713253,20002,0.1↔0.3,0.830,1.0,слова,3,,2425,0.9833
2026-04-05T04:42:10.128263,20009,0.1↔0.3,0.816,1.0,слова,4,метафорический,2426,0.9835
2026-04-05T04:42:10.274255,20011,0.3↔1.0,0.832,1.0,слова,3,,2427,0.9837
2026-04-05T04:42:11.254259,20027,0.3↔1.0,0.822,3.0,словосочетания,4,метафорический,2428,0.9833
2026-04-05T04:42:11.325259,20028,0.3↔1.0,0.808,0.1,буквы/слоги,3,,2429,0.9835
2026-04-05T04:42:12.550283,20047,0.1↔0.3,0.828,0.3,буквы/слоги,2,научный,2430,0.9825
2026-04-05T04:42:13.828283,20070,0.1↔0.3,0.825,0.1,буквы/слоги,2,научный,2431,0.9821
2026-04-05T04:42:14.490263,20081,0.3↔1.0,0.836,0.3,буквы/слоги,3,,2432,0.9823
2026-04-05T04:42:14.930254,20088,0.1↔0.3,0.827,10.0,предложения,1,бытовой,2433,0.9822
2026-04-05T04:42:15.468283,20097,0.3↔1.0,0.813,10.0,предложения,2,научный,2434,0.9818
2026-04-05T04:42:16.234283,20111,0.1↔0.3,0.822,10.0,предложения,2,научный,2435,0.9820
2026-04-05T04:42:16.598284,20117,0.1↔0.3,0.815,3.0,словосочетания,2,научный,2436,0.9822
2026-04-05T04:42:17.136283,20127,0.1↔0.3,0.836,30.0,абзацы,4,метафорический,2437,0.9821
2026-04-05T04:42:17.565257,20135,0.3↔1.0,0.829,3.0,словосочетания,1,бытовой,2438,0.9820
2026-04-05T04:42:17.858258,20140,0.1↔0.3,0.819,1.0,слова,2,научный,2439,0.9819
2026-04-05T04:42:17.931255,20141,0.1↔0.3,0.827,0.1,буквы/слоги,2,научный,2440,0.9821
2026-04-05T04:42:18.569284,20153,0.1↔0.3,0.833,100.0,целые тексты,1,бытовой,2441,0.9823
2026-04-05T04:42:18.902283,20158,0.1↔0.3,0.817,100.0,целые тексты,4,метафорический,2442,0.9825
2026-04-05T04:42:18.960255,20159,0.1↔0.3,0.825,30.0,абзацы,2,научный,2443,0.9827
2026-04-05T04:42:19.035255,20160,0.1↔0.3,0.809,3.0,словосочетания,2,научный,2444,0.9829
2026-04-05T04:42:19.521283,20169,0.3↔1.0,0.838,100.0,целые тексты,1,бытовой,2445,0.9831
2026-04-05T04:42:19.824257,20173,0.3↔1.0,0.822,0.1,буквы/слоги,1,бытовой,2446,0.9830
2026-04-05T04:42:20.016255,20176,0.3↔1.0,0.810,30.0,абзацы,1,бытовой,2447,0.9829
2026-04-05T04:42:20.158256,20178,0.3↔1.0,0.838,0.1,буквы/слоги,1,бытовой,2448,0.9831
2026-04-05T04:42:20.313255,20180,0.1↔0.3,0.828,1.0,слова,2,научный,2449,0.9830
2026-04-05T04:42:21.207284,20196,0.1↔0.3,0.829,30.0,абзацы,1,бытовой,2450,0.9826
2026-04-05T04:42:21.949284,20210,0.1↔0.3,0.811,10.0,предложения,1,бытовой,2451,0.9828
2026-04-05T04:42:22.165284,20213,0.3↔1.0,0.825,0.1,буквы/слоги,3,,2452,0.9830
2026-04-05T04:42:23.314262,20232,0.1↔0.3,0.835,30.0,абзацы,3,,2453,0.9823
2026-04-05T04:42:23.777261,20239,0.3↔1.0,0.822,3.0,словосочетания,1,бытовой,2454,0.9822
2026-04-05T04:42:24.032284,20243,0.3↔1.0,0.828,1.0,слова,1,бытовой,2455,0.9821
2026-04-05T04:42:24.133260,20244,0.3↔1.0,0.828,0.3,буквы/слоги,3,,2456,0.9823
2026-04-05T04:42:24.657261,20253,0.3↔1.0,0.812,30.0,абзацы,2,научный,2457,0.9822
2026-04-05T04:42:25.929284,20275,0.1↔0.3,0.809,10.0,предложения,4,метафорический,2458,0.9824
2026-04-05T04:42:26.254284,20281,0.1↔0.3,0.826,100.0,целые тексты,1,бытовой,2459,0.9826
2026-04-05T04:42:26.664284,20288,0.3↔1.0,0.812,0.1,буквы/слоги,3,,2460,0.9828
2026-04-05T04:42:27.964256,20310,0.3↔1.0,0.834,1.0,слова,3,,2461,0.9821
2026-04-05T04:42:28.065256,20311,0.1↔0.3,0.817,0.3,буквы/слоги,2,научный,2462,0.9823
2026-04-05T04:42:28.320265,20315,0.3↔1.0,0.817,3.0,словосочетания,1,бытовой,2463,0.9825
2026-04-05T04:42:28.490262,20317,0.1↔0.3,0.813,30.0,абзацы,2,научный,2464,0.9824
2026-04-05T04:42:28.975285,20325,0.1↔0.3,0.815,0.3,буквы/слоги,1,бытовой,2465,0.9826
2026-04-05T04:42:29.186264,20329,0.1↔0.3,0.824,0.1,буквы/слоги,2,научный,2466,0.9825
2026-04-05T04:42:29.787285,20339,0.1↔0.3,0.831,0.3,буквы/слоги,4,метафорический,2467,0.9827
2026-04-05T04:42:30.003263,20342,0.3↔1.0,0.816,0.3,буквы/слоги,4,метафорический,2468,0.9829
2026-04-05T04:42:30.210266,20345,0.1↔0.3,0.836,100.0,целые тексты,4,метафорический,2469,0.9831
2026-04-05T04:42:30.600285,20352,0.1↔0.3,0.820,3.0,словосочетания,4,метафорический,2470,0.9833
2026-04-05T04:42:30.665258,20353,0.1↔0.3,0.837,30.0,абзацы,2,научный,2471,0.9835
2026-04-05T04:42:30.873266,20357,0.3↔1.0,0.812,100.0,целые тексты,2,научный,2472,0.9837
2026-04-05T04:42:31.558285,20370,0.1↔0.3,0.838,30.0,абзацы,1,бытовой,2473,0.9839
2026-04-05T04:42:31.902285,20376,0.3↔1.0,0.835,100.0,целые тексты,2,научный,2474,0.9841
2026-04-05T04:42:32.209285,20382,0.3↔1.0,0.814,0.3,буквы/слоги,3,,2475,0.9843
2026-04-05T04:42:32.811285,20392,0.3↔1.0,0.831,30.0,абзацы,2,научный,2476,0.9839
2026-04-05T04:42:33.032285,20396,0.3↔1.0,0.810,30.0,абзацы,2,научный,2477,0.9841
2026-04-05T04:42:33.518285,20405,0.3↔1.0,0.817,30.0,абзацы,3,,2478,0.9840
2026-04-05T04:42:34.008276,20414,0.1↔0.3,0.834,100.0,целые тексты,2,научный,2479,0.9839
2026-04-05T04:42:34.570285,20425,0.1↔0.3,0.812,10.0,предложения,2,научный,2480,0.9841
2026-04-05T04:42:34.861285,20430,0.3↔1.0,0.826,100.0,целые тексты,3,,2481,0.9843
2026-04-05T04:42:34.985257,20432,0.3↔1.0,0.815,0.3,буквы/слоги,3,,2482,0.9845
2026-04-05T04:42:35.060257,20433,0.3↔1.0,0.831,10.0,предложения,2,научный,2483,0.9847
2026-04-05T04:42:35.387285,20438,0.1↔0.3,0.828,0.1,буквы/слоги,4,метафорический,2484,0.9846
2026-04-05T04:42:35.954285,20448,0.3↔1.0,0.819,1.0,слова,1,бытовой,2485,0.9845
2026-04-05T04:42:36.289256,20454,0.1↔0.3,0.836,0.1,буквы/слоги,1,бытовой,2486,0.9844
2026-04-05T04:42:36.753285,20463,0.1↔0.3,0.828,0.1,буквы/слоги,2,научный,2487,0.9846
2026-04-05T04:42:37.636261,20479,0.3↔1.0,0.811,100.0,целые тексты,3,,2488,0.9842
2026-04-05T04:42:38.108266,20488,0.1↔0.3,0.838,0.1,буквы/слоги,2,научный,2489,0.9844
2026-04-05T04:42:38.287285,20491,0.1↔0.3,0.815,0.1,буквы/слоги,1,бытовой,2490,0.9846
2026-04-05T04:42:39.006266,20504,0.3↔1.0,0.813,0.3,буквы/слоги,1,бытовой,2491,0.9845
2026-04-05T04:42:40.340260,20530,0.1↔0.3,0.811,30.0,абзацы,2,научный,2492,0.9847
2026-04-05T04:42:40.635285,20535,0.1↔0.3,0.825,100.0,целые тексты,2,научный,2493,0.9849
2026-04-05T04:42:41.872266,20559,0.1↔0.3,0.837,100.0,целые тексты,4,метафорический,2494,0.9848
2026-04-05T04:42:42.463285,20570,0.3↔1.0,0.814,10.0,предложения,3,,2495,0.9847
2026-04-05T04:42:43.002257,20579,0.1↔0.3,0.815,1.0,слова,3,,2496,0.9846
2026-04-05T04:42:43.510286,20588,0.1↔0.3,0.819,0.1,буквы/слоги,1,бытовой,2497,0.9848
2026-04-05T04:42:44.463286,20606,0.1↔0.3,0.810,10.0,предложения,2,научный,2498,0.9850
2026-04-05T04:42:44.952286,20615,0.1↔0.3,0.816,30.0,абзацы,3,,2499,0.9852
2026-04-05T04:42:45.075258,20617,0.3↔1.0,0.824,0.1,буквы/слоги,3,,2500,0.9851
2026-04-05T04:42:45.224260,20619,0.1↔0.3,0.829,1.0,слова,3,,2501,0.9853
2026-04-05T04:42:45.929267,20631,0.1↔0.3,0.818,10.0,предложения,3,,2502,0.9852
2026-04-05T04:42:46.548286,20642,0.1↔0.3,0.820,100.0,целые тексты,2,научный,2503,0.9854
2026-04-05T04:42:46.787261,20645,0.3↔1.0,0.825,30.0,абзацы,1,бытовой,2504,0.9853
2026-04-05T04:42:47.082286,20650,0.1↔0.3,0.822,0.1,буквы/слоги,2,научный,2505,0.9855
2026-04-05T04:42:47.424258,20656,0.3↔1.0,0.818,3.0,словосочетания,4,метафорический,2506,0.9857
2026-04-05T04:42:48.707287,20679,0.1↔0.3,0.817,0.1,буквы/слоги,3,,2507,0.9850
2026-04-05T04:42:49.398287,20690,0.3↔1.0,0.822,0.1,буквы/слоги,1,бытовой,2508,0.9846
2026-04-05T04:42:50.999286,20720,0.3↔1.0,0.809,0.3,буквы/слоги,2,научный,2509,0.9839
2026-04-05T04:42:51.425287,20728,0.1↔0.3,0.816,1.0,слова,1,бытовой,2510,0.9841
2026-04-05T04:42:51.857287,20736,0.1↔0.3,0.836,0.3,буквы/слоги,2,научный,2511,0.9843
2026-04-05T04:42:52.253287,20743,0.1↔0.3,0.810,30.0,абзацы,3,,2512,0.9845
2026-04-05T04:42:52.604267,20749,0.3↔1.0,0.812,10.0,предложения,1,бытовой,2513,0.9847
2026-04-05T04:42:53.293287,20762,0.3↔1.0,0.831,100.0,целые тексты,1,бытовой,2514,0.9849
2026-04-05T04:42:53.459258,20764,0.3↔1.0,0.812,1.0,слова,2,научный,2515,0.9851
2026-04-05T04:42:54.021267,20774,0.3↔1.0,0.831,10.0,предложения,2,научный,2516,0.9853
2026-04-05T04:42:55.394268,20799,0.3↔1.0,0.814,10.0,предложения,4,метафорический,2517,0.9849
2026-04-05T04:42:55.581258,20802,0.1↔0.3,0.822,0.1,буквы/слоги,3,,2518,0.9851
2026-04-05T04:42:55.827268,20806,0.1↔0.3,0.832,100.0,целые тексты,3,,2519,0.9853
2026-04-05T04:42:56.187287,20812,0.1↔0.3,0.814,0.3,буквы/слоги,2,научный,2520,0.9855
2026-04-05T04:42:57.577287,20838,0.1↔0.3,0.823,30.0,абзацы,1,бытовой,2521,0.9854
2026-04-05T04:42:58.687262,20857,0.3↔1.0,0.811,100.0,целые тексты,2,научный,2522,0.9844
2026-04-05T04:42:59.680269,20875,0.1↔0.3,0.818,3.0,словосочетания,2,научный,2523,0.9843
2026-04-05T04:42:59.741265,20876,0.3↔1.0,0.813,1.0,слова,3,,2524,0.9845
2026-04-05T04:43:00.728288,20894,0.3↔1.0,0.829,30.0,абзацы,3,,2525,0.9844
2026-04-05T04:43:01.523288,20906,0.1↔0.3,0.810,30.0,абзацы,1,бытовой,2526,0.9846
2026-04-05T04:43:01.763261,20909,0.3↔1.0,0.828,30.0,абзацы,2,научный,2527,0.9845
2026-04-05T04:43:01.895262,20911,0.1↔0.3,0.823,30.0,абзацы,1,бытовой,2528,0.9847
2026-04-05T04:43:02.270288,20916,0.1↔0.3,0.824,30.0,абзацы,1,бытовой,2529,0.9846
2026-04-05T04:43:02.637288,20922,0.1↔0.3,0.835,30.0,абзацы,4,метафорический,2530,0.9842
2026-04-05T04:43:02.995259,20927,0.3↔1.0,0.812,3.0,словосочетания,3,,2531,0.9841
2026-04-05T04:43:03.127288,20929,0.3↔1.0,0.827,30.0,абзацы,2,научный,2532,0.9843
2026-04-05T04:43:03.637269,20938,0.3↔1.0,0.820,0.3,буквы/слоги,3,,2533,0.9845
2026-04-05T04:43:04.032262,20945,0.3↔1.0,0.809,100.0,целые тексты,3,,2534,0.9847
2026-04-05T04:43:04.383267,20950,0.1↔0.3,0.809,3.0,словосочетания,3,,2535,0.9846
2026-04-05T04:43:04.551268,20953,0.1↔0.3,0.811,10.0,предложения,1,бытовой,2536,0.9848
2026-04-05T04:43:04.889268,20958,0.3↔1.0,0.808,0.1,буквы/слоги,2,научный,2537,0.9850
2026-04-05T04:43:05.158262,20962,0.1↔0.3,0.814,0.1,буквы/слоги,4,метафорический,2538,0.9849
2026-04-05T04:43:05.424264,20966,0.1↔0.3,0.831,30.0,абзацы,2,научный,2539,0.9851
2026-04-05T04:43:06.049268,20977,0.3↔1.0,0.832,3.0,словосочетания,1,бытовой,2540,0.9853
2026-04-05T04:43:07.476259,21001,0.1↔0.3,0.835,1.0,слова,2,научный,2541,0.9846
2026-04-05T04:43:07.565266,21002,0.1↔0.3,0.826,100.0,целые тексты,2,научный,2542,0.9848
2026-04-05T04:43:07.640265,21003,0.1↔0.3,0.815,10.0,предложения,3,,2543,0.9850
2026-04-05T04:43:08.642269,21021,0.3↔1.0,0.814,0.1,буквы/слоги,1,бытовой,2544,0.9849
2026-04-05T04:43:08.948264,21026,0.1↔0.3,0.825,0.3,буквы/слоги,4,метафорический,2545,0.9851
2026-04-05T04:43:09.417263,21033,0.1↔0.3,0.833,30.0,абзацы,4,метафорический,2546,0.9847
2026-04-05T04:43:10.845289,21057,0.3↔1.0,0.815,0.1,буквы/слоги,1,бытовой,2547,0.9840
2026-04-05T04:43:11.110288,21062,0.3↔1.0,0.810,3.0,словосочетания,2,научный,2548,0.9842
2026-04-05T04:43:11.569289,21070,0.1↔0.3,0.809,100.0,целые тексты,3,,2549,0.9841
2026-04-05T04:43:12.193260,21079,0.1↔0.3,0.829,3.0,словосочетания,2,научный,2550,0.9834
2026-04-05T04:43:12.281260,21080,0.1↔0.3,0.811,1.0,слова,2,научный,2551,0.9836
2026-04-05T04:43:13.455269,21102,0.3↔1.0,0.820,100.0,целые тексты,4,метафорический,2552,0.9835
2026-04-05T04:43:13.596260,21104,0.3↔1.0,0.825,100.0,целые тексты,1,бытовой,2553,0.9834
2026-04-05T04:43:14.755269,21125,0.1↔0.3,0.827,1.0,слова,3,,2554,0.9833
2026-04-05T04:43:14.980289,21129,0.1↔0.3,0.815,3.0,словосочетания,2,научный,2555,0.9835
2026-04-05T04:43:15.383289,21136,0.3↔1.0,0.832,3.0,словосочетания,3,,2556,0.9837
2026-04-05T04:43:15.862289,21145,0.1↔0.3,0.838,100.0,целые тексты,3,,2557,0.9839
2026-04-05T04:43:16.059270,21148,0.1↔0.3,0.815,1.0,слова,4,метафорический,2558,0.9841
2026-04-05T04:43:16.425289,21155,0.3↔1.0,0.837,1.0,слова,3,,2559,0.9843
2026-04-05T04:43:17.014261,21163,0.1↔0.3,0.815,10.0,предложения,3,,2560,0.9842
2026-04-05T04:43:17.145263,21165,0.3↔1.0,0.833,3.0,словосочетания,3,,2561,0.9844
2026-04-05T04:43:18.607261,21191,0.1↔0.3,0.817,10.0,предложения,1,бытовой,2562,0.9834
2026-04-05T04:43:18.769266,21194,0.1↔0.3,0.810,0.3,буквы/слоги,1,бытовой,2563,0.9836
2026-04-05T04:43:19.298261,21203,0.3↔1.0,0.826,100.0,целые тексты,1,бытовой,2564,0.9838
2026-04-05T04:43:19.456290,21206,0.3↔1.0,0.810,10.0,предложения,1,бытовой,2565,0.9837
2026-04-05T04:43:19.660289,21210,0.3↔1.0,0.808,1.0,слова,4,метафорический,2566,0.9839
2026-04-05T04:43:20.179289,21220,0.3↔1.0,0.823,1.0,слова,3,,2567,0.9835
2026-04-05T04:43:20.536290,21227,0.3↔1.0,0.831,10.0,предложения,2,научный,2568,0.9837
2026-04-05T04:43:20.894262,21234,0.3↔1.0,0.838,30.0,абзацы,1,бытовой,2569,0.9839
2026-04-05T04:43:21.455291,21245,0.1↔0.3,0.818,100.0,целые тексты,3,,2570,0.9838
2026-04-05T04:43:21.509290,21246,0.3↔1.0,0.832,0.1,буквы/слоги,1,бытовой,2571,0.9840
2026-04-05T04:43:22.638270,21268,0.1↔0.3,0.819,0.1,буквы/слоги,1,бытовой,2572,0.9830
2026-04-05T04:43:23.101290,21277,0.1↔0.3,0.810,3.0,словосочетания,2,научный,2573,0.9829
2026-04-05T04:43:23.203271,21279,0.3↔1.0,0.816,10.0,предложения,4,метафорический,2574,0.9831
2026-04-05T04:43:23.990270,21294,0.1↔0.3,0.829,30.0,абзацы,3,,2575,0.9830
2026-04-05T04:43:24.143290,21297,0.1↔0.3,0.833,0.1,буквы/слоги,2,научный,2576,0.9832
2026-04-05T04:43:25.168290,21317,0.3↔1.0,0.824,1.0,слова,3,,2577,0.9831
2026-04-05T04:43:25.475271,21323,0.3↔1.0,0.820,0.1,буквы/слоги,1,бытовой,2578,0.9827
2026-04-05T04:43:25.681271,21327,0.3↔1.0,0.836,0.1,буквы/слоги,2,научный,2579,0.9829
2026-04-05T04:43:26.092290,21335,0.1↔0.3,0.813,100.0,целые тексты,4,метафорический,2580,0.9831
2026-04-05T04:43:26.194290,21337,0.3↔1.0,0.826,100.0,целые тексты,3,,2581,0.9833
2026-04-05T04:43:26.449267,21342,0.3↔1.0,0.817,3.0,словосочетания,3,,2582,0.9835
2026-04-05T04:43:26.511291,21343,0.3↔1.0,0.837,10.0,предложения,2,научный,2583,0.9837
2026-04-05T04:43:26.919290,21351,0.1↔0.3,0.813,10.0,предложения,2,научный,2584,0.9836
2026-04-05T04:43:27.815290,21368,0.3↔1.0,0.823,3.0,словосочетания,2,научный,2585,0.9826
2026-04-05T04:43:28.325290,21378,0.3↔1.0,0.821,0.3,буквы/слоги,3,,2586,0.9825
2026-04-05T04:43:28.582290,21383,0.3↔1.0,0.832,0.3,буквы/слоги,2,научный,2587,0.9821
2026-04-05T04:43:29.247291,21396,0.3↔1.0,0.826,10.0,предложения,4,метафорический,2588,0.9823
2026-04-05T04:43:30.908263,21428,0.3↔1.0,0.818,3.0,словосочетания,1,бытовой,2589,0.9822
2026-04-05T04:43:31.420290,21438,0.1↔0.3,0.818,1.0,слова,1,бытовой,2590,0.9821
2026-04-05T04:43:32.186290,21453,0.3↔1.0,0.821,3.0,словосочетания,4,метафорический,2591,0.9820
2026-04-05T04:43:32.237290,21454,0.1↔0.3,0.818,0.3,буквы/слоги,2,научный,2592,0.9822
2026-04-05T04:43:32.340264,21456,0.1↔0.3,0.812,1.0,слова,3,,2593,0.9824
2026-04-05T04:43:32.750291,21464,0.1↔0.3,0.815,3.0,словосочетания,1,бытовой,2594,0.9823
2026-04-05T04:43:32.903291,21467,0.3↔1.0,0.834,0.3,буквы/слоги,2,научный,2595,0.9822
2026-04-05T04:43:33.414291,21477,0.3↔1.0,0.820,1.0,слова,2,научный,2596,0.9821
2026-04-05T04:43:33.669291,21482,0.1↔0.3,0.816,3.0,словосочетания,1,бытовой,2597,0.9823
2026-04-05T04:43:34.026291,21489,0.1↔0.3,0.810,3.0,словосочетания,1,бытовой,2598,0.9825
2026-04-05T04:43:34.842291,21505,0.1↔0.3,0.819,0.3,буквы/слоги,2,научный,2599,0.9821
2026-04-05T04:43:35.710272,21522,0.1↔0.3,0.811,100.0,целые тексты,2,научный,2600,0.9820
2026-04-05T04:43:36.424266,21536,0.1↔0.3,0.828,1.0,слова,3,,2601,0.9822
2026-04-05T04:43:36.475291,21537,0.3↔1.0,0.830,0.1,буквы/слоги,4,метафорический,2602,0.9824
2026-04-05T04:43:36.781291,21543,0.3↔1.0,0.833,1.0,слова,2,научный,2603,0.9826
2026-04-05T04:43:37.037291,21548,0.1↔0.3,0.818,30.0,абзацы,1,бытовой,2604,0.9828
2026-04-05T04:43:37.802291,21563,0.1↔0.3,0.809,100.0,целые тексты,1,бытовой,2605,0.9830
2026-04-05T04:43:39.195273,21590,0.3↔1.0,0.814,0.1,буквы/слоги,3,,2606,0.9829
2026-04-05T04:43:39.297291,21592,0.1↔0.3,0.829,10.0,предложения,3,,2607,0.9831
2026-04-05T04:43:39.399291,21594,0.1↔0.3,0.820,3.0,словосочетания,3,,2608,0.9833
2026-04-05T04:43:39.960272,21605,0.1↔0.3,0.813,30.0,абзацы,1,бытовой,2609,0.9829
2026-04-05T04:43:40.126267,21608,0.3↔1.0,0.824,0.3,буквы/слоги,1,бытовой,2610,0.9831
2026-04-05T04:43:40.229291,21610,0.1↔0.3,0.818,30.0,абзацы,4,метафорический,2611,0.9833
2026-04-05T04:43:40.586266,21617,0.3↔1.0,0.809,0.3,буквы/слоги,3,,2612,0.9835
2026-04-05T04:43:40.793292,21621,0.1↔0.3,0.814,30.0,абзацы,1,бытовой,2613,0.9837
2026-04-05T04:43:40.946292,21624,0.1↔0.3,0.818,0.3,буквы/слоги,1,бытовой,2614,0.9839
2026-04-05T04:43:42.580268,21656,0.3↔1.0,0.832,10.0,предложения,4,метафорический,2615,0.9826
2026-04-05T04:43:43.142290,21667,0.1↔0.3,0.837,100.0,целые тексты,1,бытовой,2616,0.9828
2026-04-05T04:43:43.501291,21674,0.3↔1.0,0.832,0.3,буквы/слоги,3,,2617,0.9824
2026-04-05T04:43:43.757269,21679,0.3↔1.0,0.808,0.3,буквы/слоги,1,бытовой,2618,0.9823
2026-04-05T04:43:43.864273,21681,0.3↔1.0,0.832,10.0,предложения,3,,2619,0.9825
2026-04-05T04:43:45.194292,21707,0.1↔0.3,0.818,100.0,целые тексты,2,научный,2620,0.9815
2026-04-05T04:43:45.500292,21713,0.1↔0.3,0.837,10.0,предложения,2,научный,2621,0.9811
2026-04-05T04:43:45.924292,21721,0.1↔0.3,0.823,30.0,абзацы,3,,2622,0.9813
2026-04-05T04:43:46.230273,21727,0.3↔1.0,0.823,100.0,целые тексты,4,метафорический,2623,0.9815
2026-04-05T04:43:46.587266,21734,0.1↔0.3,0.815,0.3,буквы/слоги,1,бытовой,2624,0.9817
2026-04-05T04:43:46.690270,21736,0.1↔0.3,0.827,10.0,предложения,2,научный,2625,0.9819
2026-04-05T04:43:46.743273,21737,0.1↔0.3,0.811,0.3,буквы/слоги,2,научный,2626,0.9821
2026-04-05T04:43:47.101292,21744,0.3↔1.0,0.833,0.3,буквы/слоги,1,бытовой,2627,0.9823
2026-04-05T04:43:47.407292,21750,0.3↔1.0,0.827,10.0,предложения,1,бытовой,2628,0.9822
2026-04-05T04:43:48.029269,21762,0.1↔0.3,0.819,30.0,абзацы,1,бытовой,2629,0.9812
2026-04-05T04:43:48.083292,21763,0.1↔0.3,0.832,0.3,буквы/слоги,4,метафорический,2630,0.9814
2026-04-05T04:43:48.798292,21777,0.1↔0.3,0.825,0.3,буквы/слоги,1,бытовой,2631,0.9813
2026-04-05T04:43:48.951292,21780,0.1↔0.3,0.821,100.0,целые тексты,4,метафорический,2632,0.9815
2026-04-05T04:43:49.261269,21786,0.1↔0.3,0.819,10.0,предложения,3,,2633,0.9817
2026-04-05T04:43:49.619273,21793,0.1↔0.3,0.834,1.0,слова,2,научный,2634,0.9819
2026-04-05T04:43:50.283267,21806,0.1↔0.3,0.815,30.0,абзацы,3,,2635,0.9818
2026-04-05T04:43:50.590293,21812,0.3↔1.0,0.816,10.0,предложения,1,бытовой,2636,0.9817
2026-04-05T04:43:51.357266,21827,0.1↔0.3,0.836,3.0,словосочетания,4,метафорический,2637,0.9816
2026-04-05T04:43:51.408293,21828,0.1↔0.3,0.831,1.0,слова,2,научный,2638,0.9818
2026-04-05T04:43:51.714292,21834,0.3↔1.0,0.812,1.0,слова,2,научный,2639,0.9820
2026-04-05T04:43:51.816293,21836,0.3↔1.0,0.811,0.1,буквы/слоги,1,бытовой,2640,0.9822
2026-04-05T04:43:52.194293,21842,0.1↔0.3,0.810,1.0,слова,2,научный,2641,0.9824
2026-04-05T04:43:53.001293,21857,0.1↔0.3,0.823,100.0,целые тексты,4,метафорический,2642,0.9817
2026-04-05T04:43:53.154268,21860,0.1↔0.3,0.810,3.0,словосочетания,3,,2643,0.9816
2026-04-05T04:43:53.358275,21864,0.1↔0.3,0.816,1.0,слова,3,,2644,0.9815
2026-04-05T04:43:53.497268,21866,0.3↔1.0,0.823,0.1,буквы/слоги,3,,2645,0.9817
2026-04-05T04:43:54.515275,21885,0.1↔0.3,0.828,0.3,буквы/слоги,2,научный,2646,0.9816
2026-04-05T04:43:55.638293,21907,0.1↔0.3,0.829,30.0,абзацы,1,бытовой,2647,0.9809
2026-04-05T04:43:56.561293,21925,0.3↔1.0,0.836,0.3,буквы/слоги,3,,2648,0.9805
2026-04-05T04:43:56.884274,21931,0.3↔1.0,0.814,0.3,буквы/слоги,2,научный,2649,0.9807
2026-04-05T04:43:57.101293,21935,0.1↔0.3,0.831,3.0,словосочетания,3,,2650,0.9809
2026-04-05T04:43:57.509293,21943,0.3↔1.0,0.818,0.1,буквы/слоги,4,метафорический,2651,0.9811
2026-04-05T04:43:58.121294,21955,0.3↔1.0,0.825,10.0,предложения,2,научный,2652,0.9810
2026-04-05T04:43:58.784293,21968,0.3↔1.0,0.828,1.0,слова,1,бытовой,2653,0.9809
2026-04-05T04:43:58.886293,21970,0.1↔0.3,0.834,0.3,буквы/слоги,1,бытовой,2654,0.9811
2026-04-05T04:43:59.295294,21978,0.3↔1.0,0.826,0.3,буквы/слоги,3,,2655,0.9807
2026-04-05T04:43:59.550294,21983,0.1↔0.3,0.829,1.0,слова,2,научный,2656,0.9809
2026-04-05T04:43:59.907269,21990,0.1↔0.3,0.833,3.0,словосочетания,3,,2657,0.9811
2026-04-05T04:44:00.112277,21994,0.1↔0.3,0.835,10.0,предложения,2,научный,2658,0.9813
2026-04-05T04:44:01.032293,22012,0.3↔1.0,0.811,1.0,слова,3,,2659,0.9809
2026-04-05T04:44:01.083294,22013,0.3↔1.0,0.812,0.1,буквы/слоги,3,,2660,0.9811
2026-04-05T04:44:01.797294,22027,0.1↔0.3,0.815,0.1,буквы/слоги,3,,2661,0.9813
2026-04-05T04:44:01.899294,22029,0.3↔1.0,0.835,1.0,слова,1,бытовой,2662,0.9812
2026-04-05T04:44:02.216294,22034,0.1↔0.3,0.821,30.0,абзацы,1,бытовой,2663,0.9811
2026-04-05T04:44:02.369294,22037,0.3↔1.0,0.834,30.0,абзацы,2,научный,2664,0.9813
2026-04-05T04:44:02.420292,22038,0.1↔0.3,0.833,100.0,целые тексты,3,,2665,0.9815
2026-04-05T04:44:02.778274,22045,0.1↔0.3,0.826,100.0,целые тексты,4,метафорический,2666,0.9817
2026-04-05T04:44:03.750294,22064,0.1↔0.3,0.832,0.1,буквы/слоги,4,метафорический,2667,0.9813
2026-04-05T04:44:03.904268,22067,0.3↔1.0,0.820,10.0,предложения,2,научный,2668,0.9812
2026-04-05T04:44:04.059295,22070,0.1↔0.3,0.818,1.0,слова,3,,2669,0.9811
2026-04-05T04:44:05.539276,22099,0.3↔1.0,0.825,30.0,абзацы,1,бытовой,2670,0.9807
2026-04-05T04:44:05.591295,22100,0.1↔0.3,0.814,0.3,буквы/слоги,2,научный,2671,0.9809
2026-04-05T04:44:06.358269,22115,0.1↔0.3,0.825,100.0,целые тексты,3,,2672,0.9811
2026-04-05T04:44:06.562294,22119,0.3↔1.0,0.815,0.3,буквы/слоги,3,,2673,0.9813
2026-04-05T04:44:06.817294,22124,0.3↔1.0,0.831,3.0,словосочетания,2,научный,2674,0.9815
2026-04-05T04:44:07.225294,22132,0.3↔1.0,0.818,30.0,абзацы,3,,2675,0.9814
2026-04-05T04:44:07.633294,22140,0.3↔1.0,0.814,10.0,предложения,1,бытовой,2676,0.9816
2026-04-05T04:44:08.047294,22148,0.3↔1.0,0.837,0.1,буквы/слоги,3,,2677,0.9815
2026-04-05T04:44:08.098295,22149,0.1↔0.3,0.827,0.3,буквы/слоги,2,научный,2678,0.9817
2026-04-05T04:44:08.508294,22157,0.1↔0.3,0.830,0.1,буквы/слоги,3,,2679,0.9810
2026-04-05T04:44:10.914294,22204,0.1↔0.3,0.823,0.3,буквы/слоги,3,,2680,0.9802
2026-04-05T04:44:11.526295,22216,0.3↔1.0,0.828,100.0,целые тексты,1,бытовой,2681,0.9804
2026-04-05T04:44:11.883295,22223,0.3↔1.0,0.809,10.0,предложения,2,научный,2682,0.9806
2026-04-05T04:44:11.985295,22225,0.3↔1.0,0.837,10.0,предложения,2,научный,2683,0.9808
2026-04-05T04:44:12.087295,22227,0.1↔0.3,0.827,30.0,абзацы,2,научный,2684,0.9810
2026-04-05T04:44:12.241295,22230,0.3↔1.0,0.825,30.0,абзацы,2,научный,2685,0.9809
2026-04-05T04:44:12.497295,22235,0.1↔0.3,0.817,1.0,слова,3,,2686,0.9811
2026-04-05T04:44:12.905295,22243,0.1↔0.3,0.812,3.0,словосочетания,2,научный,2687,0.9813
2026-04-05T04:44:13.263295,22250,0.3↔1.0,0.810,10.0,предложения,2,научный,2688,0.9815
2026-04-05T04:44:13.569294,22256,0.1↔0.3,0.817,10.0,предложения,2,научный,2689,0.9811
2026-04-05T04:44:13.980279,22264,0.1↔0.3,0.821,10.0,предложения,3,,2690,0.9807
2026-04-05T04:44:14.093269,22266,0.1↔0.3,0.818,100.0,целые тексты,1,бытовой,2691,0.9809
2026-04-05T04:44:14.315295,22270,0.3↔1.0,0.836,10.0,предложения,2,научный,2692,0.9811
2026-04-05T04:44:14.366295,22271,0.3↔1.0,0.810,30.0,абзацы,4,метафорический,2693,0.9813
2026-04-05T04:44:14.468295,22273,0.1↔0.3,0.815,30.0,абзацы,3,,2694,0.9815
2026-04-05T04:44:14.723295,22278,0.1↔0.3,0.817,10.0,предложения,1,бытовой,2695,0.9817
2026-04-05T04:44:15.641278,22296,0.1↔0.3,0.816,1.0,слова,1,бытовой,2696,0.9819
2026-04-05T04:44:15.999295,22303,0.1↔0.3,0.829,3.0,словосочетания,2,научный,2697,0.9821
2026-04-05T04:44:16.050295,22304,0.3↔1.0,0.838,3.0,словосочетания,3,,2698,0.9823
2026-04-05T04:44:16.152295,22306,0.1↔0.3,0.836,3.0,словосочетания,1,бытовой,2699,0.9825
2026-04-05T04:44:16.203276,22307,0.1↔0.3,0.837,100.0,целые тексты,3,,2700,0.9827
2026-04-05T04:44:16.612295,22315,0.1↔0.3,0.838,0.3,буквы/слоги,4,метафорический,2701,0.9829
2026-04-05T04:44:16.867295,22320,0.3↔1.0,0.834,1.0,слова,1,бытовой,2702,0.9831
2026-04-05T04:44:17.122276,22325,0.1↔0.3,0.838,30.0,абзацы,2,научный,2703,0.9833
2026-04-05T04:44:18.352279,22349,0.3↔1.0,0.829,30.0,абзацы,2,научный,2704,0.9826
2026-04-05T04:44:18.760296,22357,0.1↔0.3,0.828,10.0,предложения,4,метафорический,2705,0.9825
2026-04-05T04:44:18.811270,22358,0.3↔1.0,0.809,10.0,предложения,3,,2706,0.9827
2026-04-05T04:44:19.475296,22371,0.3↔1.0,0.836,10.0,предложения,1,бытовой,2707,0.9829
2026-04-05T04:44:21.073272,22402,0.3↔1.0,0.818,3.0,словосочетания,1,бытовой,2708,0.9819
2026-04-05T04:44:21.343271,22407,0.1↔0.3,0.815,3.0,словосочетания,2,научный,2709,0.9818
2026-04-05T04:44:21.857277,22417,0.3↔1.0,0.815,30.0,абзацы,2,научный,2710,0.9817
2026-04-05T04:44:21.959295,22419,0.1↔0.3,0.815,0.1,буквы/слоги,3,,2711,0.9816
2026-04-05T04:44:22.112296,22422,0.3↔1.0,0.820,10.0,предложения,3,,2712,0.9818
2026-04-05T04:44:22.214276,22424,0.1↔0.3,0.837,30.0,абзацы,3,,2713,0.9820
2026-04-05T04:44:22.265296,22425,0.1↔0.3,0.808,0.3,буквы/слоги,3,,2714,0.9822
2026-04-05T04:44:22.571277,22431,0.3↔1.0,0.808,1.0,слова,2,научный,2715,0.9821
2026-04-05T04:44:23.090270,22441,0.1↔0.3,0.820,10.0,предложения,2,научный,2716,0.9817
2026-04-05T04:44:23.447296,22448,0.1↔0.3,0.821,0.1,буквы/слоги,1,бытовой,2717,0.9819
2026-04-05T04:44:23.600277,22451,0.3↔1.0,0.837,100.0,целые тексты,3,,2718,0.9818
2026-04-05T04:44:23.835296,22455,0.1↔0.3,0.817,100.0,целые тексты,4,метафорический,2719,0.9817
2026-04-05T04:44:25.264271,22483,0.3↔1.0,0.816,1.0,слова,4,метафорический,2720,0.9816
2026-04-05T04:44:25.316272,22484,0.1↔0.3,0.822,10.0,предложения,1,бытовой,2721,0.9818
2026-04-05T04:44:25.473277,22487,0.3↔1.0,0.837,0.3,буквы/слоги,3,,2722,0.9820
2026-04-05T04:44:25.626276,22490,0.1↔0.3,0.808,0.1,буквы/слоги,3,,2723,0.9822
2026-04-05T04:44:27.669296,22530,0.1↔0.3,0.831,10.0,предложения,2,научный,2724,0.9815
2026-04-05T04:44:28.051277,22537,0.3↔1.0,0.819,3.0,словосочетания,2,научный,2725,0.9817
2026-04-05T04:44:28.561272,22547,0.3↔1.0,0.827,30.0,абзацы,4,метафорический,2726,0.9819
2026-04-05T04:44:28.970272,22555,0.3↔1.0,0.825,3.0,словосочетания,4,метафорический,2727,0.9821
2026-04-05T04:44:29.174271,22559,0.3↔1.0,0.823,100.0,целые тексты,3,,2728,0.9823
2026-04-05T04:44:29.481270,22565,0.1↔0.3,0.819,30.0,абзацы,4,метафорический,2729,0.9825
2026-04-05T04:44:29.732278,22569,0.3↔1.0,0.832,30.0,абзацы,3,,2730,0.9827
2026-04-05T04:44:29.936271,22573,0.3↔1.0,0.813,0.1,буквы/слоги,1,бытовой,2731,0.9829
2026-04-05T04:44:29.987277,22574,0.3↔1.0,0.832,0.1,буквы/слоги,3,,2732,0.9831
2026-04-05T04:44:30.242277,22579,0.1↔0.3,0.821,30.0,абзацы,2,научный,2733,0.9833
2026-04-05T04:44:31.059272,22595,0.1↔0.3,0.812,0.1,буквы/слоги,1,бытовой,2734,0.9829
2026-04-05T04:44:32.131271,22616,0.3↔1.0,0.822,1.0,слова,2,научный,2735,0.9828
2026-04-05T04:44:32.335271,22620,0.3↔1.0,0.833,3.0,словосочетания,3,,2736,0.9830
2026-04-05T04:44:32.847297,22630,0.3↔1.0,0.823,3.0,словосочетания,2,научный,2737,0.9829
2026-04-05T04:44:33.255278,22638,0.1↔0.3,0.827,100.0,целые тексты,2,научный,2738,0.9831
2026-04-05T04:44:33.434271,22641,0.1↔0.3,0.811,1.0,слова,2,научный,2739,0.9833
2026-04-05T04:44:34.073278,22652,0.1↔0.3,0.814,30.0,абзацы,1,бытовой,2740,0.9832
2026-04-05T04:44:34.430297,22659,0.1↔0.3,0.816,0.1,буквы/слоги,1,бытовой,2741,0.9834
2026-04-05T04:44:34.736273,22665,0.1↔0.3,0.832,10.0,предложения,2,научный,2742,0.9836
2026-04-05T04:44:34.941271,22669,0.1↔0.3,0.823,1.0,слова,3,,2743,0.9838
2026-04-05T04:44:35.097297,22672,0.1↔0.3,0.825,30.0,абзацы,2,научный,2744,0.9840
2026-04-05T04:44:35.148278,22673,0.3↔1.0,0.832,100.0,целые тексты,4,метафорический,2745,0.9842
2026-04-05T04:44:35.760277,22685,0.3↔1.0,0.810,0.3,буквы/слоги,4,метафорический,2746,0.9841
2026-04-05T04:44:36.697297,22703,0.3↔1.0,0.835,1.0,слова,2,научный,2747,0.9843
2026-04-05T04:44:36.799297,22705,0.3↔1.0,0.817,3.0,словосочетания,1,бытовой,2748,0.9845
2026-04-05T04:44:36.901277,22707,0.3↔1.0,0.831,3.0,словосочетания,3,,2749,0.9847
2026-04-05T04:44:37.157279,22712,0.1↔0.3,0.820,1.0,слова,2,научный,2750,0.9846
2026-04-05T04:44:37.463297,22718,0.1↔0.3,0.818,3.0,словосочетания,2,научный,2751,0.9848
2026-04-05T04:44:37.820273,22725,0.3↔1.0,0.819,1.0,слова,2,научный,2752,0.9841
2026-04-05T04:44:38.025297,22729,0.3↔1.0,0.835,3.0,словосочетания,2,научный,2753,0.9840
2026-04-05T04:44:39.385297,22755,0.1↔0.3,0.832,3.0,словосочетания,3,,2754,0.9833
2026-04-05T04:44:40.206297,22771,0.3↔1.0,0.834,0.3,буквы/слоги,2,научный,2755,0.9835
2026-04-05T04:44:40.461298,22776,0.1↔0.3,0.826,0.1,буквы/слоги,3,,2756,0.9837
2026-04-05T04:44:40.512298,22777,0.3↔1.0,0.826,100.0,целые тексты,2,научный,2757,0.9839
2026-04-05T04:44:41.128272,22789,0.1↔0.3,0.826,100.0,целые тексты,1,бытовой,2758,0.9838
2026-04-05T04:44:42.156297,22809,0.1↔0.3,0.837,3.0,словосочетания,3,,2759,0.9834
2026-04-05T04:44:42.309273,22812,0.1↔0.3,0.828,1.0,слова,1,бытовой,2760,0.9836
2026-04-05T04:44:43.338273,22832,0.3↔1.0,0.834,10.0,предложения,3,,2761,0.9829
2026-04-05T04:44:43.849298,22842,0.1↔0.3,0.831,3.0,словосочетания,3,,2762,0.9831
2026-04-05T04:44:44.002298,22845,0.3↔1.0,0.818,1.0,слова,3,,2763,0.9833
2026-04-05T04:44:44.622274,22856,0.3↔1.0,0.810,30.0,абзацы,4,метафорический,2764,0.9835
2026-04-05T04:44:45.252298,22868,0.3↔1.0,0.835,10.0,предложения,2,научный,2765,0.9837
2026-04-05T04:44:45.303298,22869,0.3↔1.0,0.820,100.0,целые тексты,4,метафорический,2766,0.9839
2026-04-05T04:44:45.456280,22872,0.1↔0.3,0.812,30.0,абзацы,2,научный,2767,0.9841
2026-04-05T04:44:47.567276,22912,0.1↔0.3,0.811,1.0,слова,1,бытовой,2768,0.9840
2026-04-05T04:44:47.646277,22913,0.3↔1.0,0.829,100.0,целые тексты,2,научный,2769,0.9842
2026-04-05T04:44:47.968275,22919,0.1↔0.3,0.813,30.0,абзацы,1,бытовой,2770,0.9841
2026-04-05T04:44:48.236276,22923,0.1↔0.3,0.822,0.3,буквы/слоги,3,,2771,0.9840
2026-04-05T04:44:48.611274,22929,0.1↔0.3,0.832,30.0,абзацы,2,научный,2772,0.9842
2026-04-05T04:44:48.859274,22932,0.1↔0.3,0.838,10.0,предложения,1,бытовой,2773,0.9844
2026-04-05T04:44:49.278276,22935,0.3↔1.0,0.827,0.3,буквы/слоги,3,,2774,0.9843
2026-04-05T04:44:49.468276,22938,0.1↔0.3,0.813,0.3,буквы/слоги,3,,2775,0.9842
2026-04-05T04:44:50.023271,22947,0.3↔1.0,0.829,100.0,целые тексты,3,,2776,0.9844
2026-04-05T04:44:50.777276,22958,0.3↔1.0,0.810,100.0,целые тексты,3,,2777,0.9837
2026-04-05T04:44:51.537273,22970,0.3↔1.0,0.822,30.0,абзацы,3,,2778,0.9836
2026-04-05T04:44:51.844273,22976,0.3↔1.0,0.837,3.0,словосочетания,4,метафорический,2779,0.9832
2026-04-05T04:44:51.895299,22977,0.1↔0.3,0.813,0.3,буквы/слоги,1,бытовой,2780,0.9834
2026-04-05T04:44:51.997280,22979,0.1↔0.3,0.816,30.0,абзацы,2,научный,2781,0.9836
2026-04-05T04:44:52.405280,22987,0.1↔0.3,0.815,100.0,целые тексты,2,научный,2782,0.9835
2026-04-05T04:44:53.170299,23002,0.3↔1.0,0.819,0.1,буквы/слоги,1,бытовой,2783,0.9834
2026-04-05T04:44:53.324290,23005,0.3↔1.0,0.838,0.3,буквы/слоги,3,,2784,0.9836
2026-04-05T04:44:53.735299,23013,0.3↔1.0,0.819,3.0,словосочетания,1,бытовой,2785,0.9835
2026-04-05T04:44:54.217281,23022,0.3↔1.0,0.833,3.0,словосочетания,1,бытовой,2786,0.9834
2026-04-05T04:44:54.268300,23023,0.3↔1.0,0.813,10.0,предложения,3,,2787,0.9836
2026-04-05T04:44:54.903299,23035,0.1↔0.3,0.813,1.0,слова,2,научный,2788,0.9838
2026-04-05T04:44:55.213299,23041,0.1↔0.3,0.832,1.0,слова,3,,2789,0.9834
2026-04-05T04:44:55.665273,23049,0.3↔1.0,0.828,10.0,предложения,1,бытовой,2790,0.9833
2026-04-05T04:44:55.966274,23054,0.3↔1.0,0.819,10.0,предложения,1,бытовой,2791,0.9832
2026-04-05T04:44:56.119281,23056,0.3↔1.0,0.816,30.0,абзацы,1,бытовой,2792,0.9834
2026-04-05T04:44:56.435280,23062,0.1↔0.3,0.819,1.0,слова,2,научный,2793,0.9836
2026-04-05T04:44:56.538280,23064,0.3↔1.0,0.809,30.0,абзацы,2,научный,2794,0.9838
2026-04-05T04:44:56.946299,23072,0.3↔1.0,0.820,1.0,слова,1,бытовой,2795,0.9840
2026-04-05T04:44:58.176273,23096,0.1↔0.3,0.834,0.1,буквы/слоги,1,бытовой,2796,0.9830
2026-04-05T04:44:58.948280,23111,0.1↔0.3,0.834,0.3,буквы/слоги,2,научный,2797,0.9823
2026-04-05T04:44:59.407300,23120,0.1↔0.3,0.827,0.3,буквы/слоги,2,научный,2798,0.9822
2026-04-05T04:44:59.815300,23128,0.1↔0.3,0.830,1.0,слова,3,,2799,0.9824
2026-04-05T04:45:02.288276,23176,0.1↔0.3,0.832,3.0,словосочетания,3,,2800,0.9814
2026-04-05T04:45:02.696300,23184,0.1↔0.3,0.821,100.0,целые тексты,4,метафорический,2801,0.9813
2026-04-05T04:45:03.156300,23193,0.1↔0.3,0.818,30.0,абзацы,3,,2802,0.9812
2026-04-05T04:45:03.514300,23200,0.3↔1.0,0.824,0.3,буквы/слоги,2,научный,2803,0.9808
2026-04-05T04:45:03.720274,23204,0.1↔0.3,0.821,1.0,слова,4,метафорический,2804,0.9807
2026-04-05T04:45:03.772281,23205,0.1↔0.3,0.823,0.3,буквы/слоги,1,бытовой,2805,0.9809
2026-04-05T04:45:03.823300,23206,0.3↔1.0,0.814,3.0,словосочетания,4,метафорический,2806,0.9811
2026-04-05T04:45:03.927279,23208,0.1↔0.3,0.816,1.0,слова,2,научный,2807,0.9810
2026-04-05T04:45:03.978300,23209,0.1↔0.3,0.813,1.0,слова,1,бытовой,2808,0.9812
2026-04-05T04:45:04.080300,23211,0.1↔0.3,0.811,100.0,целые тексты,1,бытовой,2809,0.9814
2026-04-05T04:45:04.233300,23214,0.1↔0.3,0.838,30.0,абзацы,1,бытовой,2810,0.9816
2026-04-05T04:45:04.488300,23219,0.3↔1.0,0.833,0.3,буквы/слоги,3,,2811,0.9812
2026-04-05T04:45:04.539300,23220,0.1↔0.3,0.836,100.0,целые тексты,3,,2812,0.9814
2026-04-05T04:45:04.794300,23225,0.3↔1.0,0.809,0.3,буквы/слоги,2,научный,2813,0.9816
2026-04-05T04:45:04.845300,23226,0.1↔0.3,0.826,1.0,слова,2,научный,2814,0.9818
2026-04-05T04:45:05.306300,23235,0.1↔0.3,0.818,100.0,целые тексты,3,,2815,0.9817
2026-04-05T04:45:07.041300,23269,0.1↔0.3,0.813,10.0,предложения,1,бытовой,2816,0.9807
2026-04-05T04:45:08.203275,23291,0.3↔1.0,0.837,0.1,буквы/слоги,2,научный,2817,0.9803
2026-04-05T04:45:08.407300,23295,0.3↔1.0,0.825,1.0,слова,1,бытовой,2818,0.9802
2026-04-05T04:45:08.560300,23298,0.3↔1.0,0.815,1.0,слова,3,,2819,0.9804
2026-04-05T04:45:09.172275,23310,0.3↔1.0,0.817,3.0,словосочетания,3,,2820,0.9806
2026-04-05T04:45:09.323301,23312,0.3↔1.0,0.828,0.1,буквы/слоги,3,,2821,0.9808
2026-04-05T04:45:09.578300,23317,0.1↔0.3,0.838,10.0,предложения,4,метафорический,2822,0.9810
2026-04-05T04:45:09.869300,23321,0.1↔0.3,0.821,100.0,целые тексты,3,,2823,0.9812
2026-04-05T04:45:10.073301,23325,0.1↔0.3,0.824,0.1,буквы/слоги,3,,2824,0.9811
2026-04-05T04:45:11.250301,23348,0.1↔0.3,0.809,10.0,предложения,3,,2825,0.9810
2026-04-05T04:45:11.304301,23349,0.3↔1.0,0.813,100.0,целые тексты,2,научный,2826,0.9812
2026-04-05T04:45:11.865300,23360,0.1↔0.3,0.820,1.0,слова,2,научный,2827,0.9811
2026-04-05T04:45:11.917301,23361,0.3↔1.0,0.838,10.0,предложения,3,,2828,0.9813
2026-04-05T04:45:12.442282,23371,0.1↔0.3,0.817,0.3,буквы/слоги,2,научный,2829,0.9812
2026-04-05T04:45:12.648276,23375,0.3↔1.0,0.826,0.3,буквы/слоги,2,научный,2830,0.9814
2026-04-05T04:45:13.058282,23383,0.3↔1.0,0.822,0.3,буквы/слоги,2,научный,2831,0.9813
2026-04-05T04:45:13.494272,23391,0.1↔0.3,0.825,30.0,абзацы,1,бытовой,2832,0.9815
2026-04-05T04:45:14.033281,23401,0.1↔0.3,0.812,30.0,абзацы,1,бытовой,2833,0.9817
2026-04-05T04:45:14.140301,23403,0.1↔0.3,0.821,100.0,целые тексты,2,научный,2834,0.9819
2026-04-05T04:45:14.191281,23404,0.3↔1.0,0.822,3.0,словосочетания,2,научный,2835,0.9821
2026-04-05T04:45:14.396301,23408,0.1↔0.3,0.833,1.0,слова,2,научный,2836,0.9823
2026-04-05T04:45:14.447301,23409,0.1↔0.3,0.810,3.0,словосочетания,1,бытовой,2837,0.9825
2026-04-05T04:45:14.549301,23411,0.1↔0.3,0.816,10.0,предложения,1,бытовой,2838,0.9827
2026-04-05T04:45:15.672301,23433,0.1↔0.3,0.821,100.0,целые тексты,4,метафорический,2839,0.9823
2026-04-05T04:45:16.384277,23446,0.1↔0.3,0.828,10.0,предложения,1,бытовой,2840,0.9825
2026-04-05T04:45:16.643272,23451,0.3↔1.0,0.816,100.0,целые тексты,2,научный,2841,0.9827
2026-04-05T04:45:17.193301,23461,0.1↔0.3,0.823,1.0,слова,2,научный,2842,0.9829
2026-04-05T04:45:17.397302,23465,0.1↔0.3,0.836,3.0,словосочетания,1,бытовой,2843,0.9831
2026-04-05T04:45:17.507301,23467,0.3↔1.0,0.837,3.0,словосочетания,2,научный,2844,0.9833
2026-04-05T04:45:17.660302,23470,0.1↔0.3,0.827,30.0,абзацы,1,бытовой,2845,0.9835
2026-04-05T04:45:18.446273,23485,0.1↔0.3,0.809,0.3,буквы/слоги,1,бытовой,2846,0.9828
2026-04-05T04:45:18.963302,23494,0.1↔0.3,0.827,30.0,абзацы,3,,2847,0.9830
2026-04-05T04:45:19.065302,23496,0.3↔1.0,0.811,30.0,абзацы,3,,2848,0.9832
2026-04-05T04:45:20.188302,23518,0.3↔1.0,0.819,0.3,буквы/слоги,4,метафорический,2849,0.9825
2026-04-05T04:45:21.005302,23534,0.1↔0.3,0.813,1.0,слова,2,научный,2850,0.9827
2026-04-05T04:45:21.879276,23551,0.1↔0.3,0.837,0.1,буквы/слоги,3,,2851,0.9826
2026-04-05T04:45:22.083302,23555,0.1↔0.3,0.826,0.3,буквы/слоги,3,,2852,0.9828
2026-04-05T04:45:22.377302,23559,0.1↔0.3,0.818,100.0,целые тексты,3,,2853,0.9830
2026-04-05T04:45:22.428302,23560,0.3↔1.0,0.818,100.0,целые тексты,1,бытовой,2854,0.9832
2026-04-05T04:45:22.785302,23567,0.1↔0.3,0.833,30.0,абзацы,2,научный,2855,0.9834
2026-04-05T04:45:22.938302,23570,0.1↔0.3,0.826,0.3,буквы/слоги,4,метафорический,2856,0.9836
2026-04-05T04:45:23.197273,23575,0.1↔0.3,0.816,30.0,абзацы,4,метафорический,2857,0.9835
2026-04-05T04:45:23.912302,23589,0.1↔0.3,0.816,100.0,целые тексты,3,,2858,0.9834
2026-04-05T04:45:24.552276,23601,0.1↔0.3,0.835,30.0,абзацы,2,научный,2859,0.9833
2026-04-05T04:45:25.043286,23610,0.1↔0.3,0.814,100.0,целые тексты,3,,2860,0.9835
2026-04-05T04:45:25.511277,23618,0.1↔0.3,0.812,0.3,буквы/слоги,1,бытовой,2861,0.9834
2026-04-05T04:45:25.614302,23620,0.3↔1.0,0.837,100.0,целые тексты,3,,2862,0.9836
2026-04-05T04:45:25.665302,23621,0.1↔0.3,0.829,0.3,буквы/слоги,2,научный,2863,0.9838
2026-04-05T04:45:26.124302,23630,0.1↔0.3,0.835,10.0,предложения,3,,2864,0.9840
2026-04-05T04:45:26.482302,23637,0.3↔1.0,0.823,3.0,словосочетания,3,,2865,0.9839
2026-04-05T04:45:26.969302,23646,0.1↔0.3,0.827,10.0,предложения,3,,2866,0.9838
2026-04-05T04:45:27.640302,23659,0.1↔0.3,0.814,100.0,целые тексты,3,,2867,0.9840
2026-04-05T04:45:27.845302,23663,0.3↔1.0,0.821,10.0,предложения,2,научный,2868,0.9839
2026-04-05T04:45:28.092273,23666,0.1↔0.3,0.825,1.0,слова,3,,2869,0.9841
2026-04-05T04:45:28.195302,23668,0.3↔1.0,0.812,30.0,абзацы,1,бытовой,2870,0.9843
2026-04-05T04:45:28.348302,23671,0.1↔0.3,0.821,1.0,слова,2,научный,2871,0.9845
2026-04-05T04:45:28.399302,23672,0.1↔0.3,0.810,10.0,предложения,3,,2872,0.9847
2026-04-05T04:45:29.479302,23693,0.1↔0.3,0.827,3.0,словосочетания,1,бытовой,2873,0.9840
2026-04-05T04:45:29.687276,23697,0.3↔1.0,0.815,0.1,буквы/слоги,3,,2874,0.9842
2026-04-05T04:45:29.789303,23699,0.3↔1.0,0.820,100.0,целые тексты,3,,2875,0.9844
2026-04-05T04:45:30.197302,23707,0.3↔1.0,0.829,30.0,абзацы,1,бытовой,2876,0.9846
2026-04-05T04:45:30.405281,23711,0.1↔0.3,0.828,0.1,буквы/слоги,1,бытовой,2877,0.9845
2026-04-05T04:45:30.763303,23718,0.3↔1.0,0.811,10.0,предложения,1,бытовой,2878,0.9847
2026-04-05T04:45:31.530303,23733,0.1↔0.3,0.830,3.0,словосочетания,2,научный,2879,0.9846
2026-04-05T04:45:31.836278,23739,0.3↔1.0,0.809,30.0,абзацы,3,,2880,0.9848
2026-04-05T04:45:32.092303,23744,0.1↔0.3,0.820,3.0,словосочетания,2,научный,2881,0.9850
2026-04-05T04:45:32.450303,23751,0.1↔0.3,0.835,0.1,буквы/слоги,3,,2882,0.9852
2026-04-05T04:45:32.603303,23754,0.3↔1.0,0.811,3.0,словосочетания,3,,2883,0.9854
2026-04-05T04:45:32.758303,23757,0.1↔0.3,0.836,3.0,словосочетания,4,метафорический,2884,0.9853
2026-04-05T04:45:33.115303,23764,0.1↔0.3,0.827,1.0,слова,1,бытовой,2885,0.9855
2026-04-05T04:45:33.676303,23775,0.1↔0.3,0.832,30.0,абзацы,3,,2886,0.9857
2026-04-05T04:45:34.033303,23782,0.1↔0.3,0.810,30.0,абзацы,3,,2887,0.9859
2026-04-05T04:45:34.494284,23791,0.3↔1.0,0.818,30.0,абзацы,2,научный,2888,0.9861
2026-04-05T04:45:35.413302,23809,0.1↔0.3,0.810,0.3,буквы/слоги,1,бытовой,2889,0.9851
2026-04-05T04:45:35.873280,23818,0.3↔1.0,0.820,1.0,слова,1,бытовой,2890,0.9853
2026-04-05T04:45:36.231303,23825,0.1↔0.3,0.828,0.1,буквы/слоги,1,бытовой,2891,0.9855
2026-04-05T04:45:36.486278,23830,0.3↔1.0,0.830,0.1,буквы/слоги,4,метафорический,2892,0.9857
2026-04-05T04:45:36.792303,23836,0.1↔0.3,0.838,100.0,целые тексты,4,метафорический,2893,0.9859
2026-04-05T04:45:37.098303,23842,0.3↔1.0,0.820,0.3,буквы/слоги,2,научный,2894,0.9861
2026-04-05T04:45:37.455284,23849,0.1↔0.3,0.825,30.0,абзацы,1,бытовой,2895,0.9863
2026-04-05T04:45:37.967303,23859,0.1↔0.3,0.828,10.0,предложения,3,,2896,0.9859
2026-04-05T04:45:38.172279,23863,0.3↔1.0,0.835,3.0,словосочетания,1,бытовой,2897,0.9861
2026-04-05T04:45:38.889278,23877,0.3↔1.0,0.812,0.1,буквы/слоги,1,бытовой,2898,0.9863
2026-04-05T04:45:40.063280,23900,0.1↔0.3,0.828,10.0,предложения,1,бытовой,2899,0.9862
2026-04-05T04:45:40.166304,23902,0.3↔1.0,0.817,3.0,словосочетания,1,бытовой,2900,0.9864
2026-04-05T04:45:40.217278,23903,0.3↔1.0,0.831,0.1,буквы/слоги,1,бытовой,2901,0.9866
2026-04-05T04:45:40.271304,23904,0.1↔0.3,0.826,10.0,предложения,2,научный,2902,0.9868
2026-04-05T04:45:40.730285,23913,0.3↔1.0,0.821,0.3,буквы/слоги,2,научный,2903,0.9867
2026-04-05T04:45:41.750304,23933,0.1↔0.3,0.832,100.0,целые тексты,1,бытовой,2904,0.9866
2026-04-05T04:45:41.801285,23934,0.3↔1.0,0.835,10.0,предложения,1,бытовой,2905,0.9868
2026-04-05T04:45:42.605281,23949,0.1↔0.3,0.821,0.3,буквы/слоги,3,,2906,0.9861
2026-04-05T04:45:42.658286,23950,0.1↔0.3,0.830,3.0,словосочетания,2,научный,2907,0.9863
2026-04-05T04:45:43.580279,23968,0.1↔0.3,0.835,0.1,буквы/слоги,2,научный,2908,0.9856
2026-04-05T04:45:45.420285,24004,0.1↔0.3,0.829,0.3,буквы/слоги,3,,2909,0.9852
2026-04-05T04:45:46.344282,24022,0.1↔0.3,0.820,1.0,слова,3,,2910,0.9851
2026-04-05T04:45:46.906305,24033,0.3↔1.0,0.820,30.0,абзацы,3,,2911,0.9847
2026-04-05T04:45:47.008304,24035,0.3↔1.0,0.823,0.3,буквы/слоги,1,бытовой,2912,0.9849
2026-04-05T04:45:47.313304,24040,0.1↔0.3,0.817,0.3,буквы/слоги,2,научный,2913,0.9851
2026-04-05T04:45:47.364305,24041,0.3↔1.0,0.834,0.1,буквы/слоги,3,,2914,0.9853
2026-04-05T04:45:47.774304,24049,0.1↔0.3,0.827,30.0,абзацы,2,научный,2915,0.9855
2026-04-05T04:45:47.825304,24050,0.1↔0.3,0.827,0.3,буквы/слоги,1,бытовой,2916,0.9857
2026-04-05T04:45:47.978304,24053,0.3↔1.0,0.813,100.0,целые тексты,1,бытовой,2917,0.9859
2026-04-05T04:45:48.743305,24068,0.1↔0.3,0.810,3.0,словосочетания,2,научный,2918,0.9861
2026-04-05T04:45:50.348305,24099,0.1↔0.3,0.818,1.0,слова,2,научный,2919,0.9857
2026-04-05T04:45:50.552305,24103,0.1↔0.3,0.822,100.0,целые тексты,4,метафорический,2920,0.9859
2026-04-05T04:45:51.165305,24115,0.1↔0.3,0.831,0.3,буквы/слоги,3,,2921,0.9855
2026-04-05T04:45:51.982305,24131,0.3↔1.0,0.823,0.1,буквы/слоги,1,бытовой,2922,0.9854
2026-04-05T04:45:53.364305,24158,0.1↔0.3,0.816,100.0,целые тексты,2,научный,2923,0.9847
2026-04-05T04:45:53.466305,24160,0.1↔0.3,0.827,30.0,абзацы,2,научный,2924,0.9849
2026-04-05T04:45:54.606305,24182,0.3↔1.0,0.818,10.0,предложения,3,,2925,0.9848
2026-04-05T04:45:54.862305,24187,0.1↔0.3,0.830,10.0,предложения,4,метафорический,2926,0.9850
2026-04-05T04:45:55.313305,24195,0.3↔1.0,0.831,100.0,целые тексты,3,,2927,0.9849
2026-04-05T04:45:55.620305,24201,0.3↔1.0,0.811,0.1,буквы/слоги,3,,2928,0.9848
2026-04-05T04:45:56.028305,24209,0.3↔1.0,0.838,100.0,целые тексты,2,научный,2929,0.9847
2026-04-05T04:45:56.640305,24221,0.1↔0.3,0.813,10.0,предложения,3,,2930,0.9849
2026-04-05T04:45:56.743282,24223,0.1↔0.3,0.827,0.3,буквы/слоги,1,бытовой,2931,0.9848
2026-04-05T04:45:58.841280,24264,0.3↔1.0,0.821,30.0,абзацы,4,метафорический,2932,0.9844
2026-04-05T04:45:59.046305,24268,0.1↔0.3,0.829,100.0,целые тексты,3,,2933,0.9846
2026-04-05T04:45:59.352306,24274,0.3↔1.0,0.814,0.3,буквы/слоги,3,,2934,0.9848
2026-04-05T04:45:59.964306,24286,0.1↔0.3,0.832,10.0,предложения,2,научный,2935,0.9844
2026-04-05T04:46:01.035281,24307,0.1↔0.3,0.825,100.0,целые тексты,1,бытовой,2936,0.9840
2026-04-05T04:46:01.329279,24312,0.3↔1.0,0.833,100.0,целые тексты,2,научный,2937,0.9842
2026-04-05T04:46:01.636306,24318,0.1↔0.3,0.824,1.0,слова,2,научный,2938,0.9844
2026-04-05T04:46:01.687281,24319,0.3↔1.0,0.826,10.0,предложения,3,,2939,0.9846
2026-04-05T04:46:02.925306,24343,0.3↔1.0,0.831,10.0,предложения,1,бытовой,2940,0.9845
2026-04-05T04:46:03.447277,24353,0.1↔0.3,0.832,0.3,буквы/слоги,2,научный,2941,0.9847
2026-04-05T04:46:03.551306,24355,0.3↔1.0,0.825,0.1,буквы/слоги,1,бытовой,2942,0.9849
2026-04-05T04:46:03.857306,24361,0.1↔0.3,0.812,0.1,буквы/слоги,3,,2943,0.9851
2026-04-05T04:46:04.010306,24364,0.3↔1.0,0.832,1.0,слова,3,,2944,0.9853
2026-04-05T04:46:04.267306,24369,0.1↔0.3,0.837,3.0,словосочетания,3,,2945,0.9855
2026-04-05T04:46:04.522306,24374,0.3↔1.0,0.814,1.0,слова,1,бытовой,2946,0.9854
2026-04-05T04:46:05.696282,24397,0.3↔1.0,0.819,10.0,предложения,2,научный,2947,0.9847
2026-04-05T04:46:06.532306,24413,0.1↔0.3,0.824,10.0,предложения,3,,2948,0.9846
2026-04-05T04:46:06.584307,24414,0.3↔1.0,0.813,3.0,словосочетания,2,научный,2949,0.9848
2026-04-05T04:46:06.992307,24422,0.1↔0.3,0.811,10.0,предложения,2,научный,2950,0.9850
2026-04-05T04:46:07.407306,24429,0.1↔0.3,0.831,100.0,целые тексты,1,бытовой,2951,0.9852
2026-04-05T04:46:08.229306,24445,0.3↔1.0,0.816,30.0,абзацы,2,научный,2952,0.9854
2026-04-05T04:46:08.281307,24446,0.1↔0.3,0.822,0.1,буквы/слоги,2,научный,2953,0.9856
2026-04-05T04:46:08.485281,24450,0.3↔1.0,0.819,3.0,словосочетания,3,,2954,0.9858
2026-04-05T04:46:08.792306,24456,0.3↔1.0,0.838,3.0,словосочетания,1,бытовой,2955,0.9860
2026-04-05T04:46:09.507282,24470,0.3↔1.0,0.829,0.3,буквы/слоги,2,научный,2956,0.9862
2026-04-05T04:46:09.712306,24474,0.1↔0.3,0.824,1.0,слова,3,,2957,0.9864
2026-04-05T04:46:09.866307,24477,0.1↔0.3,0.813,1.0,слова,2,научный,2958,0.9866
2026-04-05T04:46:10.071306,24481,0.3↔1.0,0.820,1.0,слова,1,бытовой,2959,0.9868
2026-04-05T04:46:10.633307,24492,0.1↔0.3,0.829,100.0,целые тексты,2,научный,2960,0.9861
2026-04-05T04:46:11.094306,24501,0.3↔1.0,0.809,0.3,буквы/слоги,1,бытовой,2961,0.9863
2026-04-05T04:46:11.605307,24511,0.3↔1.0,0.838,100.0,целые тексты,3,,2962,0.9865
2026-04-05T04:46:11.657307,24512,0.1↔0.3,0.822,10.0,предложения,3,,2963,0.9867
2026-04-05T04:46:11.708307,24513,0.1↔0.3,0.833,10.0,предложения,3,,2964,0.9869
2026-04-05T04:46:11.963307,24518,0.1↔0.3,0.827,0.1,буквы/слоги,3,,2965,0.9868
2026-04-05T04:46:12.121307,24521,0.3↔1.0,0.822,3.0,словосочетания,1,бытовой,2966,0.9867
2026-04-05T04:46:12.172307,24522,0.1↔0.3,0.822,100.0,целые тексты,2,научный,2967,0.9869
2026-04-05T04:46:12.331281,24525,0.1↔0.3,0.838,10.0,предложения,3,,2968,0.9871
2026-04-05T04:46:12.690307,24532,0.1↔0.3,0.836,0.3,буквы/слоги,1,бытовой,2969,0.9873
2026-04-05T04:46:13.048307,24539,0.1↔0.3,0.816,30.0,абзацы,3,,2970,0.9875
2026-04-05T04:46:13.253307,24543,0.1↔0.3,0.815,1.0,слова,3,,2971,0.9874
2026-04-05T04:46:13.559306,24549,0.1↔0.3,0.816,100.0,целые тексты,2,научный,2972,0.9876
2026-04-05T04:46:13.866307,24555,0.1↔0.3,0.835,30.0,абзацы,2,научный,2973,0.9878
2026-04-05T04:46:13.917307,24556,0.3↔1.0,0.835,30.0,абзацы,1,бытовой,2974,0.9880
2026-04-05T04:46:14.173307,24561,0.3↔1.0,0.830,0.3,буквы/слоги,1,бытовой,2975,0.9879
2026-04-05T04:46:14.840307,24574,0.1↔0.3,0.819,3.0,словосочетания,1,бытовой,2976,0.9881
2026-04-05T04:46:15.095307,24579,0.3↔1.0,0.824,100.0,целые тексты,4,метафорический,2977,0.9883
2026-04-05T04:46:15.147308,24580,0.1↔0.3,0.834,100.0,целые тексты,4,метафорический,2978,0.9885
2026-04-05T04:46:15.404307,24585,0.1↔0.3,0.820,3.0,словосочетания,4,метафорический,2979,0.9884
2026-04-05T04:46:15.914308,24595,0.3↔1.0,0.816,3.0,словосочетания,3,,2980,0.9886
2026-04-05T04:46:16.068307,24598,0.1↔0.3,0.830,100.0,целые тексты,3,,2981,0.9888
2026-04-05T04:46:16.425307,24605,0.3↔1.0,0.835,10.0,предложения,2,научный,2982,0.9890
2026-04-05T04:46:16.527307,24607,0.1↔0.3,0.822,10.0,предложения,4,метафорический,2983,0.9892
2026-04-05T04:46:16.629307,24609,0.1↔0.3,0.813,1.0,слова,1,бытовой,2984,0.9894
2026-04-05T04:46:16.834307,24613,0.1↔0.3,0.830,10.0,предложения,2,научный,2985,0.9896
2026-04-05T04:46:17.244281,24621,0.1↔0.3,0.831,3.0,словосочетания,2,научный,2986,0.9895
2026-04-05T04:46:17.863308,24633,0.1↔0.3,0.827,1.0,слова,3,,2987,0.9897
2026-04-05T04:46:18.126285,24638,0.1↔0.3,0.814,30.0,абзацы,2,научный,2988,0.9896
2026-04-05T04:46:18.332307,24642,0.1↔0.3,0.832,0.3,буквы/слоги,3,,2989,0.9895
2026-04-05T04:46:19.478307,24664,0.1↔0.3,0.819,1.0,слова,2,научный,2990,0.9894
2026-04-05T04:46:21.570308,24705,0.3↔1.0,0.831,3.0,словосочетания,4,метафорический,2991,0.9887
2026-04-05T04:46:21.723307,24708,0.1↔0.3,0.819,1.0,слова,3,,2992,0.9889
2026-04-05T04:46:21.979308,24713,0.3↔1.0,0.814,10.0,предложения,1,бытовой,2993,0.9891
2026-04-05T04:46:22.846308,24730,0.3↔1.0,0.809,10.0,предложения,2,научный,2994,0.9890
2026-04-05T04:46:22.999307,24733,0.1↔0.3,0.810,0.1,буквы/слоги,2,научный,2995,0.9892
2026-04-05T04:46:24.070308,24754,0.3↔1.0,0.824,1.0,слова,3,,2996,0.9891
2026-04-05T04:46:24.456308,24761,0.3↔1.0,0.833,0.1,буквы/слоги,3,,2997,0.9890
2026-04-05T04:46:25.224308,24776,0.1↔0.3,0.814,3.0,словосочетания,1,бытовой,2998,0.9886
2026-04-05T04:46:25.582308,24783,0.1↔0.3,0.834,3.0,словосочетания,1,бытовой,2999,0.9888
2026-04-05T04:46:25.633308,24784,0.1↔0.3,0.820,30.0,абзацы,1,бытовой,3000,0.9890
2026-04-05T04:46:25.684308,24785,0.1↔0.3,0.834,10.0,предложения,3,,3001,0.9892
2026-04-05T04:46:25.939309,24790,0.1↔0.3,0.817,10.0,предложения,1,бытовой,3002,0.9891
2026-04-05T04:46:25.990308,24791,0.3↔1.0,0.823,1.0,слова,3,,3003,0.9893
2026-04-05T04:46:26.246308,24796,0.1↔0.3,0.837,30.0,абзацы,3,,3004,0.9892
2026-04-05T04:46:26.603309,24803,0.1↔0.3,0.826,10.0,предложения,1,бытовой,3005,0.9894
2026-04-05T04:46:27.266308,24816,0.1↔0.3,0.838,10.0,предложения,3,,3006,0.9896
2026-04-05T04:46:27.574309,24822,0.1↔0.3,0.830,100.0,целые тексты,3,,3007,0.9898
2026-04-05T04:46:28.237308,24835,0.1↔0.3,0.837,100.0,целые тексты,1,бытовой,3008,0.9900
2026-04-05T04:46:28.339309,24837,0.3↔1.0,0.823,10.0,предложения,1,бытовой,3009,0.9902
2026-04-05T04:46:28.442308,24839,0.3↔1.0,0.815,30.0,абзацы,3,,3010,0.9904
2026-04-05T04:46:28.952309,24849,0.3↔1.0,0.808,10.0,предложения,2,научный,3011,0.9906
2026-04-05T04:46:29.412308,24858,0.3↔1.0,0.815,0.1,буквы/слоги,1,бытовой,3012,0.9908
2026-04-05T04:46:29.616308,24862,0.1↔0.3,0.834,100.0,целые тексты,1,бытовой,3013,0.9910
2026-04-05T04:46:30.750308,24882,0.1↔0.3,0.832,10.0,предложения,2,научный,3014,0.9909
2026-04-05T04:46:31.059309,24888,0.3↔1.0,0.812,1.0,слова,4,метафорический,3015,0.9908
2026-04-05T04:46:31.572309,24898,0.3↔1.0,0.811,1.0,слова,1,бытовой,3016,0.9910
2026-04-05T04:46:32.339309,24913,0.1↔0.3,0.836,100.0,целые тексты,1,бытовой,3017,0.9891
2026-04-05T04:46:32.390309,24914,0.1↔0.3,0.818,30.0,абзацы,1,бытовой,3018,0.9893
2026-04-05T04:46:32.543309,24917,0.1↔0.3,0.826,0.1,буквы/слоги,3,,3019,0.9895
2026-04-05T04:46:32.594309,24918,0.3↔1.0,0.829,0.3,буквы/слоги,2,научный,3020,0.9897
2026-04-05T04:46:32.849309,24923,0.3↔1.0,0.821,10.0,предложения,3,,3021,0.9896
2026-04-05T04:46:33.104309,24928,0.3↔1.0,0.828,30.0,абзацы,2,научный,3022,0.9898
2026-04-05T04:46:33.258309,24931,0.3↔1.0,0.819,0.3,буквы/слоги,2,научный,3023,0.9900
2026-04-05T04:46:34.062309,24945,0.3↔1.0,0.832,3.0,словосочетания,2,научный,3024,0.9902
2026-04-05T04:46:34.164309,24947,0.3↔1.0,0.836,0.3,буквы/слоги,3,,3025,0.9904
2026-04-05T04:46:34.420309,24952,0.1↔0.3,0.817,100.0,целые тексты,2,научный,3026,0.9906
2026-04-05T04:46:34.522309,24954,0.3↔1.0,0.814,30.0,абзацы,1,бытовой,3027,0.9908
2026-04-05T04:46:34.573309,24955,0.1↔0.3,0.813,1.0,слова,4,метафорический,3028,0.9910
2026-04-05T04:46:34.726309,24958,0.3↔1.0,0.829,10.0,предложения,3,,3029,0.9912
2026-04-05T04:46:34.933280,24962,0.1↔0.3,0.810,30.0,абзацы,2,научный,3030,0.9914
2026-04-05T04:46:35.719283,24974,0.3↔1.0,0.811,100.0,целые тексты,3,,3031,0.9913
2026-04-05T04:46:36.118309,24980,0.3↔1.0,0.811,0.1,буквы/слоги,2,научный,3032,0.9912
2026-04-05T04:46:36.992309,24996,0.1↔0.3,0.828,10.0,предложения,2,научный,3033,0.9908
2026-04-05T04:46:37.771309,25009,0.1↔0.3,0.825,0.3,буквы/слоги,4,метафорический,3034,0.9904
2026-04-05T04:46:38.539310,25022,0.3↔1.0,0.835,10.0,предложения,4,метафорический,3035,0.9906
2026-04-05T04:46:38.641310,25024,0.3↔1.0,0.836,0.1,буквы/слоги,3,,3036,0.9908
2026-04-05T04:46:39.370287,25037,0.1↔0.3,0.834,3.0,словосочетания,1,бытовой,3037,0.9907
2026-04-05T04:46:40.039310,25050,0.3↔1.0,0.818,1.0,слова,4,метафорический,3038,0.9903
2026-04-05T04:46:40.328288,25055,0.3↔1.0,0.836,0.3,буквы/слоги,2,научный,3039,0.9902
2026-04-05T04:46:40.908309,25066,0.3↔1.0,0.834,0.3,буквы/слоги,2,научный,3040,0.9904
2026-04-05T04:46:41.061310,25069,0.1↔0.3,0.834,10.0,предложения,4,метафорический,3041,0.9906
2026-04-05T04:46:41.214310,25072,0.3↔1.0,0.813,3.0,словосочетания,2,научный,3042,0.9908
2026-04-05T04:46:41.316284,25074,0.1↔0.3,0.810,10.0,предложения,1,бытовой,3043,0.9910
2026-04-05T04:46:41.830310,25084,0.3↔1.0,0.836,0.1,буквы/слоги,1,бытовой,3044,0.9906
2026-04-05T04:46:42.595310,25099,0.3↔1.0,0.833,0.3,буквы/слоги,3,,3045,0.9905
2026-04-05T04:46:42.903285,25105,0.1↔0.3,0.810,0.1,буквы/слоги,1,бытовой,3046,0.9907
2026-04-05T04:46:42.954310,25106,0.1↔0.3,0.833,1.0,слова,3,,3047,0.9909
2026-04-05T04:46:43.134285,25109,0.1↔0.3,0.836,3.0,словосочетания,3,,3048,0.9911
2026-04-05T04:46:43.441309,25115,0.1↔0.3,0.827,1.0,слова,2,научный,3049,0.9913
2026-04-05T04:46:43.798290,25122,0.1↔0.3,0.817,3.0,словосочетания,2,научный,3050,0.9915
2026-04-05T04:46:43.849309,25123,0.1↔0.3,0.818,3.0,словосочетания,3,,3051,0.9917
2026-04-05T04:46:44.003286,25126,0.3↔1.0,0.831,1.0,слова,4,метафорический,3052,0.9916
2026-04-05T04:46:44.158310,25129,0.3↔1.0,0.831,3.0,словосочетания,1,бытовой,3053,0.9918
2026-04-05T04:46:44.464310,25135,0.1↔0.3,0.816,100.0,целые тексты,1,бытовой,3054,0.9920
2026-04-05T04:46:44.876284,25142,0.1↔0.3,0.815,0.1,буквы/слоги,2,научный,3055,0.9922
2026-04-05T04:46:44.986292,25144,0.3↔1.0,0.823,100.0,целые тексты,3,,3056,0.9924
2026-04-05T04:46:45.141310,25147,0.3↔1.0,0.837,10.0,предложения,1,бытовой,3057,0.9926
2026-04-05T04:46:45.243310,25149,0.3↔1.0,0.837,3.0,словосочетания,2,научный,3058,0.9928
2026-04-05T04:46:45.294291,25150,0.3↔1.0,0.836,100.0,целые тексты,3,,3059,0.9930
2026-04-05T04:46:45.345310,25151,0.1↔0.3,0.819,1.0,слова,1,бытовой,3060,0.9932
2026-04-05T04:46:45.549311,25155,0.1↔0.3,0.836,0.3,буквы/слоги,2,научный,3061,0.9931
2026-04-05T04:46:46.010310,25164,0.3↔1.0,0.835,10.0,предложения,4,метафорический,3062,0.9927
2026-04-05T04:46:46.373285,25171,0.3↔1.0,0.823,30.0,абзацы,2,научный,3063,0.9926
2026-04-05T04:46:46.796291,25179,0.1↔0.3,0.830,0.1,буквы/слоги,3,,3064,0.9928
2026-04-05T04:46:47.103310,25185,0.3↔1.0,0.809,0.1,буквы/слоги,3,,3065,0.9930
2026-04-05T04:46:47.307310,25189,0.1↔0.3,0.817,100.0,целые тексты,1,бытовой,3066,0.9932
2026-04-05T04:46:48.329291,25209,0.3↔1.0,0.818,100.0,целые тексты,1,бытовой,3067,0.9931
2026-04-05T04:46:48.431291,25211,0.3↔1.0,0.811,30.0,абзацы,1,бытовой,3068,0.9933
2026-04-05T04:46:48.687285,25216,0.1↔0.3,0.837,100.0,целые тексты,2,научный,3069,0.9932
2026-04-05T04:46:48.993311,25222,0.1↔0.3,0.834,30.0,абзацы,1,бытовой,3070,0.9934
2026-04-05T04:46:49.095310,25224,0.3↔1.0,0.820,0.1,буквы/слоги,3,,3071,0.9936
2026-04-05T04:46:49.707311,25236,0.3↔1.0,0.837,30.0,абзацы,2,научный,3072,0.9938
2026-04-05T04:46:50.321291,25248,0.3↔1.0,0.809,30.0,абзацы,2,научный,3073,0.9934
2026-04-05T04:46:51.557311,25272,0.3↔1.0,0.832,0.1,буквы/слоги,3,,3074,0.9930
2026-04-05T04:46:52.785290,25296,0.3↔1.0,0.831,100.0,целые тексты,2,научный,3075,0.9923
2026-04-05T04:46:53.296311,25306,0.3↔1.0,0.828,3.0,словосочетания,2,научный,3076,0.9919
2026-04-05T04:46:53.347291,25307,0.3↔1.0,0.810,0.1,буквы/слоги,1,бытовой,3077,0.9921
2026-04-05T04:46:53.911286,25318,0.1↔0.3,0.816,30.0,абзацы,4,метафорический,3078,0.9917
2026-04-05T04:46:56.430311,25367,0.3↔1.0,0.815,3.0,словосочетания,4,метафорический,3079,0.9916
2026-04-05T04:46:56.481292,25368,0.1↔0.3,0.837,3.0,словосочетания,3,,3080,0.9918
2026-04-05T04:46:56.789311,25374,0.1↔0.3,0.819,3.0,словосочетания,4,метафорический,3081,0.9914
2026-04-05T04:46:57.046292,25379,0.1↔0.3,0.815,30.0,абзацы,2,научный,3082,0.9913
2026-04-05T04:46:57.149292,25381,0.3↔1.0,0.828,3.0,словосочетания,1,бытовой,3083,0.9915
2026-04-05T04:46:57.765311,25393,0.1↔0.3,0.811,30.0,абзацы,3,,3084,0.9908
2026-04-05T04:46:58.072312,25399,0.1↔0.3,0.825,0.3,буквы/слоги,3,,3085,0.9907
2026-04-05T04:46:58.174291,25401,0.3↔1.0,0.815,1.0,слова,3,,3086,0.9909
2026-04-05T04:46:58.225312,25402,0.1↔0.3,0.811,0.3,буквы/слоги,2,научный,3087,0.9911
2026-04-05T04:46:58.379311,25405,0.3↔1.0,0.833,1.0,слова,2,научный,3088,0.9910
2026-04-05T04:46:58.838287,25414,0.1↔0.3,0.829,0.1,буквы/слоги,3,,3089,0.9909
2026-04-05T04:46:59.468311,25426,0.1↔0.3,0.824,0.1,буквы/слоги,1,бытовой,3090,0.9908
2026-04-05T04:46:59.570292,25428,0.1↔0.3,0.811,100.0,целые тексты,2,научный,3091,0.9910
2026-04-05T04:46:59.825311,25433,0.1↔0.3,0.811,0.3,буквы/слоги,1,бытовой,3092,0.9912
2026-04-05T04:47:00.386312,25444,0.3↔1.0,0.822,0.3,буквы/слоги,3,,3093,0.9911
2026-04-05T04:47:00.542312,25447,0.3↔1.0,0.822,0.1,буквы/слоги,3,,3094,0.9913
2026-04-05T04:47:00.797312,25452,0.3↔1.0,0.832,30.0,абзацы,3,,3095,0.9915
2026-04-05T04:47:01.001289,25456,0.1↔0.3,0.835,1.0,слова,3,,3096,0.9917
2026-04-05T04:47:01.208311,25460,0.3↔1.0,0.814,0.1,буквы/слоги,2,научный,3097,0.9919
2026-04-05T04:47:01.445312,25464,0.3↔1.0,0.811,10.0,предложения,2,научный,3098,0.9921
2026-04-05T04:47:02.109312,25477,0.3↔1.0,0.834,100.0,целые тексты,4,метафорический,3099,0.9914
2026-04-05T04:47:02.598312,25486,0.3↔1.0,0.821,30.0,абзацы,3,,3100,0.9913
2026-04-05T04:47:03.057312,25495,0.1↔0.3,0.826,3.0,словосочетания,1,бытовой,3101,0.9915
2026-04-05T04:47:03.312312,25500,0.1↔0.3,0.819,0.1,буквы/слоги,3,,3102,0.9917
2026-04-05T04:47:03.424288,25502,0.3↔1.0,0.834,1.0,слова,2,научный,3103,0.9919
2026-04-05T04:47:03.683307,25507,0.3↔1.0,0.818,3.0,словосочетания,4,метафорический,3104,0.9921
2026-04-05T04:47:04.195294,25517,0.3↔1.0,0.833,30.0,абзацы,4,метафорический,3105,0.9923
2026-04-05T04:47:04.706312,25527,0.1↔0.3,0.812,100.0,целые тексты,3,,3106,0.9922
2026-04-05T04:47:04.808312,25529,0.3↔1.0,0.825,30.0,абзацы,2,научный,3107,0.9924
2026-04-05T04:47:04.910312,25531,0.3↔1.0,0.830,100.0,целые тексты,2,научный,3108,0.9926
2026-04-05T04:47:04.961312,25532,0.3↔1.0,0.819,3.0,словосочетания,2,научный,3109,0.9928
2026-04-05T04:47:05.012312,25533,0.3↔1.0,0.823,1.0,слова,4,метафорический,3110,0.9930
2026-04-05T04:47:05.165312,25536,0.1↔0.3,0.810,100.0,целые тексты,1,бытовой,3111,0.9932
2026-04-05T04:47:05.574312,25544,0.1↔0.3,0.810,3.0,словосочетания,4,метафорический,3112,0.9928
2026-04-05T04:47:06.505312,25562,0.3↔1.0,0.836,30.0,абзацы,2,научный,3113,0.9927
2026-04-05T04:47:07.324312,25578,0.3↔1.0,0.810,100.0,целые тексты,3,,3114,0.9923
2026-04-05T04:47:08.753312,25606,0.1↔0.3,0.837,30.0,абзацы,3,,3115,0.9916
2026-04-05T04:47:08.957313,25610,0.1↔0.3,0.834,3.0,словосочетания,1,бытовой,3116,0.9918
2026-04-05T04:47:09.110312,25613,0.3↔1.0,0.823,10.0,предложения,3,,3117,0.9917
2026-04-05T04:47:09.268287,25616,0.1↔0.3,0.828,3.0,словосочетания,3,,3118,0.9919
2026-04-05T04:47:09.534290,25621,0.1↔0.3,0.833,10.0,предложения,1,бытовой,3119,0.9921
2026-04-05T04:47:09.840288,25627,0.3↔1.0,0.812,10.0,предложения,1,бытовой,3120,0.9920
2026-04-05T04:47:10.658293,25643,0.1↔0.3,0.835,3.0,словосочетания,1,бытовой,3121,0.9913
2026-04-05T04:47:10.709312,25644,0.1↔0.3,0.829,100.0,целые тексты,2,научный,3122,0.9915
2026-04-05T04:47:12.208313,25673,0.1↔0.3,0.835,10.0,предложения,2,научный,3123,0.9914
2026-04-05T04:47:12.718313,25683,0.1↔0.3,0.824,0.1,буквы/слоги,3,,3124,0.9916
2026-04-05T04:47:12.973312,25688,0.3↔1.0,0.810,30.0,абзацы,3,,3125,0.9915
2026-04-05T04:47:13.279313,25694,0.1↔0.3,0.831,0.3,буквы/слоги,1,бытовой,3126,0.9917
2026-04-05T04:47:13.534288,25699,0.1↔0.3,0.811,10.0,предложения,1,бытовой,3127,0.9919
2026-04-05T04:47:13.942293,25707,0.1↔0.3,0.812,100.0,целые тексты,4,метафорический,3128,0.9915
2026-04-05T04:47:14.259313,25713,0.3↔1.0,0.824,3.0,словосочетания,2,научный,3129,0.9917
2026-04-05T04:47:14.871294,25725,0.1↔0.3,0.835,0.3,буквы/слоги,2,научный,3130,0.9919
2026-04-05T04:47:15.228313,25732,0.1↔0.3,0.809,0.1,буквы/слоги,1,бытовой,3131,0.9921
2026-04-05T04:47:15.330313,25734,0.1↔0.3,0.817,10.0,предложения,2,научный,3132,0.9923
2026-04-05T04:47:15.537313,25738,0.1↔0.3,0.816,30.0,абзацы,1,бытовой,3133,0.9925
2026-04-05T04:47:15.843289,25744,0.1↔0.3,0.827,10.0,предложения,3,,3134,0.9927
2026-04-05T04:47:16.150288,25750,0.3↔1.0,0.830,10.0,предложения,3,,3135,0.9926
2026-04-05T04:47:16.253314,25752,0.1↔0.3,0.828,0.3,буквы/слоги,2,научный,3136,0.9928
2026-04-05T04:47:16.461287,25756,0.3↔1.0,0.825,1.0,слова,2,научный,3137,0.9927
2026-04-05T04:47:16.769313,25762,0.3↔1.0,0.821,3.0,словосочетания,1,бытовой,3138,0.9926
2026-04-05T04:47:16.871297,25764,0.3↔1.0,0.828,1.0,слова,3,,3139,0.9928
2026-04-05T04:47:17.127313,25769,0.1↔0.3,0.821,0.3,буквы/слоги,2,научный,3140,0.9930
2026-04-05T04:47:17.551296,25777,0.1↔0.3,0.813,10.0,предложения,3,,3141,0.9929
2026-04-05T04:47:18.929313,25804,0.1↔0.3,0.817,0.3,буквы/слоги,2,научный,3142,0.9931
2026-04-05T04:47:18.980294,25805,0.3↔1.0,0.816,30.0,абзацы,2,научный,3143,0.9933
2026-04-05T04:47:19.085314,25807,0.1↔0.3,0.823,1.0,слова,3,,3144,0.9935
2026-04-05T04:47:19.187313,25809,0.1↔0.3,0.819,30.0,абзацы,2,научный,3145,0.9937
2026-04-05T04:47:19.595314,25817,0.3↔1.0,0.824,10.0,предложения,3,,3146,0.9939
2026-04-05T04:47:19.697314,25819,0.3↔1.0,0.825,10.0,предложения,1,бытовой,3147,0.9941
2026-04-05T04:47:19.902290,25823,0.1↔0.3,0.812,3.0,словосочетания,1,бытовой,3148,0.9943
2026-04-05T04:47:20.618289,25837,0.1↔0.3,0.823,0.3,буквы/слоги,2,научный,3149,0.9942
2026-04-05T04:47:21.078314,25846,0.3↔1.0,0.830,3.0,словосочетания,1,бытовой,3150,0.9941
2026-04-05T04:47:21.180314,25848,0.1↔0.3,0.835,3.0,словосочетания,3,,3151,0.9943
2026-04-05T04:47:21.639288,25857,0.3↔1.0,0.820,100.0,целые тексты,2,научный,3152,0.9945
2026-04-05T04:47:21.954314,25863,0.1↔0.3,0.836,1.0,слова,3,,3153,0.9944
2026-04-05T04:47:22.465288,25873,0.1↔0.3,0.814,10.0,предложения,2,научный,3154,0.9943
2026-04-05T04:47:22.526314,25874,0.1↔0.3,0.821,30.0,абзацы,1,бытовой,3155,0.9945
2026-04-05T04:47:22.785289,25879,0.1↔0.3,0.814,100.0,целые тексты,2,научный,3156,0.9944
2026-04-05T04:47:23.144314,25886,0.1↔0.3,0.830,0.1,буквы/слоги,3,,3157,0.9946
2026-04-05T04:47:23.246314,25888,0.1↔0.3,0.834,0.1,буквы/слоги,1,бытовой,3158,0.9948
2026-04-05T04:47:23.348314,25890,0.1↔0.3,0.821,0.1,буквы/слоги,1,бытовой,3159,0.9950
2026-04-05T04:47:23.401314,25891,0.1↔0.3,0.818,10.0,предложения,2,научный,3160,0.9952
2026-04-05T04:47:23.656314,25896,0.1↔0.3,0.816,0.3,буквы/слоги,2,научный,3161,0.9954
2026-04-05T04:47:24.523314,25913,0.1↔0.3,0.820,0.3,буквы/слоги,1,бытовой,3162,0.9956
2026-04-05T04:47:25.135295,25925,0.3↔1.0,0.822,0.1,буквы/слоги,3,,3163,0.9958
2026-04-05T04:47:25.955314,25941,0.1↔0.3,0.820,100.0,целые тексты,3,,3164,0.9948
2026-04-05T04:47:26.108314,25944,0.1↔0.3,0.815,0.3,буквы/слоги,1,бытовой,3165,0.9947
2026-04-05T04:47:26.261314,25947,0.1↔0.3,0.834,0.1,буквы/слоги,1,бытовой,3166,0.9949
2026-04-05T04:47:27.216314,25965,0.1↔0.3,0.815,10.0,предложения,2,научный,3167,0.9945
2026-04-05T04:47:27.421314,25969,0.3↔1.0,0.826,0.1,буквы/слоги,3,,3168,0.9947
2026-04-05T04:47:27.625314,25973,0.3↔1.0,0.828,0.3,буквы/слоги,2,научный,3169,0.9949
2026-04-05T04:47:27.829314,25977,0.3↔1.0,0.831,3.0,словосочетания,3,,3170,0.9951
2026-04-05T04:47:28.239314,25985,0.1↔0.3,0.827,0.1,буквы/слоги,1,бытовой,3171,0.9950
2026-04-05T04:47:28.290314,25986,0.1↔0.3,0.817,10.0,предложения,3,,3172,0.9952
2026-04-05T04:47:28.392314,25988,0.1↔0.3,0.820,1.0,слова,3,,3173,0.9954
2026-04-05T04:47:29.718315,26014,0.3↔1.0,0.814,10.0,предложения,1,бытовой,3174,0.9953
2026-04-05T04:47:30.177314,26023,0.1↔0.3,0.815,100.0,целые тексты,3,,3175,0.9952
2026-04-05T04:47:30.534315,26030,0.1↔0.3,0.825,0.3,буквы/слоги,3,,3176,0.9951
2026-04-05T04:47:30.687288,26033,0.1↔0.3,0.823,1.0,слова,2,научный,3177,0.9950
2026-04-05T04:47:32.119315,26061,0.1↔0.3,0.812,0.3,буквы/слоги,1,бытовой,3178,0.9943
2026-04-05T04:47:32.476315,26068,0.3↔1.0,0.836,0.3,буквы/слоги,2,научный,3179,0.9942
2026-04-05T04:47:32.680315,26072,0.1↔0.3,0.824,100.0,целые тексты,1,бытовой,3180,0.9944
2026-04-05T04:47:32.833314,26075,0.3↔1.0,0.828,0.3,буквы/слоги,4,метафорический,3181,0.9943
2026-04-05T04:47:32.884290,26076,0.3↔1.0,0.831,3.0,словосочетания,3,,3182,0.9945
2026-04-05T04:47:33.242315,26083,0.1↔0.3,0.811,100.0,целые тексты,3,,3183,0.9947
2026-04-05T04:47:33.293315,26084,0.1↔0.3,0.836,1.0,слова,3,,3184,0.9949
2026-04-05T04:47:33.868290,26095,0.3↔1.0,0.830,30.0,абзацы,1,бытовой,3185,0.9951
2026-04-05T04:47:33.920315,26096,0.1↔0.3,0.811,10.0,предложения,2,научный,3186,0.9953
2026-04-05T04:47:34.022316,26098,0.3↔1.0,0.816,30.0,абзацы,3,,3187,0.9955
2026-04-05T04:47:34.073315,26099,0.1↔0.3,0.808,3.0,словосочетания,3,,3188,0.9957
2026-04-05T04:47:34.175315,26101,0.1↔0.3,0.819,3.0,словосочетания,1,бытовой,3189,0.9959
2026-04-05T04:47:34.277315,26103,0.3↔1.0,0.837,30.0,абзацы,4,метафорический,3190,0.9961
2026-04-05T04:47:34.328289,26104,0.1↔0.3,0.818,3.0,словосочетания,2,научный,3191,0.9963
2026-04-05T04:47:34.637315,26110,0.1↔0.3,0.831,3.0,словосочетания,1,бытовой,3192,0.9965
2026-04-05T04:47:34.688315,26111,0.3↔1.0,0.812,0.1,буквы/слоги,3,,3193,0.9967
2026-04-05T04:47:34.739315,26112,0.3↔1.0,0.816,0.1,буквы/слоги,2,научный,3194,0.9969
2026-04-05T04:47:35.353315,26124,0.1↔0.3,0.809,0.1,буквы/слоги,3,,3195,0.9968
2026-04-05T04:47:36.016296,26137,0.3↔1.0,0.825,100.0,целые тексты,4,метафорический,3196,0.9970
2026-04-05T04:47:36.170315,26140,0.1↔0.3,0.833,0.1,буквы/слоги,3,,3197,0.9972
2026-04-05T04:47:36.425315,26145,0.1↔0.3,0.838,1.0,слова,2,научный,3198,0.9971
2026-04-05T04:47:36.884315,26154,0.1↔0.3,0.835,0.1,буквы/слоги,2,научный,3199,0.9967
2026-04-05T04:47:37.139315,26159,0.1↔0.3,0.832,30.0,абзацы,3,,3200,0.9969
2026-04-05T04:47:37.417315,26162,0.1↔0.3,0.822,0.1,буквы/слоги,4,метафорический,3201,0.9968
2026-04-05T04:47:37.468315,26163,0.3↔1.0,0.815,3.0,словосочетания,3,,3202,0.9970
2026-04-05T04:47:37.570296,26165,0.3↔1.0,0.815,30.0,абзацы,1,бытовой,3203,0.9972
2026-04-05T04:47:37.723316,26168,0.3↔1.0,0.833,30.0,абзацы,1,бытовой,3204,0.9974
2026-04-05T04:47:37.927315,26172,0.3↔1.0,0.838,0.1,буквы/слоги,2,научный,3205,0.9976
2026-04-05T04:47:39.104296,26195,0.1↔0.3,0.809,0.1,буквы/слоги,3,,3206,0.9969
2026-04-05T04:47:39.875297,26210,0.3↔1.0,0.809,1.0,слова,3,,3207,0.9965
2026-04-05T04:47:39.927295,26211,0.1↔0.3,0.829,3.0,словосочетания,2,научный,3208,0.9967
2026-04-05T04:47:40.489316,26222,0.1↔0.3,0.823,100.0,целые тексты,2,научный,3209,0.9966
2026-04-05T04:47:40.982292,26231,0.1↔0.3,0.817,100.0,целые тексты,2,научный,3210,0.9965
2026-04-05T04:47:41.546290,26242,0.3↔1.0,0.811,10.0,предложения,3,,3211,0.9964
2026-04-05T04:47:42.006316,26251,0.1↔0.3,0.829,1.0,слова,1,бытовой,3212,0.9966
2026-04-05T04:47:42.363316,26258,0.3↔1.0,0.817,10.0,предложения,1,бытовой,3213,0.9965
2026-04-05T04:47:42.822316,26267,0.3↔1.0,0.837,0.3,буквы/слоги,2,научный,3214,0.9961
2026-04-05T04:47:43.531289,26280,0.3↔1.0,0.828,0.1,буквы/слоги,3,,3215,0.9954
2026-04-05T04:47:43.694316,26283,0.1↔0.3,0.836,30.0,абзацы,2,научный,3216,0.9956
2026-04-05T04:47:44.153316,26292,0.1↔0.3,0.822,100.0,целые тексты,1,бытовой,3217,0.9955
2026-04-05T04:47:44.255316,26294,0.3↔1.0,0.815,30.0,абзацы,2,научный,3218,0.9957
2026-04-05T04:47:45.071316,26310,0.1↔0.3,0.809,100.0,целые тексты,4,метафорический,3219,0.9959
2026-04-05T04:47:45.173316,26312,0.1↔0.3,0.833,10.0,предложения,1,бытовой,3220,0.9961
2026-04-05T04:47:45.428316,26317,0.3↔1.0,0.831,10.0,предложения,1,бытовой,3221,0.9963
2026-04-05T04:47:45.734316,26323,0.1↔0.3,0.823,1.0,слова,3,,3222,0.9956
2026-04-05T04:47:46.142316,26331,0.1↔0.3,0.816,0.1,буквы/слоги,1,бытовой,3223,0.9955
2026-04-05T04:47:46.295316,26334,0.1↔0.3,0.826,100.0,целые тексты,3,,3224,0.9957
2026-04-05T04:47:47.535291,26358,0.3↔1.0,0.835,0.3,буквы/слоги,3,,3225,0.9953
2026-04-05T04:47:48.420316,26375,0.3↔1.0,0.819,0.3,буквы/слоги,3,,3226,0.9952
2026-04-05T04:47:49.033316,26387,0.1↔0.3,0.836,1.0,слова,2,научный,3227,0.9951
2026-04-05T04:47:49.544289,26397,0.1↔0.3,0.835,0.3,буквы/слоги,3,,3228,0.9950
2026-04-05T04:47:49.606317,26398,0.3↔1.0,0.824,30.0,абзацы,3,,3229,0.9952
2026-04-05T04:47:50.219300,26410,0.1↔0.3,0.832,0.1,буквы/слоги,4,метафорический,3230,0.9954
2026-04-05T04:47:50.729317,26420,0.3↔1.0,0.811,30.0,абзацы,3,,3231,0.9947
2026-04-05T04:47:50.831297,26422,0.3↔1.0,0.816,10.0,предложения,2,научный,3232,0.9949
2026-04-05T04:47:50.882298,26423,0.1↔0.3,0.836,1.0,слова,3,,3233,0.9951
2026-04-05T04:47:51.342290,26432,0.1↔0.3,0.817,30.0,абзацы,1,бытовой,3234,0.9953
2026-04-05T04:47:51.904317,26443,0.1↔0.3,0.811,10.0,предложения,2,научный,3235,0.9952
2026-04-05T04:47:52.210317,26449,0.1↔0.3,0.813,1.0,слова,1,бытовой,3236,0.9954
2026-04-05T04:47:52.312317,26451,0.1↔0.3,0.818,10.0,предложения,2,научный,3237,0.9956
2026-04-05T04:47:52.465292,26454,0.3↔1.0,0.831,1.0,слова,2,научный,3238,0.9958
2026-04-05T04:47:52.721317,26459,0.3↔1.0,0.834,1.0,слова,2,научный,3239,0.9957
2026-04-05T04:47:53.385317,26472,0.1↔0.3,0.812,10.0,предложения,3,,3240,0.9953
2026-04-05T04:47:53.640317,26477,0.3↔1.0,0.810,0.1,буквы/слоги,3,,3241,0.9955
2026-04-05T04:47:53.997317,26484,0.1↔0.3,0.836,100.0,целые тексты,3,,3242,0.9957
2026-04-05T04:47:54.151317,26487,0.3↔1.0,0.819,3.0,словосочетания,2,научный,3243,0.9959
2026-04-05T04:47:54.203292,26488,0.1↔0.3,0.827,1.0,слова,2,научный,3244,0.9961
2026-04-05T04:47:54.825317,26500,0.1↔0.3,0.826,10.0,предложения,1,бытовой,3245,0.9960
2026-04-05T04:47:57.876317,26559,0.1↔0.3,0.830,0.1,буквы/слоги,3,,3246,0.9950
2026-04-05T04:47:57.978298,26561,0.1↔0.3,0.829,0.3,буквы/слоги,3,,3247,0.9952
2026-04-05T04:47:58.438299,26570,0.3↔1.0,0.818,3.0,словосочетания,3,,3248,0.9954
2026-04-05T04:47:58.540317,26572,0.1↔0.3,0.819,0.3,буквы/слоги,3,,3249,0.9956
2026-04-05T04:47:59.154317,26584,0.1↔0.3,0.817,10.0,предложения,1,бытовой,3250,0.9958
2026-04-05T04:47:59.409317,26589,0.3↔1.0,0.820,30.0,абзацы,3,,3251,0.9960
2026-04-05T04:47:59.511298,26591,0.3↔1.0,0.830,3.0,словосочетания,1,бытовой,3252,0.9962
2026-04-05T04:47:59.818318,26597,0.3↔1.0,0.831,10.0,предложения,1,бытовой,3253,0.9964
2026-04-05T04:47:59.869298,26598,0.1↔0.3,0.819,0.3,буквы/слоги,2,научный,3254,0.9966
2026-04-05T04:48:01.401317,26628,0.1↔0.3,0.830,1.0,слова,2,научный,3255,0.9965
2026-04-05T04:48:01.759318,26635,0.1↔0.3,0.831,1.0,слова,3,,3256,0.9964
2026-04-05T04:48:02.355293,26646,0.1↔0.3,0.813,10.0,предложения,4,метафорический,3257,0.9963
2026-04-05T04:48:03.070292,26660,0.1↔0.3,0.810,1.0,слова,1,бытовой,3258,0.9962
2026-04-05T04:48:03.286298,26664,0.1↔0.3,0.815,0.1,буквы/слоги,3,,3259,0.9964
2026-04-05T04:48:03.694318,26672,0.3↔1.0,0.819,0.3,буквы/слоги,3,,3260,0.9960
2026-04-05T04:48:04.153298,26681,0.1↔0.3,0.816,3.0,словосочетания,3,,3261,0.9959
2026-04-05T04:48:04.829298,26694,0.3↔1.0,0.819,100.0,целые тексты,1,бытовой,3262,0.9958
2026-04-05T04:48:06.157318,26720,0.1↔0.3,0.838,3.0,словосочетания,1,бытовой,3263,0.9954
2026-04-05T04:48:06.259318,26722,0.1↔0.3,0.835,0.1,буквы/слоги,3,,3264,0.9956
2026-04-05T04:48:06.567299,26728,0.1↔0.3,0.837,10.0,предложения,3,,3265,0.9955
2026-04-05T04:48:07.488299,26746,0.1↔0.3,0.816,1.0,слова,1,бытовой,3266,0.9951
2026-04-05T04:48:07.744318,26751,0.1↔0.3,0.820,1.0,слова,4,метафорический,3267,0.9950
2026-04-05T04:48:07.948295,26755,0.1↔0.3,0.828,100.0,целые тексты,1,бытовой,3268,0.9952
2026-04-05T04:48:08.309319,26762,0.1↔0.3,0.830,10.0,предложения,1,бытовой,3269,0.9948
2026-04-05T04:48:08.360318,26763,0.1↔0.3,0.819,1.0,слова,1,бытовой,3270,0.9950
2026-04-05T04:48:08.973318,26775,0.1↔0.3,0.834,0.1,буквы/слоги,1,бытовой,3271,0.9949
2026-04-05T04:48:09.228318,26780,0.1↔0.3,0.834,1.0,слова,2,научный,3272,0.9951
2026-04-05T04:48:09.279292,26781,0.1↔0.3,0.827,0.1,буквы/слоги,3,,3273,0.9953
2026-04-05T04:48:09.636299,26788,0.1↔0.3,0.826,30.0,абзацы,1,бытовой,3274,0.9952
2026-04-05T04:48:10.143299,26796,0.1↔0.3,0.832,3.0,словосочетания,3,,3275,0.9951
2026-04-05T04:48:10.194318,26797,0.1↔0.3,0.819,1.0,слова,3,,3276,0.9953
2026-04-05T04:48:10.449294,26802,0.1↔0.3,0.814,100.0,целые тексты,2,научный,3277,0.9955
2026-04-05T04:48:10.721300,26807,0.3↔1.0,0.818,30.0,абзацы,1,бытовой,3278,0.9957
2026-04-05T04:48:10.823318,26809,0.3↔1.0,0.829,0.1,буквы/слоги,1,бытовой,3279,0.9959
2026-04-05T04:48:10.925318,26811,0.3↔1.0,0.829,30.0,абзацы,1,бытовой,3280,0.9961
2026-04-05T04:48:11.647295,26823,0.1↔0.3,0.837,0.3,буквы/слоги,3,,3281,0.9957
2026-04-05T04:48:12.280297,26833,0.3↔1.0,0.810,0.1,буквы/слоги,2,научный,3282,0.9959
2026-04-05T04:48:13.571297,26853,0.3↔1.0,0.816,0.1,буквы/слоги,2,научный,3283,0.9961
2026-04-05T04:48:13.933297,26859,0.1↔0.3,0.808,0.1,буквы/слоги,1,бытовой,3284,0.9960
2026-04-05T04:48:13.986292,26860,0.3↔1.0,0.831,30.0,абзацы,2,научный,3285,0.9962
2026-04-05T04:48:15.084319,26881,0.1↔0.3,0.825,10.0,предложения,1,бытовой,3286,0.9961
2026-04-05T04:48:15.441319,26888,0.1↔0.3,0.834,0.1,буквы/слоги,2,научный,3287,0.9963
2026-04-05T04:48:16.006319,26899,0.3↔1.0,0.816,0.1,буквы/слоги,4,метафорический,3288,0.9962
2026-04-05T04:48:16.109320,26901,0.1↔0.3,0.827,10.0,предложения,2,научный,3289,0.9964
2026-04-05T04:48:16.346295,26905,0.1↔0.3,0.821,100.0,целые тексты,3,,3290,0.9966
2026-04-05T04:48:16.602293,26910,0.1↔0.3,0.821,30.0,абзацы,1,бытовой,3291,0.9968
2026-04-05T04:48:16.653319,26911,0.1↔0.3,0.819,0.3,буквы/слоги,4,метафорический,3292,0.9970
2026-04-05T04:48:16.996294,26917,0.3↔1.0,0.824,0.1,буквы/слоги,3,,3293,0.9972
2026-04-05T04:48:17.319320,26922,0.1↔0.3,0.821,1.0,слова,1,бытовой,3294,0.9971
2026-04-05T04:48:17.683294,26929,0.1↔0.3,0.814,1.0,слова,2,научный,3295,0.9973
2026-04-05T04:48:17.843320,26932,0.3↔1.0,0.826,30.0,абзацы,3,,3296,0.9975
2026-04-05T04:48:18.507319,26945,0.1↔0.3,0.815,100.0,целые тексты,1,бытовой,3297,0.9971
2026-04-05T04:48:18.660301,26948,0.3↔1.0,0.812,30.0,абзацы,4,метафорический,3298,0.9973
2026-04-05T04:48:18.813303,26951,0.1↔0.3,0.812,0.1,буквы/слоги,2,научный,3299,0.9975
2026-04-05T04:48:19.018301,26955,0.1↔0.3,0.829,0.3,буквы/слоги,3,,3300,0.9971
2026-04-05T04:48:19.325294,26961,0.1↔0.3,0.810,3.0,словосочетания,3,,3301,0.9973
2026-04-05T04:48:19.376320,26962,0.3↔1.0,0.822,10.0,предложения,1,бытовой,3302,0.9975
2026-04-05T04:48:19.889295,26972,0.1↔0.3,0.831,0.1,буквы/слоги,1,бытовой,3303,0.9977
2026-04-05T04:48:20.607319,26986,0.1↔0.3,0.837,0.3,буквы/слоги,1,бытовой,3304,0.9976
2026-04-05T04:48:20.811320,26990,0.1↔0.3,0.815,100.0,целые тексты,1,бытовой,3305,0.9978
2026-04-05T04:48:21.390319,27001,0.1↔0.3,0.824,10.0,предложения,1,бытовой,3306,0.9968
2026-04-05T04:48:21.441320,27002,0.3↔1.0,0.831,1.0,слова,3,,3307,0.9970
2026-04-05T04:48:21.747294,27008,0.3↔1.0,0.834,1.0,слова,2,научный,3308,0.9972
2026-04-05T04:48:22.566320,27024,0.3↔1.0,0.829,100.0,целые тексты,3,,3309,0.9974
2026-04-05T04:48:22.821320,27029,0.1↔0.3,0.823,3.0,словосочетания,1,бытовой,3310,0.9970
2026-04-05T04:48:23.076320,27034,0.1↔0.3,0.819,100.0,целые тексты,4,метафорический,3311,0.9972
2026-04-05T04:48:23.331319,27039,0.1↔0.3,0.811,30.0,абзацы,3,,3312,0.9974
2026-04-05T04:48:23.637320,27045,0.3↔1.0,0.811,1.0,слова,4,метафорический,3313,0.9976
2026-04-05T04:48:23.841302,27049,0.1↔0.3,0.810,100.0,целые тексты,2,научный,3314,0.9978
2026-04-05T04:48:24.461291,27060,0.1↔0.3,0.822,0.3,буквы/слоги,4,метафорический,3315,0.9974
2026-04-05T04:48:24.796297,27066,0.3↔1.0,0.809,0.1,буквы/слоги,1,бытовой,3316,0.9973
2026-04-05T04:48:26.148320,27089,0.1↔0.3,0.813,10.0,предложения,2,научный,3317,0.9969
2026-04-05T04:48:26.250301,27091,0.3↔1.0,0.819,0.1,буквы/слоги,1,бытовой,3318,0.9971
2026-04-05T04:48:26.612294,27098,0.3↔1.0,0.833,100.0,целые тексты,3,,3319,0.9970
2026-04-05T04:48:26.676320,27099,0.3↔1.0,0.815,0.1,буквы/слоги,1,бытовой,3320,0.9972
2026-04-05T04:48:27.034295,27106,0.3↔1.0,0.809,100.0,целые тексты,3,,3321,0.9971
2026-04-05T04:48:27.290295,27111,0.1↔0.3,0.835,100.0,целые тексты,1,бытовой,3322,0.9967
2026-04-05T04:48:27.392296,27113,0.1↔0.3,0.817,100.0,целые тексты,1,бытовой,3323,0.9969
2026-04-05T04:48:27.751320,27120,0.1↔0.3,0.832,1.0,слова,1,бытовой,3324,0.9971
2026-04-05T04:48:27.854320,27122,0.1↔0.3,0.824,0.1,буквы/слоги,2,научный,3325,0.9973
2026-04-05T04:48:28.007320,27125,0.1↔0.3,0.812,1.0,слова,1,бытовой,3326,0.9972
2026-04-05T04:48:28.109320,27127,0.1↔0.3,0.837,10.0,предложения,1,бытовой,3327,0.9974
2026-04-05T04:48:28.211320,27129,0.1↔0.3,0.814,10.0,предложения,3,,3328,0.9976
2026-04-05T04:48:28.313320,27131,0.3↔1.0,0.819,100.0,целые тексты,1,бытовой,3329,0.9978
2026-04-05T04:48:28.773321,27140,0.3↔1.0,0.817,30.0,абзацы,3,,3330,0.9977
2026-04-05T04:48:28.824320,27141,0.3↔1.0,0.824,3.0,словосочетания,1,бытовой,3331,0.9979
2026-04-05T04:48:29.130294,27147,0.1↔0.3,0.814,10.0,предложения,3,,3332,0.9978
2026-04-05T04:48:29.284298,27150,0.3↔1.0,0.814,3.0,словосочетания,1,бытовой,3333,0.9980
2026-04-05T04:48:30.257295,27169,0.1↔0.3,0.816,30.0,абзацы,2,научный,3334,0.9979
2026-04-05T04:48:31.074321,27185,0.1↔0.3,0.831,10.0,предложения,1,бытовой,3335,0.9980
2026-04-05T04:48:31.227320,27188,0.1↔0.3,0.829,0.1,буквы/слоги,1,бытовой,3336,0.9980
2026-04-05T04:48:31.788321,27199,0.1↔0.3,0.808,3.0,словосочетания,3,,3337,0.9980
2026-04-05T04:48:31.890321,27201,0.1↔0.3,0.810,10.0,предложения,2,научный,3338,0.9980
2026-04-05T04:48:31.941321,27202,0.1↔0.3,0.820,1.0,слова,1,бытовой,3339,0.9980
2026-04-05T04:48:32.094321,27205,0.3↔1.0,0.830,10.0,предложения,1,бытовой,3340,0.9979
2026-04-05T04:48:32.145320,27206,0.1↔0.3,0.818,100.0,целые тексты,1,бытовой,3341,0.9980
2026-04-05T04:48:32.196321,27207,0.1↔0.3,0.826,10.0,предложения,1,бытовой,3342,0.9980
2026-04-05T04:48:32.352296,27210,0.1↔0.3,0.825,0.3,буквы/слоги,4,метафорический,3343,0.9980
2026-04-05T04:48:33.527320,27233,0.1↔0.3,0.809,0.1,буквы/слоги,2,научный,3344,0.9976
2026-04-05T04:48:34.088321,27244,0.1↔0.3,0.832,1.0,слова,1,бытовой,3345,0.9978
2026-04-05T04:48:35.078321,27262,0.1↔0.3,0.833,0.1,буквы/слоги,3,,3346,0.9977
2026-04-05T04:48:35.384321,27268,0.1↔0.3,0.815,3.0,словосочетания,1,бытовой,3347,0.9973
2026-04-05T04:48:35.435321,27269,0.1↔0.3,0.833,100.0,целые тексты,3,,3348,0.9975
2026-04-05T04:48:35.639321,27273,0.1↔0.3,0.815,0.1,буквы/слоги,4,метафорический,3349,0.9977
2026-04-05T04:48:36.055321,27281,0.1↔0.3,0.835,0.3,буквы/слоги,3,,3350,0.9976
2026-04-05T04:48:36.310321,27286,0.1↔0.3,0.833,3.0,словосочетания,2,научный,3351,0.9978
2026-04-05T04:48:36.361321,27287,0.1↔0.3,0.817,3.0,словосочетания,1,бытовой,3352,0.9980
2026-04-05T04:48:37.920321,27317,0.3↔1.0,0.812,1.0,слова,3,,3353,0.9973
2026-04-05T04:48:38.635321,27331,0.1↔0.3,0.829,100.0,целые тексты,1,бытовой,3354,0.9969
2026-04-05T04:48:38.740298,27333,0.1↔0.3,0.836,1.0,слова,4,метафорический,3355,0.9971
2026-04-05T04:48:39.049301,27339,0.3↔1.0,0.826,0.1,буквы/слоги,2,научный,3356,0.9973
2026-04-05T04:48:39.100302,27340,0.1↔0.3,0.813,0.1,буквы/слоги,3,,3357,0.9975
2026-04-05T04:48:39.355297,27345,0.3↔1.0,0.822,3.0,словосочетания,3,,3358,0.9974
2026-04-05T04:48:39.457303,27347,0.3↔1.0,0.824,1.0,слова,4,метафорический,3359,0.9976
2026-04-05T04:48:39.866303,27355,0.1↔0.3,0.831,30.0,абзацы,2,научный,3360,0.9978
2026-04-05T04:48:41.481323,27384,0.1↔0.3,0.832,10.0,предложения,1,бытовой,3361,0.9974
2026-04-05T04:48:41.870295,27390,0.1↔0.3,0.811,10.0,предложения,1,бытовой,3362,0.9976
2026-04-05T04:48:42.637296,27405,0.1↔0.3,0.831,10.0,предложения,2,научный,3363,0.9978
2026-04-05T04:48:42.894303,27410,0.1↔0.3,0.818,100.0,целые тексты,2,научный,3364,0.9980
2026-04-05T04:48:43.048298,27413,0.3↔1.0,0.809,1.0,слова,2,научный,3365,0.9980
2026-04-05T04:48:43.253296,27417,0.1↔0.3,0.809,0.1,буквы/слоги,2,научный,3366,0.9980
2026-04-05T04:48:43.561296,27423,0.3↔1.0,0.811,0.1,буквы/слоги,4,метафорический,3367,0.9980
2026-04-05T04:48:44.446294,27439,0.1↔0.3,0.825,30.0,абзацы,3,,3368,0.9973
2026-04-05T04:48:45.271295,27454,0.1↔0.3,0.816,3.0,словосочетания,2,научный,3369,0.9972
2026-04-05T04:48:45.837298,27465,0.1↔0.3,0.830,30.0,абзацы,2,научный,3370,0.9974
2026-04-05T04:48:46.269304,27473,0.1↔0.3,0.836,0.1,буквы/слоги,2,научный,3371,0.9973
2026-04-05T04:48:46.320301,27474,0.3↔1.0,0.834,0.1,буквы/слоги,2,научный,3372,0.9975
2026-04-05T04:48:46.423297,27476,0.1↔0.3,0.817,3.0,словосочетания,2,научный,3373,0.9977
2026-04-05T04:48:47.041301,27486,0.3↔1.0,0.828,0.1,буквы/слоги,3,,3374,0.9979
2026-04-05T04:48:49.975297,27543,0.1↔0.3,0.834,0.1,буквы/слоги,4,метафорический,3375,0.9963
2026-04-05T04:48:50.232304,27548,0.3↔1.0,0.815,3.0,словосочетания,1,бытовой,3376,0.9965
2026-04-05T04:48:50.744295,27558,0.3↔1.0,0.811,100.0,целые тексты,3,,3377,0.9964
2026-04-05T04:48:50.950298,27562,0.1↔0.3,0.824,100.0,целые тексты,2,научный,3378,0.9966
2026-04-05T04:48:51.208297,27567,0.3↔1.0,0.833,100.0,целые тексты,2,научный,3379,0.9968
2026-04-05T04:48:51.826295,27579,0.1↔0.3,0.816,30.0,абзацы,1,бытовой,3380,0.9967
2026-04-05T04:48:51.928303,27581,0.1↔0.3,0.811,100.0,целые тексты,2,научный,3381,0.9969
2026-04-05T04:48:52.081323,27584,0.1↔0.3,0.820,3.0,словосочетания,3,,3382,0.9968
2026-04-05T04:48:52.986299,27599,0.1↔0.3,0.815,0.1,буквы/слоги,1,бытовой,3383,0.9964
2026-04-05T04:48:53.045294,27600,0.3↔1.0,0.813,0.1,буквы/слоги,3,,3384,0.9966
2026-04-05T04:48:53.114297,27601,0.3↔1.0,0.829,0.3,буквы/слоги,3,,3385,0.9968
2026-04-05T04:48:53.756296,27613,0.1↔0.3,0.822,100.0,целые тексты,2,научный,3386,0.9970
2026-04-05T04:48:54.174298,27621,0.1↔0.3,0.808,0.1,буквы/слоги,3,,3387,0.9969
2026-04-05T04:48:54.698299,27631,0.3↔1.0,0.809,100.0,целые тексты,3,,3388,0.9971
2026-04-05T04:48:54.909298,27635,0.1↔0.3,0.820,100.0,целые тексты,3,,3389,0.9973
2026-04-05T04:48:56.549296,27667,0.3↔1.0,0.816,1.0,слова,2,научный,3390,0.9966
2026-04-05T04:48:56.600306,27668,0.3↔1.0,0.809,1.0,слова,3,,3391,0.9968
2026-04-05T04:48:56.706298,27670,0.1↔0.3,0.834,10.0,предложения,3,,3392,0.9970
2026-04-05T04:48:56.761296,27671,0.3↔1.0,0.818,0.3,буквы/слоги,2,научный,3393,0.9972
2026-04-05T04:48:56.926305,27674,0.1↔0.3,0.822,0.3,буквы/слоги,3,,3394,0.9971
2026-04-05T04:48:57.142298,27678,0.1↔0.3,0.824,0.3,буквы/слоги,1,бытовой,3395,0.9970
2026-04-05T04:48:57.654304,27688,0.1↔0.3,0.815,1.0,слова,1,бытовой,3396,0.9969
2026-04-05T04:48:57.708299,27689,0.1↔0.3,0.813,1.0,слова,1,бытовой,3397,0.9971
2026-04-05T04:48:57.864304,27692,0.1↔0.3,0.828,0.1,буквы/слоги,3,,3398,0.9973
2026-04-05T04:48:58.479296,27704,0.3↔1.0,0.827,0.3,буквы/слоги,3,,3399,0.9975
2026-04-05T04:48:58.739298,27709,0.1↔0.3,0.819,10.0,предложения,1,бытовой,3400,0.9974
2026-04-05T04:48:59.009300,27714,0.3↔1.0,0.829,100.0,целые тексты,1,бытовой,3401,0.9973
2026-04-05T04:48:59.266298,27719,0.3↔1.0,0.827,3.0,словосочетания,2,научный,3402,0.9972
2026-04-05T04:48:59.982294,27733,0.1↔0.3,0.817,100.0,целые тексты,3,,3403,0.9968
2026-04-05T04:49:00.748304,27748,0.1↔0.3,0.832,1.0,слова,2,научный,3404,0.9970
2026-04-05T04:49:00.952295,27752,0.1↔0.3,0.814,100.0,целые тексты,2,научный,3405,0.9969
2026-04-05T04:49:01.105305,27755,0.1↔0.3,0.811,30.0,абзацы,1,бытовой,3406,0.9968
2026-04-05T04:49:01.258295,27758,0.3↔1.0,0.821,0.3,буквы/слоги,2,научный,3407,0.9970
2026-04-05T04:49:03.454295,27801,0.1↔0.3,0.829,10.0,предложения,1,бытовой,3408,0.9963
2026-04-05T04:49:04.031304,27812,0.1↔0.3,0.833,1.0,слова,2,научный,3409,0.9962
2026-04-05T04:49:04.133304,27814,0.1↔0.3,0.817,100.0,целые тексты,3,,3410,0.9964
2026-04-05T04:49:04.849295,27828,0.1↔0.3,0.835,3.0,словосочетания,2,научный,3411,0.9963
2026-04-05T04:49:04.900296,27829,0.3↔1.0,0.821,3.0,словосочетания,1,бытовой,3412,0.9965
2026-04-05T04:49:06.685295,27864,0.1↔0.3,0.815,10.0,предложения,2,научный,3413,0.9961
2026-04-05T04:49:07.356295,27877,0.1↔0.3,0.829,10.0,предложения,1,бытовой,3414,0.9963
2026-04-05T04:49:07.613305,27882,0.1↔0.3,0.830,100.0,целые тексты,4,метафорический,3415,0.9962
2026-04-05T04:49:07.818300,27886,0.1↔0.3,0.814,0.3,буквы/слоги,2,научный,3416,0.9964
2026-04-05T04:49:08.431305,27898,0.1↔0.3,0.834,3.0,словосочетания,1,бытовой,3417,0.9966
2026-04-05T04:49:08.687300,27903,0.3↔1.0,0.813,10.0,предложения,1,бытовой,3418,0.9965
2026-04-05T04:49:09.351305,27916,0.3↔1.0,0.815,0.1,буквы/слоги,2,научный,3419,0.9967
2026-04-05T04:49:09.708308,27923,0.1↔0.3,0.821,10.0,предложения,3,,3420,0.9969
2026-04-05T04:49:09.883302,27926,0.3↔1.0,0.821,3.0,словосочетания,4,метафорический,3421,0.9971
2026-04-05T04:49:09.992299,27928,0.1↔0.3,0.837,0.1,буквы/слоги,2,научный,3422,0.9973
2026-04-05T04:49:10.860306,27945,0.1↔0.3,0.827,1.0,слова,2,научный,3423,0.9969
2026-04-05T04:49:10.962298,27947,0.3↔1.0,0.817,0.3,буквы/слоги,3,,3424,0.9971
2026-04-05T04:49:11.730300,27962,0.1↔0.3,0.827,1.0,слова,3,,3425,0.9970
2026-04-05T04:49:11.992306,27967,0.3↔1.0,0.826,0.1,буквы/слоги,3,,3426,0.9972
2026-04-05T04:49:12.145297,27970,0.3↔1.0,0.833,100.0,целые тексты,1,бытовой,3427,0.9974
2026-04-05T04:49:12.605306,27979,0.3↔1.0,0.837,30.0,абзацы,2,научный,3428,0.9976
2026-04-05T04:49:13.064299,27988,0.1↔0.3,0.816,30.0,абзацы,2,научный,3429,0.9978
2026-04-05T04:49:13.176299,27990,0.1↔0.3,0.836,10.0,предложения,1,бытовой,3430,0.9980
2026-04-05T04:49:14.100298,28008,0.3↔1.0,0.815,1.0,слова,2,научный,3431,0.9979
2026-04-05T04:49:14.866306,28023,0.3↔1.0,0.824,0.3,буквы/слоги,2,научный,3432,0.9980
2026-04-05T04:49:15.837305,28042,0.1↔0.3,0.833,100.0,целые тексты,2,научный,3433,0.9980
2026-04-05T04:49:16.348299,28052,0.1↔0.3,0.830,30.0,абзацы,2,научный,3434,0.9979
2026-04-05T04:49:16.553306,28056,0.3↔1.0,0.816,100.0,целые тексты,1,бытовой,3435,0.9980
2026-04-05T04:49:17.987306,28084,0.1↔0.3,0.810,3.0,словосочетания,1,бытовой,3436,0.9979
2026-04-05T04:49:18.702299,28098,0.3↔1.0,0.810,100.0,целые тексты,1,бытовой,3437,0.9975
2026-04-05T04:49:18.754307,28099,0.1↔0.3,0.818,30.0,абзацы,2,научный,3438,0.9977
2026-04-05T04:49:19.623306,28116,0.3↔1.0,0.835,1.0,слова,2,научный,3439,0.9973
2026-04-05T04:49:19.777307,28119,0.1↔0.3,0.808,3.0,словосочетания,4,метафорический,3440,0.9975
2026-04-05T04:49:19.829306,28120,0.1↔0.3,0.819,1.0,слова,4,метафорический,3441,0.9977
2026-04-05T04:49:20.391306,28131,0.3↔1.0,0.813,0.1,буквы/слоги,1,бытовой,3442,0.9976
2026-04-05T04:49:20.544298,28134,0.1↔0.3,0.832,0.1,буквы/слоги,4,метафорический,3443,0.9978
2026-04-05T04:49:20.647306,28136,0.3↔1.0,0.829,0.3,буквы/слоги,2,научный,3444,0.9980
2026-04-05T04:49:20.699306,28137,0.3↔1.0,0.834,30.0,абзацы,1,бытовой,3445,0.9980
2026-04-05T04:49:20.852299,28140,0.1↔0.3,0.821,0.3,буквы/слоги,3,,3446,0.9979
2026-04-05T04:49:21.413298,28151,0.3↔1.0,0.819,3.0,словосочетания,1,бытовой,3447,0.9978
2026-04-05T04:49:22.383306,28170,0.1↔0.3,0.811,30.0,абзацы,3,,3448,0.9980
2026-04-05T04:49:22.485300,28172,0.3↔1.0,0.818,3.0,словосочетания,1,бытовой,3449,0.9980
2026-04-05T04:49:22.795306,28178,0.1↔0.3,0.816,30.0,абзацы,1,бытовой,3450,0.9979
2026-04-05T04:49:23.102307,28184,0.1↔0.3,0.826,30.0,абзацы,3,,3451,0.9980
2026-04-05T04:49:23.205307,28186,0.1↔0.3,0.819,100.0,целые тексты,2,научный,3452,0.9980
2026-04-05T04:49:23.410300,28190,0.1↔0.3,0.834,3.0,словосочетания,3,,3453,0.9980
2026-04-05T04:49:23.615307,28194,0.1↔0.3,0.828,0.3,буквы/слоги,1,бытовой,3454,0.9980
2026-04-05T04:49:24.850306,28218,0.3↔1.0,0.812,0.1,буквы/слоги,2,научный,3455,0.9973
2026-04-05T04:49:25.003306,28221,0.1↔0.3,0.826,100.0,целые тексты,1,бытовой,3456,0.9975
2026-04-05T04:49:25.207306,28225,0.3↔1.0,0.834,100.0,целые тексты,2,научный,3457,0.9977
2026-04-05T04:49:25.310306,28227,0.1↔0.3,0.829,30.0,абзацы,1,бытовой,3458,0.9979
2026-04-05T04:49:25.361298,28228,0.3↔1.0,0.809,100.0,целые тексты,4,метафорический,3459,0.9980
2026-04-05T04:49:25.630302,28233,0.3↔1.0,0.808,3.0,словосочетания,4,метафорический,3460,0.9980
2026-04-05T04:49:26.974307,28257,0.3↔1.0,0.834,0.3,буквы/слоги,1,бытовой,3461,0.9980
2026-04-05T04:49:28.345301,28283,0.1↔0.3,0.831,1.0,слова,4,метафорический,3462,0.9979
2026-04-05T04:49:28.474304,28285,0.3↔1.0,0.809,0.1,буквы/слоги,1,бытовой,3463,0.9980
2026-04-05T04:49:29.053307,28296,0.3↔1.0,0.811,3.0,словосочетания,1,бытовой,3464,0.9980
2026-04-05T04:49:29.309308,28301,0.3↔1.0,0.828,3.0,словосочетания,2,научный,3465,0.9980
2026-04-05T04:49:29.735305,28308,0.3↔1.0,0.818,10.0,предложения,3,,3466,0.9976
2026-04-05T04:49:30.519301,28323,0.3↔1.0,0.828,1.0,слова,1,бытовой,3467,0.9978
2026-04-05T04:49:31.103307,28334,0.3↔1.0,0.820,0.3,буквы/слоги,3,,3468,0.9980
2026-04-05T04:49:31.284307,28337,0.3↔1.0,0.837,0.3,буквы/слоги,4,метафорический,3469,0.9980
2026-04-05T04:49:32.437307,28359,0.1↔0.3,0.836,0.1,буквы/слоги,3,,3470,0.9979
2026-04-05T04:49:32.509298,28360,0.1↔0.3,0.815,100.0,целые тексты,1,бытовой,3471,0.9980
2026-04-05T04:49:32.684307,28363,0.1↔0.3,0.811,0.1,буквы/слоги,1,бытовой,3472,0.9980
2026-04-05T04:49:33.478304,28378,0.3↔1.0,0.834,30.0,абзацы,3,,3473,0.9980
2026-04-05T04:49:33.714308,28382,0.1↔0.3,0.819,1.0,слова,3,,3474,0.9980
2026-04-05T04:49:34.093300,28388,0.1↔0.3,0.813,30.0,абзацы,1,бытовой,3475,0.9979
2026-04-05T04:49:34.411307,28394,0.1↔0.3,0.828,1.0,слова,1,бытовой,3476,0.9980
2026-04-05T04:49:35.025301,28404,0.1↔0.3,0.819,10.0,предложения,3,,3477,0.9976
2026-04-05T04:49:37.443308,28450,0.3↔1.0,0.811,3.0,словосочетания,3,,3478,0.9978
2026-04-05T04:49:37.553309,28452,0.3↔1.0,0.832,0.3,буквы/слоги,1,бытовой,3479,0.9977
2026-04-05T04:49:37.731299,28455,0.1↔0.3,0.821,10.0,предложения,2,научный,3480,0.9976
2026-04-05T04:49:37.801304,28456,0.1↔0.3,0.837,3.0,словосочетания,3,,3481,0.9978
2026-04-05T04:49:38.078302,28461,0.1↔0.3,0.817,100.0,целые тексты,1,бытовой,3482,0.9980
2026-04-05T04:49:38.761301,28474,0.3↔1.0,0.821,0.3,буквы/слоги,1,бытовой,3483,0.9980
2026-04-05T04:49:39.409303,28486,0.1↔0.3,0.827,10.0,предложения,2,научный,3484,0.9980
2026-04-05T04:49:39.462304,28487,0.3↔1.0,0.828,0.1,буквы/слоги,2,научный,3485,0.9980
2026-04-05T04:49:39.516309,28488,0.1↔0.3,0.812,0.1,буквы/слоги,2,научный,3486,0.9980
2026-04-05T04:49:39.865299,28494,0.3↔1.0,0.833,0.1,буквы/слоги,3,,3487,0.9979
2026-04-05T04:49:40.984301,28515,0.3↔1.0,0.821,100.0,целые тексты,3,,3488,0.9978
2026-04-05T04:49:42.313308,28540,0.1↔0.3,0.816,100.0,целые тексты,2,научный,3489,0.9977
2026-04-05T04:49:42.439303,28542,0.3↔1.0,0.837,10.0,предложения,3,,3490,0.9979
2026-04-05T04:49:42.671308,28546,0.1↔0.3,0.815,30.0,абзацы,3,,3491,0.9980
2026-04-05T04:49:42.754304,28547,0.3↔1.0,0.834,10.0,предложения,4,метафорический,3492,0.9980
2026-04-05T04:49:43.093308,28553,0.3↔1.0,0.835,10.0,предложения,2,научный,3493,0.9980
2026-04-05T04:49:43.577309,28562,0.1↔0.3,0.828,3.0,словосочетания,1,бытовой,3494,0.9980
2026-04-05T04:49:43.754308,28565,0.1↔0.3,0.837,100.0,целые тексты,3,,3495,0.9980
2026-04-05T04:49:44.180301,28573,0.3↔1.0,0.834,30.0,абзацы,2,научный,3496,0.9980
2026-04-05T04:49:44.362302,28576,0.1↔0.3,0.827,1.0,слова,2,научный,3497,0.9980
2026-04-05T04:49:44.673303,28581,0.3↔1.0,0.816,10.0,предложения,1,бытовой,3498,0.9979
2026-04-05T04:49:44.856301,28584,0.1↔0.3,0.813,100.0,целые тексты,1,бытовой,3499,0.9980
2026-04-05T04:49:45.076308,28588,0.1↔0.3,0.809,1.0,слова,3,,3500,0.9980
2026-04-05T04:49:45.324309,28592,0.1↔0.3,0.820,3.0,словосочетания,3,,3501,0.9980
2026-04-05T04:49:45.642300,28598,0.3↔1.0,0.834,0.1,буквы/слоги,1,бытовой,3502,0.9980
2026-04-05T04:49:46.596309,28616,0.1↔0.3,0.818,0.1,буквы/слоги,1,бытовой,3503,0.9980
2026-04-05T04:49:47.484309,28632,0.3↔1.0,0.832,100.0,целые тексты,1,бытовой,3504,0.9979
2026-04-05T04:49:48.153299,28644,0.1↔0.3,0.832,0.3,буквы/слоги,2,научный,3505,0.9975
2026-04-05T04:49:48.731309,28655,0.3↔1.0,0.824,100.0,целые тексты,1,бытовой,3506,0.9977
2026-04-05T04:49:49.008309,28660,0.1↔0.3,0.823,10.0,предложения,3,,3507,0.9979
2026-04-05T04:49:49.581309,28671,0.1↔0.3,0.828,0.1,буквы/слоги,3,,3508,0.9980
2026-04-05T04:49:49.857302,28675,0.1↔0.3,0.838,100.0,целые тексты,3,,3509,0.9979
2026-04-05T04:49:50.344306,28684,0.1↔0.3,0.809,0.3,буквы/слоги,1,бытовой,3510,0.9980
2026-04-05T04:49:50.965309,28695,0.1↔0.3,0.820,0.3,буквы/слоги,2,научный,3511,0.9980
2026-04-05T04:49:51.402309,28703,0.3↔1.0,0.831,3.0,словосочетания,3,,3512,0.9980
2026-04-05T04:49:51.867310,28711,0.3↔1.0,0.814,0.1,буквы/слоги,2,научный,3513,0.9980
2026-04-05T04:49:53.072301,28733,0.1↔0.3,0.815,100.0,целые тексты,4,метафорический,3514,0.9979
2026-04-05T04:49:53.640303,28744,0.1↔0.3,0.820,1.0,слова,3,,3515,0.9980
2026-04-05T04:49:54.356307,28755,0.1↔0.3,0.833,3.0,словосочетания,4,метафорический,3516,0.9973
2026-04-05T04:49:54.778309,28763,0.1↔0.3,0.824,3.0,словосочетания,3,,3517,0.9975
2026-04-05T04:49:54.841307,28764,0.1↔0.3,0.829,0.3,буквы/слоги,2,научный,3518,0.9977
2026-04-05T04:49:55.415301,28775,0.1↔0.3,0.833,10.0,предложения,4,метафорический,3519,0.9979
2026-04-05T04:49:55.777304,28782,0.3↔1.0,0.815,100.0,целые тексты,4,метафорический,3520,0.9978
2026-04-05T04:49:56.234302,28790,0.1↔0.3,0.816,30.0,абзацы,3,,3521,0.9977
2026-04-05T04:49:56.287308,28791,0.1↔0.3,0.821,0.3,буквы/слоги,2,научный,3522,0.9979
2026-04-05T04:49:56.355300,28792,0.3↔1.0,0.825,10.0,предложения,1,бытовой,3523,0.9980
2026-04-05T04:49:56.471303,28794,0.3↔1.0,0.832,3.0,словосочетания,2,научный,3524,0.9980
2026-04-05T04:49:56.524305,28795,0.1↔0.3,0.832,0.1,буквы/слоги,3,,3525,0.9980
2026-04-05T04:49:56.652302,28797,0.1↔0.3,0.817,1.0,слова,1,бытовой,3526,0.9980
2026-04-05T04:49:57.101309,28805,0.3↔1.0,0.835,0.1,буквы/слоги,3,,3527,0.9979
2026-04-05T04:49:57.174306,28806,0.1↔0.3,0.825,3.0,словосочетания,2,научный,3528,0.9980
2026-04-05T04:49:57.524300,28812,0.3↔1.0,0.812,100.0,целые тексты,1,бытовой,3529,0.9979
2026-04-05T04:49:57.901310,28819,0.3↔1.0,0.813,30.0,абзацы,4,метафорический,3530,0.9980
2026-04-05T04:49:58.188309,28824,0.1↔0.3,0.830,1.0,слова,3,,3531,0.9980
2026-04-05T04:49:58.250300,28825,0.3↔1.0,0.830,100.0,целые тексты,3,,3532,0.9980
2026-04-05T04:49:58.693303,28833,0.1↔0.3,0.821,100.0,целые тексты,2,научный,3533,0.9979
2026-04-05T04:49:58.751304,28834,0.1↔0.3,0.811,0.3,буквы/слоги,1,бытовой,3534,0.9980
2026-04-05T04:49:58.805308,28835,0.3↔1.0,0.836,10.0,предложения,2,научный,3535,0.9980
2026-04-05T04:50:00.078310,28859,0.1↔0.3,0.828,0.3,буквы/слоги,1,бытовой,3536,0.9979
2026-04-05T04:50:00.187301,28861,0.1↔0.3,0.814,1.0,слова,4,метафорический,3537,0.9980
2026-04-05T04:50:01.046310,28875,0.1↔0.3,0.834,30.0,абзацы,2,научный,3538,0.9973
2026-04-05T04:50:01.172304,28877,0.1↔0.3,0.820,0.3,буквы/слоги,3,,3539,0.9975
2026-04-05T04:50:01.300307,28879,0.3↔1.0,0.822,100.0,целые тексты,3,,3540,0.9977
2026-04-05T04:50:01.749300,28887,0.3↔1.0,0.816,0.1,буквы/слоги,2,научный,3541,0.9976
2026-04-05T04:50:02.062309,28892,0.3↔1.0,0.838,3.0,словосочетания,2,научный,3542,0.9978
2026-04-05T04:50:02.381310,28897,0.1↔0.3,0.825,100.0,целые тексты,1,бытовой,3543,0.9980
2026-04-05T04:50:03.338304,28915,0.1↔0.3,0.823,0.3,буквы/слоги,1,бытовой,3544,0.9979
2026-04-05T04:50:04.738307,28941,0.3↔1.0,0.811,3.0,словосочетания,1,бытовой,3545,0.9978
2026-04-05T04:50:05.550306,28956,0.1↔0.3,0.826,0.3,буквы/слоги,2,научный,3546,0.9980
2026-04-05T04:50:06.232304,28969,0.3↔1.0,0.827,1.0,слова,3,,3547,0.9980
2026-04-05T04:50:06.366307,28971,0.3↔1.0,0.813,0.1,буквы/слоги,2,научный,3548,0.9980
2026-04-05T04:50:06.829305,28978,0.1↔0.3,0.833,100.0,целые тексты,2,научный,3549,0.9979
2026-04-05T04:50:08.399304,29007,0.1↔0.3,0.822,100.0,целые тексты,4,метафорический,3550,0.9978
2026-04-05T04:50:08.698302,29012,0.1↔0.3,0.827,100.0,целые тексты,3,,3551,0.9980
2026-04-05T04:50:09.024312,29018,0.1↔0.3,0.809,1.0,слова,2,научный,3552,0.9980
2026-04-05T04:50:09.533305,29027,0.3↔1.0,0.817,3.0,словосочетания,1,бытовой,3553,0.9976
2026-04-05T04:50:09.683307,29029,0.3↔1.0,0.809,3.0,словосочетания,3,,3554,0.9978
2026-04-05T04:50:10.373305,29042,0.1↔0.3,0.821,0.3,буквы/слоги,4,метафорический,3555,0.9980
2026-04-05T04:50:10.541305,29045,0.1↔0.3,0.822,3.0,словосочетания,2,научный,3556,0.9980
2026-04-05T04:50:10.711312,29048,0.3↔1.0,0.810,0.1,буквы/слоги,2,научный,3557,0.9980
2026-04-05T04:50:10.993302,29053,0.3↔1.0,0.831,30.0,абзацы,2,научный,3558,0.9979
2026-04-05T04:50:12.131303,29074,0.1↔0.3,0.814,10.0,предложения,2,научный,3559,0.9975
2026-04-05T04:50:12.182302,29075,0.3↔1.0,0.828,30.0,абзацы,3,,3560,0.9977
2026-04-05T04:50:12.309310,29077,0.3↔1.0,0.808,1.0,слова,2,научный,3561,0.9979
2026-04-05T04:50:12.440302,29079,0.1↔0.3,0.826,30.0,абзацы,3,,3562,0.9980
2026-04-05T04:50:12.725305,29084,0.1↔0.3,0.813,0.3,буквы/слоги,1,бытовой,3563,0.9980
2026-04-05T04:50:12.841302,29086,0.1↔0.3,0.810,3.0,словосочетания,2,научный,3564,0.9979
2026-04-05T04:50:13.699305,29102,0.1↔0.3,0.817,10.0,предложения,1,бытовой,3565,0.9978
2026-04-05T04:50:13.833309,29104,0.3↔1.0,0.831,3.0,словосочетания,2,научный,3566,0.9980
2026-04-05T04:50:14.114304,29109,0.1↔0.3,0.822,100.0,целые тексты,1,бытовой,3567,0.9979
2026-04-05T04:50:16.818312,29159,0.1↔0.3,0.831,0.1,буквы/слоги,1,бытовой,3568,0.9969
2026-04-05T04:50:16.911304,29160,0.1↔0.3,0.831,100.0,целые тексты,3,,3569,0.9971
2026-04-05T04:50:17.004307,29161,0.3↔1.0,0.819,1.0,слова,3,,3570,0.9973
2026-04-05T04:50:17.540312,29171,0.3↔1.0,0.833,0.3,буквы/слоги,2,научный,3571,0.9972
2026-04-05T04:50:18.974312,29197,0.1↔0.3,0.827,3.0,словосочетания,4,метафорический,3572,0.9965
2026-04-05T04:50:19.560305,29208,0.1↔0.3,0.826,1.0,слова,1,бытовой,3573,0.9964
2026-04-05T04:50:19.625310,29209,0.3↔1.0,0.814,0.3,буквы/слоги,3,,3574,0.9966
2026-04-05T04:50:20.367312,29221,0.1↔0.3,0.830,10.0,предложения,3,,3575,0.9962
2026-04-05T04:50:21.215313,29237,0.3↔1.0,0.808,1.0,слова,1,бытовой,3576,0.9958
2026-04-05T04:50:22.010308,29252,0.1↔0.3,0.833,0.3,буквы/слоги,2,научный,3577,0.9960
2026-04-05T04:50:22.604311,29263,0.1↔0.3,0.818,0.1,буквы/слоги,3,,3578,0.9962
2026-04-05T04:50:22.728309,29265,0.3↔1.0,0.817,30.0,абзацы,3,,3579,0.9964
2026-04-05T04:50:23.074313,29271,0.1↔0.3,0.810,30.0,абзацы,2,научный,3580,0.9966
2026-04-05T04:50:23.142304,29272,0.1↔0.3,0.835,0.3,буквы/слоги,2,научный,3581,0.9968
2026-04-05T04:50:23.496307,29278,0.3↔1.0,0.808,1.0,слова,3,,3582,0.9970
2026-04-05T04:50:24.119303,29289,0.1↔0.3,0.816,30.0,абзацы,3,,3583,0.9966
2026-04-05T04:50:24.754306,29300,0.3↔1.0,0.829,100.0,целые тексты,1,бытовой,3584,0.9965
2026-04-05T04:50:25.049310,29305,0.3↔1.0,0.811,1.0,слова,4,метафорический,3585,0.9964
2026-04-05T04:50:25.105303,29306,0.1↔0.3,0.821,0.1,буквы/слоги,2,научный,3586,0.9966
2026-04-05T04:50:26.027315,29323,0.3↔1.0,0.815,30.0,абзацы,4,метафорический,3587,0.9965
2026-04-05T04:50:26.641319,29334,0.1↔0.3,0.827,1.0,слова,1,бытовой,3588,0.9964
2026-04-05T04:50:26.877307,29338,0.1↔0.3,0.816,0.1,буквы/слоги,4,метафорический,3589,0.9966
2026-04-05T04:50:27.333307,29346,0.1↔0.3,0.835,100.0,целые тексты,1,бытовой,3590,0.9965
2026-04-05T04:50:27.601306,29351,0.1↔0.3,0.829,10.0,предложения,2,научный,3591,0.9967
2026-04-05T04:50:27.739307,29353,0.3↔1.0,0.815,0.3,буквы/слоги,3,,3592,0.9966
2026-04-05T04:50:27.958313,29357,0.1↔0.3,0.826,0.1,буквы/слоги,1,бытовой,3593,0.9968
2026-04-05T04:50:28.408307,29364,0.3↔1.0,0.830,10.0,предложения,1,бытовой,3594,0.9967
2026-04-05T04:50:28.935332,29374,0.3↔1.0,0.823,10.0,предложения,3,,3595,0.9969
2026-04-05T04:50:28.988304,29375,0.1↔0.3,0.826,0.3,буквы/слоги,1,бытовой,3596,0.9971
2026-04-05T04:50:29.230314,29379,0.3↔1.0,0.821,0.3,буквы/слоги,4,метафорический,3597,0.9973
2026-04-05T04:50:29.720332,29385,0.1↔0.3,0.831,0.1,буквы/слоги,1,бытовой,3598,0.9975
2026-04-05T04:50:29.997313,29389,0.3↔1.0,0.810,30.0,абзацы,2,научный,3599,0.9977
2026-04-05T04:50:30.075306,29390,0.3↔1.0,0.831,10.0,предложения,4,метафорический,3600,0.9979
2026-04-05T04:50:30.146308,29391,0.1↔0.3,0.837,30.0,абзацы,3,,3601,0.9980
2026-04-05T04:50:30.657333,29401,0.3↔1.0,0.808,1.0,слова,2,научный,3602,0.9980
2026-04-05T04:50:31.372332,29415,0.1↔0.3,0.833,0.1,буквы/слоги,1,бытовой,3603,0.9976
2026-04-05T04:50:32.144333,29430,0.1↔0.3,0.810,3.0,словосочетания,2,научный,3604,0.9972
2026-04-05T04:50:32.195332,29431,0.3↔1.0,0.822,100.0,целые тексты,3,,3605,0.9974
2026-04-05T04:50:32.654333,29440,0.1↔0.3,0.824,3.0,словосочетания,3,,3606,0.9976
2026-04-05T04:50:32.909332,29445,0.1↔0.3,0.815,3.0,словосочетания,1,бытовой,3607,0.9978
2026-04-05T04:50:33.318333,29453,0.1↔0.3,0.817,1.0,слова,4,метафорический,3608,0.9980
2026-04-05T04:50:33.726333,29461,0.1↔0.3,0.829,30.0,абзацы,3,,3609,0.9980
2026-04-05T04:50:33.828333,29463,0.1↔0.3,0.837,1.0,слова,3,,3610,0.9980
2026-04-05T04:50:34.534304,29476,0.1↔0.3,0.822,1.0,слова,2,научный,3611,0.9979
2026-04-05T04:50:34.594312,29477,0.1↔0.3,0.814,1.0,слова,2,научный,3612,0.9980
2026-04-05T04:50:35.328307,29491,0.3↔1.0,0.826,3.0,словосочетания,4,метафорический,3613,0.9980
2026-04-05T04:50:36.056304,29502,0.3↔1.0,0.822,0.1,буквы/слоги,2,научный,3614,0.9979
2026-04-05T04:50:36.571333,29512,0.3↔1.0,0.823,0.3,буквы/слоги,1,бытовой,3615,0.9975
2026-04-05T04:50:37.584333,29531,0.1↔0.3,0.816,1.0,слова,3,,3616,0.9977
2026-04-05T04:50:37.635333,29532,0.3↔1.0,0.837,0.1,буквы/слоги,2,научный,3617,0.9979
2026-04-05T04:50:37.769304,29534,0.3↔1.0,0.832,30.0,абзацы,1,бытовой,3618,0.9980
2026-04-05T04:50:38.384334,29546,0.1↔0.3,0.831,1.0,слова,1,бытовой,3619,0.9976
2026-04-05T04:50:39.406333,29566,0.1↔0.3,0.830,3.0,словосочетания,2,научный,3620,0.9969
2026-04-05T04:50:39.508334,29568,0.1↔0.3,0.825,1.0,слова,2,научный,3621,0.9971
2026-04-05T04:50:39.814334,29574,0.3↔1.0,0.829,30.0,абзацы,2,научный,3622,0.9973
2026-04-05T04:50:40.172333,29581,0.1↔0.3,0.831,0.1,буквы/слоги,3,,3623,0.9975
2026-04-05T04:50:40.325315,29584,0.3↔1.0,0.817,1.0,слова,1,бытовой,3624,0.9977
2026-04-05T04:50:40.634334,29590,0.1↔0.3,0.809,10.0,предложения,1,бытовой,3625,0.9979
2026-04-05T04:50:41.717312,29609,0.1↔0.3,0.837,0.3,буквы/слоги,1,бытовой,3626,0.9978
2026-04-05T04:50:41.846307,29611,0.1↔0.3,0.838,0.1,буквы/слоги,4,метафорический,3627,0.9980
2026-04-05T04:50:42.266311,29618,0.1↔0.3,0.811,3.0,словосочетания,1,бытовой,3628,0.9980
2026-04-05T04:50:42.422314,29621,0.3↔1.0,0.819,0.1,буквы/слоги,4,метафорический,3629,0.9980
2026-04-05T04:50:43.490310,29641,0.1↔0.3,0.825,3.0,словосочетания,2,научный,3630,0.9970
2026-04-05T04:50:43.702334,29645,0.3↔1.0,0.836,100.0,целые тексты,2,научный,3631,0.9969
2026-04-05T04:50:43.753309,29646,0.1↔0.3,0.824,30.0,абзацы,1,бытовой,3632,0.9971
2026-04-05T04:50:44.073334,29652,0.1↔0.3,0.820,30.0,абзацы,4,метафорический,3633,0.9973
2026-04-05T04:50:44.382305,29658,0.1↔0.3,0.822,0.3,буквы/слоги,3,,3634,0.9975
2026-04-05T04:50:46.079334,29691,0.3↔1.0,0.809,100.0,целые тексты,1,бытовой,3635,0.9959
2026-04-05T04:50:46.487334,29699,0.1↔0.3,0.832,30.0,абзацы,2,научный,3636,0.9958
2026-04-05T04:50:47.161319,29712,0.3↔1.0,0.813,30.0,абзацы,2,научный,3637,0.9957
2026-04-05T04:50:47.317308,29715,0.3↔1.0,0.823,0.3,буквы/слоги,2,научный,3638,0.9956
2026-04-05T04:50:47.661334,29721,0.1↔0.3,0.825,0.3,буквы/слоги,2,научный,3639,0.9958
2026-04-05T04:50:48.223334,29732,0.3↔1.0,0.811,1.0,слова,2,научный,3640,0.9957
2026-04-05T04:50:48.802318,29743,0.1↔0.3,0.811,3.0,словосочетания,1,бытовой,3641,0.9959
2026-04-05T04:50:48.956334,29746,0.3↔1.0,0.831,10.0,предложения,1,бытовой,3642,0.9961
2026-04-05T04:50:49.007334,29747,0.1↔0.3,0.830,1.0,слова,1,бытовой,3643,0.9963
2026-04-05T04:50:49.264311,29752,0.3↔1.0,0.826,100.0,целые тексты,4,метафорический,3644,0.9962
2026-04-05T04:50:49.316310,29753,0.1↔0.3,0.833,30.0,абзацы,2,научный,3645,0.9964
2026-04-05T04:50:49.877322,29764,0.3↔1.0,0.817,0.3,буквы/слоги,1,бытовой,3646,0.9966
2026-04-05T04:50:50.081334,29768,0.3↔1.0,0.833,1.0,слова,2,научный,3647,0.9968
2026-04-05T04:50:50.798310,29782,0.1↔0.3,0.810,0.3,буквы/слоги,3,,3648,0.9958
2026-04-05T04:50:51.107319,29788,0.3↔1.0,0.810,30.0,абзацы,2,научный,3649,0.9960
2026-04-05T04:50:51.668335,29799,0.1↔0.3,0.816,3.0,словосочетания,1,бытовой,3650,0.9959
2026-04-05T04:50:52.535335,29816,0.1↔0.3,0.830,10.0,предложения,3,,3651,0.9958
2026-04-05T04:50:52.947306,29824,0.3↔1.0,0.834,3.0,словосочетания,3,,3652,0.9957
2026-04-05T04:50:53.152310,29828,0.3↔1.0,0.827,0.3,буквы/слоги,1,бытовой,3653,0.9959
2026-04-05T04:50:53.408313,29833,0.1↔0.3,0.814,0.3,буквы/слоги,2,научный,3654,0.9961
2026-04-05T04:50:53.510315,29835,0.1↔0.3,0.834,30.0,абзацы,1,бытовой,3655,0.9963
2026-04-05T04:50:54.586335,29856,0.1↔0.3,0.810,30.0,абзацы,3,,3656,0.9965
2026-04-05T04:50:55.504317,29874,0.1↔0.3,0.814,0.3,буквы/слоги,3,,3657,0.9961
2026-04-05T04:50:56.218335,29888,0.3↔1.0,0.812,1.0,слова,3,,3658,0.9963
2026-04-05T04:50:57.546335,29914,0.1↔0.3,0.831,30.0,абзацы,1,бытовой,3659,0.9959
2026-04-05T04:50:58.107336,29925,0.1↔0.3,0.827,0.1,буквы/слоги,1,бытовой,3660,0.9961
2026-04-05T04:50:59.025335,29943,0.3↔1.0,0.826,3.0,словосочетания,2,научный,3661,0.9960
2026-04-05T04:50:59.280336,29948,0.3↔1.0,0.820,0.3,буквы/слоги,2,научный,3662,0.9959
2026-04-05T04:50:59.485335,29952,0.3↔1.0,0.824,3.0,словосочетания,2,научный,3663,0.9961
2026-04-05T04:50:59.587336,29954,0.1↔0.3,0.811,0.1,буквы/слоги,1,бытовой,3664,0.9963
2026-04-05T04:51:00.154336,29965,0.1↔0.3,0.821,3.0,словосочетания,2,научный,3665,0.9962
2026-04-05T04:51:00.205316,29966,0.3↔1.0,0.813,1.0,слова,4,метафорический,3666,0.9964
2026-04-05T04:51:00.256336,29967,0.1↔0.3,0.828,100.0,целые тексты,3,,3667,0.9966
2026-04-05T04:51:00.873311,29979,0.1↔0.3,0.832,3.0,словосочетания,3,,3668,0.9959
2026-04-05T04:51:01.587312,29993,0.3↔1.0,0.818,0.1,буквы/слоги,1,бытовой,3669,0.9961
2026-04-05T04:51:01.945316,30000,0.1↔0.3,0.837,30.0,абзацы,3,,3670,0.9960
2026-04-05T04:51:02.149336,30004,0.1↔0.3,0.824,0.3,буквы/слоги,3,,3671,0.9962
2026-04-05T04:51:02.455336,30010,0.1↔0.3,0.827,1.0,слова,1,бытовой,3672,0.9964
2026-04-05T04:51:02.773336,30016,0.1↔0.3,0.811,1.0,слова,1,бытовой,3673,0.9966
2026-04-05T04:51:03.648319,30033,0.1↔0.3,0.824,10.0,предложения,2,научный,3674,0.9959
2026-04-05T04:51:04.679317,30053,0.1↔0.3,0.835,100.0,целые тексты,1,бытовой,3675,0.9952
2026-04-05T04:51:04.934336,30058,0.1↔0.3,0.835,0.3,буквы/слоги,3,,3676,0.9954
2026-04-05T04:51:04.987311,30059,0.1↔0.3,0.818,0.1,буквы/слоги,2,научный,3677,0.9956
2026-04-05T04:51:05.040312,30060,0.3↔1.0,0.816,100.0,целые тексты,3,,3678,0.9958
2026-04-05T04:51:08.380310,30125,0.1↔0.3,0.815,0.1,буквы/слоги,2,научный,3679,0.9942
2026-04-05T04:51:08.586316,30129,0.1↔0.3,0.812,100.0,целые тексты,2,научный,3680,0.9944
2026-04-05T04:51:09.100319,30139,0.1↔0.3,0.809,0.3,буквы/слоги,1,бытовой,3681,0.9946
2026-04-05T04:51:09.764336,30152,0.3↔1.0,0.837,100.0,целые тексты,4,метафорический,3682,0.9948
2026-04-05T04:51:09.815318,30153,0.1↔0.3,0.831,30.0,абзацы,2,научный,3683,0.9950
2026-04-05T04:51:10.019317,30157,0.1↔0.3,0.829,0.1,буквы/слоги,3,,3684,0.9952
2026-04-05T04:51:10.121336,30159,0.1↔0.3,0.812,100.0,целые тексты,3,,3685,0.9954
2026-04-05T04:51:10.325310,30163,0.1↔0.3,0.816,0.3,буквы/слоги,1,бытовой,3686,0.9956
2026-04-05T04:51:10.396337,30164,0.1↔0.3,0.810,0.1,буквы/слоги,3,,3687,0.9958
2026-04-05T04:51:10.549317,30167,0.3↔1.0,0.824,0.3,буквы/слоги,1,бытовой,3688,0.9960
2026-04-05T04:51:10.651337,30169,0.3↔1.0,0.830,0.3,буквы/слоги,2,научный,3689,0.9962
2026-04-05T04:51:10.855317,30173,0.3↔1.0,0.819,10.0,предложения,3,,3690,0.9961
2026-04-05T04:51:11.111318,30178,0.1↔0.3,0.826,1.0,слова,2,научный,3691,0.9963
2026-04-05T04:51:11.366317,30183,0.3↔1.0,0.834,1.0,слова,3,,3692,0.9965
2026-04-05T04:51:11.572337,30187,0.3↔1.0,0.836,100.0,целые тексты,2,научный,3693,0.9967
2026-04-05T04:51:12.645318,30208,0.3↔1.0,0.811,30.0,абзацы,3,,3694,0.9960
2026-04-05T04:51:12.698337,30209,0.3↔1.0,0.824,1.0,слова,1,бытовой,3695,0.9962
2026-04-05T04:51:13.259317,30220,0.3↔1.0,0.829,0.1,буквы/слоги,1,бытовой,3696,0.9964
2026-04-05T04:51:14.439337,30243,0.3↔1.0,0.835,30.0,абзацы,1,бытовой,3697,0.9957
2026-04-05T04:51:14.543311,30245,0.1↔0.3,0.817,0.3,буквы/слоги,2,научный,3698,0.9959
2026-04-05T04:51:14.646337,30247,0.1↔0.3,0.836,30.0,абзацы,3,,3699,0.9961
2026-04-05T04:51:14.799312,30250,0.1↔0.3,0.835,10.0,предложения,1,бытовой,3700,0.9963
2026-04-05T04:51:15.157337,30257,0.1↔0.3,0.820,100.0,целые тексты,1,бытовой,3701,0.9962
2026-04-05T04:51:15.514337,30264,0.3↔1.0,0.833,1.0,слова,1,бытовой,3702,0.9964
2026-04-05T04:51:15.668312,30267,0.3↔1.0,0.827,30.0,абзацы,2,научный,3703,0.9966
2026-04-05T04:51:15.924337,30272,0.1↔0.3,0.813,100.0,целые тексты,3,,3704,0.9968
2026-04-05T04:51:16.230337,30278,0.1↔0.3,0.834,10.0,предложения,2,научный,3705,0.9970
2026-04-05T04:51:16.638337,30286,0.1↔0.3,0.816,0.1,буквы/слоги,1,бытовой,3706,0.9969
2026-04-05T04:51:16.792337,30289,0.1↔0.3,0.834,0.1,буквы/слоги,3,,3707,0.9968
2026-04-05T04:51:17.362337,30300,0.3↔1.0,0.814,10.0,предложения,1,бытовой,3708,0.9970
2026-04-05T04:51:17.465337,30302,0.1↔0.3,0.817,30.0,абзацы,2,научный,3709,0.9972
2026-04-05T04:51:18.386338,30320,0.1↔0.3,0.828,0.1,буквы/слоги,3,,3710,0.9974
2026-04-05T04:51:19.415337,30340,0.3↔1.0,0.811,30.0,абзацы,2,научный,3711,0.9967
2026-04-05T04:51:19.670338,30345,0.1↔0.3,0.830,100.0,целые тексты,1,бытовой,3712,0.9969
2026-04-05T04:51:19.721338,30346,0.3↔1.0,0.835,30.0,абзацы,1,бытовой,3713,0.9971
2026-04-05T04:51:20.537337,30362,0.1↔0.3,0.819,0.1,буквы/слоги,2,научный,3714,0.9973
2026-04-05T04:51:21.453309,30379,0.1↔0.3,0.811,0.3,буквы/слоги,1,бытовой,3715,0.9972
2026-04-05T04:51:21.557338,30381,0.1↔0.3,0.815,100.0,целые тексты,1,бытовой,3716,0.9974
2026-04-05T04:51:22.018337,30390,0.1↔0.3,0.827,0.3,буквы/слоги,1,бытовой,3717,0.9967
2026-04-05T04:51:22.324338,30396,0.1↔0.3,0.826,10.0,предложения,1,бытовой,3718,0.9969
2026-04-05T04:51:22.885338,30407,0.1↔0.3,0.829,3.0,словосочетания,2,научный,3719,0.9962
2026-04-05T04:51:23.095313,30411,0.1↔0.3,0.827,0.3,буквы/слоги,3,,3720,0.9961
2026-04-05T04:51:24.066338,30430,0.1↔0.3,0.823,0.1,буквы/слоги,2,научный,3721,0.9957
2026-04-05T04:51:24.372338,30436,0.1↔0.3,0.835,0.1,буквы/слоги,1,бытовой,3722,0.9959
2026-04-05T04:51:24.756338,30443,0.1↔0.3,0.814,3.0,словосочетания,4,метафорический,3723,0.9955
2026-04-05T04:51:24.909314,30446,0.1↔0.3,0.829,10.0,предложения,3,,3724,0.9957
2026-04-05T04:51:25.522338,30458,0.1↔0.3,0.810,10.0,предложения,3,,3725,0.9956
2026-04-05T04:51:25.880338,30465,0.1↔0.3,0.818,1.0,слова,1,бытовой,3726,0.9958
2026-04-05T04:51:26.084338,30469,0.1↔0.3,0.820,10.0,предложения,3,,3727,0.9960
2026-04-05T04:51:26.288338,30473,0.1↔0.3,0.824,10.0,предложения,3,,3728,0.9962
2026-04-05T04:51:26.900339,30485,0.3↔1.0,0.815,1.0,слова,2,научный,3729,0.9961
2026-04-05T04:51:27.155338,30490,0.1↔0.3,0.816,0.3,буквы/слоги,1,бытовой,3730,0.9963
2026-04-05T04:51:27.308313,30493,0.1↔0.3,0.822,1.0,слова,3,,3731,0.9965
2026-04-05T04:51:28.172338,30509,0.3↔1.0,0.825,30.0,абзацы,4,метафорический,3732,0.9961
2026-04-05T04:51:29.448339,30534,0.1↔0.3,0.833,100.0,целые тексты,1,бытовой,3733,0.9954
2026-04-05T04:51:29.550338,30536,0.1↔0.3,0.826,0.1,буквы/слоги,3,,3734,0.9956
2026-04-05T04:51:29.958338,30544,0.1↔0.3,0.830,0.3,буквы/слоги,4,метафорический,3735,0.9955
2026-04-05T04:51:30.418339,30553,0.3↔1.0,0.831,30.0,абзацы,3,,3736,0.9954
2026-04-05T04:51:30.724338,30559,0.1↔0.3,0.817,0.3,буквы/слоги,2,научный,3737,0.9953
2026-04-05T04:51:30.928338,30563,0.3↔1.0,0.827,3.0,словосочетания,2,научный,3738,0.9955
2026-04-05T04:51:31.696339,30578,0.1↔0.3,0.828,3.0,словосочетания,2,научный,3739,0.9951
2026-04-05T04:51:32.104339,30586,0.1↔0.3,0.826,0.3,буквы/слоги,3,,3740,0.9953
2026-04-05T04:51:32.308319,30590,0.1↔0.3,0.829,10.0,предложения,1,бытовой,3741,0.9952
2026-04-05T04:51:32.462339,30593,0.1↔0.3,0.818,1.0,слова,3,,3742,0.9954
2026-04-05T04:51:32.666339,30597,0.1↔0.3,0.828,30.0,абзацы,3,,3743,0.9953
2026-04-05T04:51:32.717339,30598,0.1↔0.3,0.832,30.0,абзацы,1,бытовой,3744,0.9955
2026-04-05T04:51:33.874313,30620,0.1↔0.3,0.813,0.1,буквы/слоги,3,,3745,0.9951
2026-04-05T04:51:34.234339,30627,0.1↔0.3,0.813,3.0,словосочетания,2,научный,3746,0.9950
2026-04-05T04:51:34.285339,30628,0.1↔0.3,0.828,30.0,абзацы,2,научный,3747,0.9952
2026-04-05T04:51:34.897339,30640,0.3↔1.0,0.832,1.0,слова,4,метафорический,3748,0.9954
2026-04-05T04:51:35.462339,30651,0.1↔0.3,0.820,30.0,абзацы,1,бытовой,3749,0.9953
2026-04-05T04:51:35.564339,30653,0.3↔1.0,0.838,100.0,целые тексты,1,бытовой,3750,0.9955
2026-04-05T04:51:36.333339,30668,0.1↔0.3,0.824,1.0,слова,2,научный,3751,0.9954
2026-04-05T04:51:37.049339,30682,0.3↔1.0,0.812,3.0,словосочетания,4,метафорический,3752,0.9956
2026-04-05T04:51:37.304339,30687,0.1↔0.3,0.830,30.0,абзацы,1,бытовой,3753,0.9955
2026-04-05T04:51:37.512311,30691,0.3↔1.0,0.817,3.0,словосочетания,2,научный,3754,0.9957
2026-04-05T04:51:38.695339,30714,0.3↔1.0,0.813,0.1,буквы/слоги,4,метафорический,3755,0.9956
2026-04-05T04:51:38.899320,30718,0.1↔0.3,0.826,30.0,абзацы,1,бытовой,3756,0.9958
2026-04-05T04:51:39.052320,30721,0.3↔1.0,0.811,10.0,предложения,1,бытовой,3757,0.9960
2026-04-05T04:51:39.103339,30722,0.1↔0.3,0.809,0.1,буквы/слоги,2,научный,3758,0.9962
2026-04-05T04:51:39.205340,30724,0.3↔1.0,0.837,100.0,целые тексты,4,метафорический,3759,0.9964
2026-04-05T04:51:39.256339,30725,0.1↔0.3,0.816,30.0,абзацы,2,научный,3760,0.9966
2026-04-05T04:51:39.868339,30737,0.1↔0.3,0.827,0.3,буквы/слоги,2,научный,3761,0.9965
2026-04-05T04:51:39.919320,30738,0.3↔1.0,0.825,30.0,абзацы,1,бытовой,3762,0.9967
2026-04-05T04:51:40.430340,30748,0.1↔0.3,0.825,0.3,буквы/слоги,2,научный,3763,0.9966
2026-04-05T04:51:40.482339,30749,0.1↔0.3,0.831,0.3,буквы/слоги,2,научный,3764,0.9968
2026-04-05T04:51:42.377321,30786,0.3↔1.0,0.832,30.0,абзацы,2,научный,3765,0.9958
2026-04-05T04:51:42.632340,30791,0.3↔1.0,0.825,100.0,целые тексты,3,,3766,0.9960
2026-04-05T04:51:44.623340,30830,0.3↔1.0,0.830,100.0,целые тексты,3,,3767,0.9947
2026-04-05T04:51:44.727340,30832,0.1↔0.3,0.812,10.0,предложения,3,,3768,0.9949
2026-04-05T04:51:46.388340,30864,0.1↔0.3,0.830,1.0,слова,3,,3769,0.9939
2026-04-05T04:51:46.645315,30869,0.1↔0.3,0.834,0.1,буквы/слоги,1,бытовой,3770,0.9941
2026-04-05T04:51:47.318340,30882,0.1↔0.3,0.817,100.0,целые тексты,3,,3771,0.9937
2026-04-05T04:51:47.643315,30888,0.1↔0.3,0.832,10.0,предложения,1,бытовой,3772,0.9939
2026-04-05T04:51:49.359315,30921,0.1↔0.3,0.821,1.0,слова,1,бытовой,3773,0.9935
2026-04-05T04:51:49.410341,30922,0.1↔0.3,0.835,100.0,целые тексты,2,научный,3774,0.9937
2026-04-05T04:51:49.716340,30928,0.1↔0.3,0.834,100.0,целые тексты,2,научный,3775,0.9939
2026-04-05T04:51:50.481341,30943,0.1↔0.3,0.825,10.0,предложения,1,бытовой,3776,0.9938
2026-04-05T04:51:51.552340,30964,0.3↔1.0,0.822,0.1,буквы/слоги,3,,3777,0.9940
2026-04-05T04:51:51.654315,30966,0.1↔0.3,0.815,0.3,буквы/слоги,2,научный,3778,0.9942
2026-04-05T04:51:52.006312,30972,0.1↔0.3,0.836,10.0,предложения,1,бытовой,3779,0.9944
2026-04-05T04:51:52.521341,30982,0.3↔1.0,0.825,100.0,целые тексты,3,,3780,0.9943
2026-04-05T04:51:52.623341,30984,0.1↔0.3,0.811,10.0,предложения,1,бытовой,3781,0.9945
2026-04-05T04:51:52.776341,30987,0.1↔0.3,0.811,100.0,целые тексты,3,,3782,0.9947
2026-04-05T04:51:52.828341,30988,0.1↔0.3,0.814,100.0,целые тексты,3,,3783,0.9949
2026-04-05T04:51:53.117316,30993,0.1↔0.3,0.829,30.0,абзацы,2,научный,3784,0.9951
2026-04-05T04:51:53.380341,30998,0.1↔0.3,0.831,3.0,словосочетания,2,научный,3785,0.9950
2026-04-05T04:51:54.402341,31018,0.1↔0.3,0.809,100.0,целые тексты,3,,3786,0.9952
2026-04-05T04:51:54.453341,31019,0.3↔1.0,0.822,3.0,словосочетания,2,научный,3787,0.9954
2026-04-05T04:51:54.915341,31028,0.1↔0.3,0.824,30.0,абзацы,1,бытовой,3788,0.9953
2026-04-05T04:51:55.070341,31031,0.3↔1.0,0.820,30.0,абзацы,2,научный,3789,0.9955
2026-04-05T04:51:55.325318,31036,0.1↔0.3,0.835,1.0,слова,2,научный,3790,0.9954
2026-04-05T04:51:55.682317,31043,0.1↔0.3,0.813,10.0,предложения,2,научный,3791,0.9956
2026-04-05T04:51:56.964341,31068,0.1↔0.3,0.820,1.0,слова,3,,3792,0.9955
2026-04-05T04:51:57.578341,31080,0.1↔0.3,0.826,1.0,слова,4,метафорический,3793,0.9954
2026-04-05T04:51:57.986341,31088,0.3↔1.0,0.820,3.0,словосочетания,3,,3794,0.9953
2026-04-05T04:51:58.139341,31091,0.1↔0.3,0.822,1.0,слова,2,научный,3795,0.9955
2026-04-05T04:51:58.343315,31095,0.3↔1.0,0.824,3.0,словосочетания,1,бытовой,3796,0.9954
2026-04-05T04:51:58.547341,31099,0.3↔1.0,0.823,0.3,буквы/слоги,3,,3797,0.9956
2026-04-05T04:51:58.853341,31105,0.3↔1.0,0.836,3.0,словосочетания,2,научный,3798,0.9952
2026-04-05T04:51:59.415341,31115,0.1↔0.3,0.836,10.0,предложения,3,,3799,0.9948
2026-04-05T04:52:00.079342,31128,0.1↔0.3,0.814,1.0,слова,2,научный,3800,0.9944
2026-04-05T04:52:01.202342,31150,0.3↔1.0,0.809,100.0,целые тексты,4,метафорический,3801,0.9934
2026-04-05T04:52:01.253342,31151,0.3↔1.0,0.835,100.0,целые тексты,4,метафорический,3802,0.9936
2026-04-05T04:52:02.019341,31166,0.3↔1.0,0.829,1.0,слова,4,метафорический,3803,0.9932
2026-04-05T04:52:02.274342,31171,0.1↔0.3,0.835,30.0,абзацы,1,бытовой,3804,0.9934
2026-04-05T04:52:03.294317,31191,0.3↔1.0,0.833,0.1,буквы/слоги,2,научный,3805,0.9933
2026-04-05T04:52:03.447341,31194,0.1↔0.3,0.834,0.1,буквы/слоги,3,,3806,0.9935
2026-04-05T04:52:04.194317,31208,0.1↔0.3,0.823,100.0,целые тексты,1,бытовой,3807,0.9931
2026-04-05T04:52:04.412342,31211,0.1↔0.3,0.808,1.0,слова,1,бытовой,3808,0.9933
2026-04-05T04:52:04.667342,31216,0.3↔1.0,0.837,1.0,слова,2,научный,3809,0.9935
2026-04-05T04:52:05.546342,31233,0.1↔0.3,0.838,0.3,буквы/слоги,1,бытовой,3810,0.9934
2026-04-05T04:52:05.648342,31235,0.1↔0.3,0.809,30.0,абзацы,2,научный,3811,0.9936
2026-04-05T04:52:05.801342,31238,0.3↔1.0,0.838,0.3,буквы/слоги,3,,3812,0.9938
2026-04-05T04:52:06.005342,31242,0.1↔0.3,0.821,0.1,буквы/слоги,1,бытовой,3813,0.9940
2026-04-05T04:52:06.107342,31244,0.1↔0.3,0.829,10.0,предложения,1,бытовой,3814,0.9939
2026-04-05T04:52:06.618342,31254,0.3↔1.0,0.835,100.0,целые тексты,1,бытовой,3815,0.9941
2026-04-05T04:52:06.873324,31259,0.3↔1.0,0.811,0.3,буквы/слоги,1,бытовой,3816,0.9943
2026-04-05T04:52:06.978318,31261,0.1↔0.3,0.830,0.1,буквы/слоги,1,бытовой,3817,0.9945
2026-04-05T04:52:08.361325,31288,0.3↔1.0,0.815,0.1,буквы/слоги,3,,3818,0.9941
2026-04-05T04:52:08.412342,31289,0.1↔0.3,0.832,100.0,целые тексты,4,метафорический,3819,0.9943
2026-04-05T04:52:09.595316,31311,0.1↔0.3,0.810,1.0,слова,2,научный,3820,0.9939
2026-04-05T04:52:11.153317,31341,0.1↔0.3,0.837,100.0,целые тексты,1,бытовой,3821,0.9941
2026-04-05T04:52:11.308317,31344,0.1↔0.3,0.816,30.0,абзацы,3,,3822,0.9943
2026-04-05T04:52:11.514342,31348,0.3↔1.0,0.809,10.0,предложения,1,бытовой,3823,0.9945
2026-04-05T04:52:11.871342,31355,0.3↔1.0,0.811,10.0,предложения,1,бытовой,3824,0.9947
2026-04-05T04:52:12.489342,31367,0.3↔1.0,0.838,3.0,словосочетания,2,научный,3825,0.9949
2026-04-05T04:52:12.702313,31370,0.3↔1.0,0.823,0.1,буквы/слоги,1,бытовой,3826,0.9951
2026-04-05T04:52:12.864343,31373,0.3↔1.0,0.835,0.1,буквы/слоги,2,научный,3827,0.9953
2026-04-05T04:52:14.199343,31399,0.1↔0.3,0.833,100.0,целые тексты,1,бытовой,3828,0.9952
2026-04-05T04:52:14.403343,31403,0.3↔1.0,0.830,10.0,предложения,4,метафорический,3829,0.9954
2026-04-05T04:52:14.658343,31408,0.3↔1.0,0.814,3.0,словосочетания,2,научный,3830,0.9953
2026-04-05T04:52:14.762319,31410,0.1↔0.3,0.809,10.0,предложения,3,,3831,0.9955
2026-04-05T04:52:15.018343,31415,0.3↔1.0,0.832,100.0,целые тексты,3,,3832,0.9957
2026-04-05T04:52:15.227318,31419,0.3↔1.0,0.832,30.0,абзацы,3,,3833,0.9956
2026-04-05T04:52:16.055343,31435,0.3↔1.0,0.828,0.3,буквы/слоги,1,бытовой,3834,0.9949
2026-04-05T04:52:16.213319,31438,0.1↔0.3,0.814,0.1,буквы/слоги,1,бытовой,3835,0.9951
2026-04-05T04:52:16.621343,31446,0.1↔0.3,0.827,100.0,целые тексты,2,научный,3836,0.9953
2026-04-05T04:52:16.672343,31447,0.3↔1.0,0.832,10.0,предложения,3,,3837,0.9955
2026-04-05T04:52:16.774317,31449,0.3↔1.0,0.812,10.0,предложения,2,научный,3838,0.9957
2026-04-05T04:52:17.337318,31460,0.1↔0.3,0.837,0.3,буквы/слоги,3,,3839,0.9956
2026-04-05T04:52:17.490344,31463,0.1↔0.3,0.811,3.0,словосочетания,3,,3840,0.9958
2026-04-05T04:52:19.006343,31492,0.1↔0.3,0.832,0.1,буквы/слоги,2,научный,3841,0.9945
2026-04-05T04:52:19.618343,31504,0.3↔1.0,0.812,3.0,словосочетания,3,,3842,0.9941
2026-04-05T04:52:19.822344,31508,0.1↔0.3,0.830,10.0,предложения,3,,3843,0.9943
2026-04-05T04:52:20.130344,31514,0.1↔0.3,0.836,100.0,целые тексты,1,бытовой,3844,0.9942
2026-04-05T04:52:20.232344,31516,0.3↔1.0,0.813,100.0,целые тексты,3,,3845,0.9944
2026-04-05T04:52:21.303343,31537,0.1↔0.3,0.827,100.0,целые тексты,2,научный,3846,0.9946
2026-04-05T04:52:21.660318,31544,0.3↔1.0,0.819,100.0,целые тексты,2,научный,3847,0.9948
2026-04-05T04:52:22.527344,31561,0.3↔1.0,0.813,1.0,слова,2,научный,3848,0.9947
2026-04-05T04:52:23.196326,31574,0.1↔0.3,0.810,30.0,абзацы,1,бытовой,3849,0.9943
2026-04-05T04:52:24.576344,31601,0.1↔0.3,0.811,30.0,абзацы,2,научный,3850,0.9936
2026-04-05T04:52:25.138344,31612,0.1↔0.3,0.815,3.0,словосочетания,2,научный,3851,0.9938
2026-04-05T04:52:25.446344,31618,0.1↔0.3,0.837,0.3,буквы/слоги,2,научный,3852,0.9940
2026-04-05T04:52:25.650344,31622,0.1↔0.3,0.831,100.0,целые тексты,2,научный,3853,0.9942
2026-04-05T04:52:25.803344,31625,0.1↔0.3,0.826,30.0,абзацы,3,,3854,0.9941
2026-04-05T04:52:25.905344,31627,0.3↔1.0,0.818,0.1,буквы/слоги,3,,3855,0.9943
2026-04-05T04:52:28.067344,31669,0.1↔0.3,0.822,1.0,слова,2,научный,3856,0.9933
2026-04-05T04:52:28.934345,31686,0.1↔0.3,0.835,0.1,буквы/слоги,3,,3857,0.9932
2026-04-05T04:52:29.397345,31695,0.3↔1.0,0.816,1.0,слова,3,,3858,0.9931
2026-04-05T04:52:30.930345,31725,0.1↔0.3,0.836,1.0,слова,2,научный,3859,0.9924
2026-04-05T04:52:31.338318,31733,0.3↔1.0,0.819,10.0,предложения,2,научный,3860,0.9926
2026-04-05T04:52:31.594345,31738,0.1↔0.3,0.808,0.3,буквы/слоги,3,,3861,0.9928
2026-04-05T04:52:31.901345,31744,0.1↔0.3,0.825,1.0,слова,2,научный,3862,0.9930
2026-04-05T04:52:32.054345,31747,0.1↔0.3,0.809,100.0,целые тексты,2,научный,3863,0.9932
2026-04-05T04:52:32.105345,31748,0.1↔0.3,0.834,0.1,буквы/слоги,1,бытовой,3864,0.9934
2026-04-05T04:52:32.411345,31754,0.1↔0.3,0.820,3.0,словосочетания,1,бытовой,3865,0.9933
2026-04-05T04:52:33.024325,31766,0.1↔0.3,0.826,10.0,предложения,2,научный,3866,0.9932
2026-04-05T04:52:33.076345,31767,0.3↔1.0,0.810,30.0,абзацы,4,метафорический,3867,0.9934
2026-04-05T04:52:34.047345,31786,0.1↔0.3,0.809,30.0,абзацы,3,,3868,0.9924
2026-04-05T04:52:34.098326,31787,0.1↔0.3,0.834,0.1,буквы/слоги,1,бытовой,3869,0.9926
2026-04-05T04:52:34.149345,31788,0.1↔0.3,0.809,3.0,словосочетания,3,,3870,0.9928
2026-04-05T04:52:34.967345,31804,0.3↔1.0,0.823,0.1,буквы/слоги,2,научный,3871,0.9927
2026-04-05T04:52:35.580345,31816,0.3↔1.0,0.835,0.3,буквы/слоги,3,,3872,0.9926
2026-04-05T04:52:36.092345,31826,0.3↔1.0,0.811,30.0,абзацы,1,бытовой,3873,0.9922
2026-04-05T04:52:36.655345,31837,0.3↔1.0,0.830,0.1,буквы/слоги,3,,3874,0.9924
2026-04-05T04:52:37.013345,31844,0.3↔1.0,0.825,10.0,предложения,2,научный,3875,0.9920
2026-04-05T04:52:37.269326,31849,0.1↔0.3,0.826,100.0,целые тексты,3,,3876,0.9919
2026-04-05T04:52:37.374320,31851,0.3↔1.0,0.816,3.0,словосочетания,2,научный,3877,0.9921
2026-04-05T04:52:37.477346,31853,0.3↔1.0,0.830,10.0,предложения,3,,3878,0.9923
2026-04-05T04:52:37.528345,31854,0.1↔0.3,0.809,30.0,абзацы,2,научный,3879,0.9925
2026-04-05T04:52:37.783345,31859,0.1↔0.3,0.825,30.0,абзацы,2,научный,3880,0.9927
2026-04-05T04:52:38.090320,31865,0.1↔0.3,0.810,10.0,предложения,1,бытовой,3881,0.9929
2026-04-05T04:52:38.304346,31869,0.1↔0.3,0.825,30.0,абзацы,4,метафорический,3882,0.9928
2026-04-05T04:52:38.406345,31871,0.3↔1.0,0.810,100.0,целые тексты,1,бытовой,3883,0.9930
2026-04-05T04:52:38.763345,31878,0.3↔1.0,0.819,0.1,буквы/слоги,1,бытовой,3884,0.9929
2026-04-05T04:52:38.916345,31881,0.1↔0.3,0.825,1.0,слова,1,бытовой,3885,0.9931
2026-04-05T04:52:39.427320,31891,0.1↔0.3,0.823,30.0,абзацы,2,научный,3886,0.9930
2026-04-05T04:52:39.988345,31902,0.1↔0.3,0.820,100.0,целые тексты,2,научный,3887,0.9926
2026-04-05T04:52:40.039345,31903,0.3↔1.0,0.824,0.1,буквы/слоги,2,научный,3888,0.9928
2026-04-05T04:52:40.091345,31904,0.1↔0.3,0.833,10.0,предложения,3,,3889,0.9930
2026-04-05T04:52:40.966345,31921,0.1↔0.3,0.832,1.0,слова,3,,3890,0.9932
2026-04-05T04:52:41.069319,31923,0.3↔1.0,0.820,100.0,целые тексты,2,научный,3891,0.9934
2026-04-05T04:52:42.091346,31943,0.1↔0.3,0.838,0.3,буквы/слоги,1,бытовой,3892,0.9924
2026-04-05T04:52:42.705345,31955,0.1↔0.3,0.823,1.0,слова,4,метафорический,3893,0.9914
2026-04-05T04:52:43.132347,31963,0.1↔0.3,0.832,3.0,словосочетания,1,бытовой,3894,0.9913
2026-04-05T04:52:43.856346,31977,0.1↔0.3,0.816,100.0,целые тексты,2,научный,3895,0.9912
2026-04-05T04:52:44.061346,31981,0.3↔1.0,0.817,100.0,целые тексты,4,метафорический,3896,0.9914
2026-04-05T04:52:44.222320,31984,0.1↔0.3,0.834,10.0,предложения,1,бытовой,3897,0.9916
2026-04-05T04:52:44.689346,31993,0.1↔0.3,0.827,0.1,буквы/слоги,2,научный,3898,0.9915
2026-04-05T04:52:45.098320,32001,0.1↔0.3,0.828,3.0,словосочетания,1,бытовой,3899,0.9914
2026-04-05T04:52:45.252346,32004,0.3↔1.0,0.816,100.0,целые тексты,2,научный,3900,0.9913
2026-04-05T04:52:45.929346,32017,0.1↔0.3,0.825,0.3,буквы/слоги,2,научный,3901,0.9912
2026-04-05T04:52:46.185327,32022,0.1↔0.3,0.824,100.0,целые тексты,1,бытовой,3902,0.9911
2026-04-05T04:52:46.442323,32027,0.1↔0.3,0.825,0.3,буквы/слоги,3,,3903,0.9910
2026-04-05T04:52:46.902325,32036,0.1↔0.3,0.810,100.0,целые тексты,3,,3904,0.9912
2026-04-05T04:52:47.005321,32038,0.3↔1.0,0.827,0.3,буквы/слоги,1,бытовой,3905,0.9914
2026-04-05T04:52:48.026321,32058,0.3↔1.0,0.827,10.0,предложения,4,метафорический,3906,0.9910
2026-04-05T04:52:49.071346,32078,0.1↔0.3,0.836,3.0,словосочетания,1,бытовой,3907,0.9912
2026-04-05T04:52:49.632346,32089,0.1↔0.3,0.808,0.1,буквы/слоги,3,,3908,0.9911
2026-04-05T04:52:50.144347,32099,0.1↔0.3,0.831,1.0,слова,3,,3909,0.9913
2026-04-05T04:52:50.349346,32103,0.1↔0.3,0.834,0.3,буквы/слоги,1,бытовой,3910,0.9915
2026-04-05T04:52:50.809347,32112,0.3↔1.0,0.823,10.0,предложения,2,научный,3911,0.9917
2026-04-05T04:52:51.319347,32122,0.1↔0.3,0.831,0.3,буквы/слоги,4,метафорический,3912,0.9919
2026-04-05T04:52:51.472347,32125,0.1↔0.3,0.831,1.0,слова,4,метафорический,3913,0.9921
2026-04-05T04:52:51.625328,32128,0.1↔0.3,0.824,100.0,целые тексты,1,бытовой,3914,0.9923
2026-04-05T04:52:52.085347,32137,0.3↔1.0,0.838,0.1,буквы/слоги,1,бытовой,3915,0.9925
2026-04-05T04:52:52.289347,32141,0.1↔0.3,0.832,0.3,буквы/слоги,1,бытовой,3916,0.9927
2026-04-05T04:52:52.340327,32142,0.1↔0.3,0.830,100.0,целые тексты,3,,3917,0.9929
2026-04-05T04:52:52.750347,32150,0.1↔0.3,0.832,10.0,предложения,2,научный,3918,0.9928
2026-04-05T04:52:52.954347,32154,0.1↔0.3,0.831,0.1,буквы/слоги,4,метафорический,3919,0.9930
2026-04-05T04:52:53.872347,32172,0.3↔1.0,0.811,0.1,буквы/слоги,2,научный,3920,0.9923
2026-04-05T04:52:53.974347,32174,0.1↔0.3,0.815,10.0,предложения,2,научный,3921,0.9925
2026-04-05T04:52:54.187347,32178,0.1↔0.3,0.820,100.0,целые тексты,2,научный,3922,0.9918
2026-04-05T04:52:54.340321,32181,0.1↔0.3,0.827,10.0,предложения,2,научный,3923,0.9920
2026-04-05T04:52:54.596347,32186,0.1↔0.3,0.835,0.3,буквы/слоги,2,научный,3924,0.9919
2026-04-05T04:52:54.647347,32187,0.1↔0.3,0.838,30.0,абзацы,3,,3925,0.9921
2026-04-05T04:52:54.800347,32190,0.1↔0.3,0.817,1.0,слова,2,научный,3926,0.9923
2026-04-05T04:52:55.262347,32199,0.1↔0.3,0.829,10.0,предложения,2,научный,3927,0.9922
2026-04-05T04:52:55.466347,32203,0.1↔0.3,0.821,0.1,буквы/слоги,1,бытовой,3928,0.9924
2026-04-05T04:52:55.722347,32208,0.1↔0.3,0.823,0.3,буквы/слоги,1,бытовой,3929,0.9923
2026-04-05T04:52:55.774347,32209,0.3↔1.0,0.814,3.0,словосочетания,4,метафорический,3930,0.9925
2026-04-05T04:52:56.542347,32224,0.1↔0.3,0.815,3.0,словосочетания,1,бытовой,3931,0.9924
2026-04-05T04:52:56.593347,32225,0.3↔1.0,0.817,1.0,слова,2,научный,3932,0.9926
2026-04-05T04:52:57.819347,32249,0.1↔0.3,0.823,3.0,словосочетания,2,научный,3933,0.9922
2026-04-05T04:52:58.178347,32256,0.1↔0.3,0.824,0.3,буквы/слоги,2,научный,3934,0.9924
2026-04-05T04:52:58.335348,32259,0.1↔0.3,0.821,100.0,целые тексты,2,научный,3935,0.9926
2026-04-05T04:52:58.847347,32269,0.1↔0.3,0.835,3.0,словосочетания,4,метафорический,3936,0.9928
2026-04-05T04:52:58.949347,32271,0.1↔0.3,0.819,0.3,буквы/слоги,1,бытовой,3937,0.9930
2026-04-05T04:52:59.459348,32281,0.1↔0.3,0.822,100.0,целые тексты,3,,3938,0.9932
2026-04-05T04:52:59.971347,32291,0.1↔0.3,0.824,3.0,словосочетания,3,,3939,0.9931
2026-04-05T04:53:00.431347,32300,0.3↔1.0,0.837,0.1,буквы/слоги,1,бытовой,3940,0.9933
2026-04-05T04:53:01.094347,32313,0.1↔0.3,0.825,1.0,слова,3,,3941,0.9929
2026-04-05T04:53:01.145347,32314,0.3↔1.0,0.833,0.1,буквы/слоги,1,бытовой,3942,0.9931
2026-04-05T04:53:01.808348,32327,0.1↔0.3,0.836,0.1,буквы/слоги,1,бытовой,3943,0.9930
2026-04-05T04:53:02.415348,32338,0.1↔0.3,0.818,30.0,абзацы,3,,3944,0.9932
2026-04-05T04:53:02.517348,32340,0.1↔0.3,0.814,1.0,слова,2,научный,3945,0.9934
2026-04-05T04:53:02.670348,32343,0.3↔1.0,0.816,10.0,предложения,1,бытовой,3946,0.9936
2026-04-05T04:53:03.259323,32354,0.1↔0.3,0.828,1.0,слова,2,научный,3947,0.9938
2026-04-05T04:53:03.463348,32358,0.3↔1.0,0.834,0.3,буквы/слоги,1,бытовой,3948,0.9940
2026-04-05T04:53:03.616329,32361,0.1↔0.3,0.830,0.3,буквы/слоги,3,,3949,0.9942
2026-04-05T04:53:04.077348,32370,0.1↔0.3,0.809,0.1,буквы/слоги,3,,3950,0.9941
2026-04-05T04:53:04.897348,32386,0.3↔1.0,0.815,10.0,предложения,3,,3951,0.9940
2026-04-05T04:53:05.203348,32392,0.1↔0.3,0.824,30.0,абзацы,4,метафорический,3952,0.9942
2026-04-05T04:53:05.255348,32393,0.1↔0.3,0.816,10.0,предложения,4,метафорический,3953,0.9944
2026-04-05T04:53:05.410348,32396,0.3↔1.0,0.819,0.3,буквы/слоги,3,,3954,0.9946
2026-04-05T04:53:05.665348,32401,0.1↔0.3,0.830,10.0,предложения,2,научный,3955,0.9948
2026-04-05T04:53:05.768348,32403,0.1↔0.3,0.835,3.0,словосочетания,3,,3956,0.9950
2026-04-05T04:53:05.922320,32406,0.1↔0.3,0.818,30.0,абзацы,1,бытовой,3957,0.9949
2026-04-05T04:53:06.178348,32411,0.1↔0.3,0.827,1.0,слова,2,научный,3958,0.9951
2026-04-05T04:53:07.251321,32432,0.3↔1.0,0.823,0.3,буквы/слоги,3,,3959,0.9947
2026-04-05T04:53:07.407348,32435,0.1↔0.3,0.814,30.0,абзацы,1,бытовой,3960,0.9949
2026-04-05T04:53:07.509348,32437,0.1↔0.3,0.822,0.3,буквы/слоги,2,научный,3961,0.9951
2026-04-05T04:53:07.920329,32445,0.3↔1.0,0.831,30.0,абзацы,3,,3962,0.9947
2026-04-05T04:53:08.176348,32450,0.3↔1.0,0.837,3.0,словосочетания,2,научный,3963,0.9949
2026-04-05T04:53:08.432348,32455,0.1↔0.3,0.818,0.1,буквы/слоги,3,,3964,0.9951
2026-04-05T04:53:08.483330,32456,0.3↔1.0,0.831,100.0,целые тексты,1,бытовой,3965,0.9953
2026-04-05T04:53:09.201348,32470,0.1↔0.3,0.814,10.0,предложения,2,научный,3966,0.9949
2026-04-05T04:53:10.324348,32492,0.1↔0.3,0.834,100.0,целые тексты,1,бытовой,3967,0.9948
2026-04-05T04:53:10.426349,32494,0.3↔1.0,0.810,10.0,предложения,3,,3968,0.9950
2026-04-05T04:53:10.994349,32505,0.3↔1.0,0.834,0.3,буквы/слоги,3,,3969,0.9946
2026-04-05T04:53:11.096349,32507,0.1↔0.3,0.813,0.1,буквы/слоги,2,научный,3970,0.9948
2026-04-05T04:53:11.147348,32508,0.3↔1.0,0.832,100.0,целые тексты,2,научный,3971,0.9950
2026-04-05T04:53:11.912329,32523,0.3↔1.0,0.809,1.0,слова,3,,3972,0.9943
2026-04-05T04:53:12.270348,32530,0.3↔1.0,0.833,100.0,целые тексты,2,научный,3973,0.9942
2026-04-05T04:53:12.525349,32535,0.1↔0.3,0.822,0.3,буквы/слоги,3,,3974,0.9944
2026-04-05T04:53:12.576349,32536,0.1↔0.3,0.813,3.0,словосочетания,2,научный,3975,0.9946
2026-04-05T04:53:13.555349,32555,0.1↔0.3,0.832,1.0,слова,2,научный,3976,0.9945
2026-04-05T04:53:13.708324,32558,0.3↔1.0,0.817,1.0,слова,3,,3977,0.9947
2026-04-05T04:53:13.811349,32560,0.3↔1.0,0.835,100.0,целые тексты,1,бытовой,3978,0.9949
2026-04-05T04:53:13.913329,32562,0.3↔1.0,0.814,1.0,слова,3,,3979,0.9951
2026-04-05T04:53:14.271349,32569,0.1↔0.3,0.811,30.0,абзацы,1,бытовой,3980,0.9953
2026-04-05T04:53:14.834349,32580,0.3↔1.0,0.825,0.3,буквы/слоги,2,научный,3981,0.9952
2026-04-05T04:53:15.363349,32590,0.1↔0.3,0.822,0.3,буквы/слоги,1,бытовой,3982,0.9951
2026-04-05T04:53:15.619349,32595,0.1↔0.3,0.833,0.3,буквы/слоги,1,бытовой,3983,0.9953
2026-04-05T04:53:15.670349,32596,0.3↔1.0,0.837,30.0,абзацы,3,,3984,0.9955
2026-04-05T04:53:15.932323,32601,0.1↔0.3,0.825,30.0,абзацы,2,научный,3985,0.9957
2026-04-05T04:53:16.138349,32605,0.1↔0.3,0.820,100.0,целые тексты,2,научный,3986,0.9959
2026-04-05T04:53:16.348323,32609,0.1↔0.3,0.822,1.0,слова,3,,3987,0.9961
2026-04-05T04:53:16.399349,32610,0.3↔1.0,0.819,0.3,буквы/слоги,2,научный,3988,0.9963
2026-04-05T04:53:16.654349,32615,0.1↔0.3,0.834,30.0,абзацы,2,научный,3989,0.9962
2026-04-05T04:53:16.756349,32617,0.1↔0.3,0.826,10.0,предложения,1,бытовой,3990,0.9964
2026-04-05T04:53:16.960349,32621,0.1↔0.3,0.815,30.0,абзацы,1,бытовой,3991,0.9966
2026-04-05T04:53:17.165349,32625,0.1↔0.3,0.815,0.1,буквы/слоги,3,,3992,0.9968
2026-04-05T04:53:17.473330,32631,0.1↔0.3,0.822,30.0,абзацы,2,научный,3993,0.9967
2026-04-05T04:53:18.189323,32645,0.1↔0.3,0.832,30.0,абзацы,1,бытовой,3994,0.9969
2026-04-05T04:53:18.292326,32647,0.1↔0.3,0.816,3.0,словосочетания,2,научный,3995,0.9971
2026-04-05T04:53:19.220349,32665,0.3↔1.0,0.816,1.0,слова,2,научный,3996,0.9973
2026-04-05T04:53:19.373349,32668,0.1↔0.3,0.823,100.0,целые тексты,4,метафорический,3997,0.9975
2026-04-05T04:53:20.189324,32684,0.3↔1.0,0.811,1.0,слова,3,,3998,0.9974
2026-04-05T04:53:20.269325,32685,0.1↔0.3,0.826,0.1,буквы/слоги,2,научный,3999,0.9976
2026-04-05T04:53:20.404350,32686,0.1↔0.3,0.825,0.1,буквы/слоги,2,научный,4000,0.9978
2026-04-05T04:53:20.659349,32691,0.3↔1.0,0.833,100.0,целые тексты,4,метафорический,4001,0.9977
2026-04-05T04:53:21.936330,32716,0.1↔0.3,0.836,0.3,буквы/слоги,2,научный,4002,0.9967
2026-04-05T04:53:22.498350,32727,0.3↔1.0,0.822,100.0,целые тексты,2,научный,4003,0.9969
2026-04-05T04:53:22.549350,32728,0.3↔1.0,0.837,0.1,буквы/слоги,1,бытовой,4004,0.9971
2026-04-05T04:53:22.753350,32732,0.1↔0.3,0.831,0.3,буквы/слоги,1,бытовой,4005,0.9970
2026-04-05T04:53:22.957350,32736,0.1↔0.3,0.837,30.0,абзацы,2,научный,4006,0.9972
2026-04-05T04:53:23.059350,32738,0.1↔0.3,0.822,3.0,словосочетания,2,научный,4007,0.9974
2026-04-05T04:53:23.314350,32743,0.1↔0.3,0.823,0.1,буквы/слоги,3,,4008,0.9973
2026-04-05T04:53:23.569350,32748,0.1↔0.3,0.838,30.0,абзацы,3,,4009,0.9975
2026-04-05T04:53:24.694350,32770,0.1↔0.3,0.811,30.0,абзацы,1,бытовой,4010,0.9974
2026-04-05T04:53:24.847350,32773,0.3↔1.0,0.837,10.0,предложения,2,научный,4011,0.9973
2026-04-05T04:53:25.363350,32783,0.3↔1.0,0.823,0.1,буквы/слоги,3,,4012,0.9969
2026-04-05T04:53:25.771350,32791,0.1↔0.3,0.809,3.0,словосочетания,2,научный,4013,0.9968
2026-04-05T04:53:25.822351,32792,0.3↔1.0,0.821,0.1,буквы/слоги,1,бытовой,4014,0.9970
2026-04-05T04:53:26.179325,32799,0.3↔1.0,0.822,1.0,слова,1,бытовой,4015,0.9972
2026-04-05T04:53:26.281350,32801,0.3↔1.0,0.808,1.0,слова,1,бытовой,4016,0.9974
2026-04-05T04:53:27.365350,32822,0.3↔1.0,0.820,100.0,целые тексты,3,,4017,0.9970
2026-04-05T04:53:27.875350,32832,0.1↔0.3,0.832,1.0,слова,3,,4018,0.9972
2026-04-05T04:53:28.436350,32843,0.1↔0.3,0.812,0.3,буквы/слоги,3,,4019,0.9971
2026-04-05T04:53:28.589328,32846,0.1↔0.3,0.815,1.0,слова,3,,4020,0.9973
2026-04-05T04:53:29.252350,32859,0.1↔0.3,0.818,10.0,предложения,3,,4021,0.9975
2026-04-05T04:53:29.823351,32870,0.1↔0.3,0.813,30.0,абзацы,3,,4022,0.9971
2026-04-05T04:53:30.589331,32885,0.3↔1.0,0.821,30.0,абзацы,2,научный,4023,0.9970
2026-04-05T04:53:31.362352,32900,0.1↔0.3,0.813,3.0,словосочетания,3,,4024,0.9966
2026-04-05T04:53:31.872325,32910,0.1↔0.3,0.820,100.0,целые тексты,1,бытовой,4025,0.9968
2026-04-05T04:53:32.231351,32917,0.3↔1.0,0.836,1.0,слова,2,научный,4026,0.9967
2026-04-05T04:53:32.282351,32918,0.3↔1.0,0.826,1.0,слова,2,научный,4027,0.9969
2026-04-05T04:53:32.435324,32921,0.3↔1.0,0.811,30.0,абзацы,2,научный,4028,0.9968
2026-04-05T04:53:32.588351,32924,0.3↔1.0,0.835,3.0,словосочетания,2,научный,4029,0.9970
2026-04-05T04:53:32.792351,32928,0.1↔0.3,0.834,100.0,целые тексты,1,бытовой,4030,0.9972
2026-04-05T04:53:34.068351,32953,0.3↔1.0,0.831,100.0,целые тексты,1,бытовой,4031,0.9968
2026-04-05T04:53:34.119350,32954,0.1↔0.3,0.819,3.0,словосочетания,2,научный,4032,0.9970
2026-04-05T04:53:34.532351,32962,0.1↔0.3,0.830,10.0,предложения,4,метафорический,4033,0.9972
2026-04-05T04:53:34.736351,32966,0.1↔0.3,0.810,1.0,слова,4,метафорический,4034,0.9971
2026-04-05T04:53:35.195351,32975,0.1↔0.3,0.830,10.0,предложения,1,бытовой,4035,0.9973
2026-04-05T04:53:36.433351,32999,0.1↔0.3,0.827,30.0,абзацы,3,,4036,0.9972
2026-04-05T04:53:36.535328,33001,0.3↔1.0,0.836,3.0,словосочетания,2,научный,4037,0.9974
2026-04-05T04:53:36.841351,33007,0.1↔0.3,0.812,0.1,буквы/слоги,1,бытовой,4038,0.9976
2026-04-05T04:53:36.892352,33008,0.3↔1.0,0.830,0.1,буквы/слоги,3,,4039,0.9978
2026-04-05T04:53:37.199351,33014,0.1↔0.3,0.820,30.0,абзацы,3,,4040,0.9980
2026-04-05T04:53:38.429352,33038,0.1↔0.3,0.817,30.0,абзацы,2,научный,4041,0.9973
2026-04-05T04:53:40.017352,33068,0.1↔0.3,0.832,10.0,предложения,2,научный,4042,0.9960
2026-04-05T04:53:40.119352,33070,0.1↔0.3,0.828,100.0,целые тексты,4,метафорический,4043,0.9962
2026-04-05T04:53:40.221351,33072,0.3↔1.0,0.809,0.3,буквы/слоги,3,,4044,0.9964
2026-04-05T04:53:40.532351,33078,0.3↔1.0,0.830,3.0,словосочетания,3,,4045,0.9966
2026-04-05T04:53:40.787352,33083,0.3↔1.0,0.815,3.0,словосочетания,2,научный,4046,0.9968
2026-04-05T04:53:41.042352,33088,0.1↔0.3,0.809,0.1,буквы/слоги,1,бытовой,4047,0.9967
2026-04-05T04:53:42.169352,33110,0.3↔1.0,0.835,3.0,словосочетания,2,научный,4048,0.9966
2026-04-05T04:53:42.526352,33117,0.3↔1.0,0.830,1.0,слова,2,научный,4049,0.9968
2026-04-05T04:53:42.679352,33120,0.3↔1.0,0.819,30.0,абзацы,2,научный,4050,0.9970
2026-04-05T04:53:43.600352,33138,0.3↔1.0,0.809,0.1,буквы/слоги,3,,4051,0.9963
2026-04-05T04:53:43.753352,33141,0.3↔1.0,0.814,3.0,словосочетания,1,бытовой,4052,0.9965
2026-04-05T04:53:44.161352,33149,0.1↔0.3,0.827,100.0,целые тексты,2,научный,4053,0.9964
2026-04-05T04:53:44.212352,33150,0.1↔0.3,0.818,10.0,предложения,2,научный,4054,0.9966
2026-04-05T04:53:44.315352,33152,0.3↔1.0,0.821,3.0,словосочетания,3,,4055,0.9965
2026-04-05T04:53:44.570352,33157,0.3↔1.0,0.837,10.0,предложения,1,бытовой,4056,0.9967
2026-04-05T04:53:45.641352,33178,0.1↔0.3,0.823,3.0,словосочетания,3,,4057,0.9963
2026-04-05T04:53:45.794352,33181,0.1↔0.3,0.813,10.0,предложения,2,научный,4058,0.9965
2026-04-05T04:53:45.947352,33184,0.3↔1.0,0.810,10.0,предложения,1,бытовой,4059,0.9964
2026-04-05T04:53:46.100352,33187,0.1↔0.3,0.835,10.0,предложения,1,бытовой,4060,0.9966
2026-04-05T04:53:46.151352,33188,0.1↔0.3,0.831,30.0,абзацы,3,,4061,0.9968
2026-04-05T04:53:46.253352,33190,0.3↔1.0,0.815,30.0,абзацы,2,научный,4062,0.9970
2026-04-05T04:53:46.559352,33196,0.1↔0.3,0.824,1.0,слова,4,метафорический,4063,0.9969
2026-04-05T04:53:48.039328,33225,0.3↔1.0,0.831,100.0,целые тексты,3,,4064,0.9968
2026-04-05T04:53:48.753352,33239,0.3↔1.0,0.822,3.0,словосочетания,1,бытовой,4065,0.9958
2026-04-05T04:53:49.161334,33247,0.3↔1.0,0.822,0.1,буквы/слоги,1,бытовой,4066,0.9960
2026-04-05T04:53:49.622334,33256,0.1↔0.3,0.838,3.0,словосочетания,3,,4067,0.9953
2026-04-05T04:53:50.796353,33279,0.1↔0.3,0.826,0.1,буквы/слоги,3,,4068,0.9940
2026-04-05T04:53:51.153328,33286,0.1↔0.3,0.809,0.1,буквы/слоги,1,бытовой,4069,0.9939
2026-04-05T04:53:51.461353,33292,0.3↔1.0,0.814,3.0,словосочетания,1,бытовой,4070,0.9941
2026-04-05T04:53:51.971353,33302,0.1↔0.3,0.831,30.0,абзацы,3,,4071,0.9940
2026-04-05T04:53:52.176328,33306,0.3↔1.0,0.817,3.0,словосочетания,1,бытовой,4072,0.9942
2026-04-05T04:53:52.235352,33307,0.1↔0.3,0.819,0.1,буквы/слоги,3,,4073,0.9944
2026-04-05T04:53:52.592353,33314,0.1↔0.3,0.832,10.0,предложения,4,метафорический,4074,0.9946
2026-04-05T04:53:52.643352,33315,0.1↔0.3,0.824,10.0,предложения,2,научный,4075,0.9948
2026-04-05T04:53:53.716334,33336,0.1↔0.3,0.817,1.0,слова,3,,4076,0.9944
2026-04-05T04:53:54.127353,33344,0.3↔1.0,0.836,3.0,словосочетания,2,научный,4077,0.9946
2026-04-05T04:53:54.178353,33345,0.1↔0.3,0.832,0.1,буквы/слоги,2,научный,4078,0.9948
2026-04-05T04:53:54.281353,33347,0.3↔1.0,0.818,0.1,буквы/слоги,3,,4079,0.9950
2026-04-05T04:53:54.536353,33352,0.1↔0.3,0.818,1.0,слова,2,научный,4080,0.9949
2026-04-05T04:53:54.947353,33360,0.3↔1.0,0.815,100.0,целые тексты,3,,4081,0.9945
2026-04-05T04:53:55.510353,33371,0.3↔1.0,0.834,10.0,предложения,2,научный,4082,0.9944
2026-04-05T04:53:55.969331,33380,0.3↔1.0,0.817,0.3,буквы/слоги,3,,4083,0.9940
2026-04-05T04:53:56.174334,33384,0.1↔0.3,0.824,30.0,абзацы,1,бытовой,4084,0.9942
2026-04-05T04:53:56.735354,33395,0.3↔1.0,0.835,10.0,предложения,3,,4085,0.9944
2026-04-05T04:53:56.837353,33397,0.1↔0.3,0.835,0.3,буквы/слоги,2,научный,4086,0.9946
2026-04-05T04:53:57.228353,33404,0.1↔0.3,0.833,100.0,целые тексты,1,бытовой,4087,0.9945
2026-04-05T04:53:57.330331,33406,0.3↔1.0,0.825,3.0,словосочетания,1,бытовой,4088,0.9947
2026-04-05T04:53:59.192354,33442,0.1↔0.3,0.814,0.3,буквы/слоги,2,научный,4089,0.9940
2026-04-05T04:53:59.399354,33446,0.1↔0.3,0.814,0.1,буквы/слоги,2,научный,4090,0.9942
2026-04-05T04:53:59.960353,33457,0.1↔0.3,0.819,30.0,абзацы,2,научный,4091,0.9944
2026-04-05T04:54:00.113354,33460,0.1↔0.3,0.833,1.0,слова,3,,4092,0.9946
2026-04-05T04:54:00.573354,33469,0.3↔1.0,0.814,100.0,целые тексты,3,,4093,0.9948
2026-04-05T04:54:00.624328,33470,0.3↔1.0,0.828,30.0,абзацы,1,бытовой,4094,0.9950
2026-04-05T04:54:00.930354,33476,0.1↔0.3,0.833,1.0,слова,1,бытовой,4095,0.9952
2026-04-05T04:54:01.032354,33478,0.3↔1.0,0.836,0.1,буквы/слоги,2,научный,4096,0.9954
2026-04-05T04:54:02.818354,33513,0.1↔0.3,0.836,3.0,словосочетания,3,,4097,0.9944
2026-04-05T04:54:03.022328,33517,0.3↔1.0,0.813,10.0,предложения,1,бытовой,4098,0.9943
2026-04-05T04:54:04.246354,33541,0.1↔0.3,0.827,100.0,целые тексты,2,научный,4099,0.9942
2026-04-05T04:54:04.604354,33548,0.3↔1.0,0.824,100.0,целые тексты,4,метафорический,4100,0.9941
2026-04-05T04:54:04.808331,33552,0.3↔1.0,0.829,30.0,абзацы,1,бытовой,4101,0.9943
2026-04-05T04:54:05.320335,33562,0.1↔0.3,0.819,100.0,целые тексты,1,бытовой,4102,0.9942
2026-04-05T04:54:05.475355,33565,0.3↔1.0,0.826,0.1,буквы/слоги,3,,4103,0.9941
2026-04-05T04:54:05.985354,33575,0.1↔0.3,0.809,10.0,предложения,2,научный,4104,0.9937
2026-04-05T04:54:06.088330,33577,0.1↔0.3,0.828,30.0,абзацы,1,бытовой,4105,0.9939
2026-04-05T04:54:06.344330,33582,0.1↔0.3,0.821,30.0,абзацы,2,научный,4106,0.9938
2026-04-05T04:54:06.702354,33589,0.1↔0.3,0.810,0.3,буквы/слоги,3,,4107,0.9940
2026-04-05T04:54:06.958354,33594,0.1↔0.3,0.817,10.0,предложения,2,научный,4108,0.9939
2026-04-05T04:54:07.315354,33601,0.1↔0.3,0.834,1.0,слова,1,бытовой,4109,0.9941
2026-04-05T04:54:07.828354,33611,0.3↔1.0,0.810,30.0,абзацы,2,научный,4110,0.9943
2026-04-05T04:54:08.289354,33620,0.3↔1.0,0.818,1.0,слова,1,бытовой,4111,0.9945
2026-04-05T04:54:09.720354,33648,0.1↔0.3,0.815,10.0,предложения,1,бытовой,4112,0.9944
2026-04-05T04:54:10.391330,33661,0.3↔1.0,0.829,100.0,целые тексты,3,,4113,0.9943
2026-04-05T04:54:10.545355,33664,0.1↔0.3,0.816,10.0,предложения,3,,4114,0.9945
2026-04-05T04:54:11.157334,33676,0.1↔0.3,0.827,1.0,слова,3,,4115,0.9941
2026-04-05T04:54:11.310355,33679,0.1↔0.3,0.813,0.3,буквы/слоги,2,научный,4116,0.9943
2026-04-05T04:54:12.643355,33705,0.1↔0.3,0.812,0.1,буквы/слоги,3,,4117,0.9933
2026-04-05T04:54:13.212325,33716,0.3↔1.0,0.812,1.0,слова,1,бытовой,4118,0.9935
2026-04-05T04:54:13.596330,33723,0.3↔1.0,0.828,0.1,буквы/слоги,1,бытовой,4119,0.9934
2026-04-05T04:54:13.749355,33726,0.1↔0.3,0.821,10.0,предложения,2,научный,4120,0.9936
2026-04-05T04:54:13.851355,33728,0.1↔0.3,0.808,0.1,буквы/слоги,3,,4121,0.9938
2026-04-05T04:54:15.230355,33755,0.1↔0.3,0.811,30.0,абзацы,3,,4122,0.9928
2026-04-05T04:54:15.281355,33756,0.1↔0.3,0.811,30.0,абзацы,2,научный,4123,0.9930
2026-04-05T04:54:16.047355,33771,0.1↔0.3,0.836,0.1,буквы/слоги,3,,4124,0.9932
2026-04-05T04:54:16.558356,33781,0.3↔1.0,0.809,3.0,словосочетания,1,бытовой,4125,0.9928
2026-04-05T04:54:17.874355,33806,0.1↔0.3,0.808,0.1,буквы/слоги,1,бытовой,4126,0.9930
2026-04-05T04:54:18.282356,33814,0.1↔0.3,0.835,30.0,абзацы,4,метафорический,4127,0.9932
2026-04-05T04:54:18.589337,33820,0.3↔1.0,0.837,3.0,словосочетания,3,,4128,0.9928
2026-04-05T04:54:18.691355,33822,0.1↔0.3,0.810,10.0,предложения,2,научный,4129,0.9927
2026-04-05T04:54:19.150355,33831,0.1↔0.3,0.816,3.0,словосочетания,3,,4130,0.9929
2026-04-05T04:54:19.457336,33837,0.1↔0.3,0.810,3.0,словосочетания,1,бытовой,4131,0.9928
2026-04-05T04:54:19.559355,33839,0.1↔0.3,0.826,10.0,предложения,3,,4132,0.9927
2026-04-05T04:54:19.712355,33842,0.3↔1.0,0.819,1.0,слова,3,,4133,0.9926
2026-04-05T04:54:20.811355,33863,0.3↔1.0,0.820,1.0,слова,2,научный,4134,0.9925
2026-04-05T04:54:21.884356,33884,0.1↔0.3,0.834,3.0,словосочетания,2,научный,4135,0.9921
2026-04-05T04:54:22.089356,33888,0.3↔1.0,0.830,100.0,целые тексты,1,бытовой,4136,0.9920
2026-04-05T04:54:22.295356,33892,0.1↔0.3,0.827,0.3,буквы/слоги,1,бытовой,4137,0.9922
2026-04-05T04:54:22.397356,33894,0.1↔0.3,0.825,1.0,слова,3,,4138,0.9924
2026-04-05T04:54:22.812326,33901,0.3↔1.0,0.813,1.0,слова,2,научный,4139,0.9926
2026-04-05T04:54:22.915356,33903,0.1↔0.3,0.824,1.0,слова,2,научный,4140,0.9928
2026-04-05T04:54:23.324331,33911,0.3↔1.0,0.817,30.0,абзацы,1,бытовой,4141,0.9927
2026-04-05T04:54:23.528356,33915,0.1↔0.3,0.824,0.1,буквы/слоги,2,научный,4142,0.9929
2026-04-05T04:54:23.579356,33916,0.1↔0.3,0.834,3.0,словосочетания,1,бытовой,4143,0.9931
2026-04-05T04:54:23.885356,33922,0.1↔0.3,0.818,1.0,слова,2,научный,4144,0.9933
2026-04-05T04:54:24.459337,33933,0.1↔0.3,0.809,10.0,предложения,3,,4145,0.9935
2026-04-05T04:54:24.561336,33935,0.1↔0.3,0.825,0.3,буквы/слоги,1,бытовой,4146,0.9937
2026-04-05T04:54:24.714356,33938,0.3↔1.0,0.822,100.0,целые тексты,2,научный,4147,0.9939
2026-04-05T04:54:24.918356,33942,0.1↔0.3,0.832,100.0,целые тексты,2,научный,4148,0.9941
2026-04-05T04:54:25.176356,33947,0.3↔1.0,0.814,0.1,буквы/слоги,3,,4149,0.9937
2026-04-05T04:54:25.278356,33949,0.1↔0.3,0.824,100.0,целые тексты,1,бытовой,4150,0.9936
2026-04-05T04:54:25.687331,33957,0.3↔1.0,0.827,1.0,слова,2,научный,4151,0.9932
2026-04-05T04:54:25.893357,33961,0.1↔0.3,0.826,0.1,буквы/слоги,1,бытовой,4152,0.9931
2026-04-05T04:54:25.995356,33963,0.1↔0.3,0.813,10.0,предложения,1,бытовой,4153,0.9933
2026-04-05T04:54:27.016356,33983,0.1↔0.3,0.829,10.0,предложения,2,научный,4154,0.9932
2026-04-05T04:54:27.169357,33986,0.3↔1.0,0.827,10.0,предложения,1,бытовой,4155,0.9934
2026-04-05T04:54:27.271356,33988,0.1↔0.3,0.821,0.3,буквы/слоги,4,метафорический,4156,0.9936
2026-04-05T04:54:27.324332,33989,0.3↔1.0,0.815,0.1,буквы/слоги,1,бытовой,4157,0.9938
2026-04-05T04:54:27.682356,33996,0.1↔0.3,0.828,10.0,предложения,3,,4158,0.9940
2026-04-05T04:54:27.988356,34002,0.3↔1.0,0.813,100.0,целые тексты,4,метафорический,4159,0.9942
2026-04-05T04:54:28.040331,34003,0.1↔0.3,0.815,30.0,абзацы,2,научный,4160,0.9944
2026-04-05T04:54:28.374331,34009,0.3↔1.0,0.838,100.0,целые тексты,4,метафорический,4161,0.9946
2026-04-05T04:54:28.477337,34011,0.1↔0.3,0.836,0.1,буквы/слоги,1,бытовой,4162,0.9948
2026-04-05T04:54:28.580332,34013,0.1↔0.3,0.830,0.3,буквы/слоги,3,,4163,0.9950
2026-04-05T04:54:29.810356,34037,0.3↔1.0,0.827,30.0,абзацы,4,метафорический,4164,0.9943
2026-04-05T04:54:30.373357,34048,0.1↔0.3,0.836,10.0,предложения,1,бытовой,4165,0.9939
2026-04-05T04:54:31.190332,34064,0.3↔1.0,0.812,0.3,буквы/слоги,2,научный,4166,0.9938
2026-04-05T04:54:31.343330,34067,0.3↔1.0,0.826,30.0,абзацы,2,научный,4167,0.9940
2026-04-05T04:54:31.599357,34072,0.1↔0.3,0.829,0.1,буквы/слоги,3,,4168,0.9942
2026-04-05T04:54:33.387332,34107,0.3↔1.0,0.826,100.0,целые тексты,2,научный,4169,0.9923
2026-04-05T04:54:33.439338,34108,0.1↔0.3,0.820,10.0,предложения,1,бытовой,4170,0.9925
2026-04-05T04:54:33.899357,34117,0.1↔0.3,0.809,0.1,буквы/слоги,1,бытовой,4171,0.9924
2026-04-05T04:54:34.137331,34121,0.3↔1.0,0.809,100.0,целые тексты,3,,4172,0.9923
2026-04-05T04:54:34.188357,34122,0.3↔1.0,0.815,30.0,абзацы,4,метафорический,4173,0.9925
2026-04-05T04:54:34.341330,34125,0.1↔0.3,0.823,3.0,словосочетания,3,,4174,0.9924
2026-04-05T04:54:34.392357,34126,0.3↔1.0,0.834,1.0,слова,2,научный,4175,0.9926
2026-04-05T04:54:34.596357,34130,0.1↔0.3,0.822,30.0,абзацы,3,,4176,0.9928
2026-04-05T04:54:35.973332,34157,0.1↔0.3,0.813,1.0,слова,1,бытовой,4177,0.9921
2026-04-05T04:54:36.449357,34166,0.3↔1.0,0.812,1.0,слова,2,научный,4178,0.9920
2026-04-05T04:54:38.390332,34204,0.1↔0.3,0.833,30.0,абзацы,2,научный,4179,0.9916
2026-04-05T04:54:39.578358,34227,0.1↔0.3,0.833,0.3,буквы/слоги,3,,4180,0.9915
2026-04-05T04:54:40.037334,34236,0.3↔1.0,0.817,3.0,словосочетания,2,научный,4181,0.9911
2026-04-05T04:54:40.090333,34237,0.1↔0.3,0.816,3.0,словосочетания,2,научный,4182,0.9913
2026-04-05T04:54:40.447358,34244,0.1↔0.3,0.830,0.1,буквы/слоги,1,бытовой,4183,0.9912
2026-04-05T04:54:40.600358,34247,0.1↔0.3,0.809,10.0,предложения,3,,4184,0.9914
2026-04-05T04:54:41.263358,34260,0.3↔1.0,0.830,100.0,целые тексты,1,бытовой,4185,0.9916
2026-04-05T04:54:41.469358,34264,0.1↔0.3,0.809,0.1,буквы/слоги,1,бытовой,4186,0.9918
2026-04-05T04:54:42.081358,34276,0.3↔1.0,0.836,0.3,буквы/слоги,2,научный,4187,0.9920
2026-04-05T04:54:42.336358,34281,0.1↔0.3,0.830,1.0,слова,3,,4188,0.9922
2026-04-05T04:54:42.602358,34286,0.1↔0.3,0.816,1.0,слова,3,,4189,0.9924
2026-04-05T04:54:42.705333,34288,0.1↔0.3,0.819,1.0,слова,3,,4190,0.9923
2026-04-05T04:54:43.527358,34304,0.1↔0.3,0.813,30.0,абзацы,3,,4191,0.9919
2026-04-05T04:54:43.578358,34305,0.1↔0.3,0.811,3.0,словосочетания,4,метафорический,4192,0.9921
2026-04-05T04:54:44.285329,34318,0.3↔1.0,0.827,1.0,слова,3,,4193,0.9920
2026-04-05T04:54:44.339332,34319,0.3↔1.0,0.824,30.0,абзацы,3,,4194,0.9922
2026-04-05T04:54:45.157357,34335,0.1↔0.3,0.814,3.0,словосочетания,3,,4195,0.9924
2026-04-05T04:54:45.362358,34339,0.3↔1.0,0.820,30.0,абзацы,2,научный,4196,0.9926
2026-04-05T04:54:45.617358,34344,0.3↔1.0,0.808,100.0,целые тексты,3,,4197,0.9928
2026-04-05T04:54:45.719358,34346,0.3↔1.0,0.816,10.0,предложения,2,научный,4198,0.9930
2026-04-05T04:54:46.281358,34357,0.1↔0.3,0.826,100.0,целые тексты,2,научный,4199,0.9926
2026-04-05T04:54:46.689358,34365,0.1↔0.3,0.838,3.0,словосочетания,2,научный,4200,0.9928
2026-04-05T04:54:46.842329,34368,0.3↔1.0,0.835,1.0,слова,1,бытовой,4201,0.9930
2026-04-05T04:54:47.942339,34389,0.1↔0.3,0.830,3.0,словосочетания,2,научный,4202,0.9923
2026-04-05T04:54:48.560358,34401,0.3↔1.0,0.834,1.0,слова,1,бытовой,4203,0.9919
2026-04-05T04:54:48.968358,34409,0.1↔0.3,0.814,3.0,словосочетания,1,бытовой,4204,0.9921
2026-04-05T04:54:49.019358,34410,0.1↔0.3,0.810,0.3,буквы/слоги,3,,4205,0.9923
2026-04-05T04:54:49.173359,34413,0.3↔1.0,0.827,100.0,целые тексты,1,бытовой,4206,0.9925
2026-04-05T04:54:49.276359,34415,0.3↔1.0,0.823,30.0,абзацы,3,,4207,0.9927
2026-04-05T04:54:49.378358,34417,0.1↔0.3,0.813,0.3,буквы/слоги,2,научный,4208,0.9926
2026-04-05T04:54:49.633334,34422,0.3↔1.0,0.829,0.3,буквы/слоги,1,бытовой,4209,0.9928
2026-04-05T04:54:50.296359,34435,0.3↔1.0,0.814,0.3,буквы/слоги,1,бытовой,4210,0.9927
2026-04-05T04:54:52.038339,34469,0.3↔1.0,0.818,30.0,абзацы,1,бытовой,4211,0.9923
2026-04-05T04:54:52.242359,34473,0.1↔0.3,0.828,0.1,буквы/слоги,1,бытовой,4212,0.9925
2026-04-05T04:54:52.701339,34482,0.3↔1.0,0.831,100.0,целые тексты,4,метафорический,4213,0.9924
2026-04-05T04:54:53.308334,34492,0.1↔0.3,0.836,0.3,буквы/слоги,3,,4214,0.9926
2026-04-05T04:54:53.924340,34503,0.3↔1.0,0.825,0.3,буквы/слоги,1,бытовой,4215,0.9928
2026-04-05T04:54:53.975359,34504,0.3↔1.0,0.837,0.3,буквы/слоги,3,,4216,0.9930
2026-04-05T04:54:54.740359,34519,0.3↔1.0,0.819,30.0,абзацы,3,,4217,0.9932
2026-04-05T04:54:55.097359,34526,0.1↔0.3,0.810,0.3,буквы/слоги,3,,4218,0.9928
2026-04-05T04:54:56.426336,34552,0.1↔0.3,0.812,1.0,слова,2,научный,4219,0.9927
2026-04-05T04:54:56.784359,34559,0.3↔1.0,0.832,30.0,абзацы,1,бытовой,4220,0.9923
2026-04-05T04:54:56.939335,34562,0.3↔1.0,0.826,30.0,абзацы,1,бытовой,4221,0.9925
2026-04-05T04:54:57.348360,34570,0.3↔1.0,0.838,30.0,абзацы,1,бытовой,4222,0.9921
2026-04-05T04:54:57.400359,34571,0.1↔0.3,0.819,30.0,абзацы,1,бытовой,4223,0.9923
2026-04-05T04:54:57.757341,34578,0.1↔0.3,0.834,30.0,абзацы,1,бытовой,4224,0.9922
2026-04-05T04:54:58.064359,34584,0.1↔0.3,0.809,3.0,словосочетания,2,научный,4225,0.9921
2026-04-05T04:54:58.421359,34591,0.1↔0.3,0.821,0.1,буквы/слоги,3,,4226,0.9923
2026-04-05T04:54:59.085359,34604,0.1↔0.3,0.818,3.0,словосочетания,2,научный,4227,0.9922
2026-04-05T04:54:59.290359,34608,0.1↔0.3,0.830,10.0,предложения,3,,4228,0.9924
2026-04-05T04:54:59.556334,34613,0.1↔0.3,0.832,10.0,предложения,1,бытовой,4229,0.9926
2026-04-05T04:55:00.425359,34630,0.1↔0.3,0.809,0.1,буквы/слоги,2,научный,4230,0.9928
2026-04-05T04:55:00.476359,34631,0.1↔0.3,0.829,0.1,буквы/слоги,1,бытовой,4231,0.9930
2026-04-05T04:55:00.988341,34641,0.1↔0.3,0.822,3.0,словосочетания,4,метафорический,4232,0.9932
2026-04-05T04:55:01.294360,34647,0.3↔1.0,0.831,0.3,буквы/слоги,1,бытовой,4233,0.9934
2026-04-05T04:55:02.667360,34673,0.1↔0.3,0.815,1.0,слова,2,научный,4234,0.9927
2026-04-05T04:55:02.718360,34674,0.1↔0.3,0.836,0.1,буквы/слоги,3,,4235,0.9929
2026-04-05T04:55:02.769360,34675,0.1↔0.3,0.813,0.1,буквы/слоги,1,бытовой,4236,0.9931
2026-04-05T04:55:03.798360,34695,0.1↔0.3,0.828,1.0,слова,2,научный,4237,0.9933
2026-04-05T04:55:04.206336,34703,0.1↔0.3,0.815,30.0,абзацы,3,,4238,0.9935
2026-04-05T04:55:04.768360,34714,0.3↔1.0,0.827,0.3,буквы/слоги,2,научный,4239,0.9937
2026-04-05T04:55:05.127360,34721,0.1↔0.3,0.831,1.0,слова,1,бытовой,4240,0.9936
2026-04-05T04:55:05.280360,34724,0.1↔0.3,0.829,10.0,предложения,3,,4241,0.9938
2026-04-05T04:55:05.383360,34726,0.3↔1.0,0.826,0.3,буквы/слоги,1,бытовой,4242,0.9940
2026-04-05T04:55:05.638360,34731,0.3↔1.0,0.828,1.0,слова,4,метафорический,4243,0.9942
2026-04-05T04:55:05.791360,34734,0.1↔0.3,0.833,10.0,предложения,1,бытовой,4244,0.9944
2026-04-05T04:55:05.842360,34735,0.1↔0.3,0.816,0.3,буквы/слоги,3,,4245,0.9946
2026-04-05T04:55:06.199360,34742,0.3↔1.0,0.834,30.0,абзацы,1,бытовой,4246,0.9948
2026-04-05T04:55:06.403341,34746,0.1↔0.3,0.821,1.0,слова,3,,4247,0.9950
2026-04-05T04:55:06.556335,34749,0.1↔0.3,0.836,30.0,абзацы,1,бытовой,4248,0.9952
2026-04-05T04:55:06.660361,34751,0.1↔0.3,0.820,0.1,буквы/слоги,2,научный,4249,0.9954
2026-04-05T04:55:07.024360,34758,0.3↔1.0,0.811,3.0,словосочетания,1,бытовой,4250,0.9950
2026-04-05T04:55:07.126360,34760,0.1↔0.3,0.837,10.0,предложения,1,бытовой,4251,0.9952
2026-04-05T04:55:07.228335,34762,0.1↔0.3,0.810,0.1,буквы/слоги,2,научный,4252,0.9951
2026-04-05T04:55:07.281360,34763,0.1↔0.3,0.817,100.0,целые тексты,3,,4253,0.9953
2026-04-05T04:55:07.587335,34769,0.3↔1.0,0.829,30.0,абзацы,2,научный,4254,0.9955
2026-04-05T04:55:07.944360,34776,0.1↔0.3,0.809,3.0,словосочетания,1,бытовой,4255,0.9954
2026-04-05T04:55:08.046360,34778,0.1↔0.3,0.833,0.3,буквы/слоги,1,бытовой,4256,0.9956
2026-04-05T04:55:08.258361,34782,0.3↔1.0,0.815,10.0,предложения,2,научный,4257,0.9958
2026-04-05T04:55:08.310360,34783,0.1↔0.3,0.834,10.0,предложения,3,,4258,0.9960
2026-04-05T04:55:09.002361,34796,0.3↔1.0,0.832,30.0,абзацы,3,,4259,0.9959
2026-04-05T04:55:11.558336,34846,0.3↔1.0,0.809,10.0,предложения,1,бытовой,4260,0.9940
2026-04-05T04:55:11.762360,34850,0.3↔1.0,0.824,0.1,буквы/слоги,3,,4261,0.9942
2026-04-05T04:55:11.833336,34851,0.1↔0.3,0.826,1.0,слова,1,бытовой,4262,0.9944
2026-04-05T04:55:12.145360,34856,0.1↔0.3,0.832,100.0,целые тексты,2,научный,4263,0.9946
2026-04-05T04:55:13.236334,34877,0.1↔0.3,0.834,0.3,буквы/слоги,2,научный,4264,0.9942
2026-04-05T04:55:13.289361,34878,0.1↔0.3,0.830,0.3,буквы/слоги,4,метафорический,4265,0.9944
2026-04-05T04:55:13.493336,34882,0.1↔0.3,0.834,0.3,буквы/слоги,4,метафорический,4266,0.9943
2026-04-05T04:55:13.850361,34889,0.3↔1.0,0.836,30.0,абзацы,2,научный,4267,0.9945
2026-04-05T04:55:14.004361,34892,0.1↔0.3,0.829,30.0,абзацы,1,бытовой,4268,0.9944
2026-04-05T04:55:14.107361,34894,0.3↔1.0,0.819,10.0,предложения,2,научный,4269,0.9946
2026-04-05T04:55:14.770341,34907,0.1↔0.3,0.822,10.0,предложения,1,бытовой,4270,0.9948
2026-04-05T04:55:15.962361,34930,0.1↔0.3,0.830,0.3,буквы/слоги,1,бытовой,4271,0.9938
2026-04-05T04:55:16.574362,34942,0.1↔0.3,0.821,3.0,словосочетания,3,,4272,0.9940
2026-04-05T04:55:17.342335,34957,0.1↔0.3,0.819,30.0,абзацы,4,метафорический,4273,0.9942
2026-04-05T04:55:18.228361,34974,0.1↔0.3,0.809,0.3,буквы/слоги,1,бытовой,4274,0.9941
2026-04-05T04:55:18.483361,34979,0.3↔1.0,0.815,1.0,слова,3,,4275,0.9943
2026-04-05T04:55:18.585361,34981,0.1↔0.3,0.827,10.0,предложения,2,научный,4276,0.9945
2026-04-05T04:55:18.636342,34982,0.3↔1.0,0.819,0.3,буквы/слоги,1,бытовой,4277,0.9947
2026-04-05T04:55:18.842361,34986,0.3↔1.0,0.832,1.0,слова,3,,4278,0.9946
2026-04-05T04:55:19.557336,35000,0.1↔0.3,0.815,3.0,словосочетания,1,бытовой,4279,0.9945
2026-04-05T04:55:19.864362,35006,0.3↔1.0,0.808,1.0,слова,3,,4280,0.9947
2026-04-05T04:55:20.425362,35017,0.1↔0.3,0.810,1.0,слова,1,бытовой,4281,0.9949
2026-04-05T04:55:21.139337,35031,0.3↔1.0,0.812,1.0,слова,3,,4282,0.9945
2026-04-05T04:55:21.600362,35040,0.1↔0.3,0.813,0.1,буквы/слоги,3,,4283,0.9944
2026-04-05T04:55:22.299362,35053,0.1↔0.3,0.828,100.0,целые тексты,1,бытовой,4284,0.9943
2026-04-05T04:55:22.350336,35054,0.3↔1.0,0.811,30.0,абзацы,2,научный,4285,0.9945
2026-04-05T04:55:22.657362,35060,0.3↔1.0,0.822,1.0,слова,2,научный,4286,0.9944
2026-04-05T04:55:22.861362,35064,0.3↔1.0,0.824,30.0,абзацы,4,метафорический,4287,0.9946
2026-04-05T04:55:23.781362,35082,0.1↔0.3,0.822,10.0,предложения,1,бытовой,4288,0.9948
2026-04-05T04:55:23.883362,35084,0.1↔0.3,0.816,0.3,буквы/слоги,2,научный,4289,0.9947
2026-04-05T04:55:24.242362,35091,0.1↔0.3,0.821,100.0,целые тексты,2,научный,4290,0.9943
2026-04-05T04:55:24.498362,35096,0.1↔0.3,0.834,1.0,слова,1,бытовой,4291,0.9942
2026-04-05T04:55:24.940362,35104,0.1↔0.3,0.823,0.3,буквы/слоги,3,,4292,0.9944
2026-04-05T04:55:25.146362,35108,0.3↔1.0,0.814,30.0,абзацы,1,бытовой,4293,0.9943
2026-04-05T04:55:25.453337,35114,0.1↔0.3,0.816,100.0,целые тексты,4,метафорический,4294,0.9942
2026-04-05T04:55:25.967362,35124,0.1↔0.3,0.833,0.1,буквы/слоги,2,научный,4295,0.9941
2026-04-05T04:55:27.097362,35146,0.3↔1.0,0.824,10.0,предложения,1,бытовой,4296,0.9934
2026-04-05T04:55:27.352336,35151,0.1↔0.3,0.813,0.3,буквы/слоги,1,бытовой,4297,0.9936
2026-04-05T04:55:27.558343,35155,0.1↔0.3,0.820,100.0,целые тексты,3,,4298,0.9935
2026-04-05T04:55:27.814362,35160,0.3↔1.0,0.838,0.3,буквы/слоги,4,метафорический,4299,0.9937
2026-04-05T04:55:28.684362,35177,0.1↔0.3,0.817,1.0,слова,2,научный,4300,0.9933
2026-04-05T04:55:29.094362,35185,0.1↔0.3,0.837,0.3,буквы/слоги,2,научный,4301,0.9935
2026-04-05T04:55:29.247362,35188,0.3↔1.0,0.832,1.0,слова,2,научный,4302,0.9937
2026-04-05T04:55:29.928362,35201,0.1↔0.3,0.827,3.0,словосочетания,1,бытовой,4303,0.9936
2026-04-05T04:55:30.658363,35215,0.3↔1.0,0.820,10.0,предложения,3,,4304,0.9935
2026-04-05T04:55:31.118362,35224,0.3↔1.0,0.826,3.0,словосочетания,1,бытовой,4305,0.9931
2026-04-05T04:55:31.221363,35226,0.1↔0.3,0.815,0.1,буквы/слоги,3,,4306,0.9933
2026-04-05T04:55:31.884339,35239,0.1↔0.3,0.828,0.3,буквы/слоги,3,,4307,0.9932
2026-04-05T04:55:32.191363,35245,0.1↔0.3,0.814,3.0,словосочетания,1,бытовой,4308,0.9934
2026-04-05T04:55:32.345363,35248,0.1↔0.3,0.821,100.0,целые тексты,1,бытовой,4309,0.9936
2026-04-05T04:55:32.652363,35254,0.1↔0.3,0.821,100.0,целые тексты,2,научный,4310,0.9935
2026-04-05T04:55:33.289363,35266,0.1↔0.3,0.832,100.0,целые тексты,3,,4311,0.9937
2026-04-05T04:55:34.007363,35280,0.3↔1.0,0.829,100.0,целые тексты,3,,4312,0.9936
2026-04-05T04:55:34.824363,35296,0.1↔0.3,0.836,0.3,буквы/слоги,4,метафорический,4313,0.9929
2026-04-05T04:55:35.232363,35304,0.1↔0.3,0.812,0.3,буквы/слоги,2,научный,4314,0.9931
2026-04-05T04:55:35.386363,35307,0.1↔0.3,0.829,0.3,буквы/слоги,2,научный,4315,0.9933
2026-04-05T04:55:35.899363,35317,0.3↔1.0,0.812,1.0,слова,1,бытовой,4316,0.9935
2026-04-05T04:55:36.001363,35319,0.3↔1.0,0.815,0.3,буквы/слоги,2,научный,4317,0.9937
2026-04-05T04:55:36.380363,35326,0.1↔0.3,0.831,0.1,буквы/слоги,3,,4318,0.9936
2026-04-05T04:55:36.534337,35329,0.3↔1.0,0.824,10.0,предложения,1,бытовой,4319,0.9938
2026-04-05T04:55:37.260363,35343,0.1↔0.3,0.833,0.1,буквы/слоги,3,,4320,0.9937
2026-04-05T04:55:38.231363,35362,0.3↔1.0,0.822,100.0,целые тексты,3,,4321,0.9933
2026-04-05T04:55:38.333337,35364,0.3↔1.0,0.829,100.0,целые тексты,2,научный,4322,0.9935
2026-04-05T04:55:38.486338,35367,0.1↔0.3,0.820,100.0,целые тексты,2,научный,4323,0.9937
2026-04-05T04:55:38.538364,35368,0.3↔1.0,0.826,100.0,целые тексты,2,научный,4324,0.9939
2026-04-05T04:55:38.691364,35371,0.3↔1.0,0.830,10.0,предложения,4,метафорический,4325,0.9941
2026-04-05T04:55:38.946364,35376,0.3↔1.0,0.835,3.0,словосочетания,1,бытовой,4326,0.9943
2026-04-05T04:55:39.151363,35380,0.1↔0.3,0.815,0.3,буквы/слоги,1,бытовой,4327,0.9945
2026-04-05T04:55:39.254364,35382,0.3↔1.0,0.819,30.0,абзацы,1,бытовой,4328,0.9947
2026-04-05T04:55:39.614364,35389,0.1↔0.3,0.834,10.0,предложения,2,научный,4329,0.9949
2026-04-05T04:55:39.922338,35395,0.1↔0.3,0.825,0.1,буквы/слоги,1,бытовой,4330,0.9948
2026-04-05T04:55:40.179363,35400,0.1↔0.3,0.812,0.1,буквы/слоги,3,,4331,0.9950
2026-04-05T04:55:40.282364,35402,0.1↔0.3,0.825,1.0,слова,3,,4332,0.9952
2026-04-05T04:55:40.333364,35403,0.3↔1.0,0.837,1.0,слова,3,,4333,0.9954
2026-04-05T04:55:41.201363,35420,0.1↔0.3,0.813,10.0,предложения,1,бытовой,4334,0.9944
2026-04-05T04:55:41.923347,35434,0.1↔0.3,0.837,0.1,буквы/слоги,3,,4335,0.9943
2026-04-05T04:55:42.548336,35444,0.1↔0.3,0.837,100.0,целые тексты,2,научный,4336,0.9942
2026-04-05T04:55:42.877364,35450,0.1↔0.3,0.835,10.0,предложения,2,научный,4337,0.9944
2026-04-05T04:55:43.081364,35454,0.1↔0.3,0.835,30.0,абзацы,3,,4338,0.9943
2026-04-05T04:55:43.898338,35470,0.1↔0.3,0.829,10.0,предложения,1,бытовой,4339,0.9942
2026-04-05T04:55:43.951364,35471,0.1↔0.3,0.826,1.0,слова,4,метафорический,4340,0.9944
2026-04-05T04:55:45.024364,35492,0.1↔0.3,0.813,0.1,буквы/слоги,2,научный,4341,0.9937
2026-04-05T04:55:46.051364,35512,0.1↔0.3,0.824,100.0,целые тексты,3,,4342,0.9939
2026-04-05T04:55:46.256364,35516,0.1↔0.3,0.817,100.0,целые тексты,2,научный,4343,0.9941
2026-04-05T04:55:46.588364,35522,0.1↔0.3,0.828,30.0,абзацы,1,бытовой,4344,0.9940
2026-04-05T04:55:47.202364,35534,0.1↔0.3,0.830,1.0,слова,3,,4345,0.9939
2026-04-05T04:55:47.305365,35536,0.3↔1.0,0.826,1.0,слова,1,бытовой,4346,0.9941
2026-04-05T04:55:47.510364,35540,0.1↔0.3,0.814,30.0,абзацы,3,,4347,0.9943
2026-04-05T04:55:48.900364,35567,0.1↔0.3,0.824,3.0,словосочетания,3,,4348,0.9939
2026-04-05T04:55:48.951365,35568,0.1↔0.3,0.810,3.0,словосочетания,2,научный,4349,0.9941
2026-04-05T04:55:49.563338,35580,0.1↔0.3,0.837,1.0,слова,1,бытовой,4350,0.9943
2026-04-05T04:55:50.995364,35607,0.1↔0.3,0.829,3.0,словосочетания,2,научный,4351,0.9939
2026-04-05T04:55:51.099365,35609,0.3↔1.0,0.825,0.1,буквы/слоги,2,научный,4352,0.9941
2026-04-05T04:55:52.490345,35636,0.1↔0.3,0.818,0.1,буквы/слоги,1,бытовой,4353,0.9940
2026-04-05T04:55:52.541365,35637,0.1↔0.3,0.810,100.0,целые тексты,4,метафорический,4354,0.9942
2026-04-05T04:55:52.745339,35641,0.3↔1.0,0.813,0.1,буквы/слоги,1,бытовой,4355,0.9944
2026-04-05T04:55:52.898365,35644,0.1↔0.3,0.809,0.1,буквы/слоги,1,бытовой,4356,0.9946
2026-04-05T04:55:53.051365,35647,0.3↔1.0,0.812,0.1,буквы/слоги,2,научный,4357,0.9948
2026-04-05T04:55:53.358365,35653,0.3↔1.0,0.827,0.1,буквы/слоги,2,научный,4358,0.9950
2026-04-05T04:55:53.516341,35656,0.3↔1.0,0.823,1.0,слова,1,бытовой,4359,0.9952
2026-04-05T04:55:53.653339,35658,0.1↔0.3,0.837,1.0,слова,4,метафорический,4360,0.9954
2026-04-05T04:55:53.755365,35660,0.1↔0.3,0.810,1.0,слова,2,научный,4361,0.9956
2026-04-05T04:55:53.806341,35661,0.3↔1.0,0.826,0.1,буквы/слоги,1,бытовой,4362,0.9958
2026-04-05T04:55:54.061346,35666,0.1↔0.3,0.828,3.0,словосочетания,1,бытовой,4363,0.9960
2026-04-05T04:55:55.084345,35686,0.1↔0.3,0.837,0.3,буквы/слоги,1,бытовой,4364,0.9953
2026-04-05T04:55:55.289365,35690,0.1↔0.3,0.836,0.3,буквы/слоги,3,,4365,0.9952
2026-04-05T04:55:55.442365,35693,0.1↔0.3,0.809,0.3,буквы/слоги,3,,4366,0.9954
2026-04-05T04:55:55.493365,35694,0.1↔0.3,0.832,10.0,предложения,3,,4367,0.9956
2026-04-05T04:55:55.646365,35697,0.1↔0.3,0.813,10.0,предложения,3,,4368,0.9958
2026-04-05T04:55:55.697365,35698,0.1↔0.3,0.816,3.0,словосочетания,1,бытовой,4369,0.9960
2026-04-05T04:55:55.850365,35701,0.3↔1.0,0.838,3.0,словосочетания,3,,4370,0.9962
2026-04-05T04:55:56.105365,35706,0.1↔0.3,0.838,10.0,предложения,1,бытовой,4371,0.9964
2026-04-05T04:55:56.422366,35712,0.1↔0.3,0.827,0.3,буквы/слоги,3,,4372,0.9963
2026-04-05T04:55:57.595339,35735,0.1↔0.3,0.814,1.0,слова,1,бытовой,4373,0.9962
2026-04-05T04:55:57.748365,35738,0.3↔1.0,0.834,30.0,абзацы,1,бытовой,4374,0.9964
2026-04-05T04:55:58.004341,35743,0.1↔0.3,0.826,0.3,буквы/слоги,2,научный,4375,0.9966
2026-04-05T04:55:58.515366,35753,0.1↔0.3,0.819,100.0,целые тексты,3,,4376,0.9968
2026-04-05T04:55:59.025366,35763,0.1↔0.3,0.838,30.0,абзацы,3,,4377,0.9964
2026-04-05T04:55:59.130365,35765,0.3↔1.0,0.833,3.0,словосочетания,2,научный,4378,0.9966
2026-04-05T04:56:00.615341,35794,0.3↔1.0,0.823,30.0,абзацы,3,,4379,0.9962
2026-04-05T04:56:00.976366,35801,0.3↔1.0,0.836,1.0,слова,3,,4380,0.9964
2026-04-05T04:56:01.028366,35802,0.3↔1.0,0.824,1.0,слова,2,научный,4381,0.9966
2026-04-05T04:56:01.488366,35811,0.1↔0.3,0.824,1.0,слова,1,бытовой,4382,0.9968
2026-04-05T04:56:01.539366,35812,0.3↔1.0,0.810,0.3,буквы/слоги,3,,4383,0.9970
2026-04-05T04:56:01.947365,35820,0.1↔0.3,0.815,30.0,абзацы,4,метафорический,4384,0.9972
2026-04-05T04:56:02.202366,35825,0.1↔0.3,0.815,3.0,словосочетания,2,научный,4385,0.9971
2026-04-05T04:56:02.568366,35832,0.1↔0.3,0.817,10.0,предложения,3,,4386,0.9973
2026-04-05T04:56:03.129366,35843,0.3↔1.0,0.817,0.3,буквы/слоги,1,бытовой,4387,0.9975
2026-04-05T04:56:04.357366,35867,0.1↔0.3,0.813,10.0,предложения,4,метафорический,4388,0.9965
2026-04-05T04:56:06.658366,35912,0.3↔1.0,0.837,0.1,буквы/слоги,2,научный,4389,0.9955
2026-04-05T04:56:07.372343,35926,0.3↔1.0,0.833,100.0,целые тексты,2,научный,4390,0.9945
2026-04-05T04:56:07.475367,35928,0.1↔0.3,0.836,100.0,целые тексты,3,,4391,0.9947
2026-04-05T04:56:07.628367,35931,0.1↔0.3,0.826,3.0,словосочетания,2,научный,4392,0.9949
2026-04-05T04:56:07.781366,35934,0.3↔1.0,0.820,0.1,буквы/слоги,2,научный,4393,0.9951
2026-04-05T04:56:07.832366,35935,0.1↔0.3,0.832,3.0,словосочетания,1,бытовой,4394,0.9953
2026-04-05T04:56:08.548366,35949,0.1↔0.3,0.815,100.0,целые тексты,1,бытовой,4395,0.9949
2026-04-05T04:56:08.803366,35954,0.3↔1.0,0.838,1.0,слова,2,научный,4396,0.9948
2026-04-05T04:56:09.007366,35958,0.3↔1.0,0.834,100.0,целые тексты,1,бытовой,4397,0.9950
2026-04-05T04:56:09.162337,35961,0.1↔0.3,0.825,3.0,словосочетания,2,научный,4398,0.9952
2026-04-05T04:56:09.574341,35969,0.1↔0.3,0.814,0.1,буквы/слоги,3,,4399,0.9954
2026-04-05T04:56:09.842366,35974,0.1↔0.3,0.830,10.0,предложения,1,бытовой,4400,0.9953
2026-04-05T04:56:10.151367,35980,0.3↔1.0,0.834,30.0,абзацы,3,,4401,0.9952
2026-04-05T04:56:10.203367,35981,0.1↔0.3,0.835,10.0,предложения,2,научный,4402,0.9954
2026-04-05T04:56:10.306366,35983,0.3↔1.0,0.827,1.0,слова,1,бытовой,4403,0.9953
2026-04-05T04:56:10.919340,35995,0.3↔1.0,0.825,30.0,абзацы,1,бытовой,4404,0.9952
2026-04-05T04:56:11.328367,36003,0.1↔0.3,0.824,10.0,предложения,3,,4405,0.9948
2026-04-05T04:56:11.397343,36004,0.1↔0.3,0.836,0.3,буквы/слоги,3,,4406,0.9950
2026-04-05T04:56:11.861367,36013,0.3↔1.0,0.825,10.0,предложения,4,метафорический,4407,0.9949
2026-04-05T04:56:12.397367,36022,0.1↔0.3,0.814,100.0,целые тексты,3,,4408,0.9951
2026-04-05T04:56:13.221342,36038,0.1↔0.3,0.829,0.3,буквы/слоги,2,научный,4409,0.9950
2026-04-05T04:56:13.324367,36040,0.3↔1.0,0.810,10.0,предложения,3,,4410,0.9952
2026-04-05T04:56:13.375367,36041,0.1↔0.3,0.814,30.0,абзацы,2,научный,4411,0.9954
2026-04-05T04:56:13.630367,36046,0.3↔1.0,0.831,0.3,буквы/слоги,3,,4412,0.9953
2026-04-05T04:56:13.685341,36047,0.3↔1.0,0.834,0.3,буквы/слоги,2,научный,4413,0.9955
2026-04-05T04:56:14.158367,36056,0.1↔0.3,0.817,3.0,словосочетания,1,бытовой,4414,0.9954
2026-04-05T04:56:14.865367,36069,0.1↔0.3,0.818,100.0,целые тексты,2,научный,4415,0.9956
2026-04-05T04:56:15.264367,36076,0.1↔0.3,0.834,0.1,буквы/слоги,1,бытовой,4416,0.9958
2026-04-05T04:56:15.482367,36080,0.1↔0.3,0.832,0.1,буквы/слоги,3,,4417,0.9960
2026-04-05T04:56:15.560341,36081,0.1↔0.3,0.819,0.1,буквы/слоги,2,научный,4418,0.9962
2026-04-05T04:56:15.842367,36086,0.1↔0.3,0.822,100.0,целые тексты,3,,4419,0.9964
2026-04-05T04:56:16.335341,36095,0.3↔1.0,0.832,1.0,слова,4,метафорический,4420,0.9963
2026-04-05T04:56:16.611367,36100,0.1↔0.3,0.828,100.0,целые тексты,1,бытовой,4421,0.9965
2026-04-05T04:56:17.215368,36111,0.1↔0.3,0.819,30.0,абзацы,4,метафорический,4422,0.9964
2026-04-05T04:56:17.511348,36116,0.1↔0.3,0.817,10.0,предложения,3,,4423,0.9963
2026-04-05T04:56:17.958367,36124,0.1↔0.3,0.835,10.0,предложения,2,научный,4424,0.9962
2026-04-05T04:56:18.171367,36127,0.3↔1.0,0.810,100.0,целые тексты,3,,4425,0.9964
2026-04-05T04:56:19.265367,36146,0.3↔1.0,0.815,3.0,словосочетания,1,бытовой,4426,0.9954
2026-04-05T04:56:19.342344,36147,0.1↔0.3,0.825,30.0,абзацы,1,бытовой,4427,0.9956
2026-04-05T04:56:19.590348,36151,0.1↔0.3,0.817,3.0,словосочетания,1,бытовой,4428,0.9958
2026-04-05T04:56:19.874367,36156,0.1↔0.3,0.823,0.1,буквы/слоги,2,научный,4429,0.9957
2026-04-05T04:56:20.009343,36158,0.1↔0.3,0.833,0.1,буквы/слоги,4,метафорический,4430,0.9956
2026-04-05T04:56:20.060339,36159,0.1↔0.3,0.837,100.0,целые тексты,2,научный,4431,0.9958
2026-04-05T04:56:20.120339,36160,0.3↔1.0,0.833,30.0,абзацы,1,бытовой,4432,0.9960
2026-04-05T04:56:20.773342,36172,0.1↔0.3,0.838,100.0,целые тексты,2,научный,4433,0.9959
2026-04-05T04:56:20.880340,36174,0.1↔0.3,0.813,10.0,предложения,3,,4434,0.9961
2026-04-05T04:56:22.442340,36202,0.1↔0.3,0.837,3.0,словосочетания,3,,4435,0.9957
2026-04-05T04:56:22.882368,36210,0.1↔0.3,0.811,100.0,целые тексты,3,,4436,0.9956
2026-04-05T04:56:24.069345,36231,0.3↔1.0,0.830,10.0,предложения,1,бытовой,4437,0.9946
2026-04-05T04:56:24.412368,36237,0.1↔0.3,0.826,0.1,буквы/слоги,3,,4438,0.9948
2026-04-05T04:56:24.828368,36244,0.1↔0.3,0.810,3.0,словосочетания,2,научный,4439,0.9938
2026-04-05T04:56:24.918350,36245,0.3↔1.0,0.827,0.3,буквы/слоги,3,,4440,0.9940
2026-04-05T04:56:25.145368,36249,0.3↔1.0,0.827,30.0,абзацы,3,,4441,0.9942
2026-04-05T04:56:25.255340,36251,0.1↔0.3,0.808,3.0,словосочетания,2,научный,4442,0.9944
2026-04-05T04:56:26.374368,36272,0.1↔0.3,0.821,10.0,предложения,3,,4443,0.9940
2026-04-05T04:56:26.503341,36274,0.1↔0.3,0.829,0.3,буквы/слоги,3,,4444,0.9942
2026-04-05T04:56:26.711339,36277,0.3↔1.0,0.830,0.3,буквы/слоги,3,,4445,0.9941
2026-04-05T04:56:26.977368,36282,0.1↔0.3,0.829,100.0,целые тексты,3,,4446,0.9943
2026-04-05T04:56:27.346341,36287,0.1↔0.3,0.828,30.0,абзацы,4,метафорический,4447,0.9939
2026-04-05T04:56:27.825349,36295,0.1↔0.3,0.810,0.1,буквы/слоги,2,научный,4448,0.9935
2026-04-05T04:56:27.885343,36296,0.1↔0.3,0.823,10.0,предложения,2,научный,4449,0.9937
2026-04-05T04:56:28.247368,36302,0.1↔0.3,0.823,100.0,целые тексты,1,бытовой,4450,0.9939
2026-04-05T04:56:28.533368,36307,0.3↔1.0,0.834,10.0,предложения,2,научный,4451,0.9941
2026-04-05T04:56:29.286368,36321,0.3↔1.0,0.810,1.0,слова,2,научный,4452,0.9943
2026-04-05T04:56:30.438369,36343,0.1↔0.3,0.831,100.0,целые тексты,3,,4453,0.9945
2026-04-05T04:56:30.492344,36344,0.1↔0.3,0.818,1.0,слова,3,,4454,0.9947
2026-04-05T04:56:30.915368,36352,0.1↔0.3,0.818,30.0,абзацы,4,метафорический,4455,0.9949
2026-04-05T04:56:31.162368,36356,0.3↔1.0,0.814,100.0,целые тексты,3,,4456,0.9951
2026-04-05T04:56:31.367369,36360,0.1↔0.3,0.825,3.0,словосочетания,3,,4457,0.9953
2026-04-05T04:56:31.418344,36361,0.1↔0.3,0.838,0.3,буквы/слоги,3,,4458,0.9955
2026-04-05T04:56:31.530341,36363,0.1↔0.3,0.818,3.0,словосочетания,2,научный,4459,0.9957
2026-04-05T04:56:31.599340,36364,0.3↔1.0,0.811,3.0,словосочетания,1,бытовой,4460,0.9959
2026-04-05T04:56:31.971368,36371,0.3↔1.0,0.825,0.1,буквы/слоги,2,научный,4461,0.9961
2026-04-05T04:56:32.322344,36377,0.1↔0.3,0.825,0.3,буквы/слоги,2,научный,4462,0.9960
2026-04-05T04:56:32.447340,36379,0.3↔1.0,0.820,1.0,слова,1,бытовой,4463,0.9962
2026-04-05T04:56:33.429369,36398,0.1↔0.3,0.808,100.0,целые тексты,4,метафорический,4464,0.9964
2026-04-05T04:56:33.913350,36405,0.1↔0.3,0.817,30.0,абзацы,1,бытовой,4465,0.9960
2026-04-05T04:56:34.962369,36424,0.1↔0.3,0.809,3.0,словосочетания,3,,4466,0.9959
2026-04-05T04:56:35.934369,36441,0.3↔1.0,0.810,0.3,буквы/слоги,3,,4467,0.9958
2026-04-05T04:56:36.139369,36445,0.3↔1.0,0.809,0.1,буквы/слоги,2,научный,4468,0.9960
2026-04-05T04:56:36.593369,36451,0.1↔0.3,0.823,3.0,словосочетания,2,научный,4469,0.9959
2026-04-05T04:56:36.907369,36457,0.1↔0.3,0.823,100.0,целые тексты,1,бытовой,4470,0.9961
2026-04-05T04:56:37.103341,36460,0.3↔1.0,0.810,100.0,целые тексты,1,бытовой,4471,0.9960
2026-04-05T04:56:38.499369,36487,0.1↔0.3,0.813,100.0,целые тексты,1,бытовой,4472,0.9959
2026-04-05T04:56:39.006369,36496,0.1↔0.3,0.813,1.0,слова,1,бытовой,4473,0.9961
2026-04-05T04:56:39.683369,36508,0.3↔1.0,0.821,10.0,предложения,2,научный,4474,0.9957
2026-04-05T04:56:40.973343,36532,0.1↔0.3,0.833,1.0,слова,3,,4475,0.9956
2026-04-05T04:56:41.597341,36543,0.1↔0.3,0.814,100.0,целые тексты,1,бытовой,4476,0.9952
2026-04-05T04:56:42.659345,36562,0.1↔0.3,0.809,3.0,словосочетания,2,научный,4477,0.9951
2026-04-05T04:56:42.974341,36567,0.3↔1.0,0.819,1.0,слова,3,,4478,0.9950
2026-04-05T04:56:43.577370,36578,0.1↔0.3,0.825,0.3,буквы/слоги,1,бытовой,4479,0.9946
2026-04-05T04:56:44.305343,36591,0.1↔0.3,0.812,10.0,предложения,1,бытовой,4480,0.9942
2026-04-05T04:56:44.992370,36604,0.1↔0.3,0.825,0.1,буквы/слоги,2,научный,4481,0.9941
2026-04-05T04:56:45.250370,36609,0.3↔1.0,0.830,3.0,словосочетания,2,научный,4482,0.9943
2026-04-05T04:56:45.588370,36615,0.3↔1.0,0.831,10.0,предложения,1,бытовой,4483,0.9942
2026-04-05T04:56:45.748351,36618,0.1↔0.3,0.838,0.1,буквы/слоги,3,,4484,0.9941
2026-04-05T04:56:47.474370,36650,0.1↔0.3,0.824,10.0,предложения,1,бытовой,4485,0.9937
2026-04-05T04:56:48.165370,36663,0.1↔0.3,0.818,30.0,абзацы,2,научный,4486,0.9939
2026-04-05T04:56:49.379342,36685,0.3↔1.0,0.814,100.0,целые тексты,2,научный,4487,0.9926
2026-04-05T04:56:49.605343,36689,0.3↔1.0,0.826,30.0,абзацы,2,научный,4488,0.9928
2026-04-05T04:56:49.763370,36692,0.1↔0.3,0.824,0.1,буквы/слоги,2,научный,4489,0.9930
2026-04-05T04:56:49.988370,36696,0.1↔0.3,0.818,1.0,слова,1,бытовой,4490,0.9929
2026-04-05T04:56:50.055344,36697,0.1↔0.3,0.824,0.1,буквы/слоги,1,бытовой,4491,0.9931
2026-04-05T04:56:50.160342,36699,0.3↔1.0,0.827,3.0,словосочетания,1,бытовой,4492,0.9933
2026-04-05T04:56:50.302346,36701,0.1↔0.3,0.812,0.1,буквы/слоги,2,научный,4493,0.9935
2026-04-05T04:56:50.782371,36710,0.3↔1.0,0.830,100.0,целые тексты,2,научный,4494,0.9934
2026-04-05T04:56:51.000373,36714,0.1↔0.3,0.829,30.0,абзацы,2,научный,4495,0.9936
2026-04-05T04:56:51.408371,36722,0.1↔0.3,0.836,0.1,буквы/слоги,1,бытовой,4496,0.9938
2026-04-05T04:56:51.586344,36725,0.3↔1.0,0.838,0.1,буквы/слоги,3,,4497,0.9937
2026-04-05T04:56:52.452345,36739,0.1↔0.3,0.825,1.0,слова,1,бытовой,4498,0.9933
2026-04-05T04:56:53.530342,36758,0.3↔1.0,0.810,100.0,целые тексты,3,,4499,0.9929
2026-04-05T04:56:53.823351,36763,0.3↔1.0,0.818,100.0,целые тексты,2,научный,4500,0.9931
2026-04-05T04:56:55.127371,36786,0.1↔0.3,0.837,0.3,буквы/слоги,3,,4501,0.9915
2026-04-05T04:56:55.807347,36798,0.3↔1.0,0.811,30.0,абзацы,1,бытовой,4502,0.9914
2026-04-05T04:56:56.036344,36802,0.1↔0.3,0.837,3.0,словосочетания,4,метафорический,4503,0.9910
2026-04-05T04:56:57.632347,36830,0.3↔1.0,0.822,100.0,целые тексты,1,бытовой,4504,0.9900
2026-04-05T04:56:58.022342,36837,0.1↔0.3,0.828,0.3,буквы/слоги,4,метафорический,4505,0.9899
2026-04-05T04:56:58.087342,36838,0.3↔1.0,0.821,100.0,целые тексты,3,,4506,0.9901
2026-04-05T04:56:58.582342,36847,0.1↔0.3,0.809,30.0,абзацы,3,,4507,0.9900
2026-04-05T04:56:58.766371,36850,0.1↔0.3,0.818,1.0,слова,4,метафорический,4508,0.9902
2026-04-05T04:57:00.246343,36878,0.3↔1.0,0.816,3.0,словосочетания,3,,4509,0.9892
2026-04-05T04:57:00.827371,36889,0.1↔0.3,0.833,30.0,абзацы,1,бытовой,4510,0.9894
2026-04-05T04:57:01.019372,36892,0.3↔1.0,0.809,1.0,слова,1,бытовой,4511,0.9896
2026-04-05T04:57:01.285372,36897,0.1↔0.3,0.831,100.0,целые тексты,1,бытовой,4512,0.9898
2026-04-05T04:57:01.342345,36898,0.1↔0.3,0.830,1.0,слова,3,,4513,0.9900
2026-04-05T04:57:01.995372,36910,0.3↔1.0,0.820,3.0,словосочетания,3,,4514,0.9896
2026-04-05T04:57:02.142343,36912,0.3↔1.0,0.827,30.0,абзацы,2,научный,4515,0.9898
2026-04-05T04:57:02.356372,36916,0.1↔0.3,0.833,100.0,целые тексты,1,бытовой,4516,0.9900
2026-04-05T04:57:02.582346,36920,0.3↔1.0,0.813,3.0,словосочетания,4,метафорический,4517,0.9902
2026-04-05T04:57:02.699347,36921,0.1↔0.3,0.829,1.0,слова,2,научный,4518,0.9904
2026-04-05T04:57:02.999372,36926,0.3↔1.0,0.817,30.0,абзацы,2,научный,4519,0.9903
2026-04-05T04:57:03.284345,36931,0.3↔1.0,0.837,3.0,словосочетания,3,,4520,0.9902
2026-04-05T04:57:03.395343,36933,0.3↔1.0,0.829,10.0,предложения,1,бытовой,4521,0.9904
2026-04-05T04:57:03.526343,36935,0.3↔1.0,0.836,3.0,словосочетания,2,научный,4522,0.9906
2026-04-05T04:57:03.802346,36940,0.1↔0.3,0.827,1.0,слова,1,бытовой,4523,0.9908
2026-04-05T04:57:04.492372,36952,0.3↔1.0,0.830,0.3,буквы/слоги,3,,4524,0.9910
2026-04-05T04:57:04.833343,36958,0.1↔0.3,0.835,1.0,слова,3,,4525,0.9906
2026-04-05T04:57:05.618345,36972,0.3↔1.0,0.823,30.0,абзацы,1,бытовой,4526,0.9896
2026-04-05T04:57:06.168372,36982,0.1↔0.3,0.819,3.0,словосочетания,3,,4527,0.9892
2026-04-05T04:57:06.401373,36985,0.3↔1.0,0.832,0.1,буквы/слоги,1,бытовой,4528,0.9894
2026-04-05T04:57:06.455344,36986,0.3↔1.0,0.814,100.0,целые тексты,4,метафорический,4529,0.9896
2026-04-05T04:57:06.630353,36989,0.3↔1.0,0.812,100.0,целые тексты,4,метафорический,4530,0.9892
2026-04-05T04:57:06.763345,36991,0.3↔1.0,0.826,0.3,буквы/слоги,1,бытовой,4531,0.9894
2026-04-05T04:57:07.183372,36999,0.1↔0.3,0.825,1.0,слова,2,научный,4532,0.9896
2026-04-05T04:57:07.541343,37005,0.1↔0.3,0.817,10.0,предложения,1,бытовой,4533,0.9889
2026-04-05T04:57:07.605345,37006,0.3↔1.0,0.820,30.0,абзацы,3,,4534,0.9891
2026-04-05T04:57:08.334348,37019,0.1↔0.3,0.822,0.1,буквы/слоги,2,научный,4535,0.9884
2026-04-05T04:57:09.354372,37038,0.1↔0.3,0.814,3.0,словосочетания,3,,4536,0.9883
2026-04-05T04:57:09.778373,37046,0.1↔0.3,0.830,1.0,слова,3,,4537,0.9885
2026-04-05T04:57:09.896353,37048,0.1↔0.3,0.821,1.0,слова,2,научный,4538,0.9887
2026-04-05T04:57:10.017348,37050,0.3↔1.0,0.824,0.1,буквы/слоги,3,,4539,0.9889
2026-04-05T04:57:10.361373,37054,0.3↔1.0,0.834,3.0,словосочетания,2,научный,4540,0.9891
2026-04-05T04:57:11.049373,37067,0.3↔1.0,0.826,100.0,целые тексты,1,бытовой,4541,0.9893
2026-04-05T04:57:11.159344,37069,0.1↔0.3,0.809,0.1,буквы/слоги,2,научный,4542,0.9895
2026-04-05T04:57:11.446373,37074,0.1↔0.3,0.810,30.0,абзацы,2,научный,4543,0.9897
2026-04-05T04:57:11.621373,37077,0.3↔1.0,0.823,3.0,словосочетания,1,бытовой,4544,0.9899
2026-04-05T04:57:12.216373,37088,0.1↔0.3,0.837,0.1,буквы/слоги,1,бытовой,4545,0.9898
2026-04-05T04:57:12.898353,37100,0.1↔0.3,0.831,0.1,буквы/слоги,1,бытовой,4546,0.9897
2026-04-05T04:57:13.373373,37109,0.1↔0.3,0.812,10.0,предложения,2,научный,4547,0.9899
2026-04-05T04:57:13.833348,37117,0.1↔0.3,0.812,3.0,словосочетания,2,научный,4548,0.9898
2026-04-05T04:57:14.646345,37132,0.3↔1.0,0.814,0.1,буквы/слоги,1,бытовой,4549,0.9897
2026-04-05T04:57:15.000354,37138,0.1↔0.3,0.813,1.0,слова,2,научный,4550,0.9899
2026-04-05T04:57:16.145373,37159,0.1↔0.3,0.836,0.3,буквы/слоги,3,,4551,0.9898
2026-04-05T04:57:17.410373,37183,0.3↔1.0,0.808,10.0,предложения,1,бытовой,4552,0.9900
2026-04-05T04:57:17.713347,37188,0.3↔1.0,0.828,3.0,словосочетания,4,метафорический,4553,0.9899
2026-04-05T04:57:18.364374,37200,0.1↔0.3,0.829,10.0,предложения,1,бытовой,4554,0.9898
2026-04-05T04:57:18.625373,37204,0.3↔1.0,0.820,100.0,целые тексты,1,бытовой,4555,0.9900
2026-04-05T04:57:19.000348,37211,0.1↔0.3,0.817,0.1,буквы/слоги,2,научный,4556,0.9899
2026-04-05T04:57:19.558349,37220,0.1↔0.3,0.826,0.1,буквы/слоги,3,,4557,0.9895
2026-04-05T04:57:19.700349,37222,0.3↔1.0,0.825,0.3,буквы/слоги,1,бытовой,4558,0.9897
2026-04-05T04:57:21.889373,37264,0.1↔0.3,0.817,0.1,буквы/слоги,1,бытовой,4559,0.9896
2026-04-05T04:57:22.071374,37267,0.1↔0.3,0.823,10.0,предложения,1,бытовой,4560,0.9898
2026-04-05T04:57:22.182345,37269,0.3↔1.0,0.808,0.1,буквы/слоги,1,бытовой,4561,0.9900
2026-04-05T04:57:22.253351,37270,0.1↔0.3,0.835,1.0,слова,3,,4562,0.9902
2026-04-05T04:57:22.375346,37272,0.1↔0.3,0.832,10.0,предложения,3,,4563,0.9904
2026-04-05T04:57:23.078374,37285,0.1↔0.3,0.832,0.3,буквы/слоги,4,метафорический,4564,0.9900
2026-04-05T04:57:23.747374,37297,0.3↔1.0,0.822,1.0,слова,3,,4565,0.9902
2026-04-05T04:57:24.162346,37304,0.1↔0.3,0.830,0.1,буквы/слоги,1,бытовой,4566,0.9904
2026-04-05T04:57:24.355374,37307,0.1↔0.3,0.819,10.0,предложения,1,бытовой,4567,0.9906
2026-04-05T04:57:24.590347,37311,0.1↔0.3,0.831,0.1,буквы/слоги,4,метафорический,4568,0.9908
2026-04-05T04:57:25.075349,37319,0.3↔1.0,0.812,0.3,буквы/слоги,3,,4569,0.9904
2026-04-05T04:57:26.185375,37340,0.1↔0.3,0.825,1.0,слова,3,,4570,0.9903
2026-04-05T04:57:27.160374,37357,0.3↔1.0,0.829,1.0,слова,3,,4571,0.9899
2026-04-05T04:57:27.291346,37359,0.1↔0.3,0.826,3.0,словосочетания,2,научный,4572,0.9901
2026-04-05T04:57:27.368349,37360,0.1↔0.3,0.834,30.0,абзацы,3,,4573,0.9903
2026-04-05T04:57:27.644349,37365,0.3↔1.0,0.831,1.0,слова,1,бытовой,4574,0.9905
2026-04-05T04:57:28.188374,37372,0.1↔0.3,0.836,30.0,абзацы,3,,4575,0.9907
2026-04-05T04:57:28.466349,37376,0.1↔0.3,0.808,10.0,предложения,1,бытовой,4576,0.9909
2026-04-05T04:57:29.345374,37392,0.3↔1.0,0.814,0.1,буквы/слоги,3,,4577,0.9902
2026-04-05T04:57:29.717353,37399,0.3↔1.0,0.820,0.1,буквы/слоги,2,научный,4578,0.9904
2026-04-05T04:57:30.560375,37415,0.3↔1.0,0.831,0.3,буквы/слоги,1,бытовой,4579,0.9906
2026-04-05T04:57:30.699354,37417,0.1↔0.3,0.822,3.0,словосочетания,3,,4580,0.9908
2026-04-05T04:57:31.817375,37438,0.1↔0.3,0.827,100.0,целые тексты,2,научный,4581,0.9907
2026-04-05T04:57:32.100375,37443,0.3↔1.0,0.817,0.3,буквы/слоги,4,метафорический,4582,0.9906
2026-04-05T04:57:32.465375,37450,0.3↔1.0,0.813,0.3,буквы/слоги,1,бытовой,4583,0.9908
2026-04-05T04:57:33.152375,37463,0.3↔1.0,0.823,0.3,буквы/слоги,4,метафорический,4584,0.9910
2026-04-05T04:57:33.351350,37466,0.1↔0.3,0.828,0.3,буквы/слоги,3,,4585,0.9912
2026-04-05T04:57:33.884375,37476,0.1↔0.3,0.829,30.0,абзацы,3,,4586,0.9914
2026-04-05T04:57:34.995375,37496,0.1↔0.3,0.817,3.0,словосочетания,1,бытовой,4587,0.9907
2026-04-05T04:57:35.495375,37504,0.1↔0.3,0.811,30.0,абзацы,2,научный,4588,0.9900
2026-04-05T04:57:36.521375,37522,0.3↔1.0,0.829,3.0,словосочетания,4,метафорический,4589,0.9899
2026-04-05T04:57:36.687350,37525,0.1↔0.3,0.823,1.0,слова,1,бытовой,4590,0.9901
2026-04-05T04:57:36.861347,37528,0.3↔1.0,0.817,3.0,словосочетания,1,бытовой,4591,0.9900
2026-04-05T04:57:37.339348,37536,0.1↔0.3,0.813,30.0,абзацы,4,метафорический,4592,0.9893
2026-04-05T04:57:38.582375,37560,0.1↔0.3,0.815,0.1,буквы/слоги,1,бытовой,4593,0.9895
2026-04-05T04:57:40.007376,37586,0.3↔1.0,0.817,3.0,словосочетания,1,бытовой,4594,0.9888
2026-04-05T04:57:40.063347,37587,0.1↔0.3,0.827,1.0,слова,2,научный,4595,0.9890
2026-04-05T04:57:40.183348,37589,0.1↔0.3,0.817,30.0,абзацы,2,научный,4596,0.9892
2026-04-05T04:57:40.778375,37599,0.1↔0.3,0.836,0.1,буквы/слоги,3,,4597,0.9888
2026-04-05T04:57:40.835347,37600,0.3↔1.0,0.817,100.0,целые тексты,2,научный,4598,0.9890
2026-04-05T04:57:40.952347,37602,0.1↔0.3,0.812,30.0,абзацы,2,научный,4599,0.9892
2026-04-05T04:57:41.334376,37609,0.3↔1.0,0.826,1.0,слова,2,научный,4600,0.9894
2026-04-05T04:57:41.486352,37611,0.3↔1.0,0.826,3.0,словосочетания,3,,4601,0.9896
2026-04-05T04:57:41.658351,37614,0.3↔1.0,0.835,30.0,абзацы,2,научный,4602,0.9898
2026-04-05T04:57:41.776347,37616,0.1↔0.3,0.834,1.0,слова,1,бытовой,4603,0.9900
2026-04-05T04:57:43.805376,37653,0.1↔0.3,0.829,30.0,абзацы,1,бытовой,4604,0.9893
2026-04-05T04:57:44.609376,37668,0.1↔0.3,0.809,100.0,целые тексты,1,бытовой,4605,0.9895
2026-04-05T04:57:44.966376,37674,0.1↔0.3,0.838,30.0,абзацы,4,метафорический,4606,0.9897
2026-04-05T04:57:45.345351,37681,0.1↔0.3,0.810,30.0,абзацы,3,,4607,0.9899
2026-04-05T04:57:45.963376,37692,0.1↔0.3,0.818,0.3,буквы/слоги,1,бытовой,4608,0.9895
2026-04-05T04:57:46.566357,37703,0.3↔1.0,0.837,0.3,буквы/слоги,1,бытовой,4609,0.9891
2026-04-05T04:57:46.865347,37708,0.1↔0.3,0.808,30.0,абзацы,1,бытовой,4610,0.9890
2026-04-05T04:57:47.407376,37718,0.3↔1.0,0.825,3.0,словосочетания,3,,4611,0.9889
2026-04-05T04:57:47.516350,37720,0.3↔1.0,0.818,10.0,предложения,3,,4612,0.9891
2026-04-05T04:57:48.149357,37731,0.1↔0.3,0.811,10.0,предложения,1,бытовой,4613,0.9890
2026-04-05T04:57:49.044350,37748,0.1↔0.3,0.828,3.0,словосочетания,3,,4614,0.9886
2026-04-05T04:57:49.544377,37757,0.3↔1.0,0.821,0.1,буквы/слоги,2,научный,4615,0.9888
2026-04-05T04:57:49.722377,37760,0.3↔1.0,0.816,30.0,абзацы,4,метафорический,4616,0.9890
2026-04-05T04:57:49.953376,37764,0.1↔0.3,0.826,100.0,целые тексты,3,,4617,0.9892
2026-04-05T04:57:50.638377,37776,0.1↔0.3,0.825,10.0,предложения,1,бытовой,4618,0.9891
2026-04-05T04:57:51.533377,37792,0.3↔1.0,0.814,3.0,словосочетания,4,метафорический,4619,0.9890
2026-04-05T04:57:52.828377,37816,0.1↔0.3,0.837,100.0,целые тексты,2,научный,4620,0.9886
2026-04-05T04:57:52.885348,37817,0.1↔0.3,0.819,0.3,буквы/слоги,1,бытовой,4621,0.9888
2026-04-05T04:57:53.623377,37831,0.1↔0.3,0.820,30.0,абзацы,1,бытовой,4622,0.9890
2026-04-05T04:57:54.320377,37841,0.3↔1.0,0.808,0.3,буквы/слоги,1,бытовой,4623,0.9892
2026-04-05T04:57:54.984377,37853,0.1↔0.3,0.825,100.0,целые тексты,1,бытовой,4624,0.9894
2026-04-05T04:57:56.181376,37875,0.1↔0.3,0.831,100.0,целые тексты,4,метафорический,4625,0.9887
2026-04-05T04:57:57.330355,37895,0.1↔0.3,0.825,30.0,абзацы,2,научный,4626,0.9880
2026-04-05T04:57:57.793377,37902,0.3↔1.0,0.814,3.0,словосочетания,3,,4627,0.9879
2026-04-05T04:57:57.976377,37905,0.1↔0.3,0.813,0.3,буквы/слоги,4,метафорический,4628,0.9881
2026-04-05T04:57:58.272348,37910,0.1↔0.3,0.812,30.0,абзацы,1,бытовой,4629,0.9883
2026-04-05T04:57:58.600358,37915,0.3↔1.0,0.820,0.1,буквы/слоги,2,научный,4630,0.9885
2026-04-05T04:57:58.758377,37918,0.3↔1.0,0.831,0.1,буквы/слоги,1,бытовой,4631,0.9887
2026-04-05T04:57:59.435377,37930,0.1↔0.3,0.825,100.0,целые тексты,1,бытовой,4632,0.9883
2026-04-05T04:58:00.062349,37941,0.3↔1.0,0.833,3.0,словосочетания,4,метафорический,4633,0.9879
2026-04-05T04:58:00.478378,37948,0.1↔0.3,0.822,30.0,абзацы,2,научный,4634,0.9878
2026-04-05T04:58:01.064378,37959,0.1↔0.3,0.814,30.0,абзацы,3,,4635,0.9877
2026-04-05T04:58:01.240378,37962,0.1↔0.3,0.833,1.0,слова,2,научный,4636,0.9879
2026-04-05T04:58:01.856353,37974,0.1↔0.3,0.836,0.1,буквы/слоги,1,бытовой,4637,0.9881
2026-04-05T04:58:02.212378,37980,0.1↔0.3,0.837,30.0,абзацы,2,научный,4638,0.9880
2026-04-05T04:58:02.710378,37989,0.1↔0.3,0.812,100.0,целые тексты,4,метафорический,4639,0.9879
2026-04-05T04:58:02.949349,37993,0.1↔0.3,0.828,100.0,целые тексты,2,научный,4640,0.9878
2026-04-05T04:58:03.259378,37997,0.1↔0.3,0.829,100.0,целые тексты,2,научный,4641,0.9880
2026-04-05T04:58:03.682352,38005,0.1↔0.3,0.822,0.3,буквы/слоги,4,метафорический,4642,0.9882
2026-04-05T04:58:03.736350,38006,0.1↔0.3,0.824,3.0,словосочетания,2,научный,4643,0.9884
2026-04-05T04:58:03.793350,38007,0.1↔0.3,0.821,100.0,целые тексты,3,,4644,0.9886
2026-04-05T04:58:04.080378,38012,0.3↔1.0,0.817,0.3,буквы/слоги,2,научный,4645,0.9888
2026-04-05T04:58:04.159354,38013,0.1↔0.3,0.821,100.0,целые тексты,3,,4646,0.9890
2026-04-05T04:58:04.232358,38014,0.1↔0.3,0.821,100.0,целые тексты,3,,4647,0.9892
2026-04-05T04:58:05.252355,38033,0.3↔1.0,0.816,1.0,слова,3,,4648,0.9891
2026-04-05T04:58:05.309357,38034,0.3↔1.0,0.813,0.1,буквы/слоги,1,бытовой,4649,0.9893
2026-04-05T04:58:05.617379,38040,0.1↔0.3,0.830,10.0,предложения,3,,4650,0.9895
2026-04-05T04:58:05.881378,38044,0.3↔1.0,0.828,0.3,буквы/слоги,1,бытовой,4651,0.9897
2026-04-05T04:58:06.990378,38065,0.1↔0.3,0.819,0.3,буквы/слоги,1,бытовой,4652,0.9893
2026-04-05T04:58:07.129350,38067,0.3↔1.0,0.837,100.0,целые тексты,3,,4653,0.9895
2026-04-05T04:58:07.826378,38079,0.3↔1.0,0.814,3.0,словосочетания,3,,4654,0.9891
2026-04-05T04:58:08.106378,38084,0.3↔1.0,0.828,30.0,абзацы,1,бытовой,4655,0.9890
2026-04-05T04:58:08.544349,38091,0.3↔1.0,0.832,100.0,целые тексты,3,,4656,0.9886
2026-04-05T04:58:08.757378,38095,0.3↔1.0,0.837,0.1,буквы/слоги,1,бытовой,4657,0.9888
2026-04-05T04:58:08.860362,38097,0.1↔0.3,0.825,0.1,буквы/слоги,3,,4658,0.9890
2026-04-05T04:58:09.080379,38101,0.3↔1.0,0.830,0.3,буквы/слоги,1,бытовой,4659,0.9892
2026-04-05T04:58:09.226353,38103,0.1↔0.3,0.813,100.0,целые тексты,2,научный,4660,0.9894
2026-04-05T04:58:09.289354,38104,0.3↔1.0,0.826,100.0,целые тексты,2,научный,4661,0.9896
2026-04-05T04:58:09.519353,38108,0.1↔0.3,0.828,10.0,предложения,1,бытовой,4662,0.9898
2026-04-05T04:58:09.664350,38110,0.3↔1.0,0.827,0.1,буквы/слоги,1,бытовой,4663,0.9900
2026-04-05T04:58:09.894379,38114,0.1↔0.3,0.832,30.0,абзацы,3,,4664,0.9899
2026-04-05T04:58:09.946350,38115,0.3↔1.0,0.812,100.0,целые тексты,3,,4665,0.9901
2026-04-05T04:58:10.064350,38117,0.1↔0.3,0.838,1.0,слова,1,бытовой,4666,0.9903
2026-04-05T04:58:10.209350,38119,0.1↔0.3,0.826,30.0,абзацы,4,метафорический,4667,0.9905
2026-04-05T04:58:10.905378,38131,0.1↔0.3,0.835,100.0,целые тексты,2,научный,4668,0.9904
2026-04-05T04:58:11.124379,38135,0.1↔0.3,0.831,30.0,абзацы,2,научный,4669,0.9906
2026-04-05T04:58:11.460379,38141,0.3↔1.0,0.827,0.1,буквы/слоги,1,бытовой,4670,0.9908
2026-04-05T04:58:12.011353,38151,0.1↔0.3,0.833,10.0,предложения,3,,4671,0.9907
2026-04-05T04:58:12.187353,38154,0.1↔0.3,0.829,0.3,буквы/слоги,2,научный,4672,0.9909
2026-04-05T04:58:12.295350,38156,0.1↔0.3,0.825,3.0,словосочетания,1,бытовой,4673,0.9911
2026-04-05T04:58:12.376356,38157,0.3↔1.0,0.828,100.0,целые тексты,2,научный,4674,0.9913
2026-04-05T04:58:13.133379,38171,0.1↔0.3,0.817,1.0,слова,3,,4675,0.9912
2026-04-05T04:58:13.438379,38176,0.1↔0.3,0.811,100.0,целые тексты,2,научный,4676,0.9914
2026-04-05T04:58:13.550351,38178,0.1↔0.3,0.831,0.3,буквы/слоги,2,научный,4677,0.9916
2026-04-05T04:58:13.824379,38183,0.3↔1.0,0.810,1.0,слова,1,бытовой,4678,0.9918
2026-04-05T04:58:15.125355,38207,0.1↔0.3,0.825,0.3,буквы/слоги,4,метафорический,4679,0.9917
2026-04-05T04:58:15.916379,38222,0.1↔0.3,0.826,0.1,буквы/слоги,4,метафорический,4680,0.9919
2026-04-05T04:58:16.039356,38224,0.1↔0.3,0.819,10.0,предложения,2,научный,4681,0.9921
2026-04-05T04:58:16.531379,38233,0.3↔1.0,0.829,0.1,буквы/слоги,2,научный,4682,0.9923
2026-04-05T04:58:18.136379,38263,0.1↔0.3,0.827,0.1,буквы/слоги,2,научный,4683,0.9916
2026-04-05T04:58:18.776379,38273,0.1↔0.3,0.829,0.3,буквы/слоги,2,научный,4684,0.9912
2026-04-05T04:58:19.168379,38280,0.1↔0.3,0.820,3.0,словосочетания,3,,4685,0.9914
2026-04-05T04:58:20.433379,38304,0.3↔1.0,0.809,100.0,целые тексты,1,бытовой,4686,0.9913
2026-04-05T04:58:20.538351,38306,0.1↔0.3,0.835,0.3,буквы/слоги,3,,4687,0.9915
2026-04-05T04:58:20.735351,38309,0.1↔0.3,0.833,3.0,словосочетания,3,,4688,0.9914
2026-04-05T04:58:20.955379,38312,0.3↔1.0,0.820,30.0,абзацы,3,,4689,0.9916
2026-04-05T04:58:21.224356,38317,0.1↔0.3,0.836,10.0,предложения,2,научный,4690,0.9918
2026-04-05T04:58:21.317358,38318,0.3↔1.0,0.837,0.3,буквы/слоги,4,метафорический,4691,0.9920
2026-04-05T04:58:21.666361,38324,0.3↔1.0,0.830,100.0,целые тексты,1,бытовой,4692,0.9922
2026-04-05T04:58:21.931379,38327,0.3↔1.0,0.823,0.3,буквы/слоги,1,бытовой,4693,0.9924
2026-04-05T04:58:22.174380,38331,0.1↔0.3,0.819,3.0,словосочетания,3,,4694,0.9926
2026-04-05T04:58:22.225351,38332,0.3↔1.0,0.825,0.3,буквы/слоги,4,метафорический,4695,0.9928
2026-04-05T04:58:22.498360,38337,0.1↔0.3,0.833,0.3,буквы/слоги,3,,4696,0.9930
2026-04-05T04:58:22.559356,38338,0.1↔0.3,0.823,10.0,предложения,3,,4697,0.9932
2026-04-05T04:58:22.630355,38339,0.1↔0.3,0.814,100.0,целые тексты,1,бытовой,4698,0.9934
2026-04-05T04:58:23.571356,38355,0.1↔0.3,0.817,30.0,абзацы,4,метафорический,4699,0.9921
2026-04-05T04:58:23.900361,38361,0.1↔0.3,0.813,1.0,слова,2,научный,4700,0.9923
2026-04-05T04:58:24.114352,38365,0.1↔0.3,0.822,0.1,буквы/слоги,2,научный,4701,0.9922
2026-04-05T04:58:24.417357,38370,0.1↔0.3,0.809,0.3,буквы/слоги,3,,4702,0.9921
2026-04-05T04:58:25.150359,38383,0.1↔0.3,0.809,3.0,словосочетания,2,научный,4703,0.9911
2026-04-05T04:58:25.227351,38384,0.1↔0.3,0.827,100.0,целые тексты,1,бытовой,4704,0.9913
2026-04-05T04:58:25.454380,38388,0.3↔1.0,0.821,3.0,словосочетания,1,бытовой,4705,0.9915
2026-04-05T04:58:25.774380,38394,0.1↔0.3,0.821,10.0,предложения,1,бытовой,4706,0.9917
2026-04-05T04:58:25.856358,38395,0.3↔1.0,0.828,30.0,абзацы,1,бытовой,4707,0.9919
2026-04-05T04:58:26.885357,38413,0.3↔1.0,0.829,0.3,буквы/слоги,3,,4708,0.9918
2026-04-05T04:58:27.102354,38417,0.1↔0.3,0.814,1.0,слова,3,,4709,0.9920
2026-04-05T04:58:27.262354,38420,0.1↔0.3,0.811,10.0,предложения,4,метафорический,4710,0.9922
2026-04-05T04:58:27.323351,38421,0.3↔1.0,0.837,0.3,буквы/слоги,3,,4711,0.9924
2026-04-05T04:58:28.710355,38446,0.1↔0.3,0.808,0.3,буквы/слоги,1,бытовой,4712,0.9914
2026-04-05T04:58:28.778358,38447,0.1↔0.3,0.824,0.1,буквы/слоги,3,,4713,0.9916
2026-04-05T04:58:29.498381,38460,0.1↔0.3,0.824,30.0,абзацы,4,метафорический,4714,0.9912
2026-04-05T04:58:29.728380,38464,0.3↔1.0,0.836,0.3,буквы/слоги,1,бытовой,4715,0.9914
2026-04-05T04:58:30.563380,38479,0.3↔1.0,0.815,10.0,предложения,3,,4716,0.9907
2026-04-05T04:58:31.202355,38491,0.1↔0.3,0.829,10.0,предложения,4,метафорический,4717,0.9903
2026-04-05T04:58:31.941381,38505,0.1↔0.3,0.813,0.1,буквы/слоги,1,бытовой,4718,0.9905
2026-04-05T04:58:32.446356,38514,0.1↔0.3,0.830,1.0,слова,2,научный,4719,0.9904
2026-04-05T04:58:32.716381,38519,0.1↔0.3,0.818,30.0,абзацы,1,бытовой,4720,0.9906
2026-04-05T04:58:32.937381,38523,0.1↔0.3,0.823,0.3,буквы/слоги,3,,4721,0.9905
2026-04-05T04:58:33.771381,38539,0.3↔1.0,0.814,30.0,абзацы,2,научный,4722,0.9904
2026-04-05T04:58:33.883356,38540,0.3↔1.0,0.835,3.0,словосочетания,2,научный,4723,0.9906
2026-04-05T04:58:34.385381,38548,0.1↔0.3,0.812,3.0,словосочетания,3,,4724,0.9905
2026-04-05T04:58:34.462360,38549,0.1↔0.3,0.830,100.0,целые тексты,2,научный,4725,0.9907
2026-04-05T04:58:34.533358,38550,0.3↔1.0,0.825,100.0,целые тексты,1,бытовой,4726,0.9909
2026-04-05T04:58:34.597356,38551,0.1↔0.3,0.827,0.1,буквы/слоги,3,,4727,0.9911
2026-04-05T04:58:34.725354,38553,0.3↔1.0,0.829,0.1,буквы/слоги,1,бытовой,4728,0.9913
2026-04-05T04:58:35.244353,38562,0.1↔0.3,0.809,100.0,целые тексты,4,метафорический,4729,0.9912
2026-04-05T04:58:35.750359,38571,0.3↔1.0,0.829,30.0,абзацы,2,научный,4730,0.9914
2026-04-05T04:58:35.962381,38575,0.1↔0.3,0.821,10.0,предложения,2,научный,4731,0.9916
2026-04-05T04:58:36.132381,38578,0.1↔0.3,0.813,0.3,буквы/слоги,3,,4732,0.9918
2026-04-05T04:58:36.207358,38579,0.3↔1.0,0.827,30.0,абзацы,1,бытовой,4733,0.9920
2026-04-05T04:58:36.273354,38580,0.3↔1.0,0.820,0.1,буквы/слоги,2,научный,4734,0.9922
2026-04-05T04:58:37.323361,38599,0.1↔0.3,0.835,0.1,буквы/слоги,3,,4735,0.9915
2026-04-05T04:58:38.189354,38613,0.1↔0.3,0.811,10.0,предложения,2,научный,4736,0.9911
2026-04-05T04:58:38.726362,38623,0.3↔1.0,0.834,100.0,целые тексты,1,бытовой,4737,0.9913
2026-04-05T04:58:39.291356,38632,0.1↔0.3,0.811,3.0,словосочетания,2,научный,4738,0.9912
2026-04-05T04:58:39.557357,38637,0.1↔0.3,0.822,3.0,словосочетания,2,научный,4739,0.9914
2026-04-05T04:58:40.241357,38648,0.3↔1.0,0.811,1.0,слова,3,,4740,0.9907
2026-04-05T04:58:41.361362,38669,0.1↔0.3,0.811,0.1,буквы/слоги,1,бытовой,4741,0.9906
2026-04-05T04:58:41.600381,38673,0.1↔0.3,0.831,30.0,абзацы,4,метафорический,4742,0.9908
2026-04-05T04:58:41.776382,38676,0.1↔0.3,0.833,0.3,буквы/слоги,1,бытовой,4743,0.9910
2026-04-05T04:58:41.856357,38677,0.3↔1.0,0.826,100.0,целые тексты,4,метафорический,4744,0.9912
2026-04-05T04:58:42.647357,38692,0.1↔0.3,0.809,0.3,буквы/слоги,4,метафорический,4745,0.9914
2026-04-05T04:58:43.237382,38702,0.1↔0.3,0.827,0.1,буквы/слоги,3,,4746,0.9913
2026-04-05T04:58:43.662357,38709,0.1↔0.3,0.836,0.1,буквы/слоги,1,бытовой,4747,0.9915
2026-04-05T04:58:44.013353,38714,0.1↔0.3,0.834,100.0,целые тексты,2,научный,4748,0.9914
2026-04-05T04:58:44.670359,38726,0.3↔1.0,0.827,0.3,буквы/слоги,3,,4749,0.9916
2026-04-05T04:58:45.452382,38740,0.3↔1.0,0.822,0.3,буквы/слоги,2,научный,4750,0.9915
2026-04-05T04:58:46.167357,38753,0.1↔0.3,0.819,30.0,абзацы,1,бытовой,4751,0.9917
2026-04-05T04:58:46.891362,38765,0.1↔0.3,0.825,3.0,словосочетания,1,бытовой,4752,0.9916
2026-04-05T04:58:47.593363,38777,0.1↔0.3,0.822,100.0,целые тексты,4,метафорический,4753,0.9912
2026-04-05T04:58:47.823358,38780,0.1↔0.3,0.836,100.0,целые тексты,2,научный,4754,0.9911
2026-04-05T04:58:48.215363,38787,0.1↔0.3,0.817,0.1,буквы/слоги,3,,4755,0.9913
2026-04-05T04:58:48.543383,38793,0.1↔0.3,0.818,3.0,словосочетания,3,,4756,0.9915
2026-04-05T04:58:48.887382,38799,0.3↔1.0,0.812,0.3,буквы/слоги,3,,4757,0.9917
2026-04-05T04:58:49.420382,38808,0.1↔0.3,0.813,0.1,буквы/слоги,2,научный,4758,0.9913
2026-04-05T04:58:49.489359,38809,0.1↔0.3,0.829,1.0,слова,1,бытовой,4759,0.9915
2026-04-05T04:58:49.576361,38810,0.1↔0.3,0.815,0.1,буквы/слоги,3,,4760,0.9917
2026-04-05T04:58:49.720358,38811,0.3↔1.0,0.808,0.1,буквы/слоги,1,бытовой,4761,0.9919
2026-04-05T04:58:52.060363,38853,0.1↔0.3,0.830,100.0,целые тексты,3,,4762,0.9912
2026-04-05T04:58:53.907383,38887,0.3↔1.0,0.835,100.0,целые тексты,3,,4763,0.9902
2026-04-05T04:58:54.061383,38890,0.1↔0.3,0.817,1.0,слова,2,научный,4764,0.9904
2026-04-05T04:58:54.311354,38894,0.3↔1.0,0.834,3.0,словосочетания,3,,4765,0.9903
2026-04-05T04:58:54.591383,38899,0.1↔0.3,0.830,10.0,предложения,1,бытовой,4766,0.9905
2026-04-05T04:58:55.440383,38915,0.1↔0.3,0.830,10.0,предложения,3,,4767,0.9904
2026-04-05T04:58:55.600364,38918,0.3↔1.0,0.831,1.0,слова,2,научный,4768,0.9906
2026-04-05T04:58:56.423364,38933,0.1↔0.3,0.821,0.1,буквы/слоги,3,,4769,0.9899
2026-04-05T04:58:56.856383,38941,0.1↔0.3,0.822,1.0,слова,2,научный,4770,0.9898
2026-04-05T04:58:57.080355,38945,0.1↔0.3,0.811,10.0,предложения,1,бытовой,4771,0.9897
2026-04-05T04:58:58.192383,38966,0.3↔1.0,0.834,100.0,целые тексты,1,бытовой,4772,0.9896
2026-04-05T04:58:58.968383,38980,0.3↔1.0,0.832,30.0,абзацы,3,,4773,0.9898
2026-04-05T04:58:59.346384,38987,0.3↔1.0,0.838,10.0,предложения,3,,4774,0.9900
2026-04-05T04:58:59.503359,38989,0.3↔1.0,0.815,30.0,абзацы,3,,4775,0.9902
2026-04-05T04:59:00.387384,39006,0.3↔1.0,0.810,1.0,слова,1,бытовой,4776,0.9904
2026-04-05T04:59:00.470360,39007,0.1↔0.3,0.835,3.0,словосочетания,2,научный,4777,0.9906
2026-04-05T04:59:00.662355,39010,0.3↔1.0,0.810,3.0,словосочетания,1,бытовой,4778,0.9905
2026-04-05T04:59:01.198384,39020,0.1↔0.3,0.814,100.0,целые тексты,2,научный,4779,0.9904
2026-04-05T04:59:01.373359,39023,0.1↔0.3,0.818,30.0,абзацы,2,научный,4780,0.9906
2026-04-05T04:59:01.801357,39031,0.1↔0.3,0.818,10.0,предложения,2,научный,4781,0.9905
2026-04-05T04:59:01.866359,39032,0.1↔0.3,0.826,0.3,буквы/слоги,3,,4782,0.9907
2026-04-05T04:59:01.933355,39033,0.3↔1.0,0.811,0.3,буквы/слоги,3,,4783,0.9909
2026-04-05T04:59:02.607384,39046,0.1↔0.3,0.820,0.3,буквы/слоги,4,метафорический,4784,0.9911
2026-04-05T04:59:02.771384,39049,0.3↔1.0,0.824,10.0,предложения,2,научный,4785,0.9913
2026-04-05T04:59:03.196384,39057,0.1↔0.3,0.809,3.0,словосочетания,2,научный,4786,0.9915
2026-04-05T04:59:04.501360,39080,0.1↔0.3,0.814,1.0,слова,3,,4787,0.9902
2026-04-05T04:59:05.214384,39093,0.1↔0.3,0.827,10.0,предложения,3,,4788,0.9901
2026-04-05T04:59:05.679384,39102,0.1↔0.3,0.817,30.0,абзацы,1,бытовой,4789,0.9903
2026-04-05T04:59:06.796362,39123,0.1↔0.3,0.815,30.0,абзацы,4,метафорический,4790,0.9896
2026-04-05T04:59:07.215384,39131,0.3↔1.0,0.833,30.0,абзацы,2,научный,4791,0.9898
2026-04-05T04:59:07.345359,39133,0.3↔1.0,0.823,100.0,целые тексты,2,научный,4792,0.9900
2026-04-05T04:59:08.366360,39152,0.1↔0.3,0.838,3.0,словосочетания,2,научный,4793,0.9896
2026-04-05T04:59:08.529356,39155,0.1↔0.3,0.831,0.1,буквы/слоги,3,,4794,0.9895
2026-04-05T04:59:10.769384,39198,0.1↔0.3,0.832,0.3,буквы/слоги,1,бытовой,4795,0.9891
2026-04-05T04:59:10.849362,39199,0.3↔1.0,0.833,30.0,абзацы,3,,4796,0.9893
2026-04-05T04:59:11.430365,39210,0.1↔0.3,0.824,0.3,буквы/слоги,1,бытовой,4797,0.9895
2026-04-05T04:59:11.708366,39215,0.3↔1.0,0.809,1.0,слова,3,,4798,0.9897
2026-04-05T04:59:11.893361,39218,0.1↔0.3,0.834,1.0,слова,3,,4799,0.9899
2026-04-05T04:59:12.121385,39220,0.1↔0.3,0.829,1.0,слова,4,метафорический,4800,0.9901
2026-04-05T04:59:12.627384,39229,0.1↔0.3,0.837,0.3,буквы/слоги,2,научный,4801,0.9900
2026-04-05T04:59:14.520385,39263,0.1↔0.3,0.812,30.0,абзацы,1,бытовой,4802,0.9884
2026-04-05T04:59:15.180366,39274,0.1↔0.3,0.817,0.1,буквы/слоги,3,,4803,0.9877
2026-04-05T04:59:15.238356,39275,0.3↔1.0,0.822,10.0,предложения,2,научный,4804,0.9879
2026-04-05T04:59:15.419357,39278,0.3↔1.0,0.822,0.3,буквы/слоги,2,научный,4805,0.9878
2026-04-05T04:59:15.474356,39279,0.1↔0.3,0.818,100.0,целые тексты,2,научный,4806,0.9880
2026-04-05T04:59:15.602362,39281,0.3↔1.0,0.834,3.0,словосочетания,3,,4807,0.9879
2026-04-05T04:59:16.030385,39289,0.1↔0.3,0.828,3.0,словосочетания,1,бытовой,4808,0.9878
2026-04-05T04:59:17.056385,39307,0.3↔1.0,0.824,0.1,буквы/слоги,2,научный,4809,0.9874
2026-04-05T04:59:18.876361,39339,0.3↔1.0,0.836,10.0,предложения,1,бытовой,4810,0.9870
2026-04-05T04:59:19.338360,39346,0.3↔1.0,0.818,30.0,абзацы,1,бытовой,4811,0.9869
2026-04-05T04:59:19.574385,39350,0.3↔1.0,0.837,1.0,слова,3,,4812,0.9871
2026-04-05T04:59:19.906385,39356,0.3↔1.0,0.816,1.0,слова,4,метафорический,4813,0.9873
2026-04-05T04:59:20.028357,39358,0.1↔0.3,0.823,30.0,абзацы,1,бытовой,4814,0.9875
2026-04-05T04:59:20.737386,39371,0.1↔0.3,0.836,30.0,абзацы,3,,4815,0.9874
2026-04-05T04:59:21.132386,39377,0.3↔1.0,0.835,0.3,буквы/слоги,4,метафорический,4816,0.9873
2026-04-05T04:59:21.438386,39383,0.1↔0.3,0.818,30.0,абзацы,3,,4817,0.9875
2026-04-05T04:59:21.840386,39390,0.1↔0.3,0.814,30.0,абзацы,1,бытовой,4818,0.9874
2026-04-05T04:59:22.032367,39393,0.3↔1.0,0.813,30.0,абзацы,3,,4819,0.9876
2026-04-05T04:59:22.090364,39394,0.1↔0.3,0.829,0.3,буквы/слоги,3,,4820,0.9878
2026-04-05T04:59:22.463365,39401,0.1↔0.3,0.831,3.0,словосочетания,2,научный,4821,0.9880
2026-04-05T04:59:23.401358,39419,0.3↔1.0,0.838,100.0,целые тексты,1,бытовой,4822,0.9882
2026-04-05T04:59:23.696367,39424,0.1↔0.3,0.825,30.0,абзацы,3,,4823,0.9884
2026-04-05T04:59:23.876386,39427,0.1↔0.3,0.828,10.0,предложения,2,научный,4824,0.9886
2026-04-05T04:59:24.138386,39432,0.1↔0.3,0.810,30.0,абзацы,1,бытовой,4825,0.9888
2026-04-05T04:59:24.281360,39434,0.1↔0.3,0.822,30.0,абзацы,3,,4826,0.9890
2026-04-05T04:59:25.101367,39449,0.3↔1.0,0.814,1.0,слова,1,бытовой,4827,0.9889
2026-04-05T04:59:25.503386,39456,0.3↔1.0,0.811,30.0,абзацы,2,научный,4828,0.9888
2026-04-05T04:59:26.498367,39473,0.1↔0.3,0.826,30.0,абзацы,2,научный,4829,0.9881
2026-04-05T04:59:27.327367,39488,0.1↔0.3,0.809,30.0,абзацы,3,,4830,0.9880
2026-04-05T04:59:27.770386,39496,0.1↔0.3,0.808,0.1,буквы/слоги,1,бытовой,4831,0.9879
2026-04-05T04:59:27.886367,39498,0.1↔0.3,0.831,0.3,буквы/слоги,4,метафорический,4832,0.9881
2026-04-05T04:59:28.254363,39503,0.3↔1.0,0.827,30.0,абзацы,3,,4833,0.9880
2026-04-05T04:59:28.474367,39507,0.3↔1.0,0.813,0.3,буквы/слоги,3,,4834,0.9882
2026-04-05T04:59:28.584367,39509,0.3↔1.0,0.817,0.3,буквы/слоги,1,бытовой,4835,0.9884
2026-04-05T04:59:29.201365,39520,0.1↔0.3,0.822,30.0,абзацы,2,научный,4836,0.9880
2026-04-05T04:59:29.276362,39521,0.1↔0.3,0.817,0.1,буквы/слоги,2,научный,4837,0.9882
2026-04-05T04:59:29.509386,39525,0.1↔0.3,0.812,3.0,словосочетания,2,научный,4838,0.9884
2026-04-05T04:59:29.709358,39528,0.3↔1.0,0.812,1.0,слова,2,научный,4839,0.9883
2026-04-05T04:59:30.644387,39545,0.1↔0.3,0.827,1.0,слова,2,научный,4840,0.9882
2026-04-05T04:59:30.703364,39546,0.3↔1.0,0.827,0.1,буквы/слоги,2,научный,4841,0.9884
2026-04-05T04:59:30.828365,39548,0.3↔1.0,0.828,0.1,буквы/слоги,3,,4842,0.9886
2026-04-05T04:59:31.790364,39564,0.1↔0.3,0.835,0.1,буквы/слоги,3,,4843,0.9879
2026-04-05T04:59:31.974387,39567,0.3↔1.0,0.813,0.3,буквы/слоги,3,,4844,0.9881
2026-04-05T04:59:32.025363,39568,0.1↔0.3,0.812,100.0,целые тексты,4,метафорический,4845,0.9883
2026-04-05T04:59:32.182362,39571,0.1↔0.3,0.828,30.0,абзацы,1,бытовой,4846,0.9885
2026-04-05T04:59:32.822387,39583,0.3↔1.0,0.829,1.0,слова,2,научный,4847,0.9884
2026-04-05T04:59:33.044367,39587,0.3↔1.0,0.832,10.0,предложения,3,,4848,0.9886
2026-04-05T04:59:33.536387,39596,0.1↔0.3,0.819,100.0,целые тексты,3,,4849,0.9885
2026-04-05T04:59:33.896361,39603,0.3↔1.0,0.818,3.0,словосочетания,3,,4850,0.9887
2026-04-05T04:59:34.024363,39605,0.1↔0.3,0.818,1.0,слова,3,,4851,0.9886
2026-04-05T04:59:34.242387,39609,0.1↔0.3,0.824,0.1,буквы/слоги,2,научный,4852,0.9888
2026-04-05T04:59:34.398359,39611,0.1↔0.3,0.813,10.0,предложения,3,,4853,0.9890
2026-04-05T04:59:34.731387,39617,0.3↔1.0,0.829,100.0,целые тексты,1,бытовой,4854,0.9892
2026-04-05T04:59:35.102387,39623,0.3↔1.0,0.825,10.0,предложения,1,бытовой,4855,0.9891
2026-04-05T04:59:35.845360,39637,0.1↔0.3,0.831,30.0,абзацы,3,,4856,0.9890
2026-04-05T04:59:36.771368,39652,0.3↔1.0,0.813,0.1,буквы/слоги,1,бытовой,4857,0.9892
2026-04-05T04:59:36.822371,39653,0.1↔0.3,0.838,0.1,буквы/слоги,3,,4858,0.9894
2026-04-05T04:59:37.636387,39668,0.3↔1.0,0.834,0.3,буквы/слоги,2,научный,4859,0.9893
2026-04-05T04:59:37.868388,39672,0.3↔1.0,0.815,3.0,словосочетания,2,научный,4860,0.9895
2026-04-05T04:59:38.030373,39675,0.1↔0.3,0.834,1.0,слова,3,,4861,0.9897
2026-04-05T04:59:38.331365,39680,0.3↔1.0,0.836,1.0,слова,2,научный,4862,0.9899
2026-04-05T04:59:38.671387,39685,0.1↔0.3,0.817,30.0,абзацы,1,бытовой,4863,0.9895
2026-04-05T04:59:40.073388,39711,0.1↔0.3,0.814,100.0,целые тексты,3,,4864,0.9891
2026-04-05T04:59:40.124370,39712,0.3↔1.0,0.830,1.0,слова,1,бытовой,4865,0.9893
2026-04-05T04:59:40.360358,39716,0.3↔1.0,0.814,0.1,буквы/слоги,4,метафорический,4866,0.9892
2026-04-05T04:59:40.642387,39721,0.3↔1.0,0.833,3.0,словосочетания,1,бытовой,4867,0.9894
2026-04-05T04:59:41.450361,39736,0.1↔0.3,0.837,0.1,буквы/слоги,2,научный,4868,0.9893
2026-04-05T04:59:41.732387,39741,0.1↔0.3,0.813,30.0,абзацы,3,,4869,0.9895
2026-04-05T04:59:42.169388,39749,0.3↔1.0,0.834,1.0,слова,1,бытовой,4870,0.9891
2026-04-05T04:59:43.343362,39771,0.1↔0.3,0.818,30.0,абзацы,3,,4871,0.9890
2026-04-05T04:59:43.406366,39772,0.3↔1.0,0.831,30.0,абзацы,2,научный,4872,0.9892
2026-04-05T04:59:44.139388,39786,0.1↔0.3,0.811,3.0,словосочетания,2,научный,4873,0.9894
2026-04-05T04:59:44.197362,39787,0.3↔1.0,0.830,30.0,абзацы,1,бытовой,4874,0.9896
2026-04-05T04:59:45.626388,39814,0.1↔0.3,0.823,1.0,слова,2,научный,4875,0.9889
2026-04-05T04:59:45.837359,39817,0.1↔0.3,0.825,10.0,предложения,2,научный,4876,0.9888
2026-04-05T04:59:46.146371,39822,0.1↔0.3,0.828,0.1,буквы/слоги,3,,4877,0.9890
2026-04-05T04:59:46.353362,39825,0.1↔0.3,0.838,30.0,абзацы,3,,4878,0.9889
2026-04-05T04:59:47.562364,39846,0.1↔0.3,0.827,3.0,словосочетания,3,,4879,0.9870
2026-04-05T04:59:47.980388,39854,0.1↔0.3,0.816,1.0,слова,2,научный,4880,0.9872
2026-04-05T04:59:48.442389,39862,0.1↔0.3,0.819,1.0,слова,4,метафорический,4881,0.9868
2026-04-05T04:59:49.064370,39873,0.1↔0.3,0.837,30.0,абзацы,2,научный,4882,0.9867
2026-04-05T04:59:49.917372,39889,0.3↔1.0,0.817,0.3,буквы/слоги,2,научный,4883,0.9863
2026-04-05T04:59:49.986366,39890,0.3↔1.0,0.828,10.0,предложения,3,,4884,0.9865
2026-04-05T04:59:50.513363,39900,0.3↔1.0,0.830,3.0,словосочетания,3,,4885,0.9867
2026-04-05T04:59:50.777360,39904,0.3↔1.0,0.827,100.0,целые тексты,1,бытовой,4886,0.9866
2026-04-05T04:59:51.461389,39917,0.3↔1.0,0.820,30.0,абзацы,3,,4887,0.9868
2026-04-05T04:59:51.527366,39918,0.1↔0.3,0.811,100.0,целые тексты,1,бытовой,4888,0.9870
2026-04-05T04:59:52.121389,39929,0.3↔1.0,0.812,10.0,предложения,3,,4889,0.9869
2026-04-05T04:59:52.413370,39934,0.3↔1.0,0.816,3.0,словосочетания,1,бытовой,4890,0.9871
2026-04-05T04:59:52.530366,39936,0.1↔0.3,0.837,0.3,буквы/слоги,2,научный,4891,0.9873
2026-04-05T04:59:53.413367,39953,0.1↔0.3,0.831,100.0,целые тексты,2,научный,4892,0.9875
2026-04-05T04:59:53.601365,39956,0.1↔0.3,0.811,0.1,буквы/слоги,1,бытовой,4893,0.9874
2026-04-05T04:59:54.486360,39972,0.1↔0.3,0.827,1.0,слова,3,,4894,0.9870
2026-04-05T04:59:54.756389,39977,0.1↔0.3,0.817,30.0,абзацы,3,,4895,0.9872
2026-04-05T04:59:55.180389,39984,0.1↔0.3,0.820,0.1,буквы/слоги,4,метафорический,4896,0.9874
2026-04-05T04:59:56.110389,40001,0.1↔0.3,0.813,30.0,абзацы,2,научный,4897,0.9873
2026-04-05T04:59:56.897389,40016,0.3↔1.0,0.828,0.3,буквы/слоги,2,научный,4898,0.9872
2026-04-05T04:59:57.032366,40018,0.3↔1.0,0.811,100.0,целые тексты,2,научный,4899,0.9874
2026-04-05T04:59:57.359389,40024,0.1↔0.3,0.813,0.3,буквы/слоги,3,,4900,0.9876
2026-04-05T04:59:58.309390,40041,0.1↔0.3,0.821,0.1,буквы/слоги,1,бытовой,4901,0.9878
2026-04-05T04:59:59.259370,40059,0.3↔1.0,0.835,10.0,предложения,2,научный,4902,0.9877
2026-04-05T04:59:59.987360,40071,0.1↔0.3,0.825,1.0,слова,3,,4903,0.9876
2026-04-05T05:00:00.056361,40072,0.1↔0.3,0.826,3.0,словосочетания,1,бытовой,4904,0.9878
2026-04-05T05:00:01.203390,40093,0.1↔0.3,0.808,0.1,буквы/слоги,1,бытовой,4905,0.9877
2026-04-05T05:00:01.651371,40101,0.3↔1.0,0.823,30.0,абзацы,3,,4906,0.9876
2026-04-05T05:00:01.817365,40104,0.3↔1.0,0.837,0.1,буквы/слоги,2,научный,4907,0.9878
2026-04-05T05:00:02.285390,40113,0.1↔0.3,0.810,30.0,абзацы,3,,4908,0.9880
2026-04-05T05:00:02.414362,40115,0.1↔0.3,0.824,3.0,словосочетания,1,бытовой,4909,0.9882
2026-04-05T05:00:02.691390,40120,0.3↔1.0,0.821,100.0,целые тексты,2,научный,4910,0.9884
2026-04-05T05:00:03.445365,40132,0.1↔0.3,0.825,0.3,буквы/слоги,1,бытовой,4911,0.9883
2026-04-05T05:00:03.688374,40136,0.1↔0.3,0.818,0.1,буквы/слоги,3,,4912,0.9885
2026-04-05T05:00:03.864370,40139,0.1↔0.3,0.809,1.0,слова,1,бытовой,4913,0.9887
2026-04-05T05:00:04.249361,40146,0.3↔1.0,0.827,10.0,предложения,3,,4914,0.9886
2026-04-05T05:00:04.647390,40153,0.3↔1.0,0.823,100.0,целые тексты,1,бытовой,4915,0.9888
2026-04-05T05:00:04.974391,40159,0.3↔1.0,0.837,0.1,буквы/слоги,1,бытовой,4916,0.9890
2026-04-05T05:00:05.168390,40162,0.1↔0.3,0.814,0.1,буквы/слоги,4,метафорический,4917,0.9892
2026-04-05T05:00:05.672367,40171,0.3↔1.0,0.818,3.0,словосочетания,2,научный,4918,0.9891
2026-04-05T05:00:05.905390,40175,0.3↔1.0,0.820,0.1,буквы/слоги,3,,4919,0.9890
2026-04-05T05:00:06.026361,40177,0.1↔0.3,0.821,0.3,буквы/слоги,1,бытовой,4920,0.9892
2026-04-05T05:00:07.578363,40205,0.3↔1.0,0.823,0.1,буквы/слоги,3,,4921,0.9882
2026-04-05T05:00:07.750390,40208,0.1↔0.3,0.836,30.0,абзацы,2,научный,4922,0.9884
2026-04-05T05:00:08.060371,40214,0.3↔1.0,0.818,0.1,буквы/слоги,4,метафорический,4923,0.9886
2026-04-05T05:00:08.573390,40223,0.1↔0.3,0.830,30.0,абзацы,3,,4924,0.9885
2026-04-05T05:00:08.726365,40225,0.3↔1.0,0.820,1.0,слова,3,,4925,0.9884
2026-04-05T05:00:09.670391,40242,0.3↔1.0,0.811,10.0,предложения,1,бытовой,4926,0.9883
2026-04-05T05:00:09.879390,40246,0.1↔0.3,0.827,10.0,предложения,3,,4927,0.9885
2026-04-05T05:00:10.442363,40256,0.1↔0.3,0.810,1.0,слова,1,бытовой,4928,0.9881
2026-04-05T05:00:11.219391,40271,0.3↔1.0,0.825,3.0,словосочетания,3,,4929,0.9883
2026-04-05T05:00:12.760391,40300,0.1↔0.3,0.828,100.0,целые тексты,1,бытовой,4930,0.9879
2026-04-05T05:00:12.844362,40301,0.1↔0.3,0.824,0.1,буквы/слоги,1,бытовой,4931,0.9881
2026-04-05T05:00:12.984365,40303,0.3↔1.0,0.810,10.0,предложения,3,,4932,0.9883
2026-04-05T05:00:13.385391,40310,0.1↔0.3,0.833,30.0,абзацы,2,научный,4933,0.9882
2026-04-05T05:00:13.446369,40311,0.1↔0.3,0.827,0.3,буквы/слоги,1,бытовой,4934,0.9884
2026-04-05T05:00:13.554361,40313,0.3↔1.0,0.831,10.0,предложения,1,бытовой,4935,0.9886
2026-04-05T05:00:13.763368,40316,0.3↔1.0,0.815,1.0,слова,2,научный,4936,0.9885
2026-04-05T05:00:14.088391,40322,0.1↔0.3,0.835,0.3,буквы/слоги,2,научный,4937,0.9887
2026-04-05T05:00:14.306391,40326,0.3↔1.0,0.834,0.1,буквы/слоги,3,,4938,0.9889
2026-04-05T05:00:14.554362,40330,0.1↔0.3,0.811,30.0,абзацы,4,метафорический,4939,0.9888
2026-04-05T05:00:14.821391,40335,0.1↔0.3,0.824,1.0,слова,1,бытовой,4940,0.9890
2026-04-05T05:00:15.605391,40349,0.3↔1.0,0.811,0.1,буквы/слоги,1,бытовой,4941,0.9886
2026-04-05T05:00:15.754366,40351,0.1↔0.3,0.827,0.3,буквы/слоги,1,бытовой,4942,0.9888
2026-04-05T05:00:16.297391,40361,0.3↔1.0,0.813,100.0,целые тексты,3,,4943,0.9887
2026-04-05T05:00:17.405391,40382,0.3↔1.0,0.835,0.1,буквы/слоги,2,научный,4944,0.9889
2026-04-05T05:00:17.702391,40387,0.1↔0.3,0.822,0.3,буквы/слоги,1,бытовой,4945,0.9891
2026-04-05T05:00:18.022391,40393,0.1↔0.3,0.809,0.3,буквы/слоги,4,метафорический,4946,0.9893
2026-04-05T05:00:18.124375,40395,0.3↔1.0,0.832,100.0,целые тексты,3,,4947,0.9895
2026-04-05T05:00:18.534392,40402,0.1↔0.3,0.828,10.0,предложения,3,,4948,0.9894
2026-04-05T05:00:18.641363,40404,0.1↔0.3,0.810,10.0,предложения,4,метафорический,4949,0.9896
2026-04-05T05:00:19.568368,40421,0.3↔1.0,0.825,0.3,буквы/слоги,1,бытовой,4950,0.9895
2026-04-05T05:00:20.019391,40428,0.3↔1.0,0.825,0.1,буквы/слоги,3,,4951,0.9891
2026-04-05T05:00:20.188391,40431,0.1↔0.3,0.821,1.0,слова,1,бытовой,4952,0.9893
2026-04-05T05:00:20.664366,40440,0.3↔1.0,0.809,1.0,слова,2,научный,4953,0.9895
2026-04-05T05:00:20.744370,40441,0.1↔0.3,0.833,1.0,слова,1,бытовой,4954,0.9897
2026-04-05T05:00:21.226392,40449,0.3↔1.0,0.809,10.0,предложения,3,,4955,0.9893
2026-04-05T05:00:21.501391,40454,0.3↔1.0,0.830,0.1,буквы/слоги,1,бытовой,4956,0.9895
2026-04-05T05:00:22.130373,40466,0.3↔1.0,0.827,30.0,абзацы,3,,4957,0.9897
2026-04-05T05:00:22.412392,40471,0.1↔0.3,0.825,3.0,словосочетания,3,,4958,0.9899
2026-04-05T05:00:23.297368,40486,0.1↔0.3,0.816,1.0,слова,4,метафорический,4959,0.9889
2026-04-05T05:00:23.435370,40488,0.3↔1.0,0.831,1.0,слова,1,бытовой,4960,0.9891
2026-04-05T05:00:23.908392,40497,0.1↔0.3,0.815,1.0,слова,1,бытовой,4961,0.9893
2026-04-05T05:00:24.873392,40514,0.1↔0.3,0.812,30.0,абзацы,3,,4962,0.9892
2026-04-05T05:00:25.426392,40524,0.3↔1.0,0.835,0.3,буквы/слоги,1,бытовой,4963,0.9894
2026-04-05T05:00:25.615373,40527,0.3↔1.0,0.829,0.3,буквы/слоги,1,бытовой,4964,0.9896
2026-04-05T05:00:25.726363,40529,0.3↔1.0,0.815,100.0,целые тексты,3,,4965,0.9898
2026-04-05T05:00:26.216370,40537,0.3↔1.0,0.832,10.0,предложения,1,бытовой,4966,0.9894
2026-04-05T05:00:27.756373,40566,0.3↔1.0,0.818,1.0,слова,3,,4967,0.9890
2026-04-05T05:00:28.040392,40571,0.1↔0.3,0.825,0.3,буквы/слоги,1,бытовой,4968,0.9892
2026-04-05T05:00:28.262369,40575,0.3↔1.0,0.813,30.0,абзацы,2,научный,4969,0.9894
2026-04-05T05:00:28.403368,40577,0.1↔0.3,0.814,0.1,буквы/слоги,1,бытовой,4970,0.9896
2026-04-05T05:00:28.837392,40585,0.3↔1.0,0.828,0.1,буквы/слоги,2,научный,4971,0.9898
2026-04-05T05:00:29.564371,40598,0.1↔0.3,0.833,0.1,буквы/слоги,3,,4972,0.9894
2026-04-05T05:00:29.813370,40602,0.3↔1.0,0.838,0.3,буквы/слоги,1,бытовой,4973,0.9893
2026-04-05T05:00:29.925369,40604,0.1↔0.3,0.820,0.3,буквы/слоги,3,,4974,0.9895
2026-04-05T05:00:29.997368,40605,0.3↔1.0,0.815,0.3,буквы/слоги,1,бытовой,4975,0.9897
2026-04-05T05:00:30.248373,40609,0.3↔1.0,0.814,3.0,словосочетания,3,,4976,0.9899
2026-04-05T05:00:30.713371,40616,0.1↔0.3,0.832,30.0,абзацы,1,бытовой,4977,0.9892
2026-04-05T05:00:31.094393,40623,0.1↔0.3,0.831,3.0,словосочетания,1,бытовой,4978,0.9894
2026-04-05T05:00:31.378374,40628,0.3↔1.0,0.835,30.0,абзацы,3,,4979,0.9893
2026-04-05T05:00:31.824369,40635,0.3↔1.0,0.822,0.1,буквы/слоги,2,научный,4980,0.9889
2026-04-05T05:00:31.956369,40636,0.3↔1.0,0.817,0.3,буквы/слоги,3,,4981,0.9891
2026-04-05T05:00:32.625393,40649,0.1↔0.3,0.818,1.0,слова,2,научный,4982,0.9893
2026-04-05T05:00:33.693393,40668,0.1↔0.3,0.836,3.0,словосочетания,3,,4983,0.9889
2026-04-05T05:00:34.065392,40675,0.3↔1.0,0.822,10.0,предложения,2,научный,4984,0.9891
2026-04-05T05:00:34.264393,40678,0.3↔1.0,0.823,3.0,словосочетания,1,бытовой,4985,0.9893
2026-04-05T05:00:34.527393,40683,0.3↔1.0,0.836,30.0,абзацы,1,бытовой,4986,0.9895
2026-04-05T05:00:34.897365,40689,0.1↔0.3,0.809,100.0,целые тексты,1,бытовой,4987,0.9894
2026-04-05T05:00:35.231393,40695,0.1↔0.3,0.823,10.0,предложения,2,научный,4988,0.9896
2026-04-05T05:00:35.909364,40707,0.1↔0.3,0.819,100.0,целые тексты,3,,4989,0.9892
2026-04-05T05:00:36.139393,40711,0.1↔0.3,0.817,10.0,предложения,4,метафорический,4990,0.9894
2026-04-05T05:00:36.614369,40719,0.1↔0.3,0.824,3.0,словосочетания,1,бытовой,4991,0.9896
2026-04-05T05:00:37.098372,40727,0.1↔0.3,0.822,0.1,буквы/слоги,3,,4992,0.9895
2026-04-05T05:00:37.341368,40731,0.1↔0.3,0.817,0.3,буквы/слоги,3,,4993,0.9897
2026-04-05T05:00:37.393369,40732,0.1↔0.3,0.826,0.3,буквы/слоги,1,бытовой,4994,0.9899
2026-04-05T05:00:39.119393,40764,0.1↔0.3,0.833,30.0,абзацы,1,бытовой,4995,0.9895
2026-04-05T05:00:39.966393,40780,0.3↔1.0,0.813,10.0,предложения,2,научный,4996,0.9894
2026-04-05T05:00:41.222394,40804,0.3↔1.0,0.815,3.0,словосочетания,2,научный,4997,0.9896
2026-04-05T05:00:42.234394,40823,0.3↔1.0,0.827,3.0,словосочетания,2,научный,4998,0.9895
2026-04-05T05:00:42.377365,40825,0.3↔1.0,0.812,1.0,слова,4,метафорический,4999,0.9897
2026-04-05T05:00:42.867394,40834,0.1↔0.3,0.819,3.0,словосочетания,2,научный,5000,0.9899
2026-04-05T05:00:43.195369,40839,0.1↔0.3,0.825,0.1,буквы/слоги,4,метафорический,5001,0.9898
2026-04-05T05:00:43.363375,40842,0.1↔0.3,0.834,10.0,предложения,2,научный,5002,0.9900
2026-04-05T05:00:43.489365,40844,0.1↔0.3,0.825,100.0,целые тексты,3,,5003,0.9902
2026-04-05T05:00:43.673394,40847,0.3↔1.0,0.825,10.0,предложения,1,бытовой,5004,0.9904
2026-04-05T05:00:44.481394,40862,0.1↔0.3,0.821,0.1,буквы/слоги,2,научный,5005,0.9903
2026-04-05T05:00:44.616370,40864,0.3↔1.0,0.820,0.3,буквы/слоги,2,научный,5006,0.9905
2026-04-05T05:00:44.888370,40868,0.1↔0.3,0.824,30.0,абзацы,2,научный,5007,0.9904
2026-04-05T05:00:45.179376,40873,0.1↔0.3,0.822,30.0,абзацы,4,метафорический,5008,0.9906
2026-04-05T05:00:45.480375,40878,0.3↔1.0,0.822,100.0,целые тексты,3,,5009,0.9905
2026-04-05T05:00:45.601365,40880,0.1↔0.3,0.817,10.0,предложения,3,,5010,0.9904
2026-04-05T05:00:46.458394,40896,0.1↔0.3,0.814,0.1,буквы/слоги,1,бытовой,5011,0.9903
2026-04-05T05:00:47.097394,40907,0.1↔0.3,0.830,10.0,предложения,3,,5012,0.9899
2026-04-05T05:00:47.476394,40913,0.3↔1.0,0.831,1.0,слова,1,бытовой,5013,0.9898
2026-04-05T05:00:47.739394,40918,0.1↔0.3,0.823,10.0,предложения,2,научный,5014,0.9900
2026-04-05T05:00:48.077394,40924,0.1↔0.3,0.811,30.0,абзацы,1,бытовой,5015,0.9902
2026-04-05T05:00:49.635394,40954,0.3↔1.0,0.809,0.1,буквы/слоги,2,научный,5016,0.9901
2026-04-05T05:00:49.702367,40955,0.1↔0.3,0.814,0.3,буквы/слоги,1,бытовой,5017,0.9903
2026-04-05T05:00:50.713375,40973,0.1↔0.3,0.832,3.0,словосочетания,2,научный,5018,0.9902
2026-04-05T05:00:51.163367,40981,0.1↔0.3,0.815,30.0,абзацы,2,научный,5019,0.9901
2026-04-05T05:00:51.221368,40982,0.1↔0.3,0.816,30.0,абзацы,1,бытовой,5020,0.9903
2026-04-05T05:00:51.683395,40989,0.3↔1.0,0.822,30.0,абзацы,1,бытовой,5021,0.9899
2026-04-05T05:00:51.737366,40990,0.1↔0.3,0.829,100.0,целые тексты,1,бытовой,5022,0.9901
2026-04-05T05:00:52.208395,40999,0.3↔1.0,0.814,30.0,абзацы,4,метафорический,5023,0.9903
2026-04-05T05:00:52.283370,41000,0.3↔1.0,0.821,1.0,слова,4,метафорический,5024,0.9905
2026-04-05T05:00:52.516395,41004,0.3↔1.0,0.816,10.0,предложения,2,научный,5025,0.9907
2026-04-05T05:00:52.568370,41005,0.1↔0.3,0.836,10.0,предложения,1,бытовой,5026,0.9909
2026-04-05T05:00:52.742394,41008,0.1↔0.3,0.817,100.0,целые тексты,1,бытовой,5027,0.9911
2026-04-05T05:00:52.930377,41011,0.1↔0.3,0.831,0.3,буквы/слоги,1,бытовой,5028,0.9913
2026-04-05T05:00:53.054369,41013,0.1↔0.3,0.809,30.0,абзацы,3,,5029,0.9912
2026-04-05T05:00:53.324395,41018,0.1↔0.3,0.832,100.0,целые тексты,3,,5030,0.9914
2026-04-05T05:00:53.537367,41021,0.3↔1.0,0.809,10.0,предложения,3,,5031,0.9913
2026-04-05T05:00:54.070395,41030,0.1↔0.3,0.830,30.0,абзацы,1,бытовой,5032,0.9909
2026-04-05T05:00:54.689395,41041,0.3↔1.0,0.821,0.3,буквы/слоги,2,научный,5033,0.9908
2026-04-05T05:00:55.419395,41055,0.1↔0.3,0.833,3.0,словосочетания,4,метафорический,5034,0.9907
2026-04-05T05:00:57.297395,41088,0.1↔0.3,0.824,0.3,буквы/слоги,2,научный,5035,0.9888
2026-04-05T05:00:57.747373,41096,0.1↔0.3,0.828,0.1,буквы/слоги,1,бытовой,5036,0.9884
2026-04-05T05:00:58.225396,41105,0.1↔0.3,0.811,30.0,абзацы,2,научный,5037,0.9880
2026-04-05T05:01:00.181395,41140,0.3↔1.0,0.825,0.1,буквы/слоги,2,научный,5038,0.9873
2026-04-05T05:01:00.955369,41154,0.3↔1.0,0.825,10.0,предложения,4,метафорический,5039,0.9872
2026-04-05T05:01:01.089370,41156,0.3↔1.0,0.816,3.0,словосочетания,2,научный,5040,0.9874
2026-04-05T05:01:01.679396,41167,0.1↔0.3,0.812,1.0,слова,1,бытовой,5041,0.9873
2026-04-05T05:01:01.873395,41170,0.3↔1.0,0.825,10.0,предложения,1,бытовой,5042,0.9875
2026-04-05T05:01:01.924367,41171,0.1↔0.3,0.824,0.3,буквы/слоги,2,научный,5043,0.9877
2026-04-05T05:01:02.232366,41176,0.1↔0.3,0.834,0.3,буквы/слоги,4,метафорический,5044,0.9879
2026-04-05T05:01:02.611376,41182,0.1↔0.3,0.812,0.1,буквы/слоги,1,бытовой,5045,0.9878
2026-04-05T05:01:03.080395,41191,0.1↔0.3,0.814,0.3,буквы/слоги,2,научный,5046,0.9880
2026-04-05T05:01:03.355393,41196,0.3↔1.0,0.830,10.0,предложения,3,,5047,0.9882
2026-04-05T05:01:03.878396,41206,0.1↔0.3,0.818,30.0,абзацы,3,,5048,0.9884
2026-04-05T05:01:04.451370,41216,0.1↔0.3,0.832,10.0,предложения,3,,5049,0.9883
2026-04-05T05:01:05.050368,41227,0.1↔0.3,0.809,10.0,предложения,3,,5050,0.9882
2026-04-05T05:01:05.517396,41236,0.3↔1.0,0.837,30.0,абзацы,1,бытовой,5051,0.9884
2026-04-05T05:01:05.736396,41239,0.1↔0.3,0.817,10.0,предложения,3,,5052,0.9886
2026-04-05T05:01:05.861375,41241,0.1↔0.3,0.824,10.0,предложения,1,бытовой,5053,0.9888
2026-04-05T05:01:06.072377,41245,0.3↔1.0,0.820,0.3,буквы/слоги,1,бытовой,5054,0.9890
2026-04-05T05:01:06.993377,41262,0.1↔0.3,0.837,30.0,абзацы,1,бытовой,5055,0.9892
2026-04-05T05:01:07.762396,41276,0.1↔0.3,0.819,0.1,буквы/слоги,2,научный,5056,0.9888
2026-04-05T05:01:08.016396,41279,0.3↔1.0,0.813,30.0,абзацы,2,научный,5057,0.9890
2026-04-05T05:01:08.077369,41280,0.3↔1.0,0.828,10.0,предложения,4,метафорический,5058,0.9892
2026-04-05T05:01:08.202374,41282,0.1↔0.3,0.830,0.3,буквы/слоги,3,,5059,0.9894
2026-04-05T05:01:08.267368,41283,0.1↔0.3,0.825,0.1,буквы/слоги,3,,5060,0.9896
2026-04-05T05:01:08.396374,41285,0.3↔1.0,0.814,100.0,целые тексты,3,,5061,0.9898
2026-04-05T05:01:08.888368,41294,0.3↔1.0,0.819,100.0,целые тексты,2,научный,5062,0.9894
2026-04-05T05:01:09.007367,41296,0.1↔0.3,0.824,100.0,целые тексты,3,,5063,0.9896
2026-04-05T05:01:09.255396,41300,0.3↔1.0,0.828,10.0,предложения,1,бытовой,5064,0.9895
2026-04-05T05:01:09.453396,41303,0.1↔0.3,0.810,10.0,предложения,3,,5065,0.9897
2026-04-05T05:01:09.984397,41313,0.1↔0.3,0.815,0.1,буквы/слоги,2,научный,5066,0.9899
2026-04-05T05:01:10.886397,41330,0.1↔0.3,0.818,30.0,абзацы,1,бытовой,5067,0.9895
2026-04-05T05:01:11.367368,41338,0.3↔1.0,0.833,1.0,слова,4,метафорический,5068,0.9894
2026-04-05T05:01:11.485370,41340,0.3↔1.0,0.832,0.3,буквы/слоги,2,научный,5069,0.9896
2026-04-05T05:01:11.783396,41345,0.3↔1.0,0.827,30.0,абзацы,2,научный,5070,0.9898
2026-04-05T05:01:12.505397,41357,0.1↔0.3,0.811,3.0,словосочетания,3,,5071,0.9891
2026-04-05T05:01:13.374377,41373,0.1↔0.3,0.824,3.0,словосочетания,3,,5072,0.9887
2026-04-05T05:01:14.313397,41391,0.1↔0.3,0.832,10.0,предложения,3,,5073,0.9889
2026-04-05T05:01:14.881370,41401,0.3↔1.0,0.813,0.1,буквы/слоги,1,бытовой,5074,0.9885
2026-04-05T05:01:14.995371,41403,0.3↔1.0,0.827,1.0,слова,3,,5075,0.9887
2026-04-05T05:01:15.227371,41407,0.1↔0.3,0.830,0.1,буквы/слоги,4,метафорический,5076,0.9886
2026-04-05T05:01:16.122397,41423,0.3↔1.0,0.824,100.0,целые тексты,1,бытовой,5077,0.9882
2026-04-05T05:01:16.306397,41426,0.3↔1.0,0.820,100.0,целые тексты,1,бытовой,5078,0.9884
2026-04-05T05:01:16.382369,41427,0.3↔1.0,0.825,10.0,предложения,3,,5079,0.9886
2026-04-05T05:01:16.865397,41435,0.3↔1.0,0.820,1.0,слова,2,научный,5080,0.9888
2026-04-05T05:01:16.922369,41436,0.1↔0.3,0.811,0.1,буквы/слоги,3,,5081,0.9890
2026-04-05T05:01:17.044370,41438,0.1↔0.3,0.825,30.0,абзацы,2,научный,5082,0.9889
2026-04-05T05:01:17.267397,41442,0.1↔0.3,0.832,3.0,словосочетания,3,,5083,0.9891
2026-04-05T05:01:17.415369,41444,0.1↔0.3,0.832,10.0,предложения,3,,5084,0.9893
2026-04-05T05:01:18.641397,41466,0.1↔0.3,0.835,0.3,буквы/слоги,2,научный,5085,0.9889
2026-04-05T05:01:19.194397,41476,0.3↔1.0,0.837,0.1,буквы/слоги,3,,5086,0.9885
2026-04-05T05:01:19.245371,41477,0.1↔0.3,0.822,10.0,предложения,4,метафорический,5087,0.9887
2026-04-05T05:01:19.360369,41479,0.1↔0.3,0.829,100.0,целые тексты,1,бытовой,5088,0.9889
2026-04-05T05:01:19.432368,41480,0.1↔0.3,0.830,3.0,словосочетания,3,,5089,0.9891
2026-04-05T05:01:20.012398,41490,0.1↔0.3,0.827,10.0,предложения,1,бытовой,5090,0.9890
2026-04-05T05:01:20.119369,41492,0.3↔1.0,0.815,30.0,абзацы,3,,5091,0.9892
2026-04-05T05:01:20.904397,41506,0.1↔0.3,0.812,0.3,буквы/слоги,1,бытовой,5092,0.9888
2026-04-05T05:01:22.347374,41531,0.1↔0.3,0.823,0.3,буквы/слоги,3,,5093,0.9872
2026-04-05T05:01:22.524371,41534,0.1↔0.3,0.838,3.0,словосочетания,2,научный,5094,0.9874
2026-04-05T05:01:22.654381,41536,0.1↔0.3,0.821,0.3,буквы/слоги,4,метафорический,5095,0.9876
2026-04-05T05:01:22.820371,41539,0.3↔1.0,0.814,30.0,абзацы,3,,5096,0.9878
2026-04-05T05:01:22.976398,41542,0.1↔0.3,0.809,0.1,буквы/слоги,2,научный,5097,0.9880
2026-04-05T05:01:23.604374,41553,0.1↔0.3,0.833,30.0,абзацы,1,бытовой,5098,0.9876
2026-04-05T05:01:23.727370,41555,0.1↔0.3,0.823,100.0,целые тексты,3,,5099,0.9878
2026-04-05T05:01:24.299398,41566,0.3↔1.0,0.826,30.0,абзацы,2,научный,5100,0.9880
2026-04-05T05:01:24.445375,41568,0.3↔1.0,0.814,1.0,слова,1,бытовой,5101,0.9882
2026-04-05T05:01:24.502370,41569,0.1↔0.3,0.824,10.0,предложения,3,,5102,0.9884
2026-04-05T05:01:24.999398,41578,0.3↔1.0,0.813,10.0,предложения,1,бытовой,5103,0.9886
2026-04-05T05:01:25.249377,41582,0.1↔0.3,0.832,0.1,буквы/слоги,2,научный,5104,0.9885
2026-04-05T05:01:25.373372,41584,0.3↔1.0,0.836,100.0,целые тексты,3,,5105,0.9887
2026-04-05T05:01:26.016398,41596,0.1↔0.3,0.819,3.0,словосочетания,3,,5106,0.9889
2026-04-05T05:01:26.434398,41603,0.1↔0.3,0.836,3.0,словосочетания,2,научный,5107,0.9888
2026-04-05T05:01:26.560372,41605,0.1↔0.3,0.815,1.0,слова,3,,5108,0.9890
2026-04-05T05:01:29.891371,41669,0.3↔1.0,0.826,10.0,предложения,1,бытовой,5109,0.9889
2026-04-05T05:01:31.403399,41698,0.1↔0.3,0.818,3.0,словосочетания,1,бытовой,5110,0.9888
2026-04-05T05:01:31.808399,41705,0.3↔1.0,0.812,100.0,целые тексты,1,бытовой,5111,0.9890
2026-04-05T05:01:33.014377,41727,0.1↔0.3,0.834,10.0,предложения,3,,5112,0.9886
2026-04-05T05:01:33.173370,41729,0.1↔0.3,0.829,0.3,буквы/слоги,3,,5113,0.9888
2026-04-05T05:01:33.601399,41736,0.3↔1.0,0.822,0.3,буквы/слоги,4,метафорический,5114,0.9887
2026-04-05T05:01:33.897399,41741,0.1↔0.3,0.817,30.0,абзацы,1,бытовой,5115,0.9886
2026-04-05T05:01:34.586400,41753,0.1↔0.3,0.812,0.1,буквы/слоги,4,метафорический,5116,0.9882
2026-04-05T05:01:34.801399,41756,0.1↔0.3,0.824,0.3,буквы/слоги,3,,5117,0.9884
2026-04-05T05:01:35.776379,41774,0.3↔1.0,0.820,0.1,буквы/слоги,2,научный,5118,0.9880
2026-04-05T05:01:36.029382,41778,0.3↔1.0,0.820,30.0,абзацы,1,бытовой,5119,0.9879
2026-04-05T05:01:36.240370,41780,0.1↔0.3,0.817,30.0,абзацы,3,,5120,0.9878
2026-04-05T05:01:36.355371,41782,0.1↔0.3,0.814,30.0,абзацы,3,,5121,0.9880
2026-04-05T05:01:37.654374,41805,0.1↔0.3,0.838,3.0,словосочетания,1,бытовой,5122,0.9873
2026-04-05T05:01:37.831399,41808,0.3↔1.0,0.836,10.0,предложения,3,,5123,0.9875
2026-04-05T05:01:38.098374,41813,0.1↔0.3,0.808,3.0,словосочетания,2,научный,5124,0.9877
2026-04-05T05:01:38.935400,41829,0.3↔1.0,0.832,30.0,абзацы,1,бытовой,5125,0.9879
2026-04-05T05:01:39.403399,41837,0.1↔0.3,0.813,0.3,буквы/слоги,3,,5126,0.9881
2026-04-05T05:01:39.521371,41839,0.1↔0.3,0.821,1.0,слова,3,,5127,0.9883
2026-04-05T05:01:39.701399,41842,0.1↔0.3,0.825,1.0,слова,1,бытовой,5128,0.9885
2026-04-05T05:01:39.884399,41845,0.1↔0.3,0.814,10.0,предложения,2,научный,5129,0.9887
2026-04-05T05:01:40.572371,41857,0.1↔0.3,0.834,10.0,предложения,4,метафорический,5130,0.9886
2026-04-05T05:01:40.869400,41862,0.3↔1.0,0.830,10.0,предложения,1,бытовой,5131,0.9888
2026-04-05T05:01:40.936377,41863,0.1↔0.3,0.827,100.0,целые тексты,1,бытовой,5132,0.9890
2026-04-05T05:01:41.162399,41867,0.1↔0.3,0.832,1.0,слова,3,,5133,0.9892
2026-04-05T05:01:41.224371,41868,0.1↔0.3,0.828,0.1,буквы/слоги,1,бытовой,5134,0.9894
2026-04-05T05:01:41.289370,41869,0.3↔1.0,0.833,30.0,абзацы,1,бытовой,5135,0.9896
2026-04-05T05:01:41.413371,41871,0.3↔1.0,0.827,10.0,предложения,1,бытовой,5136,0.9898
2026-04-05T05:01:41.484372,41872,0.3↔1.0,0.832,0.3,буквы/слоги,1,бытовой,5137,0.9900
2026-04-05T05:01:41.890378,41879,0.1↔0.3,0.837,0.3,буквы/слоги,2,научный,5138,0.9902
2026-04-05T05:01:42.173377,41883,0.3↔1.0,0.809,30.0,абзацы,3,,5139,0.9901
2026-04-05T05:01:42.486400,41888,0.1↔0.3,0.833,10.0,предложения,1,бытовой,5140,0.9903
2026-04-05T05:01:42.659400,41891,0.3↔1.0,0.819,30.0,абзацы,1,бытовой,5141,0.9905
2026-04-05T05:01:43.132378,41900,0.3↔1.0,0.835,100.0,целые тексты,1,бытовой,5142,0.9907
2026-04-05T05:01:43.318400,41903,0.1↔0.3,0.819,100.0,целые тексты,3,,5143,0.9909
2026-04-05T05:01:44.946380,41933,0.3↔1.0,0.825,10.0,предложения,1,бытовой,5144,0.9908
2026-04-05T05:01:45.085377,41935,0.1↔0.3,0.835,100.0,целые тексты,1,бытовой,5145,0.9910
2026-04-05T05:01:45.155377,41936,0.1↔0.3,0.830,10.0,предложения,2,научный,5146,0.9912
2026-04-05T05:01:45.221372,41937,0.3↔1.0,0.810,1.0,слова,3,,5147,0.9914
2026-04-05T05:01:45.508400,41942,0.1↔0.3,0.821,0.3,буквы/слоги,2,научный,5148,0.9916
2026-04-05T05:01:45.572371,41943,0.1↔0.3,0.813,3.0,словосочетания,3,,5149,0.9918
2026-04-05T05:01:45.706372,41945,0.3↔1.0,0.836,30.0,абзацы,3,,5150,0.9920
2026-04-05T05:01:45.774373,41946,0.1↔0.3,0.831,0.1,буквы/слоги,2,научный,5151,0.9922
2026-04-05T05:01:46.960400,41968,0.3↔1.0,0.829,30.0,абзацы,2,научный,5152,0.9921
2026-04-05T05:01:47.253401,41973,0.1↔0.3,0.831,1.0,слова,1,бытовой,5153,0.9923
2026-04-05T05:01:47.484401,41977,0.3↔1.0,0.823,30.0,абзацы,1,бытовой,5154,0.9925
2026-04-05T05:01:47.980372,41985,0.3↔1.0,0.809,100.0,целые тексты,4,метафорический,5155,0.9918
2026-04-05T05:01:48.408400,41993,0.3↔1.0,0.824,3.0,словосочетания,2,научный,5156,0.9920
2026-04-05T05:01:48.586400,41996,0.3↔1.0,0.835,100.0,целые тексты,1,бытовой,5157,0.9922
2026-04-05T05:01:49.328376,42010,0.1↔0.3,0.816,1.0,слова,3,,5158,0.9924
2026-04-05T05:01:49.660401,42016,0.1↔0.3,0.837,0.1,буквы/слоги,3,,5159,0.9926
2026-04-05T05:01:49.774372,42018,0.1↔0.3,0.814,0.3,буквы/слоги,2,научный,5160,0.9928
2026-04-05T05:01:50.058400,42023,0.3↔1.0,0.820,3.0,словосочетания,2,научный,5161,0.9930
2026-04-05T05:01:50.406372,42028,0.1↔0.3,0.829,3.0,словосочетания,3,,5162,0.9923
2026-04-05T05:01:50.474374,42029,0.1↔0.3,0.812,100.0,целые тексты,2,научный,5163,0.9925
2026-04-05T05:01:51.058401,42040,0.3↔1.0,0.816,30.0,абзацы,2,научный,5164,0.9927
2026-04-05T05:01:51.377375,42044,0.3↔1.0,0.828,100.0,целые тексты,1,бытовой,5165,0.9929
2026-04-05T05:01:51.832380,42052,0.1↔0.3,0.823,3.0,словосочетания,1,бытовой,5166,0.9925
2026-04-05T05:01:52.486373,42063,0.3↔1.0,0.825,0.1,буквы/слоги,2,научный,5167,0.9921
2026-04-05T05:01:53.704401,42085,0.1↔0.3,0.812,30.0,абзацы,1,бытовой,5168,0.9917
2026-04-05T05:01:53.819372,42087,0.3↔1.0,0.810,0.3,буквы/слоги,1,бытовой,5169,0.9919
2026-04-05T05:01:54.086376,42091,0.1↔0.3,0.819,10.0,предложения,3,,5170,0.9918
2026-04-05T05:01:55.409375,42115,0.1↔0.3,0.817,0.3,буквы/слоги,2,научный,5171,0.9917
2026-04-05T05:01:55.626376,42119,0.3↔1.0,0.825,10.0,предложения,1,бытовой,5172,0.9919
2026-04-05T05:01:55.839401,42122,0.1↔0.3,0.826,1.0,слова,3,,5173,0.9921
2026-04-05T05:01:56.071401,42126,0.3↔1.0,0.826,0.1,буквы/слоги,1,бытовой,5174,0.9923
2026-04-05T05:01:56.821401,42140,0.1↔0.3,0.827,100.0,целые тексты,1,бытовой,5175,0.9922
2026-04-05T05:01:57.420376,42150,0.3↔1.0,0.813,30.0,абзацы,2,научный,5176,0.9918
2026-04-05T05:01:57.472378,42151,0.1↔0.3,0.837,3.0,словосочетания,3,,5177,0.9920
2026-04-05T05:01:57.820373,42157,0.1↔0.3,0.837,1.0,слова,4,метафорический,5178,0.9919
2026-04-05T05:01:58.370401,42167,0.1↔0.3,0.826,10.0,предложения,1,бытовой,5179,0.9921
2026-04-05T05:01:58.498373,42169,0.1↔0.3,0.812,0.1,буквы/слоги,3,,5180,0.9923
2026-04-05T05:01:58.756401,42173,0.3↔1.0,0.837,100.0,целые тексты,1,бытовой,5181,0.9925
2026-04-05T05:01:59.297402,42183,0.1↔0.3,0.836,1.0,слова,4,метафорический,5182,0.9927
2026-04-05T05:01:59.840402,42193,0.1↔0.3,0.814,3.0,словосочетания,2,научный,5183,0.9929
2026-04-05T05:02:00.006374,42195,0.1↔0.3,0.831,3.0,словосочетания,3,,5184,0.9931
2026-04-05T05:02:00.191402,42198,0.1↔0.3,0.817,100.0,целые тексты,4,метафорический,5185,0.9933
2026-04-05T05:02:01.168382,42216,0.1↔0.3,0.808,3.0,словосочетания,1,бытовой,5186,0.9932
2026-04-05T05:02:01.478383,42221,0.3↔1.0,0.817,0.3,буквы/слоги,3,,5187,0.9934
2026-04-05T05:02:02.075401,42232,0.1↔0.3,0.821,30.0,абзацы,1,бытовой,5188,0.9933
2026-04-05T05:02:02.201373,42234,0.3↔1.0,0.829,100.0,целые тексты,3,,5189,0.9935
2026-04-05T05:02:02.284373,42235,0.3↔1.0,0.831,1.0,слова,2,научный,5190,0.9937
2026-04-05T05:02:02.777402,42244,0.3↔1.0,0.824,0.1,буквы/слоги,4,метафорический,5191,0.9939
2026-04-05T05:02:02.906372,42246,0.1↔0.3,0.812,1.0,слова,2,научный,5192,0.9941
2026-04-05T05:02:03.653402,42260,0.3↔1.0,0.825,1.0,слова,4,метафорический,5193,0.9943
2026-04-05T05:02:04.769377,42281,0.3↔1.0,0.812,0.3,буквы/слоги,1,бытовой,5194,0.9945
2026-04-05T05:02:04.933402,42284,0.3↔1.0,0.828,30.0,абзацы,4,метафорический,5195,0.9947
2026-04-05T05:02:05.399402,42292,0.3↔1.0,0.830,10.0,предложения,4,метафорический,5196,0.9946
2026-04-05T05:02:05.550376,42293,0.3↔1.0,0.831,10.0,предложения,1,бытовой,5197,0.9948
2026-04-05T05:02:05.611384,42294,0.3↔1.0,0.809,0.1,буквы/слоги,3,,5198,0.9950
2026-04-05T05:02:05.787376,42297,0.1↔0.3,0.810,10.0,предложения,3,,5199,0.9952
2026-04-05T05:02:06.617383,42312,0.1↔0.3,0.821,1.0,слова,2,научный,5200,0.9948
2026-04-05T05:02:06.678381,42313,0.1↔0.3,0.821,100.0,целые тексты,1,бытовой,5201,0.9950
2026-04-05T05:02:07.353403,42326,0.1↔0.3,0.833,100.0,целые тексты,4,метафорический,5202,0.9952
2026-04-05T05:02:07.576382,42330,0.3↔1.0,0.830,0.3,буквы/слоги,1,бытовой,5203,0.9951
2026-04-05T05:02:08.215402,42342,0.1↔0.3,0.820,100.0,целые тексты,1,бытовой,5204,0.9953
2026-04-05T05:02:08.425402,42346,0.3↔1.0,0.826,1.0,слова,4,метафорический,5205,0.9955
2026-04-05T05:02:08.671377,42350,0.3↔1.0,0.808,1.0,слова,1,бытовой,5206,0.9954
2026-04-05T05:02:10.464403,42381,0.3↔1.0,0.834,1.0,слова,1,бытовой,5207,0.9953
2026-04-05T05:02:10.622402,42384,0.1↔0.3,0.817,30.0,абзацы,4,метафорический,5208,0.9955
2026-04-05T05:02:10.853402,42388,0.3↔1.0,0.825,100.0,целые тексты,1,бытовой,5209,0.9957
2026-04-05T05:02:11.032403,42391,0.1↔0.3,0.821,100.0,целые тексты,2,научный,5210,0.9959
2026-04-05T05:02:11.297403,42396,0.1↔0.3,0.829,1.0,слова,2,научный,5211,0.9961
2026-04-05T05:02:11.378377,42397,0.1↔0.3,0.810,0.3,буквы/слоги,2,научный,5212,0.9963
2026-04-05T05:02:11.676380,42402,0.1↔0.3,0.819,3.0,словосочетания,3,,5213,0.9965
2026-04-05T05:02:11.786374,42404,0.1↔0.3,0.808,1.0,слова,2,научный,5214,0.9967
2026-04-05T05:02:12.399403,42415,0.3↔1.0,0.825,30.0,абзацы,2,научный,5215,0.9966
2026-04-05T05:02:12.635374,42419,0.1↔0.3,0.810,0.3,буквы/слоги,4,метафорический,5216,0.9968
2026-04-05T05:02:12.897376,42423,0.1↔0.3,0.816,0.1,буквы/слоги,3,,5217,0.9967
2026-04-05T05:02:13.931403,42442,0.1↔0.3,0.834,1.0,слова,3,,5218,0.9969
2026-04-05T05:02:13.999375,42443,0.1↔0.3,0.810,10.0,предложения,2,научный,5219,0.9971
2026-04-05T05:02:14.538403,42453,0.1↔0.3,0.830,30.0,абзацы,2,научный,5220,0.9973
2026-04-05T05:02:14.731384,42456,0.3↔1.0,0.812,10.0,предложения,3,,5221,0.9975
2026-04-05T05:02:15.024403,42461,0.1↔0.3,0.833,100.0,целые тексты,4,метафорический,5222,0.9974
2026-04-05T05:02:15.510403,42469,0.3↔1.0,0.816,3.0,словосочетания,1,бытовой,5223,0.9970
2026-04-05T05:02:15.981384,42477,0.3↔1.0,0.834,0.3,буквы/слоги,4,метафорический,5224,0.9969
2026-04-05T05:02:17.659384,42508,0.1↔0.3,0.825,0.1,буквы/слоги,1,бытовой,5225,0.9965
2026-04-05T05:02:17.819403,42511,0.3↔1.0,0.819,1.0,слова,3,,5226,0.9967
2026-04-05T05:02:18.512378,42524,0.1↔0.3,0.822,0.3,буквы/слоги,1,бытовой,5227,0.9969
2026-04-05T05:02:19.528380,42543,0.3↔1.0,0.827,30.0,абзацы,2,научный,5228,0.9968
2026-04-05T05:02:20.365404,42559,0.3↔1.0,0.809,10.0,предложения,1,бытовой,5229,0.9970
2026-04-05T05:02:21.780404,42583,0.3↔1.0,0.829,10.0,предложения,1,бытовой,5230,0.9969
2026-04-05T05:02:23.066404,42606,0.3↔1.0,0.826,3.0,словосочетания,1,бытовой,5231,0.9962
2026-04-05T05:02:23.133384,42607,0.3↔1.0,0.829,1.0,слова,3,,5232,0.9964
2026-04-05T05:02:23.706378,42618,0.3↔1.0,0.813,3.0,словосочетания,1,бытовой,5233,0.9963
2026-04-05T05:02:24.249404,42628,0.3↔1.0,0.838,30.0,абзацы,2,научный,5234,0.9965
2026-04-05T05:02:25.378381,42649,0.1↔0.3,0.812,3.0,словосочетания,2,научный,5235,0.9961
2026-04-05T05:02:25.622379,42653,0.3↔1.0,0.813,30.0,абзацы,1,бытовой,5236,0.9963
2026-04-05T05:02:26.046404,42661,0.1↔0.3,0.837,10.0,предложения,3,,5237,0.9965
2026-04-05T05:02:26.114383,42662,0.3↔1.0,0.819,30.0,абзацы,2,научный,5238,0.9967
2026-04-05T05:02:26.180376,42663,0.1↔0.3,0.829,30.0,абзацы,1,бытовой,5239,0.9969
2026-04-05T05:02:26.829382,42674,0.1↔0.3,0.831,1.0,слова,1,бытовой,5240,0.9968
2026-04-05T05:02:27.415404,42685,0.3↔1.0,0.821,0.3,буквы/слоги,3,,5241,0.9970
2026-04-05T05:02:28.540404,42705,0.1↔0.3,0.821,3.0,словосочетания,4,метафорический,5242,0.9960
2026-04-05T05:02:28.848376,42710,0.1↔0.3,0.827,10.0,предложения,1,бытовой,5243,0.9959
2026-04-05T05:02:29.376383,42720,0.1↔0.3,0.822,1.0,слова,1,бытовой,5244,0.9961
2026-04-05T05:02:29.753404,42726,0.3↔1.0,0.831,0.1,буквы/слоги,3,,5245,0.9954
2026-04-05T05:02:30.101404,42732,0.1↔0.3,0.836,100.0,целые тексты,3,,5246,0.9956
2026-04-05T05:02:30.269404,42735,0.3↔1.0,0.812,3.0,словосочетания,3,,5247,0.9958
2026-04-05T05:02:30.680382,42742,0.3↔1.0,0.813,0.3,буквы/слоги,1,бытовой,5248,0.9957
2026-04-05T05:02:32.026404,42768,0.1↔0.3,0.814,10.0,предложения,1,бытовой,5249,0.9956
2026-04-05T05:02:32.086380,42769,0.1↔0.3,0.817,0.3,буквы/слоги,3,,5250,0.9958
2026-04-05T05:02:32.681405,42780,0.3↔1.0,0.817,100.0,целые тексты,1,бытовой,5251,0.9960
2026-04-05T05:02:32.913385,42784,0.1↔0.3,0.819,1.0,слова,2,научный,5252,0.9962
2026-04-05T05:02:33.556382,42796,0.3↔1.0,0.825,3.0,словосочетания,2,научный,5253,0.9961
2026-04-05T05:02:33.782405,42800,0.1↔0.3,0.828,100.0,целые тексты,1,бытовой,5254,0.9963
2026-04-05T05:02:33.992386,42804,0.1↔0.3,0.821,3.0,словосочетания,2,научный,5255,0.9965
2026-04-05T05:02:34.549405,42814,0.1↔0.3,0.835,0.3,буквы/слоги,2,научный,5256,0.9967
2026-04-05T05:02:34.682384,42816,0.1↔0.3,0.815,10.0,предложения,3,,5257,0.9969
2026-04-05T05:02:35.830406,42836,0.3↔1.0,0.819,100.0,целые тексты,3,,5258,0.9968
2026-04-05T05:02:35.961381,42838,0.1↔0.3,0.838,30.0,абзацы,2,научный,5259,0.9970
2026-04-05T05:02:36.102381,42840,0.1↔0.3,0.833,0.1,буквы/слоги,1,бытовой,5260,0.9972
2026-04-05T05:02:36.280405,42843,0.1↔0.3,0.820,100.0,целые тексты,2,научный,5261,0.9974
2026-04-05T05:02:36.333383,42844,0.1↔0.3,0.822,3.0,словосочетания,3,,5262,0.9976
2026-04-05T05:02:36.403377,42845,0.1↔0.3,0.817,0.1,буквы/слоги,2,научный,5263,0.9978
2026-04-05T05:02:36.705405,42850,0.3↔1.0,0.830,10.0,предложения,3,,5264,0.9977
2026-04-05T05:02:37.605386,42866,0.1↔0.3,0.810,0.3,буквы/слоги,2,научный,5265,0.9970
2026-04-05T05:02:37.770406,42869,0.1↔0.3,0.836,3.0,словосочетания,1,бытовой,5266,0.9972
2026-04-05T05:02:38.062406,42873,0.1↔0.3,0.811,0.1,буквы/слоги,2,научный,5267,0.9974
2026-04-05T05:02:38.338397,42878,0.3↔1.0,0.828,30.0,абзацы,1,бытовой,5268,0.9976
2026-04-05T05:02:38.530380,42880,0.3↔1.0,0.819,10.0,предложения,2,научный,5269,0.9978
2026-04-05T05:02:38.813406,42882,0.1↔0.3,0.828,0.1,буквы/слоги,2,научный,5270,0.9980
2026-04-05T05:02:39.500405,42895,0.3↔1.0,0.834,0.3,буквы/слоги,2,научный,5271,0.9980
2026-04-05T05:02:40.575387,42915,0.1↔0.3,0.836,3.0,словосочетания,3,,5272,0.9976
2026-04-05T05:02:41.073378,42924,0.1↔0.3,0.810,100.0,целые тексты,1,бытовой,5273,0.9975
2026-04-05T05:02:41.506377,42931,0.3↔1.0,0.822,30.0,абзацы,3,,5274,0.9971
2026-04-05T05:02:41.742406,42935,0.1↔0.3,0.837,3.0,словосочетания,1,бытовой,5275,0.9973
2026-04-05T05:02:42.893381,42957,0.3↔1.0,0.816,30.0,абзацы,1,бытовой,5276,0.9972
2026-04-05T05:02:43.208388,42963,0.1↔0.3,0.815,3.0,словосочетания,1,бытовой,5277,0.9974
2026-04-05T05:02:43.270384,42964,0.1↔0.3,0.824,0.3,буквы/слоги,3,,5278,0.9976
2026-04-05T05:02:43.571382,42969,0.1↔0.3,0.827,0.3,буквы/слоги,4,метафорический,5279,0.9972
2026-04-05T05:02:43.637378,42970,0.1↔0.3,0.812,0.1,буквы/слоги,2,научный,5280,0.9974
2026-04-05T05:02:43.704383,42971,0.3↔1.0,0.826,3.0,словосочетания,3,,5281,0.9976
2026-04-05T05:02:44.918406,42994,0.1↔0.3,0.811,1.0,слова,3,,5282,0.9975
2026-04-05T05:02:45.225387,42999,0.1↔0.3,0.829,0.3,буквы/слоги,3,,5283,0.9977
2026-04-05T05:02:45.659406,43007,0.1↔0.3,0.838,10.0,предложения,1,бытовой,5284,0.9979
2026-04-05T05:02:45.890406,43011,0.1↔0.3,0.817,3.0,словосочетания,2,научный,5285,0.9980
2026-04-05T05:02:46.107406,43015,0.1↔0.3,0.817,0.1,буквы/слоги,1,бытовой,5286,0.9980
2026-04-05T05:02:46.333387,43018,0.1↔0.3,0.821,1.0,слова,1,бытовой,5287,0.9980
2026-04-05T05:02:46.570406,43022,0.1↔0.3,0.820,10.0,предложения,3,,5288,0.9980
2026-04-05T05:02:47.000377,43029,0.3↔1.0,0.812,3.0,словосочетания,2,научный,5289,0.9979
2026-04-05T05:02:47.210382,43032,0.1↔0.3,0.826,3.0,словосочетания,2,научный,5290,0.9978
2026-04-05T05:02:48.074406,43048,0.3↔1.0,0.810,0.1,буквы/слоги,2,научный,5291,0.9974
2026-04-05T05:02:48.255382,43051,0.3↔1.0,0.812,10.0,предложения,4,метафорический,5292,0.9976
2026-04-05T05:02:48.872387,43062,0.1↔0.3,0.828,0.1,буквы/слоги,1,бытовой,5293,0.9975
2026-04-05T05:02:48.932378,43063,0.1↔0.3,0.837,10.0,предложения,3,,5294,0.9977
2026-04-05T05:02:49.000378,43064,0.3↔1.0,0.813,0.1,буквы/слоги,2,научный,5295,0.9979
2026-04-05T05:02:49.992407,43082,0.3↔1.0,0.823,30.0,абзацы,4,метафорический,5296,0.9975
2026-04-05T05:02:51.066384,43102,0.1↔0.3,0.824,30.0,абзацы,2,научный,5297,0.9974
2026-04-05T05:02:51.459384,43109,0.3↔1.0,0.809,30.0,абзацы,4,метафорический,5298,0.9973
2026-04-05T05:02:51.646385,43112,0.1↔0.3,0.812,3.0,словосочетания,3,,5299,0.9972
2026-04-05T05:02:51.925406,43117,0.1↔0.3,0.830,10.0,предложения,2,научный,5300,0.9974
2026-04-05T05:02:52.064378,43119,0.1↔0.3,0.810,0.3,буквы/слоги,2,научный,5301,0.9976
2026-04-05T05:02:52.445407,43126,0.3↔1.0,0.823,30.0,абзацы,2,научный,5302,0.9978
2026-04-05T05:02:54.346384,43161,0.3↔1.0,0.825,0.3,буквы/слоги,3,,5303,0.9968
2026-04-05T05:02:54.523407,43164,0.3↔1.0,0.821,100.0,целые тексты,2,научный,5304,0.9970
2026-04-05T05:02:55.098407,43175,0.1↔0.3,0.818,3.0,словосочетания,2,научный,5305,0.9972
2026-04-05T05:02:55.354407,43179,0.1↔0.3,0.818,0.3,буквы/слоги,2,научный,5306,0.9974
2026-04-05T05:02:55.517407,43182,0.1↔0.3,0.829,30.0,абзацы,1,бытовой,5307,0.9976
2026-04-05T05:02:55.871406,43188,0.1↔0.3,0.819,0.1,буквы/слоги,1,бытовой,5308,0.9975
2026-04-05T05:02:56.302407,43196,0.1↔0.3,0.828,30.0,абзацы,1,бытовой,5309,0.9977
2026-04-05T05:02:56.707382,43203,0.3↔1.0,0.825,0.3,буквы/слоги,2,научный,5310,0.9976
2026-04-05T05:02:57.035383,43209,0.1↔0.3,0.833,1.0,слова,2,научный,5311,0.9978
2026-04-05T05:02:58.066386,43227,0.1↔0.3,0.824,30.0,абзацы,2,научный,5312,0.9971
2026-04-05T05:02:58.132388,43228,0.1↔0.3,0.832,30.0,абзацы,1,бытовой,5313,0.9973
2026-04-05T05:02:58.418407,43233,0.1↔0.3,0.820,30.0,абзацы,1,бытовой,5314,0.9975
2026-04-05T05:03:00.475381,43270,0.1↔0.3,0.835,1.0,слова,2,научный,5315,0.9968
2026-04-05T05:03:01.258382,43285,0.1↔0.3,0.832,100.0,целые тексты,3,,5316,0.9970
2026-04-05T05:03:02.673408,43312,0.3↔1.0,0.832,3.0,словосочетания,2,научный,5317,0.9972
2026-04-05T05:03:02.764384,43313,0.1↔0.3,0.815,100.0,целые тексты,1,бытовой,5318,0.9974
2026-04-05T05:03:02.882379,43315,0.1↔0.3,0.835,10.0,предложения,3,,5319,0.9976
2026-04-05T05:03:04.106408,43337,0.1↔0.3,0.834,30.0,абзацы,1,бытовой,5320,0.9975
2026-04-05T05:03:04.905408,43351,0.1↔0.3,0.825,100.0,целые тексты,3,,5321,0.9968
2026-04-05T05:03:05.178408,43356,0.1↔0.3,0.809,3.0,словосочетания,3,,5322,0.9970
2026-04-05T05:03:05.399408,43360,0.3↔1.0,0.818,3.0,словосочетания,1,бытовой,5323,0.9972
2026-04-05T05:03:05.474384,43361,0.3↔1.0,0.825,0.3,буквы/слоги,3,,5324,0.9974
2026-04-05T05:03:05.857385,43368,0.3↔1.0,0.816,1.0,слова,1,бытовой,5325,0.9973
2026-04-05T05:03:05.910389,43369,0.3↔1.0,0.815,10.0,предложения,2,научный,5326,0.9975
2026-04-05T05:03:06.016379,43371,0.1↔0.3,0.813,100.0,целые тексты,2,научный,5327,0.9977
2026-04-05T05:03:06.137379,43373,0.1↔0.3,0.832,0.1,буквы/слоги,1,бытовой,5328,0.9979
2026-04-05T05:03:06.201379,43374,0.1↔0.3,0.809,3.0,словосочетания,1,бытовой,5329,0.9980
2026-04-05T05:03:06.497384,43379,0.1↔0.3,0.821,0.1,буквы/слоги,2,научный,5330,0.9980
2026-04-05T05:03:07.116408,43389,0.1↔0.3,0.822,3.0,словосочетания,2,научный,5331,0.9979
2026-04-05T05:03:07.899409,43402,0.3↔1.0,0.838,30.0,абзацы,3,,5332,0.9975
2026-04-05T05:03:08.034383,43404,0.1↔0.3,0.826,0.3,буквы/слоги,4,метафорический,5333,0.9974
2026-04-05T05:03:09.105380,43422,0.1↔0.3,0.816,10.0,предложения,3,,5334,0.9961
2026-04-05T05:03:09.166381,43423,0.1↔0.3,0.831,30.0,абзацы,2,научный,5335,0.9963
2026-04-05T05:03:09.286386,43425,0.1↔0.3,0.827,10.0,предложения,2,научный,5336,0.9965
2026-04-05T05:03:10.331382,43445,0.3↔1.0,0.829,10.0,предложения,1,бытовой,5337,0.9964
2026-04-05T05:03:10.812379,43454,0.1↔0.3,0.812,0.1,буквы/слоги,3,,5338,0.9966
2026-04-05T05:03:10.897385,43455,0.1↔0.3,0.824,100.0,целые тексты,3,,5339,0.9968
2026-04-05T05:03:11.228408,43461,0.1↔0.3,0.819,100.0,целые тексты,3,,5340,0.9970
2026-04-05T05:03:12.015409,43476,0.1↔0.3,0.809,1.0,слова,4,метафорический,5341,0.9969
2026-04-05T05:03:12.366385,43482,0.1↔0.3,0.831,100.0,целые тексты,1,бытовой,5342,0.9965
2026-04-05T05:03:12.734410,43488,0.1↔0.3,0.833,0.3,буквы/слоги,1,бытовой,5343,0.9967
2026-04-05T05:03:14.165409,43514,0.1↔0.3,0.816,1.0,слова,2,научный,5344,0.9966
2026-04-05T05:03:14.339383,43517,0.1↔0.3,0.809,100.0,целые тексты,1,бытовой,5345,0.9968
2026-04-05T05:03:14.448381,43519,0.3↔1.0,0.829,0.1,буквы/слоги,2,научный,5346,0.9970
2026-04-05T05:03:15.180390,43530,0.1↔0.3,0.814,10.0,предложения,1,бытовой,5347,0.9963
2026-04-05T05:03:15.443385,43534,0.3↔1.0,0.828,0.3,буквы/слоги,2,научный,5348,0.9965
2026-04-05T05:03:15.495384,43535,0.1↔0.3,0.812,3.0,словосочетания,2,научный,5349,0.9967
2026-04-05T05:03:16.087409,43545,0.1↔0.3,0.821,0.3,буквы/слоги,1,бытовой,5350,0.9963
2026-04-05T05:03:16.582384,43554,0.1↔0.3,0.809,1.0,слова,1,бытовой,5351,0.9965
2026-04-05T05:03:17.139409,43563,0.1↔0.3,0.822,100.0,целые тексты,2,научный,5352,0.9964
2026-04-05T05:03:17.522409,43570,0.3↔1.0,0.810,10.0,предложения,3,,5353,0.9966
2026-04-05T05:03:17.700409,43573,0.3↔1.0,0.815,1.0,слова,3,,5354,0.9968
2026-04-05T05:03:17.962409,43577,0.1↔0.3,0.814,1.0,слова,2,научный,5355,0.9967
2026-04-05T05:03:18.178387,43581,0.1↔0.3,0.810,30.0,абзацы,2,научный,5356,0.9966
2026-04-05T05:03:18.329385,43583,0.3↔1.0,0.830,100.0,целые тексты,1,бытовой,5357,0.9965
2026-04-05T05:03:18.484385,43584,0.3↔1.0,0.826,10.0,предложения,1,бытовой,5358,0.9967
2026-04-05T05:03:18.991403,43590,0.3↔1.0,0.826,10.0,предложения,2,научный,5359,0.9969
2026-04-05T05:03:19.397409,43597,0.1↔0.3,0.824,10.0,предложения,2,научный,5360,0.9968
2026-04-05T05:03:20.247381,43611,0.3↔1.0,0.826,30.0,абзацы,3,,5361,0.9958
2026-04-05T05:03:20.920387,43622,0.3↔1.0,0.816,0.3,буквы/слоги,1,бытовой,5362,0.9948
2026-04-05T05:03:21.405409,43631,0.1↔0.3,0.809,0.3,буквы/слоги,3,,5363,0.9950
2026-04-05T05:03:21.614410,43635,0.3↔1.0,0.824,1.0,слова,3,,5364,0.9952
2026-04-05T05:03:22.573410,43652,0.3↔1.0,0.817,10.0,предложения,4,метафорический,5365,0.9951
2026-04-05T05:03:22.759386,43655,0.1↔0.3,0.808,1.0,слова,1,бытовой,5366,0.9953
2026-04-05T05:03:22.883387,43657,0.3↔1.0,0.826,1.0,слова,1,бытовой,5367,0.9955
2026-04-05T05:03:23.030387,43659,0.1↔0.3,0.825,1.0,слова,2,научный,5368,0.9957
2026-04-05T05:03:23.227391,43662,0.1↔0.3,0.832,3.0,словосочетания,2,научный,5369,0.9959
2026-04-05T05:03:23.729385,43671,0.3↔1.0,0.825,100.0,целые тексты,1,бытовой,5370,0.9961
2026-04-05T05:03:23.902389,43674,0.3↔1.0,0.829,1.0,слова,3,,5371,0.9960
2026-04-05T05:03:24.376410,43683,0.1↔0.3,0.813,30.0,абзацы,4,метафорический,5372,0.9962
2026-04-05T05:03:25.617391,43705,0.1↔0.3,0.815,10.0,предложения,3,,5373,0.9955
2026-04-05T05:03:27.086386,43732,0.3↔1.0,0.814,30.0,абзацы,3,,5374,0.9948
2026-04-05T05:03:27.404410,43738,0.3↔1.0,0.832,0.1,буквы/слоги,3,,5375,0.9950
2026-04-05T05:03:27.744411,43744,0.3↔1.0,0.830,3.0,словосочетания,1,бытовой,5376,0.9949
2026-04-05T05:03:27.829387,43745,0.1↔0.3,0.817,30.0,абзацы,3,,5377,0.9951
2026-04-05T05:03:28.045410,43749,0.1↔0.3,0.815,1.0,слова,4,метафорический,5378,0.9953
2026-04-05T05:03:28.102385,43750,0.1↔0.3,0.814,0.3,буквы/слоги,1,бытовой,5379,0.9955
2026-04-05T05:03:28.170382,43751,0.1↔0.3,0.826,0.1,буквы/слоги,1,бытовой,5380,0.9957
2026-04-05T05:03:28.239384,43752,0.1↔0.3,0.829,0.1,буквы/слоги,2,научный,5381,0.9959
2026-04-05T05:03:28.356410,43754,0.3↔1.0,0.831,0.1,буквы/слоги,2,научный,5382,0.9961
2026-04-05T05:03:28.470381,43756,0.3↔1.0,0.810,100.0,целые тексты,1,бытовой,5383,0.9963
2026-04-05T05:03:29.469381,43773,0.3↔1.0,0.816,10.0,предложения,3,,5384,0.9953
2026-04-05T05:03:29.881410,43780,0.3↔1.0,0.820,1.0,слова,1,бытовой,5385,0.9952
2026-04-05T05:03:30.152410,43785,0.3↔1.0,0.829,10.0,предложения,2,научный,5386,0.9954
2026-04-05T05:03:30.231382,43786,0.3↔1.0,0.810,3.0,словосочетания,3,,5387,0.9956
2026-04-05T05:03:30.304390,43787,0.3↔1.0,0.829,30.0,абзацы,3,,5388,0.9958
2026-04-05T05:03:30.482392,43790,0.1↔0.3,0.837,3.0,словосочетания,1,бытовой,5389,0.9960
2026-04-05T05:03:30.894388,43797,0.3↔1.0,0.814,0.3,буквы/слоги,2,научный,5390,0.9956
2026-04-05T05:03:31.522382,43808,0.3↔1.0,0.828,1.0,слова,2,научный,5391,0.9952
2026-04-05T05:03:31.717383,43811,0.1↔0.3,0.834,0.1,буквы/слоги,2,научный,5392,0.9954
2026-04-05T05:03:32.540385,43826,0.3↔1.0,0.835,1.0,слова,2,научный,5393,0.9950
2026-04-05T05:03:32.615390,43827,0.1↔0.3,0.836,3.0,словосочетания,2,научный,5394,0.9952
2026-04-05T05:03:32.744388,43829,0.3↔1.0,0.812,30.0,абзацы,3,,5395,0.9954
2026-04-05T05:03:32.871382,43831,0.3↔1.0,0.828,30.0,абзацы,4,метафорический,5396,0.9956
2026-04-05T05:03:33.066384,43833,0.1↔0.3,0.825,30.0,абзацы,1,бытовой,5397,0.9958
2026-04-05T05:03:33.449411,43840,0.1↔0.3,0.837,30.0,абзацы,2,научный,5398,0.9957
2026-04-05T05:03:33.618382,43842,0.1↔0.3,0.825,30.0,абзацы,1,бытовой,5399,0.9959
2026-04-05T05:03:33.897410,43847,0.1↔0.3,0.833,100.0,целые тексты,4,метафорический,5400,0.9961
2026-04-05T05:03:34.217388,43852,0.3↔1.0,0.823,0.3,буквы/слоги,2,научный,5401,0.9960
2026-04-05T05:03:34.422411,43855,0.1↔0.3,0.830,100.0,целые тексты,1,бытовой,5402,0.9962
2026-04-05T05:03:35.231411,43869,0.3↔1.0,0.817,0.1,буквы/слоги,2,научный,5403,0.9955
2026-04-05T05:03:35.429411,43872,0.1↔0.3,0.820,1.0,слова,2,научный,5404,0.9957
2026-04-05T05:03:35.970411,43882,0.1↔0.3,0.825,3.0,словосочетания,4,метафорический,5405,0.9956
2026-04-05T05:03:36.415386,43889,0.1↔0.3,0.824,30.0,абзацы,3,,5406,0.9955
2026-04-05T05:03:37.785389,43914,0.1↔0.3,0.833,0.1,буквы/слоги,4,метафорический,5407,0.9945
2026-04-05T05:03:38.350411,43924,0.1↔0.3,0.808,30.0,абзацы,3,,5408,0.9944
2026-04-05T05:03:38.771412,43932,0.3↔1.0,0.821,3.0,словосочетания,3,,5409,0.9946
2026-04-05T05:03:39.143393,43939,0.1↔0.3,0.831,100.0,целые тексты,1,бытовой,5410,0.9948
2026-04-05T05:03:39.312411,43942,0.1↔0.3,0.832,10.0,предложения,3,,5411,0.9950
2026-04-05T05:03:39.381384,43943,0.1↔0.3,0.814,1.0,слова,4,метафорический,5412,0.9952
2026-04-05T05:03:39.878411,43952,0.3↔1.0,0.814,0.1,буквы/слоги,3,,5413,0.9951
2026-04-05T05:03:41.378384,43980,0.3↔1.0,0.808,100.0,целые тексты,3,,5414,0.9947
2026-04-05T05:03:42.605387,44002,0.1↔0.3,0.836,1.0,слова,2,научный,5415,0.9943
2026-04-05T05:03:42.890393,44006,0.3↔1.0,0.810,1.0,слова,4,метафорический,5416,0.9945
2026-04-05T05:03:43.184412,44011,0.3↔1.0,0.838,3.0,словосочетания,2,научный,5417,0.9947
2026-04-05T05:03:43.483389,44016,0.3↔1.0,0.834,100.0,целые тексты,4,метафорический,5418,0.9946
2026-04-05T05:03:43.553389,44017,0.1↔0.3,0.813,30.0,абзацы,4,метафорический,5419,0.9948
2026-04-05T05:03:43.727388,44020,0.1↔0.3,0.819,3.0,словосочетания,3,,5420,0.9950
2026-04-05T05:03:43.835412,44022,0.1↔0.3,0.816,0.3,буквы/слоги,2,научный,5421,0.9952
2026-04-05T05:03:44.226393,44029,0.1↔0.3,0.818,30.0,абзацы,4,метафорический,5422,0.9954
2026-04-05T05:03:45.239412,44048,0.1↔0.3,0.826,30.0,абзацы,3,,5423,0.9956
2026-04-05T05:03:45.983383,44061,0.3↔1.0,0.835,3.0,словосочетания,3,,5424,0.9952
2026-04-05T05:03:46.418412,44068,0.3↔1.0,0.821,100.0,целые тексты,3,,5425,0.9951
2026-04-05T05:03:46.800412,44075,0.3↔1.0,0.835,100.0,целые тексты,1,бытовой,5426,0.9953
2026-04-05T05:03:46.869390,44076,0.1↔0.3,0.828,0.3,буквы/слоги,3,,5427,0.9955
2026-04-05T05:03:48.309388,44102,0.1↔0.3,0.823,3.0,словосочетания,2,научный,5428,0.9948
2026-04-05T05:03:48.632413,44108,0.3↔1.0,0.810,0.3,буквы/слоги,3,,5429,0.9950
2026-04-05T05:03:48.850385,44112,0.1↔0.3,0.835,10.0,предложения,3,,5430,0.9952
2026-04-05T05:03:49.388394,44122,0.1↔0.3,0.809,100.0,целые тексты,2,научный,5431,0.9954
2026-04-05T05:03:49.844394,44130,0.1↔0.3,0.812,0.1,буквы/слоги,1,бытовой,5432,0.9953
2026-04-05T05:03:50.451389,44141,0.1↔0.3,0.832,3.0,словосочетания,3,,5433,0.9955
2026-04-05T05:03:51.051384,44152,0.1↔0.3,0.831,10.0,предложения,1,бытовой,5434,0.9951
2026-04-05T05:03:51.429413,44159,0.3↔1.0,0.817,100.0,целые тексты,1,бытовой,5435,0.9953
2026-04-05T05:03:51.769413,44165,0.1↔0.3,0.828,10.0,предложения,1,бытовой,5436,0.9952
2026-04-05T05:03:53.049413,44189,0.3↔1.0,0.818,0.3,буквы/слоги,3,,5437,0.9951
2026-04-05T05:03:53.650384,44199,0.1↔0.3,0.816,0.3,буквы/слоги,3,,5438,0.9950
2026-04-05T05:03:54.240413,44210,0.3↔1.0,0.822,100.0,целые тексты,2,научный,5439,0.9952
2026-04-05T05:03:54.674413,44218,0.1↔0.3,0.828,0.1,буквы/слоги,1,бытовой,5440,0.9954
2026-04-05T05:03:55.178413,44227,0.3↔1.0,0.825,0.3,буквы/слоги,4,метафорический,5441,0.9956
2026-04-05T05:03:55.382390,44230,0.1↔0.3,0.829,3.0,словосочетания,4,метафорический,5442,0.9955
2026-04-05T05:03:55.516385,44232,0.1↔0.3,0.827,30.0,абзацы,2,научный,5443,0.9954
2026-04-05T05:03:56.050390,44241,0.1↔0.3,0.822,3.0,словосочетания,2,научный,5444,0.9950
2026-04-05T05:03:56.165385,44243,0.3↔1.0,0.813,0.3,буквы/слоги,4,метафорический,5445,0.9952
2026-04-05T05:03:56.490413,44249,0.1↔0.3,0.835,0.1,буквы/слоги,3,,5446,0.9954
2026-04-05T05:03:56.551391,44250,0.1↔0.3,0.831,30.0,абзацы,2,научный,5447,0.9956
2026-04-05T05:03:57.016413,44258,0.1↔0.3,0.816,0.1,буквы/слоги,3,,5448,0.9955
2026-04-05T05:03:57.071390,44259,0.3↔1.0,0.812,100.0,целые тексты,3,,5449,0.9957
2026-04-05T05:03:57.975389,44275,0.1↔0.3,0.814,1.0,слова,2,научный,5450,0.9953
2026-04-05T05:03:58.314389,44278,0.1↔0.3,0.825,0.3,буквы/слоги,3,,5451,0.9952
2026-04-05T05:03:58.541390,44282,0.1↔0.3,0.828,100.0,целые тексты,2,научный,5452,0.9954
2026-04-05T05:03:58.940414,44289,0.1↔0.3,0.835,100.0,целые тексты,1,бытовой,5453,0.9953
2026-04-05T05:03:59.641389,44302,0.3↔1.0,0.822,10.0,предложения,3,,5454,0.9955
2026-04-05T05:03:59.860413,44306,0.1↔0.3,0.812,0.1,буквы/слоги,3,,5455,0.9957
2026-04-05T05:04:00.274414,44314,0.1↔0.3,0.832,1.0,слова,1,бытовой,5456,0.9959
2026-04-05T05:04:00.509396,44318,0.3↔1.0,0.832,0.3,буквы/слоги,3,,5457,0.9961
2026-04-05T05:04:00.937414,44326,0.1↔0.3,0.837,1.0,слова,2,научный,5458,0.9963
2026-04-05T05:04:01.169414,44330,0.3↔1.0,0.816,3.0,словосочетания,1,бытовой,5459,0.9965
2026-04-05T05:04:01.360391,44333,0.1↔0.3,0.833,0.1,буквы/слоги,4,метафорический,5460,0.9964
2026-04-05T05:04:01.497385,44335,0.1↔0.3,0.809,3.0,словосочетания,2,научный,5461,0.9966
2026-04-05T05:04:01.722414,44339,0.3↔1.0,0.823,10.0,предложения,2,научный,5462,0.9968
2026-04-05T05:04:02.645414,44356,0.1↔0.3,0.826,3.0,словосочетания,2,научный,5463,0.9964
2026-04-05T05:04:03.515389,44371,0.1↔0.3,0.837,0.1,буквы/слоги,4,метафорический,5464,0.9963
2026-04-05T05:04:03.900389,44377,0.1↔0.3,0.820,0.3,буквы/слоги,1,бытовой,5465,0.9962
2026-04-05T05:04:04.406414,44385,0.1↔0.3,0.814,30.0,абзацы,2,научный,5466,0.9961
2026-04-05T05:04:04.723391,44391,0.3↔1.0,0.833,30.0,абзацы,4,метафорический,5467,0.9963
2026-04-05T05:04:06.118414,44418,0.1↔0.3,0.825,10.0,предложения,4,метафорический,5468,0.9965
2026-04-05T05:04:06.295414,44421,0.1↔0.3,0.834,30.0,абзацы,3,,5469,0.9967
2026-04-05T05:04:07.250414,44439,0.3↔1.0,0.818,100.0,целые тексты,1,бытовой,5470,0.9969
2026-04-05T05:04:08.054387,44453,0.1↔0.3,0.816,0.3,буквы/слоги,1,бытовой,5471,0.9965
2026-04-05T05:04:08.118391,44454,0.3↔1.0,0.817,100.0,целые тексты,1,бытовой,5472,0.9967
2026-04-05T05:04:08.553415,44461,0.1↔0.3,0.829,0.3,буквы/слоги,4,метафорический,5473,0.9966
2026-04-05T05:04:08.783386,44465,0.1↔0.3,0.837,30.0,абзацы,1,бытовой,5474,0.9965
2026-04-05T05:04:08.893396,44467,0.3↔1.0,0.813,30.0,абзацы,2,научный,5475,0.9967
2026-04-05T05:04:08.970390,44468,0.3↔1.0,0.830,100.0,целые тексты,2,научный,5476,0.9969
2026-04-05T05:04:09.032385,44469,0.1↔0.3,0.818,3.0,словосочетания,3,,5477,0.9971
2026-04-05T05:04:09.434387,44476,0.1↔0.3,0.826,30.0,абзацы,1,бытовой,5478,0.9967
2026-04-05T05:04:09.882386,44484,0.1↔0.3,0.833,30.0,абзацы,2,научный,5479,0.9966
2026-04-05T05:04:10.104397,44488,0.1↔0.3,0.821,0.3,буквы/слоги,1,бытовой,5480,0.9965
2026-04-05T05:04:10.217386,44490,0.1↔0.3,0.817,30.0,абзацы,3,,5481,0.9967
2026-04-05T05:04:10.295386,44491,0.1↔0.3,0.820,0.3,буквы/слоги,2,научный,5482,0.9969
2026-04-05T05:04:10.417415,44493,0.3↔1.0,0.830,30.0,абзацы,3,,5483,0.9971
2026-04-05T05:04:11.473394,44512,0.1↔0.3,0.811,10.0,предложения,1,бытовой,5484,0.9967
2026-04-05T05:04:11.965386,44520,0.1↔0.3,0.817,0.1,буквы/слоги,3,,5485,0.9966
2026-04-05T05:04:12.151389,44523,0.1↔0.3,0.816,1.0,слова,1,бытовой,5486,0.9968
2026-04-05T05:04:12.280387,44525,0.1↔0.3,0.810,10.0,предложения,1,бытовой,5487,0.9970
2026-04-05T05:04:13.958391,44557,0.1↔0.3,0.833,0.1,буквы/слоги,1,бытовой,5488,0.9969
2026-04-05T05:04:14.241401,44562,0.1↔0.3,0.816,100.0,целые тексты,3,,5489,0.9971
2026-04-05T05:04:14.381391,44564,0.1↔0.3,0.835,10.0,предложения,4,метафорический,5490,0.9973
2026-04-05T05:04:14.503386,44566,0.3↔1.0,0.815,1.0,слова,2,научный,5491,0.9975
2026-04-05T05:04:14.883415,44572,0.1↔0.3,0.826,0.1,буквы/слоги,3,,5492,0.9974
2026-04-05T05:04:15.220415,44578,0.3↔1.0,0.814,100.0,целые тексты,2,научный,5493,0.9976
2026-04-05T05:04:15.562415,44583,0.1↔0.3,0.821,10.0,предложения,2,научный,5494,0.9978
2026-04-05T05:04:15.854415,44588,0.1↔0.3,0.826,100.0,целые тексты,1,бытовой,5495,0.9977
2026-04-05T05:04:16.954390,44609,0.1↔0.3,0.812,100.0,целые тексты,1,бытовой,5496,0.9979
2026-04-05T05:04:18.256397,44632,0.1↔0.3,0.835,0.1,буквы/слоги,1,бытовой,5497,0.9978
2026-04-05T05:04:18.316386,44633,0.3↔1.0,0.829,1.0,слова,1,бытовой,5498,0.9980
2026-04-05T05:04:18.444391,44635,0.1↔0.3,0.819,3.0,словосочетания,3,,5499,0.9980
2026-04-05T05:04:18.919415,44643,0.3↔1.0,0.818,30.0,абзацы,3,,5500,0.9979
2026-04-05T05:04:19.566388,44655,0.1↔0.3,0.835,10.0,предложения,2,научный,5501,0.9978
2026-04-05T05:04:20.721386,44676,0.1↔0.3,0.836,1.0,слова,1,бытовой,5502,0.9971
2026-04-05T05:04:21.129415,44683,0.3↔1.0,0.810,30.0,абзацы,3,,5503,0.9970
2026-04-05T05:04:21.347390,44687,0.1↔0.3,0.819,1.0,слова,3,,5504,0.9972
2026-04-05T05:04:21.668416,44693,0.1↔0.3,0.826,100.0,целые тексты,2,научный,5505,0.9974
2026-04-05T05:04:21.784387,44695,0.3↔1.0,0.814,10.0,предложения,2,научный,5506,0.9976
2026-04-05T05:04:22.282415,44704,0.1↔0.3,0.835,0.3,буквы/слоги,3,,5507,0.9978
2026-04-05T05:04:22.517390,44708,0.1↔0.3,0.811,3.0,словосочетания,1,бытовой,5508,0.9980
2026-04-05T05:04:24.189391,44740,0.1↔0.3,0.821,1.0,слова,1,бытовой,5509,0.9976
2026-04-05T05:04:24.387416,44743,0.3↔1.0,0.818,0.1,буквы/слоги,1,бытовой,5510,0.9978
2026-04-05T05:04:24.840416,44750,0.3↔1.0,0.819,0.3,буквы/слоги,3,,5511,0.9980
2026-04-05T05:04:25.188416,44756,0.1↔0.3,0.836,1.0,слова,1,бытовой,5512,0.9979
2026-04-05T05:04:25.478418,44761,0.3↔1.0,0.837,3.0,словосочетания,2,научный,5513,0.9980
2026-04-05T05:04:25.895388,44768,0.1↔0.3,0.815,3.0,словосочетания,1,бытовой,5514,0.9979
2026-04-05T05:04:26.040395,44770,0.3↔1.0,0.808,10.0,предложения,3,,5515,0.9980
2026-04-05T05:04:26.164416,44772,0.1↔0.3,0.817,0.3,буквы/слоги,1,бытовой,5516,0.9980
2026-04-05T05:04:27.009391,44787,0.3↔1.0,0.813,0.1,буквы/слоги,3,,5517,0.9979
2026-04-05T05:04:27.756392,44801,0.3↔1.0,0.822,0.3,буквы/слоги,1,бытовой,5518,0.9980
2026-04-05T05:04:27.907391,44803,0.1↔0.3,0.831,0.3,буквы/слоги,1,бытовой,5519,0.9980
2026-04-05T05:04:28.764390,44818,0.1↔0.3,0.830,0.1,буквы/слоги,4,метафорический,5520,0.9976
2026-04-05T05:04:29.302416,44828,0.3↔1.0,0.828,0.1,буквы/слоги,1,бытовой,5521,0.9975
2026-04-05T05:04:29.569416,44832,0.1↔0.3,0.832,0.3,буквы/слоги,2,научный,5522,0.9977
2026-04-05T05:04:29.940397,44839,0.1↔0.3,0.828,0.1,буквы/слоги,3,,5523,0.9979
2026-04-05T05:04:30.309417,44846,0.1↔0.3,0.828,100.0,целые тексты,3,,5524,0.9980
2026-04-05T05:04:30.755390,44854,0.3↔1.0,0.833,1.0,слова,1,бытовой,5525,0.9980
2026-04-05T05:04:31.018417,44858,0.1↔0.3,0.818,1.0,слова,3,,5526,0.9980
2026-04-05T05:04:31.598397,44869,0.3↔1.0,0.810,30.0,абзацы,3,,5527,0.9980
2026-04-05T05:04:31.837417,44873,0.3↔1.0,0.825,10.0,предложения,1,бытовой,5528,0.9980
2026-04-05T05:04:34.495393,44919,0.1↔0.3,0.810,1.0,слова,2,научный,5529,0.9964
2026-04-05T05:04:34.719417,44923,0.1↔0.3,0.826,0.3,буквы/слоги,1,бытовой,5530,0.9966
2026-04-05T05:04:35.105391,44930,0.3↔1.0,0.834,10.0,предложения,3,,5531,0.9968
2026-04-05T05:04:35.173393,44931,0.1↔0.3,0.828,10.0,предложения,3,,5532,0.9970
2026-04-05T05:04:36.094394,44948,0.3↔1.0,0.829,100.0,целые тексты,2,научный,5533,0.9969
2026-04-05T05:04:36.221394,44950,0.1↔0.3,0.834,0.3,буквы/слоги,2,научный,5534,0.9971
2026-04-05T05:04:36.361393,44952,0.1↔0.3,0.829,3.0,словосочетания,1,бытовой,5535,0.9973
2026-04-05T05:04:36.743398,44959,0.1↔0.3,0.837,100.0,целые тексты,2,научный,5536,0.9975
2026-04-05T05:04:37.067417,44965,0.1↔0.3,0.838,3.0,словосочетания,3,,5537,0.9974
2026-04-05T05:04:37.597417,44973,0.3↔1.0,0.810,0.3,буквы/слоги,2,научный,5538,0.9970
2026-04-05T05:04:37.779417,44976,0.1↔0.3,0.829,100.0,целые тексты,3,,5539,0.9972
2026-04-05T05:04:38.177392,44983,0.3↔1.0,0.832,0.1,буквы/слоги,2,научный,5540,0.9971
2026-04-05T05:04:38.293389,44985,0.1↔0.3,0.814,30.0,абзацы,3,,5541,0.9973
2026-04-05T05:04:38.593394,44990,0.3↔1.0,0.833,0.3,буквы/слоги,1,бытовой,5542,0.9972
2026-04-05T05:04:39.189418,45001,0.3↔1.0,0.830,1.0,слова,2,научный,5543,0.9971
2026-04-05T05:04:39.601417,45009,0.1↔0.3,0.836,100.0,целые тексты,3,,5544,0.9973
2026-04-05T05:04:39.683394,45010,0.1↔0.3,0.815,0.1,буквы/слоги,2,научный,5545,0.9975
2026-04-05T05:04:41.571418,45045,0.1↔0.3,0.827,0.3,буквы/слоги,2,научный,5546,0.9971
2026-04-05T05:04:41.993418,45053,0.3↔1.0,0.832,100.0,целые тексты,3,,5547,0.9970
2026-04-05T05:04:43.272392,45075,0.1↔0.3,0.819,0.3,буквы/слоги,3,,5548,0.9966
2026-04-05T05:04:43.922418,45084,0.1↔0.3,0.837,3.0,словосочетания,3,,5549,0.9965
2026-04-05T05:04:43.979390,45085,0.1↔0.3,0.837,3.0,словосочетания,1,бытовой,5550,0.9967
2026-04-05T05:04:44.457390,45093,0.1↔0.3,0.810,100.0,целые тексты,4,метафорический,5551,0.9966
2026-04-05T05:04:44.633418,45096,0.3↔1.0,0.813,0.1,буквы/слоги,2,научный,5552,0.9968
2026-04-05T05:04:44.735394,45098,0.3↔1.0,0.818,10.0,предложения,1,бытовой,5553,0.9967
2026-04-05T05:04:44.916418,45101,0.3↔1.0,0.820,1.0,слова,1,бытовой,5554,0.9969
2026-04-05T05:04:45.203389,45105,0.1↔0.3,0.817,0.3,буквы/слоги,3,,5555,0.9968
2026-04-05T05:04:45.706418,45114,0.1↔0.3,0.815,1.0,слова,3,,5556,0.9967
2026-04-05T05:04:45.926419,45118,0.3↔1.0,0.814,3.0,словосочетания,1,бытовой,5557,0.9969
2026-04-05T05:04:46.299389,45125,0.3↔1.0,0.819,0.3,буквы/слоги,2,научный,5558,0.9968
2026-04-05T05:04:47.403394,45146,0.1↔0.3,0.820,3.0,словосочетания,2,научный,5559,0.9967
2026-04-05T05:04:48.247419,45162,0.3↔1.0,0.830,100.0,целые тексты,1,бытовой,5560,0.9969
2026-04-05T05:04:48.662418,45169,0.1↔0.3,0.829,1.0,слова,1,бытовой,5561,0.9971
2026-04-05T05:04:49.072418,45176,0.3↔1.0,0.827,0.3,буквы/слоги,1,бытовой,5562,0.9973
2026-04-05T05:04:49.151397,45177,0.1↔0.3,0.812,0.1,буквы/слоги,4,метафорический,5563,0.9975
2026-04-05T05:04:49.729418,45188,0.3↔1.0,0.831,10.0,предложения,1,бытовой,5564,0.9977
2026-04-05T05:04:50.572419,45203,0.1↔0.3,0.829,10.0,предложения,1,бытовой,5565,0.9973
2026-04-05T05:04:50.902419,45209,0.1↔0.3,0.825,10.0,предложения,2,научный,5566,0.9975
2026-04-05T05:04:51.720390,45222,0.1↔0.3,0.810,3.0,словосочетания,1,бытовой,5567,0.9971
2026-04-05T05:04:52.094394,45228,0.1↔0.3,0.827,0.3,буквы/слоги,1,бытовой,5568,0.9973
2026-04-05T05:04:52.213419,45230,0.3↔1.0,0.825,0.3,буквы/слоги,1,бытовой,5569,0.9975
2026-04-05T05:04:52.683395,45237,0.1↔0.3,0.826,1.0,слова,1,бытовой,5570,0.9971
2026-04-05T05:04:53.105395,45245,0.1↔0.3,0.812,0.3,буквы/слоги,2,научный,5571,0.9973
2026-04-05T05:04:53.297395,45248,0.1↔0.3,0.837,10.0,предложения,1,бытовой,5572,0.9975
2026-04-05T05:04:53.423396,45250,0.1↔0.3,0.833,100.0,целые тексты,4,метафорический,5573,0.9977
2026-04-05T05:04:53.482390,45251,0.1↔0.3,0.820,10.0,предложения,3,,5574,0.9979
2026-04-05T05:04:54.511402,45269,0.1↔0.3,0.816,10.0,предложения,2,научный,5575,0.9975
2026-04-05T05:04:54.918391,45276,0.1↔0.3,0.821,1.0,слова,1,бытовой,5576,0.9971
2026-04-05T05:04:55.190396,45281,0.3↔1.0,0.830,3.0,словосочетания,2,научный,5577,0.9973
2026-04-05T05:04:55.760393,45291,0.1↔0.3,0.838,10.0,предложения,4,метафорический,5578,0.9975
2026-04-05T05:04:56.379394,45302,0.1↔0.3,0.825,30.0,абзацы,2,научный,5579,0.9974
2026-04-05T05:04:56.509398,45304,0.3↔1.0,0.810,0.3,буквы/слоги,3,,5580,0.9976
2026-04-05T05:04:57.049393,45314,0.1↔0.3,0.809,3.0,словосочетания,2,научный,5581,0.9975
2026-04-05T05:04:58.160393,45334,0.3↔1.0,0.824,1.0,слова,3,,5582,0.9971
2026-04-05T05:04:58.217396,45335,0.1↔0.3,0.820,3.0,словосочетания,2,научный,5583,0.9973
2026-04-05T05:04:58.402419,45338,0.1↔0.3,0.812,1.0,слова,2,научный,5584,0.9975
2026-04-05T05:04:58.693395,45343,0.1↔0.3,0.816,0.3,буквы/слоги,3,,5585,0.9974
2026-04-05T05:04:58.974419,45348,0.1↔0.3,0.829,30.0,абзацы,1,бытовой,5586,0.9976
2026-04-05T05:04:59.397420,45356,0.3↔1.0,0.821,0.1,буквы/слоги,1,бытовой,5587,0.9978
2026-04-05T05:04:59.887419,45365,0.1↔0.3,0.835,0.1,буквы/слоги,2,научный,5588,0.9980
2026-04-05T05:05:00.083420,45368,0.1↔0.3,0.818,1.0,слова,3,,5589,0.9980
2026-04-05T05:05:00.202391,45370,0.3↔1.0,0.823,3.0,словосочетания,2,научный,5590,0.9980
2026-04-05T05:05:00.650420,45377,0.1↔0.3,0.834,3.0,словосочетания,1,бытовой,5591,0.9973
2026-04-05T05:05:01.020419,45384,0.1↔0.3,0.835,10.0,предложения,2,научный,5592,0.9975
2026-04-05T05:05:01.727394,45397,0.1↔0.3,0.811,3.0,словосочетания,2,научный,5593,0.9971
2026-04-05T05:05:01.844391,45399,0.1↔0.3,0.835,3.0,словосочетания,2,научный,5594,0.9973
2026-04-05T05:05:02.221396,45405,0.1↔0.3,0.824,0.1,буквы/слоги,2,научный,5595,0.9972
2026-04-05T05:05:02.451420,45409,0.1↔0.3,0.812,0.1,буквы/слоги,2,научный,5596,0.9974
2026-04-05T05:05:02.965420,45419,0.3↔1.0,0.811,100.0,целые тексты,1,бытовой,5597,0.9976
2026-04-05T05:05:03.747400,45434,0.1↔0.3,0.831,1.0,слова,1,бытовой,5598,0.9978
2026-04-05T05:05:03.934393,45437,0.1↔0.3,0.826,30.0,абзацы,1,бытовой,5599,0.9980
2026-04-05T05:05:04.372400,45445,0.1↔0.3,0.833,0.3,буквы/слоги,3,,5600,0.9980
2026-04-05T05:05:04.754394,45452,0.3↔1.0,0.820,100.0,целые тексты,1,бытовой,5601,0.9979
2026-04-05T05:05:04.867391,45454,0.1↔0.3,0.811,3.0,словосочетания,3,,5602,0.9980
2026-04-05T05:05:05.050420,45457,0.1↔0.3,0.811,3.0,словосочетания,2,научный,5603,0.9980
2026-04-05T05:05:05.194401,45459,0.1↔0.3,0.822,3.0,словосочетания,3,,5604,0.9979
2026-04-05T05:05:05.427395,45463,0.1↔0.3,0.824,0.1,буквы/слоги,4,метафорический,5605,0.9980
2026-04-05T05:05:05.854394,45470,0.1↔0.3,0.823,0.3,буквы/слоги,3,,5606,0.9980
2026-04-05T05:05:06.198420,45476,0.3↔1.0,0.823,0.3,буквы/слоги,2,научный,5607,0.9980
2026-04-05T05:05:06.494420,45481,0.1↔0.3,0.826,1.0,слова,3,,5608,0.9980
2026-04-05T05:05:06.545391,45482,0.3↔1.0,0.820,0.1,буквы/слоги,3,,5609,0.9980
2026-04-05T05:05:07.230421,45494,0.3↔1.0,0.809,30.0,абзацы,3,,5610,0.9979
2026-04-05T05:05:07.899420,45505,0.3↔1.0,0.833,1.0,слова,1,бытовой,5611,0.9975
2026-04-05T05:05:09.066420,45527,0.3↔1.0,0.836,30.0,абзацы,4,метафорический,5612,0.9974
2026-04-05T05:05:09.310392,45531,0.1↔0.3,0.814,0.3,буквы/слоги,1,бытовой,5613,0.9973
2026-04-05T05:05:09.814398,45540,0.1↔0.3,0.830,30.0,абзацы,3,,5614,0.9972
2026-04-05T05:05:09.984421,45543,0.3↔1.0,0.826,1.0,слова,2,научный,5615,0.9974
2026-04-05T05:05:10.263421,45548,0.3↔1.0,0.823,1.0,слова,1,бытовой,5616,0.9976
2026-04-05T05:05:11.114421,45564,0.1↔0.3,0.828,0.1,буквы/слоги,2,научный,5617,0.9975
2026-04-05T05:05:11.184398,45565,0.3↔1.0,0.810,0.1,буквы/слоги,2,научный,5618,0.9977
2026-04-05T05:05:11.252393,45566,0.1↔0.3,0.818,30.0,абзацы,4,метафорический,5619,0.9979
2026-04-05T05:05:11.478420,45570,0.1↔0.3,0.818,0.1,буквы/слоги,1,бытовой,5620,0.9980
2026-04-05T05:05:11.597402,45572,0.3↔1.0,0.821,3.0,словосочетания,3,,5621,0.9980
2026-04-05T05:05:11.663396,45573,0.3↔1.0,0.818,0.1,буквы/слоги,1,бытовой,5622,0.9980
2026-04-05T05:05:11.977396,45578,0.3↔1.0,0.831,30.0,абзацы,2,научный,5623,0.9979
2026-04-05T05:05:12.362421,45584,0.3↔1.0,0.821,0.1,буквы/слоги,3,,5624,0.9978
2026-04-05T05:05:12.949421,45595,0.1↔0.3,0.822,0.3,буквы/слоги,2,научный,5625,0.9980
2026-04-05T05:05:13.761421,45610,0.3↔1.0,0.834,3.0,словосочетания,2,научный,5626,0.9980
2026-04-05T05:05:14.102421,45616,0.3↔1.0,0.836,0.3,буквы/слоги,2,научный,5627,0.9980
2026-04-05T05:05:14.292392,45619,0.1↔0.3,0.835,0.3,буквы/слоги,1,бытовой,5628,0.9976
2026-04-05T05:05:14.779421,45628,0.3↔1.0,0.820,1.0,слова,3,,5629,0.9975
2026-04-05T05:05:15.062421,45633,0.3↔1.0,0.836,30.0,абзацы,1,бытовой,5630,0.9974
2026-04-05T05:05:15.795421,45646,0.1↔0.3,0.822,100.0,целые тексты,1,бытовой,5631,0.9970
2026-04-05T05:05:17.163421,45672,0.3↔1.0,0.829,0.1,буквы/слоги,2,научный,5632,0.9966
2026-04-05T05:05:18.365397,45694,0.1↔0.3,0.830,1.0,слова,1,бытовой,5633,0.9965
2026-04-05T05:05:18.550402,45697,0.3↔1.0,0.810,3.0,словосочетания,4,метафорический,5634,0.9967
2026-04-05T05:05:19.064421,45706,0.1↔0.3,0.832,100.0,целые тексты,2,научный,5635,0.9966
2026-04-05T05:05:19.184393,45708,0.3↔1.0,0.817,100.0,целые тексты,2,научный,5636,0.9968
2026-04-05T05:05:19.588399,45715,0.1↔0.3,0.835,1.0,слова,1,бытовой,5637,0.9964
2026-04-05T05:05:19.883421,45720,0.1↔0.3,0.820,10.0,предложения,3,,5638,0.9966
2026-04-05T05:05:20.234393,45725,0.3↔1.0,0.831,1.0,слова,2,научный,5639,0.9965
2026-04-05T05:05:20.449422,45729,0.1↔0.3,0.835,0.3,буквы/слоги,1,бытовой,5640,0.9967
2026-04-05T05:05:21.590404,45750,0.3↔1.0,0.824,100.0,целые тексты,4,метафорический,5641,0.9963
2026-04-05T05:05:21.731393,45752,0.1↔0.3,0.816,30.0,абзацы,1,бытовой,5642,0.9965
2026-04-05T05:05:23.804403,45790,0.3↔1.0,0.818,100.0,целые тексты,3,,5643,0.9955
2026-04-05T05:05:24.809422,45809,0.1↔0.3,0.821,0.1,буквы/слоги,2,научный,5644,0.9954
2026-04-05T05:05:26.210422,45834,0.3↔1.0,0.812,100.0,целые тексты,2,научный,5645,0.9944
2026-04-05T05:05:26.900422,45846,0.1↔0.3,0.834,10.0,предложения,3,,5646,0.9943
2026-04-05T05:05:27.366397,45854,0.3↔1.0,0.823,30.0,абзацы,1,бытовой,5647,0.9942
2026-04-05T05:05:27.785393,45861,0.1↔0.3,0.823,3.0,словосочетания,2,научный,5648,0.9938
2026-04-05T05:05:27.918393,45863,0.1↔0.3,0.810,0.3,буквы/слоги,1,бытовой,5649,0.9940
2026-04-05T05:05:28.280422,45869,0.3↔1.0,0.818,0.3,буквы/слоги,2,научный,5650,0.9939
2026-04-05T05:05:29.087399,45883,0.3↔1.0,0.832,10.0,предложения,2,научный,5651,0.9938
2026-04-05T05:05:29.727403,45895,0.1↔0.3,0.826,30.0,абзацы,3,,5652,0.9934
2026-04-05T05:05:31.543399,45930,0.3↔1.0,0.832,30.0,абзацы,1,бытовой,5653,0.9933
2026-04-05T05:05:31.615400,45931,0.1↔0.3,0.837,30.0,абзацы,2,научный,5654,0.9935
2026-04-05T05:05:32.520397,45946,0.3↔1.0,0.836,3.0,словосочетания,1,бытовой,5655,0.9934
2026-04-05T05:05:33.598400,45966,0.1↔0.3,0.815,0.1,буквы/слоги,3,,5656,0.9930
2026-04-05T05:05:34.037403,45974,0.3↔1.0,0.826,0.1,буквы/слоги,2,научный,5657,0.9932
2026-04-05T05:05:34.152394,45976,0.1↔0.3,0.833,0.3,буквы/слоги,2,научный,5658,0.9934
2026-04-05T05:05:34.654423,45985,0.1↔0.3,0.828,3.0,словосочетания,3,,5659,0.9936
2026-04-05T05:05:34.774396,45987,0.1↔0.3,0.829,10.0,предложения,4,метафорический,5660,0.9938
2026-04-05T05:05:35.026423,45991,0.1↔0.3,0.826,0.3,буквы/слоги,3,,5661,0.9940
2026-04-05T05:05:35.195423,45994,0.1↔0.3,0.831,0.1,буквы/слоги,3,,5662,0.9942
2026-04-05T05:05:35.647423,46002,0.3↔1.0,0.824,100.0,целые тексты,2,научный,5663,0.9941
2026-04-05T05:05:36.024424,46009,0.1↔0.3,0.818,0.1,буквы/слоги,1,бытовой,5664,0.9943
2026-04-05T05:05:36.283424,46013,0.3↔1.0,0.815,0.3,буквы/слоги,1,бытовой,5665,0.9945
2026-04-05T05:05:36.853423,46023,0.1↔0.3,0.819,10.0,предложения,4,метафорический,5666,0.9944
2026-04-05T05:05:37.348395,46032,0.3↔1.0,0.811,10.0,предложения,1,бытовой,5667,0.9943
2026-04-05T05:05:37.432394,46033,0.3↔1.0,0.831,30.0,абзацы,3,,5668,0.9945
2026-04-05T05:05:37.547394,46035,0.3↔1.0,0.826,3.0,словосочетания,2,научный,5669,0.9947
2026-04-05T05:05:38.352395,46050,0.1↔0.3,0.817,1.0,слова,1,бытовой,5670,0.9946
2026-04-05T05:05:39.292399,46067,0.3↔1.0,0.822,30.0,абзацы,1,бытовой,5671,0.9945
2026-04-05T05:05:40.068404,46081,0.3↔1.0,0.824,0.3,буквы/слоги,2,научный,5672,0.9938
2026-04-05T05:05:40.204401,46083,0.3↔1.0,0.818,100.0,целые тексты,2,научный,5673,0.9937
2026-04-05T05:05:41.065424,46099,0.1↔0.3,0.808,1.0,слова,3,,5674,0.9936
2026-04-05T05:05:41.358401,46104,0.1↔0.3,0.838,10.0,предложения,3,,5675,0.9935
2026-04-05T05:05:42.670399,46129,0.1↔0.3,0.820,100.0,целые тексты,1,бытовой,5676,0.9937
2026-04-05T05:05:42.800395,46131,0.1↔0.3,0.833,10.0,предложения,1,бытовой,5677,0.9939
2026-04-05T05:05:43.301404,46137,0.1↔0.3,0.824,0.1,буквы/слоги,1,бытовой,5678,0.9935
2026-04-05T05:05:44.682424,46163,0.1↔0.3,0.816,1.0,слова,3,,5679,0.9934
2026-04-05T05:05:45.243424,46173,0.3↔1.0,0.823,1.0,слова,3,,5680,0.9936
2026-04-05T05:05:45.497400,46177,0.1↔0.3,0.831,0.3,буквы/слоги,3,,5681,0.9938
2026-04-05T05:05:45.651424,46180,0.1↔0.3,0.835,1.0,слова,1,бытовой,5682,0.9940
2026-04-05T05:05:46.605424,46197,0.1↔0.3,0.818,0.3,буквы/слоги,1,бытовой,5683,0.9939
2026-04-05T05:05:47.472424,46214,0.1↔0.3,0.828,100.0,целые тексты,2,научный,5684,0.9935
2026-04-05T05:05:47.574424,46216,0.3↔1.0,0.836,10.0,предложения,1,бытовой,5685,0.9937
2026-04-05T05:05:47.676425,46218,0.1↔0.3,0.809,0.3,буквы/слоги,4,метафорический,5686,0.9939
2026-04-05T05:05:47.778424,46220,0.1↔0.3,0.814,0.1,буквы/слоги,3,,5687,0.9941
2026-04-05T05:05:47.880424,46222,0.3↔1.0,0.829,10.0,предложения,3,,5688,0.9943
2026-04-05T05:05:48.084425,46226,0.1↔0.3,0.820,10.0,предложения,1,бытовой,5689,0.9942
2026-04-05T05:05:48.186424,46228,0.1↔0.3,0.814,1.0,слова,2,научный,5690,0.9944
2026-04-05T05:05:48.852425,46241,0.1↔0.3,0.825,0.1,буквы/слоги,2,научный,5691,0.9943
2026-04-05T05:05:49.209425,46248,0.1↔0.3,0.826,3.0,словосочетания,4,метафорический,5692,0.9945
2026-04-05T05:05:49.312424,46250,0.3↔1.0,0.829,30.0,абзацы,1,бытовой,5693,0.9947
2026-04-05T05:05:49.621424,46256,0.1↔0.3,0.812,100.0,целые тексты,2,научный,5694,0.9949
2026-04-05T05:05:49.723424,46258,0.3↔1.0,0.828,1.0,слова,1,бытовой,5695,0.9951
2026-04-05T05:05:50.029399,46264,0.1↔0.3,0.811,0.1,буквы/слоги,3,,5696,0.9953
2026-04-05T05:05:50.208401,46267,0.1↔0.3,0.811,3.0,словосочетания,3,,5697,0.9955
2026-04-05T05:05:50.340398,46269,0.3↔1.0,0.820,0.3,буквы/слоги,2,научный,5698,0.9954
2026-04-05T05:05:50.658402,46275,0.3↔1.0,0.818,0.3,буквы/слоги,2,научный,5699,0.9956
2026-04-05T05:05:50.822425,46278,0.1↔0.3,0.835,0.1,буквы/слоги,4,метафорический,5700,0.9958
2026-04-05T05:05:51.204401,46285,0.3↔1.0,0.819,0.1,буквы/слоги,1,бытовой,5701,0.9957
2026-04-05T05:05:52.174424,46300,0.1↔0.3,0.814,100.0,целые тексты,3,,5702,0.9959
2026-04-05T05:05:52.634425,46309,0.3↔1.0,0.831,1.0,слова,3,,5703,0.9958
2026-04-05T05:05:53.077425,46317,0.1↔0.3,0.823,1.0,слова,1,бытовой,5704,0.9957
2026-04-05T05:05:53.179425,46319,0.3↔1.0,0.821,1.0,слова,2,научный,5705,0.9959
2026-04-05T05:05:53.333399,46322,0.3↔1.0,0.827,3.0,словосочетания,4,метафорический,5706,0.9961
2026-04-05T05:05:53.594425,46327,0.3↔1.0,0.827,0.3,буквы/слоги,3,,5707,0.9963
2026-04-05T05:05:53.696425,46329,0.3↔1.0,0.833,30.0,абзацы,2,научный,5708,0.9962
2026-04-05T05:05:53.919401,46333,0.1↔0.3,0.818,1.0,слова,3,,5709,0.9964
2026-04-05T05:05:54.449425,46343,0.1↔0.3,0.809,10.0,предложения,1,бытовой,5710,0.9963
2026-04-05T05:05:55.061425,46355,0.3↔1.0,0.832,1.0,слова,3,,5711,0.9959
2026-04-05T05:05:56.513425,46383,0.1↔0.3,0.809,10.0,предложения,2,научный,5712,0.9952
2026-04-05T05:05:56.616425,46385,0.1↔0.3,0.809,1.0,слова,1,бытовой,5713,0.9954
2026-04-05T05:05:57.177425,46396,0.1↔0.3,0.815,30.0,абзацы,3,,5714,0.9953
2026-04-05T05:05:59.167425,46434,0.1↔0.3,0.816,10.0,предложения,4,метафорический,5715,0.9952
2026-04-05T05:05:59.218426,46435,0.3↔1.0,0.832,1.0,слова,3,,5716,0.9954
2026-04-05T05:05:59.779426,46446,0.1↔0.3,0.824,30.0,абзацы,3,,5717,0.9953
2026-04-05T05:06:02.709426,46503,0.1↔0.3,0.817,1.0,слова,3,,5718,0.9934
2026-04-05T05:06:03.015426,46509,0.1↔0.3,0.824,10.0,предложения,3,,5719,0.9936
2026-04-05T05:06:03.734426,46523,0.3↔1.0,0.813,0.1,буквы/слоги,2,научный,5720,0.9935
2026-04-05T05:06:04.083399,46529,0.3↔1.0,0.811,0.3,буквы/слоги,3,,5721,0.9937
2026-04-05T05:06:04.339426,46534,0.1↔0.3,0.812,3.0,словосочетания,2,научный,5722,0.9939
2026-04-05T05:06:04.697407,46541,0.3↔1.0,0.830,0.1,буквы/слоги,2,научный,5723,0.9941
2026-04-05T05:06:05.055426,46548,0.3↔1.0,0.831,0.3,буквы/слоги,2,научный,5724,0.9943
2026-04-05T05:06:05.310426,46553,0.3↔1.0,0.822,10.0,предложения,1,бытовой,5725,0.9945
2026-04-05T05:06:05.668426,46560,0.3↔1.0,0.821,30.0,абзацы,3,,5726,0.9944
2026-04-05T05:06:05.770426,46562,0.1↔0.3,0.821,3.0,словосочетания,3,,5727,0.9946
2026-04-05T05:06:06.091426,46568,0.1↔0.3,0.813,10.0,предложения,3,,5728,0.9948
2026-04-05T05:06:06.601426,46578,0.1↔0.3,0.821,3.0,словосочетания,4,метафорический,5729,0.9950
2026-04-05T05:06:07.162426,46589,0.3↔1.0,0.822,100.0,целые тексты,2,научный,5730,0.9952
2026-04-05T05:06:07.417427,46594,0.3↔1.0,0.822,1.0,слова,1,бытовой,5731,0.9954
2026-04-05T05:06:08.080400,46607,0.1↔0.3,0.837,100.0,целые тексты,4,метафорический,5732,0.9956
2026-04-05T05:06:08.183426,46609,0.1↔0.3,0.837,1.0,слова,1,бытовой,5733,0.9958
2026-04-05T05:06:08.234426,46610,0.3↔1.0,0.817,1.0,слова,3,,5734,0.9960
2026-04-05T05:06:08.285426,46611,0.3↔1.0,0.817,100.0,целые тексты,1,бытовой,5735,0.9962
2026-04-05T05:06:08.693426,46619,0.1↔0.3,0.835,30.0,абзацы,1,бытовой,5736,0.9964
2026-04-05T05:06:08.796427,46621,0.3↔1.0,0.813,1.0,слова,4,метафорический,5737,0.9966
2026-04-05T05:06:09.354426,46631,0.1↔0.3,0.818,3.0,словосочетания,3,,5738,0.9968
2026-04-05T05:06:09.405427,46632,0.3↔1.0,0.830,0.3,буквы/слоги,2,научный,5739,0.9970
2026-04-05T05:06:09.609416,46636,0.3↔1.0,0.809,10.0,предложения,1,бытовой,5740,0.9969
2026-04-05T05:06:10.226427,46648,0.1↔0.3,0.813,10.0,предложения,2,научный,5741,0.9968
2026-04-05T05:06:11.115426,46665,0.1↔0.3,0.817,100.0,целые тексты,3,,5742,0.9970
2026-04-05T05:06:11.217402,46667,0.3↔1.0,0.829,10.0,предложения,3,,5743,0.9972
2026-04-05T05:06:11.535427,46673,0.3↔1.0,0.821,0.1,буквы/слоги,1,бытовой,5744,0.9974
2026-04-05T05:06:11.892427,46680,0.3↔1.0,0.821,3.0,словосочетания,3,,5745,0.9976
2026-04-05T05:06:12.504427,46692,0.1↔0.3,0.812,3.0,словосочетания,3,,5746,0.9975
2026-04-05T05:06:12.606427,46694,0.3↔1.0,0.835,3.0,словосочетания,2,научный,5747,0.9977
2026-04-05T05:06:12.861427,46699,0.1↔0.3,0.834,30.0,абзацы,2,научный,5748,0.9979
2026-04-05T05:06:13.696427,46715,0.1↔0.3,0.832,30.0,абзацы,3,,5749,0.9975
2026-04-05T05:06:13.747427,46716,0.3↔1.0,0.834,3.0,словосочетания,1,бытовой,5750,0.9977
2026-04-05T05:06:14.880427,46738,0.1↔0.3,0.816,30.0,абзацы,1,бытовой,5751,0.9970
2026-04-05T05:06:15.479427,46749,0.3↔1.0,0.808,0.3,буквы/слоги,1,бытовой,5752,0.9972
2026-04-05T05:06:16.543402,46769,0.1↔0.3,0.837,0.1,буквы/слоги,3,,5753,0.9971
2026-04-05T05:06:16.872399,46775,0.3↔1.0,0.837,30.0,абзацы,2,научный,5754,0.9973
2026-04-05T05:06:17.549403,46788,0.3↔1.0,0.818,3.0,словосочетания,4,метафорический,5755,0.9975
2026-04-05T05:06:18.467427,46805,0.3↔1.0,0.819,3.0,словосочетания,3,,5756,0.9968
2026-04-05T05:06:18.672427,46809,0.1↔0.3,0.817,0.1,буквы/слоги,1,бытовой,5757,0.9970
2026-04-05T05:06:20.015428,46834,0.1↔0.3,0.822,0.3,буквы/слоги,1,бытовой,5758,0.9969
2026-04-05T05:06:20.527427,46844,0.1↔0.3,0.835,0.3,буквы/слоги,1,бытовой,5759,0.9968
2026-04-05T05:06:20.834428,46850,0.1↔0.3,0.815,3.0,словосочетания,2,научный,5760,0.9967
2026-04-05T05:06:21.140428,46856,0.1↔0.3,0.808,100.0,целые тексты,2,научный,5761,0.9969
2026-04-05T05:06:21.999404,46872,0.1↔0.3,0.819,30.0,абзацы,1,бытовой,5762,0.9965
2026-04-05T05:06:22.203428,46876,0.3↔1.0,0.813,0.3,буквы/слоги,2,научный,5763,0.9964
2026-04-05T05:06:22.305428,46878,0.1↔0.3,0.813,0.3,буквы/слоги,3,,5764,0.9966
2026-04-05T05:06:22.458428,46881,0.1↔0.3,0.822,30.0,абзацы,3,,5765,0.9968
2026-04-05T05:06:23.033428,46892,0.1↔0.3,0.812,1.0,слова,2,научный,5766,0.9970
2026-04-05T05:06:23.493428,46901,0.1↔0.3,0.830,3.0,словосочетания,1,бытовой,5767,0.9972
2026-04-05T05:06:23.882428,46908,0.1↔0.3,0.831,30.0,абзацы,2,научный,5768,0.9971
2026-04-05T05:06:24.596428,46922,0.1↔0.3,0.818,10.0,предложения,2,научный,5769,0.9967
2026-04-05T05:06:25.216428,46934,0.1↔0.3,0.831,0.3,буквы/слоги,3,,5770,0.9963
2026-04-05T05:06:25.574403,46940,0.1↔0.3,0.827,3.0,словосочетания,3,,5771,0.9962
2026-04-05T05:06:25.626428,46941,0.1↔0.3,0.827,100.0,целые тексты,4,метафорический,5772,0.9964
2026-04-05T05:06:26.196428,46952,0.1↔0.3,0.809,10.0,предложения,3,,5773,0.9963
2026-04-05T05:06:26.298428,46954,0.3↔1.0,0.812,30.0,абзацы,3,,5774,0.9965
2026-04-05T05:06:26.502428,46958,0.3↔1.0,0.811,0.1,буквы/слоги,4,метафорический,5775,0.9967
2026-04-05T05:06:26.657428,46961,0.1↔0.3,0.830,0.3,буквы/слоги,2,научный,5776,0.9969
2026-04-05T05:06:27.371429,46975,0.1↔0.3,0.813,0.1,буквы/слоги,3,,5777,0.9971
2026-04-05T05:06:28.855429,47002,0.1↔0.3,0.836,3.0,словосочетания,4,метафорический,5778,0.9964
2026-04-05T05:06:29.263428,47010,0.1↔0.3,0.821,100.0,целые тексты,1,бытовой,5779,0.9966
2026-04-05T05:06:29.774428,47020,0.3↔1.0,0.814,1.0,слова,2,научный,5780,0.9968
2026-04-05T05:06:30.029428,47025,0.3↔1.0,0.831,0.3,буквы/слоги,1,бытовой,5781,0.9970
2026-04-05T05:06:30.388429,47032,0.1↔0.3,0.817,30.0,абзацы,3,,5782,0.9966
2026-04-05T05:06:30.440429,47033,0.1↔0.3,0.815,3.0,словосочетания,4,метафорический,5783,0.9968
2026-04-05T05:06:31.002429,47044,0.1↔0.3,0.821,30.0,абзацы,2,научный,5784,0.9964
2026-04-05T05:06:31.462429,47053,0.3↔1.0,0.818,30.0,абзацы,1,бытовой,5785,0.9963
2026-04-05T05:06:31.666429,47057,0.1↔0.3,0.811,10.0,предложения,2,научный,5786,0.9965
2026-04-05T05:06:31.717429,47058,0.3↔1.0,0.837,10.0,предложения,1,бытовой,5787,0.9967
2026-04-05T05:06:32.126429,47066,0.1↔0.3,0.812,10.0,предложения,2,научный,5788,0.9966
2026-04-05T05:06:32.484429,47073,0.1↔0.3,0.822,0.3,буквы/слоги,1,бытовой,5789,0.9965
2026-04-05T05:06:32.895429,47081,0.3↔1.0,0.833,100.0,целые тексты,3,,5790,0.9967
2026-04-05T05:06:33.009429,47083,0.3↔1.0,0.836,0.3,буквы/слоги,1,бытовой,5791,0.9969
2026-04-05T05:06:33.060429,47084,0.1↔0.3,0.822,0.1,буквы/слоги,3,,5792,0.9971
2026-04-05T05:06:34.443429,47111,0.1↔0.3,0.819,1.0,слова,2,научный,5793,0.9967
2026-04-05T05:06:34.545429,47113,0.3↔1.0,0.832,0.1,буквы/слоги,3,,5794,0.9969
2026-04-05T05:06:35.748429,47136,0.1↔0.3,0.825,100.0,целые тексты,3,,5795,0.9962
2026-04-05T05:06:37.259429,47165,0.3↔1.0,0.838,1.0,слова,3,,5796,0.9952
2026-04-05T05:06:37.565429,47171,0.1↔0.3,0.819,10.0,предложения,4,метафорический,5797,0.9954
2026-04-05T05:06:37.718429,47174,0.1↔0.3,0.822,10.0,предложения,1,бытовой,5798,0.9956
2026-04-05T05:06:38.126429,47182,0.3↔1.0,0.812,0.1,буквы/слоги,2,научный,5799,0.9958
2026-04-05T05:06:39.055430,47200,0.1↔0.3,0.817,10.0,предложения,3,,5800,0.9954
2026-04-05T05:06:39.107409,47201,0.1↔0.3,0.812,0.3,буквы/слоги,3,,5801,0.9956
2026-04-05T05:06:39.619405,47211,0.1↔0.3,0.832,3.0,словосочетания,2,научный,5802,0.9958
2026-04-05T05:06:39.874430,47216,0.1↔0.3,0.815,1.0,слова,3,,5803,0.9960
2026-04-05T05:06:40.436430,47227,0.1↔0.3,0.813,0.3,буквы/слоги,1,бытовой,5804,0.9959
2026-04-05T05:06:41.205429,47242,0.3↔1.0,0.827,3.0,словосочетания,1,бытовой,5805,0.9958
2026-04-05T05:06:41.410430,47246,0.3↔1.0,0.816,30.0,абзацы,1,бытовой,5806,0.9960
2026-04-05T05:06:41.574429,47249,0.1↔0.3,0.838,3.0,словосочетания,2,научный,5807,0.9962
2026-04-05T05:06:41.778430,47253,0.1↔0.3,0.823,100.0,целые тексты,3,,5808,0.9961
2026-04-05T05:06:41.982430,47257,0.3↔1.0,0.818,0.1,буквы/слоги,1,бытовой,5809,0.9963
2026-04-05T05:06:42.085430,47259,0.3↔1.0,0.824,30.0,абзацы,4,метафорический,5810,0.9965
2026-04-05T05:06:42.965429,47276,0.1↔0.3,0.810,0.3,буквы/слоги,2,научный,5811,0.9964
2026-04-05T05:06:43.068429,47278,0.3↔1.0,0.812,10.0,предложения,2,научный,5812,0.9966
2026-04-05T05:06:43.588405,47288,0.1↔0.3,0.822,3.0,словосочетания,3,,5813,0.9968
2026-04-05T05:06:43.735430,47290,0.3↔1.0,0.834,100.0,целые тексты,3,,5814,0.9970
2026-04-05T05:06:44.124430,47297,0.1↔0.3,0.836,0.3,буквы/слоги,3,,5815,0.9972
2026-04-05T05:06:44.277430,47300,0.1↔0.3,0.824,30.0,абзацы,3,,5816,0.9971
2026-04-05T05:06:44.962430,47313,0.1↔0.3,0.827,1.0,слова,2,научный,5817,0.9970
2026-04-05T05:06:45.272430,47319,0.3↔1.0,0.828,10.0,предложения,1,бытовой,5818,0.9972
2026-04-05T05:06:45.581430,47325,0.1↔0.3,0.823,1.0,слова,1,бытовой,5819,0.9968
2026-04-05T05:06:45.632430,47326,0.1↔0.3,0.821,10.0,предложения,3,,5820,0.9970
2026-04-05T05:06:46.244430,47338,0.3↔1.0,0.835,30.0,абзацы,1,бытовой,5821,0.9966
2026-04-05T05:06:46.295430,47339,0.1↔0.3,0.809,1.0,слова,1,бытовой,5822,0.9968
2026-04-05T05:06:46.563430,47344,0.1↔0.3,0.831,0.3,буквы/слоги,1,бытовой,5823,0.9970
2026-04-05T05:06:46.615405,47345,0.1↔0.3,0.818,30.0,абзацы,1,бытовой,5824,0.9972
2026-04-05T05:06:46.974430,47352,0.1↔0.3,0.824,1.0,слова,2,научный,5825,0.9974
2026-04-05T05:06:47.641430,47365,0.3↔1.0,0.819,100.0,целые тексты,2,научный,5826,0.9970
2026-04-05T05:06:49.593430,47402,0.1↔0.3,0.835,1.0,слова,1,бытовой,5827,0.9963
2026-04-05T05:06:50.307431,47416,0.3↔1.0,0.828,3.0,словосочетания,1,бытовой,5828,0.9965
2026-04-05T05:06:51.327431,47436,0.1↔0.3,0.826,10.0,предложения,2,научный,5829,0.9964
2026-04-05T05:06:52.042431,47450,0.1↔0.3,0.822,10.0,предложения,4,метафорический,5830,0.9963
2026-04-05T05:06:52.246430,47454,0.1↔0.3,0.837,1.0,слова,2,научный,5831,0.9965
2026-04-05T05:06:52.572403,47460,0.3↔1.0,0.812,0.1,буквы/слоги,2,научный,5832,0.9967
2026-04-05T05:06:52.627405,47461,0.1↔0.3,0.816,0.3,буквы/слоги,2,научный,5833,0.9969
2026-04-05T05:06:52.782431,47464,0.1↔0.3,0.826,0.1,буквы/слоги,2,научный,5834,0.9971
2026-04-05T05:06:54.297431,47493,0.1↔0.3,0.824,1.0,слова,1,бытовой,5835,0.9967
2026-04-05T05:06:54.633431,47499,0.1↔0.3,0.838,0.1,буквы/слоги,1,бытовой,5836,0.9969
2026-04-05T05:06:54.889431,47504,0.1↔0.3,0.821,100.0,целые тексты,2,научный,5837,0.9968
2026-04-05T05:06:55.094431,47508,0.1↔0.3,0.833,100.0,целые тексты,3,,5838,0.9970
2026-04-05T05:06:55.859431,47523,0.3↔1.0,0.817,10.0,предложения,2,научный,5839,0.9969
2026-04-05T05:06:56.217432,47530,0.1↔0.3,0.818,3.0,словосочетания,3,,5840,0.9971
2026-04-05T05:06:56.779432,47541,0.1↔0.3,0.834,1.0,слова,2,научный,5841,0.9970
2026-04-05T05:06:56.830431,47542,0.1↔0.3,0.819,0.1,буквы/слоги,3,,5842,0.9972
2026-04-05T05:06:57.087431,47546,0.3↔1.0,0.832,1.0,слова,3,,5843,0.9974
2026-04-05T05:06:57.342431,47551,0.1↔0.3,0.824,10.0,предложения,3,,5844,0.9976
2026-04-05T05:06:57.395431,47552,0.1↔0.3,0.825,30.0,абзацы,3,,5845,0.9978
2026-04-05T05:06:57.806431,47560,0.1↔0.3,0.824,1.0,слова,1,бытовой,5846,0.9977
2026-04-05T05:06:57.908432,47562,0.1↔0.3,0.836,30.0,абзацы,2,научный,5847,0.9979
2026-04-05T05:06:58.316432,47570,0.3↔1.0,0.834,0.1,буквы/слоги,4,метафорический,5848,0.9980
2026-04-05T05:06:58.368431,47571,0.3↔1.0,0.822,0.1,буквы/слоги,2,научный,5849,0.9980
2026-04-05T05:06:58.572406,47575,0.1↔0.3,0.833,10.0,предложения,3,,5850,0.9980
2026-04-05T05:06:59.766431,47598,0.1↔0.3,0.817,1.0,слова,2,научный,5851,0.9979
2026-04-05T05:07:00.072432,47604,0.1↔0.3,0.831,30.0,абзацы,4,метафорический,5852,0.9980
2026-04-05T05:07:00.430432,47611,0.1↔0.3,0.837,1.0,слова,2,научный,5853,0.9976
2026-04-05T05:07:00.941431,47621,0.1↔0.3,0.812,30.0,абзацы,1,бытовой,5854,0.9975
2026-04-05T05:07:01.043432,47623,0.1↔0.3,0.822,0.3,буквы/слоги,3,,5855,0.9974
2026-04-05T05:07:01.502432,47632,0.3↔1.0,0.828,0.3,буквы/слоги,3,,5856,0.9973
2026-04-05T05:07:01.859432,47639,0.1↔0.3,0.815,3.0,словосочетания,2,научный,5857,0.9975
2026-04-05T05:07:02.050432,47642,0.1↔0.3,0.834,0.3,буквы/слоги,2,научный,5858,0.9977
2026-04-05T05:07:02.203431,47645,0.1↔0.3,0.815,30.0,абзацы,1,бытовой,5859,0.9979
2026-04-05T05:07:02.458431,47650,0.3↔1.0,0.825,0.3,буквы/слоги,2,научный,5860,0.9980
2026-04-05T05:07:02.867432,47658,0.1↔0.3,0.813,0.3,буквы/слоги,2,научный,5861,0.9979
2026-04-05T05:07:03.224432,47665,0.1↔0.3,0.838,0.1,буквы/слоги,3,,5862,0.9980
2026-04-05T05:07:03.479432,47670,0.1↔0.3,0.833,30.0,абзацы,2,научный,5863,0.9980
2026-04-05T05:07:04.818432,47695,0.1↔0.3,0.812,0.3,буквы/слоги,1,бытовой,5864,0.9979
2026-04-05T05:07:05.431432,47707,0.1↔0.3,0.819,100.0,целые тексты,1,бытовой,5865,0.9975
2026-04-05T05:07:06.046432,47718,0.1↔0.3,0.811,0.1,буквы/слоги,3,,5866,0.9974
2026-04-05T05:07:06.148432,47720,0.1↔0.3,0.833,10.0,предложения,1,бытовой,5867,0.9976
2026-04-05T05:07:06.825432,47733,0.3↔1.0,0.822,10.0,предложения,2,научный,5868,0.9978
2026-04-05T05:07:06.979405,47736,0.1↔0.3,0.835,30.0,абзацы,4,метафорический,5869,0.9977
2026-04-05T05:07:07.031432,47737,0.1↔0.3,0.825,30.0,абзацы,1,бытовой,5870,0.9979
2026-04-05T05:07:07.541432,47747,0.3↔1.0,0.832,10.0,предложения,1,бытовой,5871,0.9980
2026-04-05T05:07:07.592433,47748,0.3↔1.0,0.818,0.3,буквы/слоги,3,,5872,0.9980
2026-04-05T05:07:07.643432,47749,0.1↔0.3,0.816,0.3,буквы/слоги,1,бытовой,5873,0.9980
2026-04-05T05:07:07.796409,47752,0.3↔1.0,0.823,0.3,буквы/слоги,1,бытовой,5874,0.9980
2026-04-05T05:07:07.950433,47755,0.1↔0.3,0.811,1.0,слова,1,бытовой,5875,0.9980
2026-04-05T05:07:08.287432,47760,0.1↔0.3,0.834,1.0,слова,2,научный,5876,0.9979
2026-04-05T05:07:08.491432,47764,0.3↔1.0,0.834,30.0,абзацы,4,метафорический,5877,0.9980
2026-04-05T05:07:08.644432,47767,0.3↔1.0,0.822,30.0,абзацы,3,,5878,0.9980
2026-04-05T05:07:09.512432,47784,0.1↔0.3,0.820,3.0,словосочетания,2,научный,5879,0.9973
2026-04-05T05:07:09.563428,47785,0.1↔0.3,0.818,30.0,абзацы,3,,5880,0.9975
2026-04-05T05:07:09.614432,47786,0.3↔1.0,0.814,3.0,словосочетания,2,научный,5881,0.9977
2026-04-05T05:07:09.873432,47791,0.1↔0.3,0.837,3.0,словосочетания,3,,5882,0.9976
2026-04-05T05:07:10.188403,47797,0.1↔0.3,0.823,3.0,словосочетания,2,научный,5883,0.9978
2026-04-05T05:07:11.497433,47822,0.3↔1.0,0.827,0.3,буквы/слоги,2,научный,5884,0.9977
2026-04-05T05:07:11.749432,47826,0.1↔0.3,0.828,30.0,абзацы,1,бытовой,5885,0.9979
2026-04-05T05:07:12.241433,47835,0.1↔0.3,0.816,3.0,словосочетания,2,научный,5886,0.9978
2026-04-05T05:07:13.669407,47863,0.1↔0.3,0.835,10.0,предложения,3,,5887,0.9971
2026-04-05T05:07:14.337420,47875,0.1↔0.3,0.825,10.0,предложения,3,,5888,0.9970
2026-04-05T05:07:15.164433,47891,0.1↔0.3,0.834,1.0,слова,2,научный,5889,0.9972
2026-04-05T05:07:15.317433,47894,0.3↔1.0,0.813,1.0,слова,1,бытовой,5890,0.9974
2026-04-05T05:07:15.784433,47903,0.3↔1.0,0.811,0.1,буквы/слоги,2,научный,5891,0.9973
2026-04-05T05:07:15.938433,47906,0.1↔0.3,0.811,100.0,целые тексты,2,научный,5892,0.9975
2026-04-05T05:07:16.040433,47908,0.1↔0.3,0.819,0.3,буквы/слоги,3,,5893,0.9977
2026-04-05T05:07:16.194433,47911,0.1↔0.3,0.822,10.0,предложения,3,,5894,0.9979
2026-04-05T05:07:16.632404,47919,0.1↔0.3,0.825,3.0,словосочетания,3,,5895,0.9980
2026-04-05T05:07:16.990433,47926,0.3↔1.0,0.830,3.0,словосочетания,3,,5896,0.9980
2026-04-05T05:07:17.608433,47938,0.1↔0.3,0.809,3.0,словосочетания,3,,5897,0.9970
2026-04-05T05:07:17.710433,47940,0.1↔0.3,0.819,10.0,предложения,3,,5898,0.9972
2026-04-05T05:07:19.469434,47974,0.1↔0.3,0.825,30.0,абзацы,2,научный,5899,0.9971
2026-04-05T05:07:19.622434,47977,0.1↔0.3,0.814,3.0,словосочетания,2,научный,5900,0.9973
2026-04-05T05:07:21.533409,48013,0.3↔1.0,0.823,0.1,буквы/слоги,4,метафорический,5901,0.9972
2026-04-05T05:07:22.216415,48026,0.3↔1.0,0.828,10.0,предложения,3,,5902,0.9974
2026-04-05T05:07:22.625434,48034,0.1↔0.3,0.819,30.0,абзацы,4,метафорический,5903,0.9976
2026-04-05T05:07:22.728434,48036,0.1↔0.3,0.838,3.0,словосочетания,3,,5904,0.9978
2026-04-05T05:07:22.983408,48041,0.1↔0.3,0.831,10.0,предложения,1,бытовой,5905,0.9980
2026-04-05T05:07:23.749434,48056,0.1↔0.3,0.823,0.1,буквы/слоги,2,научный,5906,0.9979
2026-04-05T05:07:24.072405,48062,0.1↔0.3,0.813,30.0,абзацы,3,,5907,0.9978
2026-04-05T05:07:24.277434,48066,0.1↔0.3,0.811,30.0,абзацы,4,метафорический,5908,0.9980
2026-04-05T05:07:24.379435,48068,0.3↔1.0,0.835,1.0,слова,1,бытовой,5909,0.9980
2026-04-05T05:07:25.351434,48087,0.3↔1.0,0.826,3.0,словосочетания,1,бытовой,5910,0.9979
2026-04-05T05:07:25.453434,48089,0.1↔0.3,0.818,1.0,слова,3,,5911,0.9980
2026-04-05T05:07:25.555434,48091,0.1↔0.3,0.829,0.1,буквы/слоги,1,бытовой,5912,0.9980
2026-04-05T05:07:25.658435,48093,0.3↔1.0,0.821,0.1,буквы/слоги,1,бытовой,5913,0.9980
2026-04-05T05:07:26.029434,48100,0.3↔1.0,0.831,3.0,словосочетания,3,,5914,0.9976
2026-04-05T05:07:26.081434,48101,0.1↔0.3,0.816,0.1,буквы/слоги,3,,5915,0.9978
2026-04-05T05:07:26.133409,48102,0.3↔1.0,0.811,0.3,буквы/слоги,1,бытовой,5916,0.9980
2026-04-05T05:07:26.989434,48118,0.3↔1.0,0.829,100.0,целые тексты,1,бытовой,5917,0.9976
2026-04-05T05:07:27.398434,48126,0.1↔0.3,0.812,100.0,целые тексты,1,бытовой,5918,0.9978
2026-04-05T05:07:27.922434,48136,0.1↔0.3,0.834,3.0,словосочетания,2,научный,5919,0.9980
2026-04-05T05:07:29.044435,48158,0.3↔1.0,0.827,3.0,словосочетания,3,,5920,0.9976
2026-04-05T05:07:29.367434,48164,0.3↔1.0,0.831,100.0,целые тексты,3,,5921,0.9972
2026-04-05T05:07:31.370435,48203,0.1↔0.3,0.831,10.0,предложения,3,,5922,0.9968
2026-04-05T05:07:32.214435,48219,0.3↔1.0,0.820,30.0,абзацы,2,научный,5923,0.9970
2026-04-05T05:07:32.418435,48223,0.1↔0.3,0.831,10.0,предложения,1,бытовой,5924,0.9972
2026-04-05T05:07:32.623435,48227,0.1↔0.3,0.834,10.0,предложения,3,,5925,0.9971
2026-04-05T05:07:32.879435,48232,0.1↔0.3,0.822,0.3,буквы/слоги,3,,5926,0.9973
2026-04-05T05:07:33.134435,48237,0.3↔1.0,0.809,1.0,слова,2,научный,5927,0.9972
2026-04-05T05:07:34.217435,48258,0.3↔1.0,0.827,10.0,предложения,3,,5928,0.9968
2026-04-05T05:07:34.842435,48270,0.1↔0.3,0.820,0.1,буквы/слоги,1,бытовой,5929,0.9967
2026-04-05T05:07:35.047435,48274,0.1↔0.3,0.825,1.0,слова,2,научный,5930,0.9969
2026-04-05T05:07:35.149435,48276,0.3↔1.0,0.817,30.0,абзацы,1,бытовой,5931,0.9971
2026-04-05T05:07:35.201435,48277,0.1↔0.3,0.811,10.0,предложения,2,научный,5932,0.9973
2026-04-05T05:07:35.508435,48283,0.3↔1.0,0.821,0.1,буквы/слоги,3,,5933,0.9975
2026-04-05T05:07:35.610435,48285,0.3↔1.0,0.829,0.1,буквы/слоги,2,научный,5934,0.9977
2026-04-05T05:07:36.222435,48297,0.1↔0.3,0.832,0.1,буквы/слоги,4,метафорический,5935,0.9976
2026-04-05T05:07:36.426435,48301,0.1↔0.3,0.824,30.0,абзацы,1,бытовой,5936,0.9978
2026-04-05T05:07:36.579435,48304,0.1↔0.3,0.812,1.0,слова,3,,5937,0.9980
2026-04-05T05:07:37.161435,48315,0.1↔0.3,0.824,0.3,буквы/слоги,1,бытовой,5938,0.9980
2026-04-05T05:07:37.263435,48317,0.3↔1.0,0.825,10.0,предложения,2,научный,5939,0.9980
2026-04-05T05:07:37.314435,48318,0.3↔1.0,0.813,0.1,буквы/слоги,1,бытовой,5940,0.9980
2026-04-05T05:07:37.416435,48320,0.1↔0.3,0.820,0.1,буквы/слоги,1,бытовой,5941,0.9980
2026-04-05T05:07:37.773430,48327,0.3↔1.0,0.820,3.0,словосочетания,1,бытовой,5942,0.9980
2026-04-05T05:07:38.028435,48332,0.1↔0.3,0.830,1.0,слова,2,научный,5943,0.9979
2026-04-05T05:07:38.746407,48346,0.1↔0.3,0.827,30.0,абзацы,1,бытовой,5944,0.9980
2026-04-05T05:07:38.899435,48349,0.3↔1.0,0.822,30.0,абзацы,1,бытовой,5945,0.9980
2026-04-05T05:07:39.414436,48359,0.3↔1.0,0.816,30.0,абзацы,2,научный,5946,0.9973
2026-04-05T05:07:39.669435,48364,0.1↔0.3,0.831,10.0,предложения,3,,5947,0.9975
2026-04-05T05:07:40.026436,48371,0.3↔1.0,0.809,1.0,слова,3,,5948,0.9977
2026-04-05T05:07:40.077436,48372,0.3↔1.0,0.827,0.1,буквы/слоги,3,,5949,0.9979
2026-04-05T05:07:40.333410,48377,0.1↔0.3,0.824,30.0,абзацы,2,научный,5950,0.9978
2026-04-05T05:07:41.610436,48402,0.3↔1.0,0.809,3.0,словосочетания,3,,5951,0.9977
2026-04-05T05:07:42.421435,48417,0.1↔0.3,0.823,0.1,буквы/слоги,1,бытовой,5952,0.9979
2026-04-05T05:07:42.881436,48426,0.3↔1.0,0.837,30.0,абзацы,2,научный,5953,0.9978
2026-04-05T05:07:43.034436,48429,0.1↔0.3,0.811,0.3,буквы/слоги,3,,5954,0.9980
2026-04-05T05:07:43.086436,48430,0.1↔0.3,0.826,0.1,буквы/слоги,1,бытовой,5955,0.9980
2026-04-05T05:07:43.240436,48433,0.1↔0.3,0.810,1.0,слова,3,,5956,0.9980
2026-04-05T05:07:43.444436,48437,0.1↔0.3,0.817,10.0,предложения,3,,5957,0.9980
2026-04-05T05:07:44.458436,48456,0.1↔0.3,0.828,100.0,целые тексты,3,,5958,0.9973
2026-04-05T05:07:44.765436,48462,0.1↔0.3,0.814,3.0,словосочетания,1,бытовой,5959,0.9975
2026-04-05T05:07:44.867436,48464,0.3↔1.0,0.821,0.3,буквы/слоги,1,бытовой,5960,0.9977
2026-04-05T05:07:45.531436,48477,0.1↔0.3,0.831,0.3,буквы/слоги,4,метафорический,5961,0.9976
2026-04-05T05:07:45.684436,48480,0.3↔1.0,0.825,100.0,целые тексты,3,,5962,0.9978
2026-04-05T05:07:45.790436,48482,0.1↔0.3,0.832,10.0,предложения,1,бытовой,5963,0.9977
2026-04-05T05:07:46.300436,48492,0.1↔0.3,0.835,30.0,абзацы,3,,5964,0.9979
2026-04-05T05:07:46.555436,48497,0.1↔0.3,0.826,100.0,целые тексты,2,научный,5965,0.9978
2026-04-05T05:07:47.524436,48516,0.1↔0.3,0.812,30.0,абзацы,1,бытовой,5966,0.9980
2026-04-05T05:07:47.575436,48517,0.1↔0.3,0.835,1.0,слова,3,,5967,0.9980
2026-04-05T05:07:47.678436,48519,0.1↔0.3,0.817,30.0,абзацы,1,бытовой,5968,0.9980
2026-04-05T05:07:48.692436,48537,0.1↔0.3,0.835,0.3,буквы/слоги,2,научный,5969,0.9979
2026-04-05T05:07:50.325437,48569,0.3↔1.0,0.821,10.0,предложения,1,бытовой,5970,0.9969
2026-04-05T05:07:50.428412,48571,0.3↔1.0,0.818,100.0,целые тексты,1,бытовой,5971,0.9971
2026-04-05T05:07:50.531436,48573,0.1↔0.3,0.815,1.0,слова,2,научный,5972,0.9973
2026-04-05T05:07:51.206437,48586,0.3↔1.0,0.818,30.0,абзацы,1,бытовой,5973,0.9969
2026-04-05T05:07:51.771437,48597,0.1↔0.3,0.822,0.1,буквы/слоги,2,научный,5974,0.9971
2026-04-05T05:07:51.924436,48600,0.3↔1.0,0.813,1.0,слова,2,научный,5975,0.9973
2026-04-05T05:07:51.975437,48601,0.1↔0.3,0.830,100.0,целые тексты,3,,5976,0.9975
2026-04-05T05:07:52.128437,48604,0.1↔0.3,0.822,30.0,абзацы,2,научный,5977,0.9977
2026-04-05T05:07:52.945411,48620,0.3↔1.0,0.835,0.3,буквы/слоги,1,бытовой,5978,0.9973
2026-04-05T05:07:53.281436,48626,0.3↔1.0,0.817,0.3,буквы/слоги,3,,5979,0.9972
2026-04-05T05:07:54.010437,48640,0.1↔0.3,0.835,0.3,буквы/слоги,1,бытовой,5980,0.9974
2026-04-05T05:07:54.523437,48650,0.3↔1.0,0.817,30.0,абзацы,3,,5981,0.9976
2026-04-05T05:07:54.833411,48656,0.3↔1.0,0.808,0.1,буквы/слоги,2,научный,5982,0.9975
2026-04-05T05:07:55.139437,48662,0.3↔1.0,0.829,1.0,слова,4,метафорический,5983,0.9977
2026-04-05T05:07:55.905437,48677,0.1↔0.3,0.831,1.0,слова,4,метафорический,5984,0.9976
2026-04-05T05:07:56.621437,48691,0.3↔1.0,0.809,3.0,словосочетания,2,научный,5985,0.9975
2026-04-05T05:07:57.438437,48707,0.3↔1.0,0.821,1.0,слова,1,бытовой,5986,0.9968
2026-04-05T05:07:57.900420,48716,0.1↔0.3,0.811,30.0,абзацы,2,научный,5987,0.9970
2026-04-05T05:07:58.512437,48728,0.1↔0.3,0.834,10.0,предложения,1,бытовой,5988,0.9966
2026-04-05T05:07:58.870418,48735,0.3↔1.0,0.818,100.0,целые тексты,1,бытовой,5989,0.9968
2026-04-05T05:07:58.922437,48736,0.3↔1.0,0.822,100.0,целые тексты,3,,5990,0.9970
2026-04-05T05:07:58.973410,48737,0.1↔0.3,0.824,0.3,буквы/слоги,3,,5991,0.9972
2026-04-05T05:07:59.791438,48753,0.1↔0.3,0.822,100.0,целые тексты,2,научный,5992,0.9962
2026-04-05T05:08:00.661438,48770,0.3↔1.0,0.822,3.0,словосочетания,2,научный,5993,0.9958
2026-04-05T05:08:00.865437,48774,0.1↔0.3,0.815,0.3,буквы/слоги,3,,5994,0.9954
2026-04-05T05:08:01.120438,48779,0.3↔1.0,0.816,1.0,слова,4,метафорический,5995,0.9956
2026-04-05T05:08:01.223413,48781,0.3↔1.0,0.822,1.0,слова,2,научный,5996,0.9958
2026-04-05T05:08:01.480437,48786,0.3↔1.0,0.829,30.0,абзацы,1,бытовой,5997,0.9960
2026-04-05T05:08:01.633420,48789,0.1↔0.3,0.823,30.0,абзацы,2,научный,5998,0.9962
2026-04-05T05:08:02.196438,48800,0.3↔1.0,0.828,3.0,словосочетания,3,,5999,0.9958
2026-04-05T05:08:02.707438,48810,0.1↔0.3,0.825,30.0,абзацы,4,метафорический,6000,0.9960
2026-04-05T05:08:03.218419,48820,0.3↔1.0,0.826,100.0,целые тексты,1,бытовой,6001,0.9959
2026-04-05T05:08:03.794413,48831,0.1↔0.3,0.821,3.0,словосочетания,1,бытовой,6002,0.9961
2026-04-05T05:08:03.922418,48833,0.1↔0.3,0.818,1.0,слова,2,научный,6003,0.9960
2026-04-05T05:08:04.127438,48837,0.3↔1.0,0.830,10.0,предложения,1,бытовой,6004,0.9962
2026-04-05T05:08:04.588438,48846,0.1↔0.3,0.813,10.0,предложения,3,,6005,0.9964
2026-04-05T05:08:04.639413,48847,0.3↔1.0,0.813,1.0,слова,1,бытовой,6006,0.9966
2026-04-05T05:08:05.049438,48855,0.1↔0.3,0.833,10.0,предложения,3,,6007,0.9965
2026-04-05T05:08:05.203420,48858,0.1↔0.3,0.808,0.3,буквы/слоги,3,,6008,0.9967
2026-04-05T05:08:05.306421,48860,0.3↔1.0,0.822,0.1,буквы/слоги,3,,6009,0.9969
2026-04-05T05:08:05.357419,48861,0.3↔1.0,0.823,100.0,целые тексты,3,,6010,0.9971
2026-04-05T05:08:05.974420,48873,0.1↔0.3,0.831,3.0,словосочетания,3,,6011,0.9970
2026-04-05T05:08:06.040414,48874,0.3↔1.0,0.816,10.0,предложения,3,,6012,0.9972
2026-04-05T05:08:06.849438,48889,0.3↔1.0,0.829,100.0,целые тексты,1,бытовой,6013,0.9971
2026-04-05T05:08:07.462438,48901,0.1↔0.3,0.817,1.0,слова,2,научный,6014,0.9973
2026-04-05T05:08:07.718413,48906,0.1↔0.3,0.823,3.0,словосочетания,3,,6015,0.9975
2026-04-05T05:08:08.222415,48915,0.3↔1.0,0.824,3.0,словосочетания,4,метафорический,6016,0.9977
2026-04-05T05:08:08.681438,48924,0.1↔0.3,0.823,10.0,предложения,1,бытовой,6017,0.9979
2026-04-05T05:08:08.987418,48930,0.3↔1.0,0.828,0.3,буквы/слоги,3,,6018,0.9980
2026-04-05T05:08:09.038419,48931,0.3↔1.0,0.822,0.3,буквы/слоги,2,научный,6019,0.9980
2026-04-05T05:08:09.191438,48934,0.1↔0.3,0.825,0.1,буквы/слоги,3,,6020,0.9979
2026-04-05T05:08:09.242438,48935,0.3↔1.0,0.828,30.0,абзацы,2,научный,6021,0.9980
2026-04-05T05:08:09.293421,48936,0.3↔1.0,0.825,0.3,буквы/слоги,1,бытовой,6022,0.9980
2026-04-05T05:08:09.600439,48942,0.1↔0.3,0.821,1.0,слова,2,научный,6023,0.9980
2026-04-05T05:08:09.804416,48946,0.1↔0.3,0.815,30.0,абзацы,2,научный,6024,0.9979
2026-04-05T05:08:09.855439,48947,0.1↔0.3,0.829,100.0,целые тексты,2,научный,6025,0.9980
2026-04-05T05:08:11.271413,48971,0.1↔0.3,0.810,30.0,абзацы,3,,6026,0.9980
2026-04-05T05:08:11.394417,48972,0.3↔1.0,0.832,3.0,словосочетания,1,бытовой,6027,0.9980
2026-04-05T05:08:11.975414,48981,0.3↔1.0,0.819,0.1,буквы/слоги,3,,6028,0.9976
2026-04-05T05:08:12.691413,48995,0.3↔1.0,0.830,0.3,буквы/слоги,2,научный,6029,0.9972
2026-04-05T05:08:13.048439,49002,0.1↔0.3,0.830,30.0,абзацы,2,научный,6030,0.9974
2026-04-05T05:08:13.201414,49005,0.1↔0.3,0.831,30.0,абзацы,2,научный,6031,0.9976
2026-04-05T05:08:13.430414,49009,0.1↔0.3,0.838,0.3,буквы/слоги,1,бытовой,6032,0.9978
2026-04-05T05:08:13.642439,49013,0.3↔1.0,0.825,10.0,предложения,4,метафорический,6033,0.9980
2026-04-05T05:08:14.020420,49020,0.1↔0.3,0.820,0.1,буквы/слоги,1,бытовой,6034,0.9980
2026-04-05T05:08:14.122423,49022,0.1↔0.3,0.820,100.0,целые тексты,2,научный,6035,0.9980
2026-04-05T05:08:16.627414,49071,0.1↔0.3,0.822,30.0,абзацы,1,бытовой,6036,0.9976
2026-04-05T05:08:16.735415,49073,0.3↔1.0,0.826,100.0,целые тексты,2,научный,6037,0.9975
2026-04-05T05:08:16.991413,49078,0.1↔0.3,0.819,3.0,словосочетания,4,метафорический,6038,0.9977
2026-04-05T05:08:17.808440,49094,0.3↔1.0,0.809,0.1,буквы/слоги,2,научный,6039,0.9979
2026-04-05T05:08:18.362420,49104,0.1↔0.3,0.815,0.3,буквы/слоги,3,,6040,0.9978
2026-04-05T05:08:19.080439,49118,0.3↔1.0,0.835,0.3,буквы/слоги,3,,6041,0.9980
2026-04-05T05:08:19.233440,49121,0.3↔1.0,0.837,0.1,буквы/слоги,1,бытовой,6042,0.9980
2026-04-05T05:08:19.542420,49127,0.1↔0.3,0.828,0.1,буквы/слоги,2,научный,6043,0.9979
2026-04-05T05:08:20.053417,49137,0.3↔1.0,0.814,0.1,буквы/слоги,3,,6044,0.9980
2026-04-05T05:08:20.258440,49141,0.1↔0.3,0.831,3.0,словосочетания,1,бытовой,6045,0.9980
2026-04-05T05:08:20.616421,49148,0.3↔1.0,0.818,10.0,предложения,2,научный,6046,0.9976
2026-04-05T05:08:21.332416,49162,0.1↔0.3,0.836,1.0,слова,3,,6047,0.9972
2026-04-05T05:08:22.578440,49186,0.3↔1.0,0.827,100.0,целые тексты,1,бытовой,6048,0.9974
2026-04-05T05:08:22.904440,49192,0.1↔0.3,0.832,3.0,словосочетания,3,,6049,0.9976
2026-04-05T05:08:23.516439,49204,0.3↔1.0,0.808,1.0,слова,3,,6050,0.9978
2026-04-05T05:08:23.567440,49205,0.3↔1.0,0.836,0.1,буквы/слоги,3,,6051,0.9980
2026-04-05T05:08:23.943440,49212,0.1↔0.3,0.816,1.0,слова,2,научный,6052,0.9973
2026-04-05T05:08:24.147440,49216,0.1↔0.3,0.823,10.0,предложения,3,,6053,0.9972
2026-04-05T05:08:24.198421,49217,0.1↔0.3,0.830,10.0,предложения,2,научный,6054,0.9974
2026-04-05T05:08:24.506440,49223,0.1↔0.3,0.810,0.1,буквы/слоги,3,,6055,0.9973
2026-04-05T05:08:24.864440,49230,0.3↔1.0,0.810,10.0,предложения,2,научный,6056,0.9975
2026-04-05T05:08:25.427440,49241,0.1↔0.3,0.819,3.0,словосочетания,2,научный,6057,0.9968
2026-04-05T05:08:25.785440,49248,0.1↔0.3,0.828,0.1,буквы/слоги,2,научный,6058,0.9970
2026-04-05T05:08:26.451414,49261,0.3↔1.0,0.808,0.1,буквы/слоги,1,бытовой,6059,0.9969
2026-04-05T05:08:28.237440,49296,0.3↔1.0,0.821,10.0,предложения,1,бытовой,6060,0.9953
2026-04-05T05:08:28.391441,49299,0.1↔0.3,0.837,1.0,слова,2,научный,6061,0.9955
2026-04-05T05:08:28.995421,49310,0.3↔1.0,0.820,0.1,буквы/слоги,2,научный,6062,0.9957
2026-04-05T05:08:29.865416,49327,0.1↔0.3,0.835,30.0,абзацы,1,бытовой,6063,0.9950
2026-04-05T05:08:30.534415,49340,0.3↔1.0,0.835,10.0,предложения,2,научный,6064,0.9946
2026-04-05T05:08:31.280423,49354,0.3↔1.0,0.814,10.0,предложения,1,бытовой,6065,0.9942
2026-04-05T05:08:31.527441,49358,0.1↔0.3,0.831,0.1,буквы/слоги,3,,6066,0.9944
2026-04-05T05:08:31.935421,49366,0.1↔0.3,0.824,30.0,абзацы,2,научный,6067,0.9943
2026-04-05T05:08:32.247413,49372,0.3↔1.0,0.826,30.0,абзацы,3,,6068,0.9942
2026-04-05T05:08:33.529440,49397,0.1↔0.3,0.833,100.0,целые тексты,1,бытовой,6069,0.9938
2026-04-05T05:08:33.580441,49398,0.1↔0.3,0.811,30.0,абзацы,3,,6070,0.9940
2026-04-05T05:08:33.631441,49399,0.1↔0.3,0.813,10.0,предложения,3,,6071,0.9942
2026-04-05T05:08:34.957441,49425,0.1↔0.3,0.825,0.3,буквы/слоги,2,научный,6072,0.9932
2026-04-05T05:08:35.009416,49426,0.3↔1.0,0.835,3.0,словосочетания,3,,6073,0.9934
2026-04-05T05:08:35.470441,49435,0.3↔1.0,0.823,0.3,буквы/слоги,3,,6074,0.9936
2026-04-05T05:08:35.885441,49443,0.1↔0.3,0.812,10.0,предложения,3,,6075,0.9935
2026-04-05T05:08:36.395441,49453,0.1↔0.3,0.811,3.0,словосочетания,2,научный,6076,0.9937
2026-04-05T05:08:36.605441,49457,0.3↔1.0,0.831,3.0,словосочетания,4,метафорический,6077,0.9936
2026-04-05T05:08:36.912441,49463,0.3↔1.0,0.834,100.0,целые тексты,1,бытовой,6078,0.9938
2026-04-05T05:08:37.168442,49468,0.1↔0.3,0.817,10.0,предложения,2,научный,6079,0.9940
2026-04-05T05:08:37.750441,49479,0.3↔1.0,0.836,10.0,предложения,4,метафорический,6080,0.9939
2026-04-05T05:08:38.646441,49496,0.3↔1.0,0.813,0.1,буквы/слоги,3,,6081,0.9938
2026-04-05T05:08:38.748417,49498,0.1↔0.3,0.831,30.0,абзацы,2,научный,6082,0.9940
2026-04-05T05:08:38.953441,49502,0.1↔0.3,0.812,3.0,словосочетания,1,бытовой,6083,0.9942
2026-04-05T05:08:39.004416,49503,0.1↔0.3,0.837,3.0,словосочетания,2,научный,6084,0.9944
2026-04-05T05:08:39.158441,49506,0.1↔0.3,0.821,10.0,предложения,2,научный,6085,0.9943
2026-04-05T05:08:39.209441,49507,0.1↔0.3,0.831,30.0,абзацы,1,бытовой,6086,0.9945
2026-04-05T05:08:39.362441,49510,0.1↔0.3,0.829,30.0,абзацы,3,,6087,0.9947
2026-04-05T05:08:39.413441,49511,0.1↔0.3,0.826,30.0,абзацы,1,бытовой,6088,0.9949
2026-04-05T05:08:39.668441,49516,0.3↔1.0,0.817,1.0,слова,2,научный,6089,0.9951
2026-04-05T05:08:40.280442,49528,0.3↔1.0,0.833,1.0,слова,2,научный,6090,0.9950
2026-04-05T05:08:40.639417,49535,0.3↔1.0,0.812,10.0,предложения,3,,6091,0.9952
2026-04-05T05:08:40.696441,49536,0.1↔0.3,0.814,0.1,буквы/слоги,3,,6092,0.9954
2026-04-05T05:08:42.075416,49561,0.1↔0.3,0.828,0.1,буквы/слоги,3,,6093,0.9944
2026-04-05T05:08:42.948417,49578,0.1↔0.3,0.835,0.3,буквы/слоги,3,,6094,0.9940
2026-04-05T05:08:43.103422,49581,0.1↔0.3,0.822,1.0,слова,1,бытовой,6095,0.9942
2026-04-05T05:08:43.412416,49587,0.1↔0.3,0.820,0.3,буквы/слоги,3,,6096,0.9941
2026-04-05T05:08:44.445442,49607,0.1↔0.3,0.810,10.0,предложения,2,научный,6097,0.9943
2026-04-05T05:08:44.955442,49617,0.1↔0.3,0.834,100.0,целые тексты,3,,6098,0.9945
2026-04-05T05:08:45.669442,49631,0.1↔0.3,0.834,10.0,предложения,2,научный,6099,0.9941
2026-04-05T05:08:46.077442,49639,0.3↔1.0,0.827,100.0,целые тексты,4,метафорический,6100,0.9943
2026-04-05T05:08:46.434442,49646,0.1↔0.3,0.810,10.0,предложения,3,,6101,0.9945
2026-04-05T05:08:46.947442,49656,0.1↔0.3,0.827,100.0,целые тексты,1,бытовой,6102,0.9938
2026-04-05T05:08:47.763442,49672,0.3↔1.0,0.835,100.0,целые тексты,3,,6103,0.9937
2026-04-05T05:08:48.171442,49680,0.3↔1.0,0.811,1.0,слова,3,,6104,0.9936
2026-04-05T05:08:48.631442,49689,0.3↔1.0,0.833,3.0,словосочетания,1,бытовой,6105,0.9935
2026-04-05T05:08:48.784442,49692,0.3↔1.0,0.833,1.0,слова,3,,6106,0.9937
2026-04-05T05:08:48.903442,49694,0.3↔1.0,0.824,0.3,буквы/слоги,3,,6107,0.9939
2026-04-05T05:08:49.056423,49697,0.3↔1.0,0.829,3.0,словосочетания,3,,6108,0.9941
2026-04-05T05:08:49.468442,49705,0.3↔1.0,0.818,3.0,словосочетания,1,бытовой,6109,0.9943
2026-04-05T05:08:49.621442,49708,0.1↔0.3,0.808,30.0,абзацы,1,бытовой,6110,0.9945
2026-04-05T05:08:50.132443,49718,0.3↔1.0,0.835,10.0,предложения,1,бытовой,6111,0.9941
2026-04-05T05:08:50.747442,49730,0.3↔1.0,0.823,10.0,предложения,3,,6112,0.9937
2026-04-05T05:08:51.271443,49740,0.1↔0.3,0.817,0.3,буквы/слоги,1,бытовой,6113,0.9936
2026-04-05T05:08:51.629443,49747,0.1↔0.3,0.826,30.0,абзацы,1,бытовой,6114,0.9938
2026-04-05T05:08:51.987417,49754,0.3↔1.0,0.814,1.0,слова,4,метафорический,6115,0.9940
2026-04-05T05:08:52.039443,49755,0.3↔1.0,0.828,3.0,словосочетания,2,научный,6116,0.9942
2026-04-05T05:08:52.090443,49756,0.1↔0.3,0.826,10.0,предложения,1,бытовой,6117,0.9944
2026-04-05T05:08:52.142417,49757,0.1↔0.3,0.835,10.0,предложения,1,бытовой,6118,0.9946
2026-04-05T05:08:53.324443,49779,0.3↔1.0,0.832,0.1,буквы/слоги,2,научный,6119,0.9945
2026-04-05T05:08:53.985420,49791,0.1↔0.3,0.826,3.0,словосочетания,2,научный,6120,0.9941
2026-04-05T05:08:54.395443,49799,0.1↔0.3,0.823,0.1,буквы/слоги,2,научный,6121,0.9937
2026-04-05T05:08:54.995443,49810,0.1↔0.3,0.828,0.1,буквы/слоги,2,научный,6122,0.9936
2026-04-05T05:08:55.097443,49812,0.1↔0.3,0.818,30.0,абзацы,2,научный,6123,0.9938
2026-04-05T05:08:55.199444,49814,0.1↔0.3,0.831,1.0,слова,3,,6124,0.9940
2026-04-05T05:08:55.558443,49821,0.3↔1.0,0.835,3.0,словосочетания,3,,6125,0.9939
2026-04-05T05:08:55.966419,49829,0.3↔1.0,0.838,0.1,буквы/слоги,3,,6126,0.9941
2026-04-05T05:08:57.860444,49866,0.3↔1.0,0.829,1.0,слова,2,научный,6127,0.9934
2026-04-05T05:08:59.705443,49902,0.3↔1.0,0.830,0.1,буквы/слоги,3,,6128,0.9933
2026-04-05T05:09:01.338418,49934,0.3↔1.0,0.823,3.0,словосочетания,2,научный,6129,0.9926
2026-04-05T05:09:01.492444,49937,0.3↔1.0,0.818,30.0,абзацы,1,бытовой,6130,0.9928
2026-04-05T05:09:01.747444,49942,0.3↔1.0,0.833,10.0,предложения,1,бытовой,6131,0.9930
2026-04-05T05:09:03.198418,49970,0.3↔1.0,0.826,30.0,абзацы,1,бытовой,6132,0.9932
2026-04-05T05:09:04.377444,49993,0.1↔0.3,0.810,10.0,предложения,3,,6133,0.9931
2026-04-05T05:09:04.530444,49996,0.1↔0.3,0.816,100.0,целые тексты,3,,6134,0.9933
2026-04-05T05:09:06.064444,50026,0.3↔1.0,0.826,3.0,словосочетания,1,бытовой,6135,0.9923
2026-04-05T05:09:07.646444,50057,0.3↔1.0,0.822,1.0,слова,1,бытовой,6136,0.9916
2026-04-05T05:09:07.952427,50063,0.3↔1.0,0.818,10.0,предложения,1,бытовой,6137,0.9918
2026-04-05T05:09:08.871445,50081,0.1↔0.3,0.826,100.0,целые тексты,2,научный,6138,0.9920
2026-04-05T05:09:11.230445,50124,0.1↔0.3,0.815,30.0,абзацы,1,бытовой,6139,0.9910
2026-04-05T05:09:11.639444,50132,0.3↔1.0,0.820,30.0,абзацы,2,научный,6140,0.9909
2026-04-05T05:09:11.690445,50133,0.1↔0.3,0.813,30.0,абзацы,3,,6141,0.9911
2026-04-05T05:09:11.945445,50138,0.3↔1.0,0.812,10.0,предложения,4,метафорический,6142,0.9910
2026-04-05T05:09:12.499445,50148,0.1↔0.3,0.816,10.0,предложения,2,научный,6143,0.9912
2026-04-05T05:09:12.601445,50150,0.1↔0.3,0.825,100.0,целые тексты,1,бытовой,6144,0.9914
2026-04-05T05:09:12.652445,50151,0.1↔0.3,0.816,10.0,предложения,4,метафорический,6145,0.9916
2026-04-05T05:09:13.234419,50162,0.1↔0.3,0.810,100.0,целые тексты,3,,6146,0.9918
2026-04-05T05:09:13.592445,50169,0.3↔1.0,0.837,30.0,абзацы,1,бытовой,6147,0.9920
2026-04-05T05:09:14.484418,50185,0.3↔1.0,0.835,30.0,абзацы,3,,6148,0.9922
2026-04-05T05:09:15.717420,50209,0.1↔0.3,0.823,30.0,абзацы,4,метафорический,6149,0.9915
2026-04-05T05:09:16.125445,50217,0.1↔0.3,0.821,100.0,целые тексты,1,бытовой,6150,0.9914
2026-04-05T05:09:16.177445,50218,0.1↔0.3,0.837,100.0,целые тексты,1,бытовой,6151,0.9916
2026-04-05T05:09:16.636445,50227,0.3↔1.0,0.831,100.0,целые тексты,2,научный,6152,0.9918
2026-04-05T05:09:16.789445,50230,0.3↔1.0,0.809,0.3,буквы/слоги,3,,6153,0.9920
2026-04-05T05:09:16.841445,50231,0.3↔1.0,0.832,0.3,буквы/слоги,3,,6154,0.9922
2026-04-05T05:09:17.431418,50241,0.1↔0.3,0.817,10.0,предложения,2,научный,6155,0.9918
2026-04-05T05:09:17.482427,50242,0.1↔0.3,0.811,100.0,целые тексты,1,бытовой,6156,0.9920
2026-04-05T05:09:17.892445,50250,0.1↔0.3,0.813,0.1,буквы/слоги,2,научный,6157,0.9922
2026-04-05T05:09:18.250445,50257,0.3↔1.0,0.831,1.0,слова,4,метафорический,6158,0.9918
2026-04-05T05:09:18.841421,50268,0.1↔0.3,0.829,100.0,целые тексты,3,,6159,0.9917
2026-04-05T05:09:19.035418,50271,0.1↔0.3,0.829,3.0,словосочетания,1,бытовой,6160,0.9919
2026-04-05T05:09:19.363421,50277,0.1↔0.3,0.825,100.0,целые тексты,4,метафорический,6161,0.9921
2026-04-05T05:09:19.650428,50282,0.3↔1.0,0.808,1.0,слова,3,,6162,0.9920
2026-04-05T05:09:19.957445,50288,0.3↔1.0,0.832,30.0,абзацы,3,,6163,0.9922
2026-04-05T05:09:20.448446,50297,0.3↔1.0,0.809,30.0,абзацы,3,,6164,0.9924
2026-04-05T05:09:20.754446,50303,0.3↔1.0,0.819,3.0,словосочетания,2,научный,6165,0.9920
2026-04-05T05:09:21.672446,50321,0.1↔0.3,0.814,3.0,словосочетания,1,бытовой,6166,0.9922
2026-04-05T05:09:21.825446,50324,0.1↔0.3,0.816,1.0,слова,3,,6167,0.9924
2026-04-05T05:09:21.876423,50325,0.1↔0.3,0.818,0.1,буквы/слоги,2,научный,6168,0.9926
2026-04-05T05:09:21.929420,50326,0.1↔0.3,0.835,10.0,предложения,1,бытовой,6169,0.9928
2026-04-05T05:09:21.980445,50327,0.3↔1.0,0.812,30.0,абзацы,1,бытовой,6170,0.9930
2026-04-05T05:09:22.084427,50329,0.3↔1.0,0.820,1.0,слова,3,,6171,0.9932
2026-04-05T05:09:23.002446,50347,0.1↔0.3,0.808,100.0,целые тексты,1,бытовой,6172,0.9931
2026-04-05T05:09:23.595446,50358,0.3↔1.0,0.833,100.0,целые тексты,3,,6173,0.9930
2026-04-05T05:09:23.697446,50360,0.1↔0.3,0.836,10.0,предложения,1,бытовой,6174,0.9929
2026-04-05T05:09:23.749446,50361,0.3↔1.0,0.828,0.3,буквы/слоги,3,,6175,0.9931
2026-04-05T05:09:23.903446,50364,0.3↔1.0,0.810,100.0,целые тексты,2,научный,6176,0.9930
2026-04-05T05:09:25.127426,50388,0.1↔0.3,0.836,0.3,буквы/слоги,4,метафорический,6177,0.9929
2026-04-05T05:09:25.537426,50396,0.1↔0.3,0.815,0.3,буквы/слоги,3,,6178,0.9925
2026-04-05T05:09:25.742446,50400,0.1↔0.3,0.832,0.1,буквы/слоги,2,научный,6179,0.9924
2026-04-05T05:09:26.099422,50407,0.3↔1.0,0.822,10.0,предложения,3,,6180,0.9923
2026-04-05T05:09:27.427446,50433,0.1↔0.3,0.814,0.1,буквы/слоги,4,метафорический,6181,0.9919
2026-04-05T05:09:28.194447,50448,0.1↔0.3,0.833,100.0,целые тексты,4,метафорический,6182,0.9912
2026-04-05T05:09:28.791447,50458,0.3↔1.0,0.818,0.1,буквы/слоги,1,бытовой,6183,0.9905
2026-04-05T05:09:29.046431,50463,0.1↔0.3,0.811,1.0,слова,4,метафорический,6184,0.9907
2026-04-05T05:09:29.354446,50469,0.1↔0.3,0.818,30.0,абзацы,1,бытовой,6185,0.9909
2026-04-05T05:09:30.224423,50486,0.3↔1.0,0.827,3.0,словосочетания,3,,6186,0.9905
2026-04-05T05:09:30.277447,50487,0.1↔0.3,0.812,10.0,предложения,3,,6187,0.9907
2026-04-05T05:09:30.431421,50490,0.1↔0.3,0.830,1.0,слова,3,,6188,0.9906
2026-04-05T05:09:30.686446,50495,0.1↔0.3,0.829,0.3,буквы/слоги,4,метафорический,6189,0.9905
2026-04-05T05:09:31.249422,50506,0.1↔0.3,0.810,100.0,целые тексты,1,бытовой,6190,0.9907
2026-04-05T05:09:31.300421,50507,0.3↔1.0,0.810,3.0,словосочетания,1,бытовой,6191,0.9909
2026-04-05T05:09:31.861446,50518,0.1↔0.3,0.815,30.0,абзацы,4,метафорический,6192,0.9911
2026-04-05T05:09:32.065422,50522,0.3↔1.0,0.815,0.1,буквы/слоги,1,бытовой,6193,0.9913
2026-04-05T05:09:32.467422,50528,0.3↔1.0,0.836,0.1,буквы/слоги,4,метафорический,6194,0.9915
2026-04-05T05:09:32.631428,50530,0.3↔1.0,0.819,1.0,слова,2,научный,6195,0.9917
2026-04-05T05:09:33.604447,50549,0.1↔0.3,0.835,0.1,буквы/слоги,2,научный,6196,0.9913
2026-04-05T05:09:34.512418,50566,0.3↔1.0,0.825,3.0,словосочетания,1,бытовой,6197,0.9912
2026-04-05T05:09:35.365421,50580,0.1↔0.3,0.813,10.0,предложения,2,научный,6198,0.9908
2026-04-05T05:09:35.938448,50591,0.3↔1.0,0.811,0.1,буквы/слоги,3,,6199,0.9910
2026-04-05T05:09:36.766447,50605,0.3↔1.0,0.825,3.0,словосочетания,1,бытовой,6200,0.9909
2026-04-05T05:09:36.972447,50609,0.3↔1.0,0.831,0.1,буквы/слоги,3,,6201,0.9911
2026-04-05T05:09:37.436447,50617,0.1↔0.3,0.812,10.0,предложения,1,бытовой,6202,0.9910
2026-04-05T05:09:37.715424,50622,0.1↔0.3,0.820,0.3,буквы/слоги,1,бытовой,6203,0.9912
2026-04-05T05:09:37.767419,50623,0.1↔0.3,0.809,0.1,буквы/слоги,2,научный,6204,0.9914
2026-04-05T05:09:38.457429,50636,0.3↔1.0,0.824,100.0,целые тексты,4,метафорический,6205,0.9916
2026-04-05T05:09:38.668418,50640,0.1↔0.3,0.828,10.0,предложения,2,научный,6206,0.9915
2026-04-05T05:09:39.055448,50647,0.3↔1.0,0.834,10.0,предложения,1,бытовой,6207,0.9917
2026-04-05T05:09:40.347448,50671,0.1↔0.3,0.830,100.0,целые тексты,1,бытовой,6208,0.9919
2026-04-05T05:09:40.541447,50674,0.1↔0.3,0.838,3.0,словосочетания,3,,6209,0.9921
2026-04-05T05:09:40.808447,50679,0.3↔1.0,0.834,1.0,слова,3,,6210,0.9923
2026-04-05T05:09:40.928422,50680,0.3↔1.0,0.817,3.0,словосочетания,3,,6211,0.9925
2026-04-05T05:09:41.060421,50682,0.3↔1.0,0.824,10.0,предложения,4,метафорический,6212,0.9927
2026-04-05T05:09:41.280448,50686,0.3↔1.0,0.823,3.0,словосочетания,2,научный,6213,0.9929
2026-04-05T05:09:41.336421,50687,0.1↔0.3,0.809,10.0,предложения,3,,6214,0.9931
2026-04-05T05:09:42.694448,50711,0.1↔0.3,0.815,3.0,словосочетания,1,бытовой,6215,0.9921
2026-04-05T05:09:42.812419,50713,0.1↔0.3,0.830,100.0,целые тексты,1,бытовой,6216,0.9923
2026-04-05T05:09:43.231448,50721,0.1↔0.3,0.813,100.0,целые тексты,3,,6217,0.9925
2026-04-05T05:09:43.528448,50726,0.1↔0.3,0.828,30.0,абзацы,1,бытовой,6218,0.9927
2026-04-05T05:09:44.055448,50736,0.1↔0.3,0.832,30.0,абзацы,2,научный,6219,0.9929
2026-04-05T05:09:44.153421,50737,0.3↔1.0,0.826,0.1,буквы/слоги,2,научный,6220,0.9931
2026-04-05T05:09:44.563419,50744,0.3↔1.0,0.808,0.3,буквы/слоги,2,научный,6221,0.9930
2026-04-05T05:09:44.944448,50751,0.1↔0.3,0.836,100.0,целые тексты,2,научный,6222,0.9932
2026-04-05T05:09:45.018425,50752,0.1↔0.3,0.820,30.0,абзацы,1,бытовой,6223,0.9934
2026-04-05T05:09:45.154425,50754,0.3↔1.0,0.816,0.1,буквы/слоги,2,научный,6224,0.9933
2026-04-05T05:09:46.302422,50772,0.3↔1.0,0.819,0.1,буквы/слоги,3,,6225,0.9929
2026-04-05T05:09:46.477428,50775,0.3↔1.0,0.814,30.0,абзацы,4,метафорический,6226,0.9931
2026-04-05T05:09:46.588420,50777,0.1↔0.3,0.821,0.3,буквы/слоги,1,бытовой,6227,0.9933
2026-04-05T05:09:46.827419,50781,0.1↔0.3,0.813,3.0,словосочетания,2,научный,6228,0.9935
2026-04-05T05:09:46.940419,50783,0.1↔0.3,0.810,3.0,словосочетания,1,бытовой,6229,0.9937
2026-04-05T05:09:47.259449,50789,0.1↔0.3,0.811,100.0,целые тексты,1,бытовой,6230,0.9939
2026-04-05T05:09:47.769448,50798,0.3↔1.0,0.823,0.1,буквы/слоги,2,научный,6231,0.9941
2026-04-05T05:09:47.945425,50800,0.3↔1.0,0.834,100.0,целые тексты,2,научный,6232,0.9943
2026-04-05T05:09:48.173419,50804,0.3↔1.0,0.809,30.0,абзацы,2,научный,6233,0.9945
2026-04-05T05:09:48.446426,50809,0.1↔0.3,0.810,100.0,целые тексты,4,метафорический,6234,0.9941
2026-04-05T05:09:48.550423,50811,0.3↔1.0,0.819,3.0,словосочетания,3,,6235,0.9943
2026-04-05T05:09:49.019448,50820,0.3↔1.0,0.832,3.0,словосочетания,2,научный,6236,0.9945
2026-04-05T05:09:49.972448,50837,0.3↔1.0,0.835,0.1,буквы/слоги,4,метафорический,6237,0.9944
2026-04-05T05:09:50.254449,50841,0.1↔0.3,0.809,0.1,буквы/слоги,2,научный,6238,0.9943
2026-04-05T05:09:50.480422,50845,0.1↔0.3,0.816,1.0,слова,2,научный,6239,0.9945
2026-04-05T05:09:50.572423,50846,0.1↔0.3,0.821,0.1,буквы/слоги,1,бытовой,6240,0.9947
2026-04-05T05:09:50.685423,50848,0.1↔0.3,0.811,0.1,буквы/слоги,4,метафорический,6241,0.9949
2026-04-05T05:09:50.914448,50852,0.3↔1.0,0.827,0.3,буквы/слоги,2,научный,6242,0.9951
2026-04-05T05:09:51.465432,50862,0.1↔0.3,0.833,3.0,словосочетания,2,научный,6243,0.9944
2026-04-05T05:09:52.105449,50874,0.1↔0.3,0.808,10.0,предложения,2,научный,6244,0.9946
2026-04-05T05:09:52.338449,50878,0.3↔1.0,0.827,0.3,буквы/слоги,3,,6245,0.9948
2026-04-05T05:09:52.710449,50885,0.3↔1.0,0.808,0.1,буквы/слоги,3,,6246,0.9947
2026-04-05T05:09:53.132449,50892,0.1↔0.3,0.817,3.0,словосочетания,4,метафорический,6247,0.9946
2026-04-05T05:09:53.244421,50894,0.1↔0.3,0.808,3.0,словосочетания,3,,6248,0.9948
2026-04-05T05:09:53.502426,50898,0.1↔0.3,0.824,0.1,буквы/слоги,1,бытовой,6249,0.9947
2026-04-05T05:09:53.630425,50900,0.3↔1.0,0.810,0.3,буквы/слоги,3,,6250,0.9949
2026-04-05T05:09:53.853449,50904,0.3↔1.0,0.825,10.0,предложения,1,бытовой,6251,0.9951
2026-04-05T05:09:54.067449,50908,0.1↔0.3,0.813,1.0,слова,1,бытовой,6252,0.9953
2026-04-05T05:09:55.006449,50924,0.1↔0.3,0.824,3.0,словосочетания,3,,6253,0.9943
2026-04-05T05:09:55.119420,50926,0.1↔0.3,0.832,100.0,целые тексты,2,научный,6254,0.9945
2026-04-05T05:09:55.534427,50933,0.1↔0.3,0.838,0.1,буквы/слоги,2,научный,6255,0.9944
2026-04-05T05:09:56.052449,50943,0.1↔0.3,0.824,3.0,словосочетания,2,научный,6256,0.9946
2026-04-05T05:09:56.174420,50945,0.1↔0.3,0.829,1.0,слова,4,метафорический,6257,0.9948
2026-04-05T05:09:56.475449,50950,0.1↔0.3,0.830,1.0,слова,1,бытовой,6258,0.9950
2026-04-05T05:09:57.399449,50965,0.3↔1.0,0.815,30.0,абзацы,4,метафорический,6259,0.9952
2026-04-05T05:09:57.644449,50968,0.3↔1.0,0.822,30.0,абзацы,1,бытовой,6260,0.9954
2026-04-05T05:09:57.704424,50969,0.1↔0.3,0.836,10.0,предложения,3,,6261,0.9956
2026-04-05T05:09:58.229449,50979,0.1↔0.3,0.828,1.0,слова,1,бытовой,6262,0.9955
2026-04-05T05:09:58.529424,50984,0.1↔0.3,0.830,100.0,целые тексты,3,,6263,0.9957
2026-04-05T05:09:59.582449,51000,0.3↔1.0,0.823,30.0,абзацы,2,научный,6264,0.9959
2026-04-05T05:09:59.633427,51001,0.1↔0.3,0.829,3.0,словосочетания,3,,6265,0.9961
2026-04-05T05:09:59.839450,51005,0.1↔0.3,0.821,1.0,слова,1,бытовой,6266,0.9963
2026-04-05T05:10:00.127449,51010,0.3↔1.0,0.837,0.3,буквы/слоги,2,научный,6267,0.9965
2026-04-05T05:10:00.713425,51021,0.3↔1.0,0.826,0.3,буквы/слоги,4,метафорический,6268,0.9964
2026-04-05T05:10:01.463426,51034,0.3↔1.0,0.835,10.0,предложения,1,бытовой,6269,0.9960
2026-04-05T05:10:01.569421,51036,0.3↔1.0,0.812,0.1,буквы/слоги,2,научный,6270,0.9962
2026-04-05T05:10:02.670421,51056,0.3↔1.0,0.823,3.0,словосочетания,1,бытовой,6271,0.9955
2026-04-05T05:10:03.470450,51071,0.1↔0.3,0.810,0.3,буквы/слоги,4,метафорический,6272,0.9951
2026-04-05T05:10:03.625450,51074,0.1↔0.3,0.812,0.3,буквы/слоги,1,бытовой,6273,0.9953
2026-04-05T05:10:04.306450,51086,0.1↔0.3,0.832,0.3,буквы/слоги,4,метафорический,6274,0.9952
2026-04-05T05:10:05.897422,51114,0.3↔1.0,0.823,0.1,буквы/слоги,1,бытовой,6275,0.9939
2026-04-05T05:10:06.064452,51117,0.3↔1.0,0.819,0.1,буквы/слоги,2,научный,6276,0.9941
2026-04-05T05:10:06.381450,51123,0.3↔1.0,0.829,1.0,слова,1,бытовой,6277,0.9943
2026-04-05T05:10:06.461427,51124,0.3↔1.0,0.837,100.0,целые тексты,2,научный,6278,0.9945
2026-04-05T05:10:06.689451,51128,0.3↔1.0,0.828,100.0,целые тексты,1,бытовой,6279,0.9947
2026-04-05T05:10:06.896450,51132,0.1↔0.3,0.808,0.1,буквы/слоги,1,бытовой,6280,0.9949
2026-04-05T05:10:07.370450,51140,0.1↔0.3,0.815,1.0,слова,4,метафорический,6281,0.9948
2026-04-05T05:10:07.443428,51141,0.3↔1.0,0.829,3.0,словосочетания,3,,6282,0.9950
2026-04-05T05:10:07.671427,51145,0.1↔0.3,0.828,30.0,абзацы,3,,6283,0.9952
2026-04-05T05:10:08.221451,51155,0.1↔0.3,0.813,0.3,буквы/слоги,2,научный,6284,0.9948
2026-04-05T05:10:09.972450,51186,0.3↔1.0,0.822,100.0,целые тексты,1,бытовой,6285,0.9941
2026-04-05T05:10:10.059426,51187,0.1↔0.3,0.824,0.3,буквы/слоги,2,научный,6286,0.9943
2026-04-05T05:10:10.617450,51196,0.3↔1.0,0.833,0.1,буквы/слоги,1,бытовой,6287,0.9939
2026-04-05T05:10:10.794451,51199,0.3↔1.0,0.831,0.1,буквы/слоги,2,научный,6288,0.9941
2026-04-05T05:10:11.028450,51203,0.3↔1.0,0.837,0.1,буквы/слоги,1,бытовой,6289,0.9940
2026-04-05T05:10:12.196424,51222,0.1↔0.3,0.825,100.0,целые тексты,2,научный,6290,0.9936
2026-04-05T05:10:12.328427,51224,0.3↔1.0,0.816,0.1,буквы/слоги,4,метафорический,6291,0.9935
2026-04-05T05:10:12.919424,51234,0.1↔0.3,0.837,0.1,буквы/слоги,3,,6292,0.9934
2026-04-05T05:10:13.708451,51248,0.1↔0.3,0.822,3.0,словосочетания,3,,6293,0.9933
2026-04-05T05:10:14.855422,51268,0.1↔0.3,0.822,3.0,словосочетания,3,,6294,0.9929
2026-04-05T05:10:15.078451,51271,0.3↔1.0,0.831,100.0,целые тексты,1,бытовой,6295,0.9931
2026-04-05T05:10:15.575451,51280,0.3↔1.0,0.825,1.0,слова,3,,6296,0.9930
2026-04-05T05:10:16.153425,51289,0.1↔0.3,0.825,0.3,буквы/слоги,3,,6297,0.9923
2026-04-05T05:10:16.296425,51291,0.1↔0.3,0.824,0.1,буквы/слоги,1,бытовой,6298,0.9922
2026-04-05T05:10:16.350422,51292,0.1↔0.3,0.817,0.1,буквы/слоги,4,метафорический,6299,0.9924
2026-04-05T05:10:17.043451,51304,0.3↔1.0,0.810,0.3,буквы/слоги,1,бытовой,6300,0.9923
2026-04-05T05:10:17.537451,51313,0.3↔1.0,0.834,3.0,словосочетания,1,бытовой,6301,0.9922
2026-04-05T05:10:18.095451,51323,0.3↔1.0,0.822,100.0,целые тексты,1,бытовой,6302,0.9915
2026-04-05T05:10:18.146432,51324,0.1↔0.3,0.823,0.1,буквы/слоги,3,,6303,0.9917
2026-04-05T05:10:18.873452,51337,0.1↔0.3,0.835,100.0,целые тексты,3,,6304,0.9916
2026-04-05T05:10:19.207451,51343,0.3↔1.0,0.821,10.0,предложения,2,научный,6305,0.9918
2026-04-05T05:10:19.816425,51354,0.1↔0.3,0.833,10.0,предложения,2,научный,6306,0.9917
2026-04-05T05:10:19.891426,51355,0.3↔1.0,0.817,30.0,абзацы,1,бытовой,6307,0.9919
2026-04-05T05:10:20.750423,51370,0.1↔0.3,0.815,30.0,абзацы,1,бытовой,6308,0.9918
2026-04-05T05:10:21.287452,51380,0.3↔1.0,0.835,3.0,словосочетания,2,научный,6309,0.9920
2026-04-05T05:10:21.726452,51387,0.3↔1.0,0.818,100.0,целые тексты,3,,6310,0.9922
2026-04-05T05:10:22.576451,51402,0.1↔0.3,0.820,3.0,словосочетания,3,,6311,0.9918
2026-04-05T05:10:22.929426,51408,0.3↔1.0,0.811,10.0,предложения,3,,6312,0.9917
2026-04-05T05:10:23.123432,51411,0.3↔1.0,0.817,0.3,буквы/слоги,1,бытовой,6313,0.9919
2026-04-05T05:10:23.190428,51412,0.3↔1.0,0.836,0.1,буквы/слоги,2,научный,6314,0.9921
2026-04-05T05:10:23.692452,51419,0.1↔0.3,0.808,1.0,слова,2,научный,6315,0.9917
2026-04-05T05:10:25.360452,51449,0.3↔1.0,0.820,0.3,буквы/слоги,2,научный,6316,0.9916
2026-04-05T05:10:25.411436,51450,0.1↔0.3,0.835,0.1,буквы/слоги,2,научный,6317,0.9918
2026-04-05T05:10:25.842452,51458,0.1↔0.3,0.823,0.3,буквы/слоги,1,бытовой,6318,0.9920
2026-04-05T05:10:25.976423,51460,0.1↔0.3,0.812,30.0,абзацы,1,бытовой,6319,0.9922
2026-04-05T05:10:26.453426,51469,0.1↔0.3,0.812,30.0,абзацы,2,научный,6320,0.9924
2026-04-05T05:10:26.771452,51473,0.1↔0.3,0.816,0.1,буквы/слоги,2,научный,6321,0.9926
2026-04-05T05:10:27.077452,51479,0.1↔0.3,0.822,0.1,буквы/слоги,2,научный,6322,0.9928
2026-04-05T05:10:27.144426,51480,0.1↔0.3,0.836,3.0,словосочетания,2,научный,6323,0.9930
2026-04-05T05:10:27.966452,51494,0.3↔1.0,0.814,10.0,предложения,2,научный,6324,0.9926
2026-04-05T05:10:28.330452,51501,0.3↔1.0,0.809,0.1,буквы/слоги,2,научный,6325,0.9928
2026-04-05T05:10:28.565452,51505,0.1↔0.3,0.829,1.0,слова,1,бытовой,6326,0.9930
2026-04-05T05:10:28.827451,51510,0.1↔0.3,0.836,30.0,абзацы,1,бытовой,6327,0.9932
2026-04-05T05:10:29.449423,51521,0.1↔0.3,0.824,0.3,буквы/слоги,2,научный,6328,0.9925
2026-04-05T05:10:29.582424,51523,0.1↔0.3,0.837,10.0,предложения,3,,6329,0.9927
2026-04-05T05:10:30.722451,51544,0.3↔1.0,0.823,1.0,слова,2,научный,6330,0.9923
2026-04-05T05:10:31.561452,51559,0.3↔1.0,0.813,1.0,слова,2,научный,6331,0.9922
2026-04-05T05:10:31.799452,51563,0.1↔0.3,0.826,100.0,целые тексты,2,научный,6332,0.9924
2026-04-05T05:10:32.382423,51573,0.3↔1.0,0.825,100.0,целые тексты,3,,6333,0.9920
2026-04-05T05:10:33.011433,51584,0.1↔0.3,0.835,10.0,предложения,4,метафорический,6334,0.9919
2026-04-05T05:10:33.069429,51585,0.3↔1.0,0.836,0.3,буквы/слоги,1,бытовой,6335,0.9921
2026-04-05T05:10:33.133423,51586,0.1↔0.3,0.815,10.0,предложения,3,,6336,0.9923
2026-04-05T05:10:33.303451,51589,0.3↔1.0,0.814,100.0,целые тексты,2,научный,6337,0.9925
2026-04-05T05:10:33.997428,51601,0.3↔1.0,0.810,0.1,буквы/слоги,1,бытовой,6338,0.9924
2026-04-05T05:10:34.328429,51607,0.1↔0.3,0.834,100.0,целые тексты,1,бытовой,6339,0.9923
2026-04-05T05:10:34.556451,51611,0.3↔1.0,0.828,100.0,целые тексты,1,бытовой,6340,0.9922
2026-04-05T05:10:35.304452,51625,0.3↔1.0,0.819,10.0,предложения,2,научный,6341,0.9918
2026-04-05T05:10:35.687426,51631,0.1↔0.3,0.829,3.0,словосочетания,3,,6342,0.9920
2026-04-05T05:10:35.759429,51632,0.1↔0.3,0.824,1.0,слова,1,бытовой,6343,0.9922
2026-04-05T05:10:35.888423,51634,0.1↔0.3,0.808,1.0,слова,1,бытовой,6344,0.9921
2026-04-05T05:10:36.911429,51653,0.3↔1.0,0.824,30.0,абзацы,2,научный,6345,0.9920
2026-04-05T05:10:38.565435,51683,0.3↔1.0,0.820,100.0,целые тексты,2,научный,6346,0.9916
2026-04-05T05:10:38.623425,51684,0.3↔1.0,0.819,100.0,целые тексты,3,,6347,0.9918
2026-04-05T05:10:40.035422,51709,0.1↔0.3,0.825,100.0,целые тексты,2,научный,6348,0.9911
2026-04-05T05:10:40.833434,51723,0.1↔0.3,0.822,0.1,буквы/слоги,2,научный,6349,0.9907
2026-04-05T05:10:41.258451,51731,0.1↔0.3,0.809,30.0,абзацы,2,научный,6350,0.9909
2026-04-05T05:10:41.725451,51739,0.1↔0.3,0.826,30.0,абзацы,3,,6351,0.9911
2026-04-05T05:10:42.924451,51761,0.1↔0.3,0.835,3.0,словосочетания,2,научный,6352,0.9907
2026-04-05T05:10:43.550452,51772,0.1↔0.3,0.825,10.0,предложения,3,,6353,0.9906
2026-04-05T05:10:44.165425,51783,0.1↔0.3,0.823,100.0,целые тексты,2,научный,6354,0.9905
2026-04-05T05:10:44.230430,51784,0.1↔0.3,0.808,100.0,целые тексты,3,,6355,0.9907
2026-04-05T05:10:45.751451,51811,0.1↔0.3,0.832,0.1,буквы/слоги,3,,6356,0.9903
2026-04-05T05:10:47.091452,51836,0.1↔0.3,0.811,0.1,буквы/слоги,3,,6357,0.9890
2026-04-05T05:10:47.319452,51840,0.1↔0.3,0.836,1.0,слова,3,,6358,0.9892
2026-04-05T05:10:48.024452,51853,0.1↔0.3,0.825,3.0,словосочетания,3,,6359,0.9891
2026-04-05T05:10:48.281452,51856,0.1↔0.3,0.834,3.0,словосочетания,3,,6360,0.9893
2026-04-05T05:10:49.059452,51871,0.1↔0.3,0.818,100.0,целые тексты,1,бытовой,6361,0.9895
2026-04-05T05:10:49.521425,51879,0.3↔1.0,0.811,30.0,абзацы,3,,6362,0.9894
2026-04-05T05:10:49.590429,51880,0.1↔0.3,0.818,10.0,предложения,3,,6363,0.9896
2026-04-05T05:10:49.758452,51883,0.1↔0.3,0.812,100.0,целые тексты,3,,6364,0.9898
2026-04-05T05:10:49.899424,51885,0.3↔1.0,0.833,10.0,предложения,1,бытовой,6365,0.9900
2026-04-05T05:10:50.245425,51891,0.3↔1.0,0.825,100.0,целые тексты,2,научный,6366,0.9899
2026-04-05T05:10:50.733423,51900,0.1↔0.3,0.836,10.0,предложения,4,метафорический,6367,0.9898
2026-04-05T05:10:50.799423,51901,0.1↔0.3,0.821,0.3,буквы/слоги,2,научный,6368,0.9900
2026-04-05T05:10:51.083427,51905,0.3↔1.0,0.836,0.1,буквы/слоги,1,бытовой,6369,0.9899
2026-04-05T05:10:51.797433,51917,0.3↔1.0,0.825,1.0,слова,4,метафорический,6370,0.9898
2026-04-05T05:10:51.977423,51920,0.3↔1.0,0.821,10.0,предложения,3,,6371,0.9897
2026-04-05T05:10:52.419452,51928,0.1↔0.3,0.831,3.0,словосочетания,2,научный,6372,0.9899
2026-04-05T05:10:52.544423,51930,0.1↔0.3,0.821,3.0,словосочетания,1,бытовой,6373,0.9901
2026-04-05T05:10:53.667451,51951,0.1↔0.3,0.817,30.0,абзацы,1,бытовой,6374,0.9900
2026-04-05T05:10:54.364427,51963,0.3↔1.0,0.834,0.3,буквы/слоги,1,бытовой,6375,0.9896
2026-04-05T05:10:54.809452,51971,0.3↔1.0,0.829,0.3,буквы/слоги,3,,6376,0.9895
2026-04-05T05:10:54.884427,51972,0.1↔0.3,0.827,30.0,абзацы,2,научный,6377,0.9897
2026-04-05T05:10:55.340425,51980,0.3↔1.0,0.815,0.1,буквы/слоги,2,научный,6378,0.9896
2026-04-05T05:10:55.940452,51991,0.1↔0.3,0.831,0.1,буквы/слоги,3,,6379,0.9895
2026-04-05T05:10:56.163451,51995,0.3↔1.0,0.815,0.3,буквы/слоги,3,,6380,0.9897
2026-04-05T05:10:57.550426,52022,0.3↔1.0,0.811,1.0,слова,1,бытовой,6381,0.9899
2026-04-05T05:10:57.650428,52023,0.1↔0.3,0.816,3.0,словосочетания,2,научный,6382,0.9901
2026-04-05T05:10:58.297452,52035,0.3↔1.0,0.824,0.3,буквы/слоги,2,научный,6383,0.9903
2026-04-05T05:10:58.825426,52044,0.3↔1.0,0.837,3.0,словосочетания,2,научный,6384,0.9902
2026-04-05T05:10:59.433452,52055,0.1↔0.3,0.829,1.0,слова,2,научный,6385,0.9901
2026-04-05T05:10:59.604452,52058,0.1↔0.3,0.820,30.0,абзацы,2,научный,6386,0.9903
2026-04-05T05:11:00.453452,52073,0.3↔1.0,0.808,100.0,целые тексты,2,научный,6387,0.9905
2026-04-05T05:11:00.859433,52080,0.1↔0.3,0.810,30.0,абзацы,3,,6388,0.9907
2026-04-05T05:11:01.454429,52091,0.1↔0.3,0.819,10.0,предложения,1,бытовой,6389,0.9903
2026-04-05T05:11:01.683452,52095,0.1↔0.3,0.830,0.1,буквы/слоги,2,научный,6390,0.9905
2026-04-05T05:11:02.378425,52108,0.1↔0.3,0.828,3.0,словосочетания,2,научный,6391,0.9904
2026-04-05T05:11:02.835433,52116,0.1↔0.3,0.823,1.0,слова,1,бытовой,6392,0.9903
2026-04-05T05:11:03.110422,52120,0.1↔0.3,0.832,30.0,абзацы,2,научный,6393,0.9902
2026-04-05T05:11:03.340425,52124,0.1↔0.3,0.835,3.0,словосочетания,3,,6394,0.9904
2026-04-05T05:11:03.505452,52127,0.1↔0.3,0.828,100.0,целые тексты,1,бытовой,6395,0.9906
2026-04-05T05:11:03.880452,52134,0.3↔1.0,0.832,1.0,слова,2,научный,6396,0.9908
2026-04-05T05:11:04.611452,52147,0.1↔0.3,0.828,1.0,слова,1,бытовой,6397,0.9904
2026-04-05T05:11:06.560451,52183,0.1↔0.3,0.824,100.0,целые тексты,2,научный,6398,0.9888
2026-04-05T05:11:07.447451,52198,0.3↔1.0,0.811,3.0,словосочетания,1,бытовой,6399,0.9890
2026-04-05T05:11:07.640422,52201,0.3↔1.0,0.811,10.0,предложения,2,научный,6400,0.9889
2026-04-05T05:11:07.857451,52205,0.3↔1.0,0.823,0.1,буквы/слоги,3,,6401,0.9891
2026-04-05T05:11:08.331452,52214,0.1↔0.3,0.831,100.0,целые тексты,2,научный,6402,0.9893
2026-04-05T05:11:08.629452,52219,0.3↔1.0,0.831,0.3,буквы/слоги,3,,6403,0.9895
2026-04-05T05:11:08.733422,52221,0.1↔0.3,0.819,0.1,буквы/слоги,3,,6404,0.9897
2026-04-05T05:11:09.145432,52228,0.3↔1.0,0.834,1.0,слова,4,метафорический,6405,0.9896
2026-04-05T05:11:09.447451,52233,0.1↔0.3,0.820,10.0,предложения,4,метафорический,6406,0.9895
2026-04-05T05:11:10.327423,52248,0.1↔0.3,0.811,30.0,абзацы,3,,6407,0.9894
2026-04-05T05:11:10.607451,52253,0.1↔0.3,0.808,10.0,предложения,2,научный,6408,0.9896
2026-04-05T05:11:10.864452,52257,0.3↔1.0,0.811,1.0,слова,1,бытовой,6409,0.9898
2026-04-05T05:11:11.342446,52266,0.1↔0.3,0.835,10.0,предложения,3,,6410,0.9897
2026-04-05T05:11:11.563452,52270,0.1↔0.3,0.819,0.3,буквы/слоги,3,,6411,0.9899
2026-04-05T05:11:11.617428,52271,0.1↔0.3,0.823,3.0,словосочетания,3,,6412,0.9901
2026-04-05T05:11:11.864423,52275,0.1↔0.3,0.831,0.1,буквы/слоги,2,научный,6413,0.9897
2026-04-05T05:11:12.188452,52281,0.1↔0.3,0.810,0.3,буквы/слоги,3,,6414,0.9899
2026-04-05T05:11:12.510452,52287,0.3↔1.0,0.833,100.0,целые тексты,3,,6415,0.9901
2026-04-05T05:11:13.045452,52296,0.3↔1.0,0.822,1.0,слова,3,,6416,0.9903
2026-04-05T05:11:13.242452,52299,0.1↔0.3,0.817,1.0,слова,2,научный,6417,0.9905
2026-04-05T05:11:13.472452,52303,0.1↔0.3,0.836,30.0,абзацы,1,бытовой,6418,0.9907
2026-04-05T05:11:13.572427,52304,0.3↔1.0,0.819,3.0,словосочетания,1,бытовой,6419,0.9909
2026-04-05T05:11:13.820451,52308,0.3↔1.0,0.821,30.0,абзацы,4,метафорический,6420,0.9908
2026-04-05T05:11:14.410452,52319,0.3↔1.0,0.818,30.0,абзацы,1,бытовой,6421,0.9907
2026-04-05T05:11:14.584435,52322,0.1↔0.3,0.834,1.0,слова,1,бытовой,6422,0.9909
2026-04-05T05:11:14.823451,52326,0.3↔1.0,0.822,0.1,буквы/слоги,1,бытовой,6423,0.9911
2026-04-05T05:11:15.100452,52331,0.3↔1.0,0.835,10.0,предложения,2,научный,6424,0.9913
2026-04-05T05:11:15.525427,52338,0.1↔0.3,0.814,30.0,абзацы,1,бытовой,6425,0.9912
2026-04-05T05:11:15.646426,52340,0.1↔0.3,0.829,0.3,буквы/слоги,3,,6426,0.9914
2026-04-05T05:11:16.030452,52347,0.3↔1.0,0.825,10.0,предложения,1,бытовой,6427,0.9916
2026-04-05T05:11:16.472452,52355,0.1↔0.3,0.830,1.0,слова,1,бытовой,6428,0.9915
2026-04-05T05:11:16.899451,52363,0.3↔1.0,0.816,10.0,предложения,3,,6429,0.9917
2026-04-05T05:11:17.124451,52366,0.1↔0.3,0.823,10.0,предложения,3,,6430,0.9919
2026-04-05T05:11:17.795425,52378,0.3↔1.0,0.827,0.3,буквы/слоги,2,научный,6431,0.9915
2026-04-05T05:11:18.061427,52383,0.1↔0.3,0.827,30.0,абзацы,2,научный,6432,0.9917
2026-04-05T05:11:18.908422,52395,0.1↔0.3,0.816,1.0,слова,2,научный,6433,0.9907
2026-04-05T05:11:19.030425,52397,0.1↔0.3,0.824,0.3,буквы/слоги,3,,6434,0.9909
2026-04-05T05:11:19.153423,52399,0.3↔1.0,0.818,10.0,предложения,3,,6435,0.9911
2026-04-05T05:11:19.329452,52402,0.1↔0.3,0.826,0.3,буквы/слоги,2,научный,6436,0.9913
2026-04-05T05:11:19.819452,52411,0.3↔1.0,0.825,30.0,абзацы,1,бытовой,6437,0.9912
2026-04-05T05:11:20.451426,52421,0.1↔0.3,0.822,0.1,буквы/слоги,4,метафорический,6438,0.9911
2026-04-05T05:11:20.754452,52425,0.1↔0.3,0.824,10.0,предложения,1,бытовой,6439,0.9910
2026-04-05T05:11:20.986423,52429,0.1↔0.3,0.831,30.0,абзацы,1,бытовой,6440,0.9909
2026-04-05T05:11:21.960452,52447,0.3↔1.0,0.833,1.0,слова,2,научный,6441,0.9911
2026-04-05T05:11:22.389425,52454,0.3↔1.0,0.835,0.1,буквы/слоги,2,научный,6442,0.9910
2026-04-05T05:11:22.547427,52457,0.1↔0.3,0.824,3.0,словосочетания,1,бытовой,6443,0.9912
2026-04-05T05:11:23.352452,52470,0.1↔0.3,0.826,1.0,слова,2,научный,6444,0.9908
2026-04-05T05:11:23.628452,52475,0.1↔0.3,0.819,100.0,целые тексты,1,бытовой,6445,0.9907
2026-04-05T05:11:23.805451,52478,0.1↔0.3,0.836,0.1,буквы/слоги,3,,6446,0.9909
2026-04-05T05:11:24.044423,52482,0.3↔1.0,0.829,0.1,буквы/слоги,2,научный,6447,0.9908
2026-04-05T05:11:24.275423,52486,0.1↔0.3,0.809,0.1,буквы/слоги,1,бытовой,6448,0.9907
2026-04-05T05:11:24.410452,52488,0.1↔0.3,0.814,3.0,словосочетания,1,бытовой,6449,0.9909
2026-04-05T05:11:24.889427,52497,0.3↔1.0,0.820,0.1,буквы/слоги,3,,6450,0.9908
2026-04-05T05:11:25.456451,52508,0.1↔0.3,0.833,0.1,буквы/слоги,1,бытовой,6451,0.9910
2026-04-05T05:11:25.847452,52515,0.3↔1.0,0.832,0.1,буквы/слоги,1,бытовой,6452,0.9912
2026-04-05T05:11:25.958423,52517,0.3↔1.0,0.820,30.0,абзацы,4,метафорический,6453,0.9914
2026-04-05T05:11:26.140452,52520,0.1↔0.3,0.820,3.0,словосочетания,4,метафорический,6454,0.9916
2026-04-05T05:11:26.897427,52533,0.1↔0.3,0.814,10.0,предложения,3,,6455,0.9912
2026-04-05T05:11:27.119452,52537,0.1↔0.3,0.834,1.0,слова,2,научный,6456,0.9914
2026-04-05T05:11:27.739452,52548,0.3↔1.0,0.823,10.0,предложения,1,бытовой,6457,0.9907
2026-04-05T05:11:27.790431,52549,0.3↔1.0,0.836,0.3,буквы/слоги,1,бытовой,6458,0.9909
2026-04-05T05:11:28.066452,52554,0.3↔1.0,0.837,100.0,целые тексты,1,бытовой,6459,0.9911
2026-04-05T05:11:28.523423,52562,0.3↔1.0,0.838,30.0,абзацы,1,бытовой,6460,0.9907
2026-04-05T05:11:28.640423,52564,0.1↔0.3,0.836,10.0,предложения,4,метафорический,6461,0.9909
2026-04-05T05:11:28.768423,52566,0.3↔1.0,0.826,0.3,буквы/слоги,3,,6462,0.9911
2026-04-05T05:11:29.105429,52572,0.3↔1.0,0.817,0.3,буквы/слоги,3,,6463,0.9910
2026-04-05T05:11:29.436452,52578,0.1↔0.3,0.835,0.3,буквы/слоги,3,,6464,0.9912
2026-04-05T05:11:29.908423,52586,0.1↔0.3,0.832,30.0,абзацы,1,бытовой,6465,0.9908
2026-04-05T05:11:29.974423,52587,0.3↔1.0,0.815,30.0,абзацы,1,бытовой,6466,0.9910
2026-04-05T05:11:30.895452,52604,0.1↔0.3,0.822,10.0,предложения,3,,6467,0.9906
2026-04-05T05:11:31.058451,52607,0.1↔0.3,0.812,0.3,буквы/слоги,3,,6468,0.9908
2026-04-05T05:11:31.190424,52609,0.1↔0.3,0.831,1.0,слова,1,бытовой,6469,0.9910
2026-04-05T05:11:32.102429,52625,0.3↔1.0,0.824,30.0,абзацы,3,,6470,0.9903
2026-04-05T05:11:32.862452,52639,0.3↔1.0,0.822,0.3,буквы/слоги,3,,6471,0.9902
2026-04-05T05:11:33.023451,52642,0.3↔1.0,0.819,0.1,буквы/слоги,1,бытовой,6472,0.9904
2026-04-05T05:11:33.288452,52647,0.3↔1.0,0.822,0.3,буквы/слоги,2,научный,6473,0.9906
2026-04-05T05:11:34.092422,52661,0.1↔0.3,0.820,0.3,буквы/слоги,3,,6474,0.9902
2026-04-05T05:11:34.256428,52663,0.3↔1.0,0.826,30.0,абзацы,1,бытовой,6475,0.9904
2026-04-05T05:11:34.319423,52664,0.1↔0.3,0.829,100.0,целые тексты,1,бытовой,6476,0.9906
2026-04-05T05:11:34.550451,52668,0.3↔1.0,0.835,10.0,предложения,3,,6477,0.9908
2026-04-05T05:11:34.711434,52671,0.1↔0.3,0.828,1.0,слова,2,научный,6478,0.9910
2026-04-05T05:11:36.023451,52694,0.1↔0.3,0.810,10.0,предложения,2,научный,6479,0.9900
2026-04-05T05:11:36.681452,52706,0.1↔0.3,0.823,100.0,целые тексты,1,бытовой,6480,0.9899
2026-04-05T05:11:36.856451,52709,0.3↔1.0,0.833,10.0,предложения,2,научный,6481,0.9901
2026-04-05T05:11:37.343425,52718,0.1↔0.3,0.823,0.3,буквы/слоги,3,,6482,0.9900
2026-04-05T05:11:37.800452,52726,0.1↔0.3,0.815,30.0,абзацы,3,,6483,0.9902
2026-04-05T05:11:38.018424,52729,0.1↔0.3,0.819,0.3,буквы/слоги,3,,6484,0.9901
2026-04-05T05:11:39.333425,52754,0.3↔1.0,0.828,1.0,слова,2,научный,6485,0.9903
2026-04-05T05:11:40.562428,52776,0.3↔1.0,0.809,0.3,буквы/слоги,1,бытовой,6486,0.9896
2026-04-05T05:11:41.877425,52799,0.1↔0.3,0.808,0.3,буквы/слоги,2,научный,6487,0.9892
2026-04-05T05:11:42.285428,52805,0.3↔1.0,0.827,3.0,словосочетания,2,научный,6488,0.9891
2026-04-05T05:11:43.172452,52821,0.3↔1.0,0.831,1.0,слова,2,научный,6489,0.9884
2026-04-05T05:11:43.497451,52827,0.3↔1.0,0.824,1.0,слова,3,,6490,0.9886
2026-04-05T05:11:43.622452,52829,0.1↔0.3,0.818,3.0,словосочетания,1,бытовой,6491,0.9888
2026-04-05T05:11:44.002452,52836,0.1↔0.3,0.826,3.0,словосочетания,3,,6492,0.9890
2026-04-05T05:11:44.152424,52838,0.1↔0.3,0.816,3.0,словосочетания,2,научный,6493,0.9889
2026-04-05T05:11:44.572451,52846,0.1↔0.3,0.821,0.1,буквы/слоги,1,бытовой,6494,0.9891
2026-04-05T05:11:44.959452,52853,0.1↔0.3,0.817,3.0,словосочетания,2,научный,6495,0.9893
2026-04-05T05:11:45.010434,52854,0.3↔1.0,0.818,0.1,буквы/слоги,1,бытовой,6496,0.9895
2026-04-05T05:11:45.121422,52856,0.1↔0.3,0.836,0.3,буквы/слоги,1,бытовой,6497,0.9897
2026-04-05T05:11:45.256426,52858,0.1↔0.3,0.812,3.0,словосочетания,2,научный,6498,0.9899
2026-04-05T05:11:45.804452,52868,0.3↔1.0,0.825,0.3,буквы/слоги,4,метафорический,6499,0.9898
2026-04-05T05:11:46.081452,52873,0.1↔0.3,0.810,3.0,словосочетания,1,бытовой,6500,0.9900
2026-04-05T05:11:46.270422,52876,0.1↔0.3,0.820,10.0,предложения,1,бытовой,6501,0.9899
2026-04-05T05:11:46.684452,52883,0.1↔0.3,0.827,0.3,буквы/слоги,1,бытовой,6502,0.9898
2026-04-05T05:11:47.263423,52893,0.1↔0.3,0.811,3.0,словосочетания,1,бытовой,6503,0.9894
2026-04-05T05:11:49.555427,52935,0.3↔1.0,0.814,10.0,предложения,3,,6504,0.9884
2026-04-05T05:11:50.331452,52950,0.3↔1.0,0.834,0.1,буквы/слоги,3,,6505,0.9883
2026-04-05T05:11:50.895452,52960,0.3↔1.0,0.825,3.0,словосочетания,2,научный,6506,0.9882
2026-04-05T05:11:50.972423,52961,0.1↔0.3,0.817,1.0,слова,1,бытовой,6507,0.9884
2026-04-05T05:11:51.104428,52963,0.3↔1.0,0.822,0.1,буквы/слоги,3,,6508,0.9886
2026-04-05T05:11:52.290427,52985,0.1↔0.3,0.817,100.0,целые тексты,1,бытовой,6509,0.9885
2026-04-05T05:11:52.351427,52986,0.1↔0.3,0.814,3.0,словосочетания,3,,6510,0.9887
2026-04-05T05:11:52.574451,52990,0.1↔0.3,0.838,0.1,буквы/слоги,1,бытовой,6511,0.9889
2026-04-05T05:11:53.881452,53014,0.1↔0.3,0.808,0.3,буквы/слоги,4,метафорический,6512,0.9885
2026-04-05T05:11:54.173452,53019,0.1↔0.3,0.825,10.0,предложения,4,метафорический,6513,0.9887
2026-04-05T05:11:54.579423,53025,0.3↔1.0,0.821,3.0,словосочетания,1,бытовой,6514,0.9886
2026-04-05T05:11:54.799452,53029,0.1↔0.3,0.811,100.0,целые тексты,2,научный,6515,0.9888
2026-04-05T05:11:55.263452,53038,0.1↔0.3,0.821,30.0,абзацы,4,метафорический,6516,0.9890
2026-04-05T05:11:55.646452,53044,0.3↔1.0,0.808,10.0,предложения,2,научный,6517,0.9892
2026-04-05T05:11:56.371427,53057,0.3↔1.0,0.808,0.3,буквы/слоги,3,,6518,0.9885
2026-04-05T05:11:56.488422,53059,0.1↔0.3,0.819,3.0,словосочетания,3,,6519,0.9887
2026-04-05T05:11:56.734427,53063,0.3↔1.0,0.835,100.0,целые тексты,2,научный,6520,0.9886
2026-04-05T05:11:56.793425,53064,0.3↔1.0,0.829,10.0,предложения,4,метафорический,6521,0.9888
2026-04-05T05:11:57.316427,53073,0.3↔1.0,0.827,0.1,буквы/слоги,3,,6522,0.9887
2026-04-05T05:11:57.800452,53082,0.1↔0.3,0.828,3.0,словосочетания,3,,6523,0.9886
2026-04-05T05:11:58.645427,53098,0.1↔0.3,0.832,3.0,словосочетания,1,бытовой,6524,0.9888
2026-04-05T05:11:58.813430,53100,0.3↔1.0,0.838,10.0,предложения,1,бытовой,6525,0.9890
2026-04-05T05:11:58.989451,53103,0.3↔1.0,0.810,10.0,предложения,2,научный,6526,0.9892
2026-04-05T05:11:59.306451,53109,0.3↔1.0,0.815,10.0,предложения,2,научный,6527,0.9894
2026-04-05T05:11:59.627427,53115,0.3↔1.0,0.814,3.0,словосочетания,4,метафорический,6528,0.9896
2026-04-05T05:12:00.922452,53139,0.3↔1.0,0.824,0.3,буквы/слоги,2,научный,6529,0.9892
2026-04-05T05:12:01.281428,53145,0.3↔1.0,0.815,3.0,словосочетания,1,бытовой,6530,0.9888
2026-04-05T05:12:01.353423,53146,0.1↔0.3,0.819,100.0,целые тексты,1,бытовой,6531,0.9890
2026-04-05T05:12:01.523451,53149,0.1↔0.3,0.812,3.0,словосочетания,1,бытовой,6532,0.9892
2026-04-05T05:12:02.278452,53161,0.1↔0.3,0.826,10.0,предложения,3,,6533,0.9891
2026-04-05T05:12:02.545451,53165,0.1↔0.3,0.829,3.0,словосочетания,4,метафорический,6534,0.9890
2026-04-05T05:12:02.910425,53172,0.1↔0.3,0.835,1.0,слова,3,,6535,0.9892
2026-04-05T05:12:03.327429,53179,0.3↔1.0,0.818,100.0,целые тексты,1,бытовой,6536,0.9891
2026-04-05T05:12:03.518423,53182,0.3↔1.0,0.808,1.0,слова,3,,6537,0.9890
2026-04-05T05:12:03.879432,53188,0.3↔1.0,0.819,10.0,предложения,1,бытовой,6538,0.9889
2026-04-05T05:12:04.141451,53193,0.1↔0.3,0.813,1.0,слова,3,,6539,0.9891
2026-04-05T05:12:04.371426,53197,0.3↔1.0,0.824,1.0,слова,1,бытовой,6540,0.9893
2026-04-05T05:12:04.742426,53204,0.3↔1.0,0.812,3.0,словосочетания,2,научный,6541,0.9895
2026-04-05T05:12:05.156452,53211,0.1↔0.3,0.810,3.0,словосочетания,3,,6542,0.9894
2026-04-05T05:12:05.208423,53212,0.1↔0.3,0.830,30.0,абзацы,1,бытовой,6543,0.9896
2026-04-05T05:12:05.645452,53220,0.1↔0.3,0.815,0.3,буквы/слоги,2,научный,6544,0.9898
2026-04-05T05:12:05.773427,53222,0.1↔0.3,0.823,30.0,абзацы,3,,6545,0.9900
2026-04-05T05:12:05.890423,53224,0.1↔0.3,0.832,0.1,буквы/слоги,4,метафорический,6546,0.9902
2026-04-05T05:12:06.208451,53229,0.3↔1.0,0.831,3.0,словосочетания,2,научный,6547,0.9901
2026-04-05T05:12:07.772451,53257,0.1↔0.3,0.824,0.3,буквы/слоги,1,бытовой,6548,0.9897
2026-04-05T05:12:08.375425,53268,0.1↔0.3,0.824,0.1,буквы/слоги,1,бытовой,6549,0.9896
2026-04-05T05:12:08.448431,53269,0.1↔0.3,0.823,10.0,предложения,1,бытовой,6550,0.9898
2026-04-05T05:12:08.775451,53275,0.3↔1.0,0.823,3.0,словосочетания,3,,6551,0.9900
2026-04-05T05:12:08.826436,53276,0.1↔0.3,0.818,1.0,слова,4,метафорический,6552,0.9902
2026-04-05T05:12:08.887425,53277,0.3↔1.0,0.822,10.0,предложения,3,,6553,0.9904
2026-04-05T05:12:09.364451,53286,0.3↔1.0,0.825,3.0,словосочетания,3,,6554,0.9906
2026-04-05T05:12:09.473423,53288,0.1↔0.3,0.830,0.3,буквы/слоги,1,бытовой,6555,0.9908
2026-04-05T05:12:10.019423,53298,0.1↔0.3,0.822,3.0,словосочетания,1,бытовой,6556,0.9907
2026-04-05T05:12:10.154428,53300,0.1↔0.3,0.825,0.3,буквы/слоги,4,метафорический,6557,0.9909
2026-04-05T05:12:11.125452,53317,0.1↔0.3,0.814,10.0,предложения,3,,6558,0.9905
2026-04-05T05:12:11.418452,53322,0.1↔0.3,0.813,10.0,предложения,3,,6559,0.9904
2026-04-05T05:12:11.487423,53323,0.1↔0.3,0.809,3.0,словосочетания,2,научный,6560,0.9906
2026-04-05T05:12:11.541424,53324,0.1↔0.3,0.827,0.3,буквы/слоги,1,бытовой,6561,0.9908
2026-04-05T05:12:11.610424,53325,0.1↔0.3,0.820,3.0,словосочетания,1,бытовой,6562,0.9910
2026-04-05T05:12:12.034451,53333,0.3↔1.0,0.814,3.0,словосочетания,1,бытовой,6563,0.9912
2026-04-05T05:12:12.254452,53337,0.1↔0.3,0.829,0.1,буквы/слоги,2,научный,6564,0.9914
2026-04-05T05:12:12.475451,53341,0.1↔0.3,0.834,0.3,буквы/слоги,2,научный,6565,0.9916
2026-04-05T05:12:12.653451,53344,0.1↔0.3,0.820,3.0,словосочетания,2,научный,6566,0.9918
2026-04-05T05:12:12.771424,53346,0.3↔1.0,0.819,1.0,слова,2,научный,6567,0.9920
2026-04-05T05:12:12.837424,53347,0.1↔0.3,0.830,30.0,абзацы,3,,6568,0.9922
2026-04-05T05:12:12.962424,53349,0.3↔1.0,0.834,3.0,словосочетания,3,,6569,0.9924
2026-04-05T05:12:13.351427,53356,0.1↔0.3,0.836,3.0,словосочетания,2,научный,6570,0.9926
2026-04-05T05:12:13.777425,53364,0.1↔0.3,0.826,1.0,слова,1,бытовой,6571,0.9928
2026-04-05T05:12:14.272423,53373,0.1↔0.3,0.812,100.0,целые тексты,2,научный,6572,0.9927
2026-04-05T05:12:15.036452,53387,0.3↔1.0,0.822,0.3,буквы/слоги,2,научный,6573,0.9929
2026-04-05T05:12:15.172423,53389,0.3↔1.0,0.833,30.0,абзацы,1,бытовой,6574,0.9931
2026-04-05T05:12:15.507451,53395,0.3↔1.0,0.812,1.0,слова,3,,6575,0.9933
2026-04-05T05:12:15.980451,53403,0.3↔1.0,0.833,0.3,буквы/слоги,3,,6576,0.9932
2026-04-05T05:12:16.135427,53405,0.1↔0.3,0.812,30.0,абзацы,2,научный,6577,0.9934
2026-04-05T05:12:16.262423,53407,0.1↔0.3,0.837,0.3,буквы/слоги,2,научный,6578,0.9936
2026-04-05T05:12:17.178452,53424,0.1↔0.3,0.811,100.0,целые тексты,1,бытовой,6579,0.9935
2026-04-05T05:12:17.298423,53426,0.3↔1.0,0.830,0.1,буквы/слоги,2,научный,6580,0.9937
2026-04-05T05:12:17.599432,53431,0.1↔0.3,0.826,3.0,словосочетания,3,,6581,0.9933
2026-04-05T05:12:17.891452,53436,0.1↔0.3,0.814,30.0,абзацы,1,бытовой,6582,0.9935
2026-04-05T05:12:18.206452,53442,0.1↔0.3,0.828,0.3,буквы/слоги,1,бытовой,6583,0.9937
2026-04-05T05:12:18.417452,53446,0.3↔1.0,0.813,30.0,абзацы,2,научный,6584,0.9939
2026-04-05T05:12:18.475424,53447,0.1↔0.3,0.814,100.0,целые тексты,1,бытовой,6585,0.9941
2026-04-05T05:12:18.862431,53454,0.1↔0.3,0.828,30.0,абзацы,1,бытовой,6586,0.9940
2026-04-05T05:12:18.988423,53456,0.1↔0.3,0.813,3.0,словосочетания,2,научный,6587,0.9942
2026-04-05T05:12:19.484452,53464,0.3↔1.0,0.833,30.0,абзацы,3,,6588,0.9941
2026-04-05T05:12:19.618431,53466,0.3↔1.0,0.809,0.3,буквы/слоги,1,бытовой,6589,0.9940
2026-04-05T05:12:21.070427,53492,0.1↔0.3,0.824,1.0,слова,2,научный,6590,0.9933
2026-04-05T05:12:21.716452,53504,0.1↔0.3,0.835,10.0,предложения,1,бытовой,6591,0.9932
2026-04-05T05:12:22.235451,53513,0.3↔1.0,0.813,0.1,буквы/слоги,2,научный,6592,0.9934
2026-04-05T05:12:22.496452,53517,0.1↔0.3,0.819,1.0,слова,2,научный,6593,0.9936
2026-04-05T05:12:22.599423,53519,0.1↔0.3,0.831,0.1,буквы/слоги,1,бытовой,6594,0.9938
2026-04-05T05:12:22.872451,53524,0.3↔1.0,0.828,0.1,буквы/слоги,1,бытовой,6595,0.9940
2026-04-05T05:12:23.478430,53534,0.1↔0.3,0.813,3.0,словосочетания,1,бытовой,6596,0.9933
2026-04-05T05:12:23.541425,53535,0.1↔0.3,0.820,30.0,абзацы,2,научный,6597,0.9935
2026-04-05T05:12:23.948452,53542,0.3↔1.0,0.829,100.0,целые тексты,3,,6598,0.9934
2026-04-05T05:12:24.001423,53543,0.1↔0.3,0.822,30.0,абзацы,2,научный,6599,0.9936
2026-04-05T05:12:24.283452,53548,0.1↔0.3,0.812,3.0,словосочетания,4,метафорический,6600,0.9938
2026-04-05T05:12:25.741451,53575,0.1↔0.3,0.836,10.0,предложения,2,научный,6601,0.9919
2026-04-05T05:12:28.033451,53615,0.1↔0.3,0.829,100.0,целые тексты,1,бытовой,6602,0.9900
2026-04-05T05:12:28.457452,53623,0.3↔1.0,0.819,30.0,абзацы,3,,6603,0.9902
2026-04-05T05:12:28.865452,53630,0.1↔0.3,0.815,3.0,словосочетания,2,научный,6604,0.9901
2026-04-05T05:12:29.126432,53635,0.1↔0.3,0.832,3.0,словосочетания,3,,6605,0.9903
2026-04-05T05:12:30.167451,53654,0.3↔1.0,0.828,0.3,буквы/слоги,2,научный,6606,0.9902
2026-04-05T05:12:30.448452,53659,0.1↔0.3,0.835,10.0,предложения,2,научный,6607,0.9904
2026-04-05T05:12:31.217452,53674,0.3↔1.0,0.811,3.0,словосочетания,3,,6608,0.9906
2026-04-05T05:12:31.391452,53676,0.1↔0.3,0.837,1.0,слова,1,бытовой,6609,0.9908
2026-04-05T05:12:31.508423,53678,0.1↔0.3,0.809,0.1,буквы/слоги,1,бытовой,6610,0.9910
2026-04-05T05:12:31.945432,53686,0.1↔0.3,0.819,0.1,буквы/слоги,4,метафорический,6611,0.9912
2026-04-05T05:12:32.167451,53690,0.3↔1.0,0.832,100.0,целые тексты,1,бытовой,6612,0.9914
2026-04-05T05:12:32.330428,53693,0.1↔0.3,0.824,0.1,буквы/слоги,4,метафорический,6613,0.9916
2026-04-05T05:12:32.705452,53698,0.3↔1.0,0.814,1.0,слова,3,,6614,0.9915
2026-04-05T05:12:34.723426,53734,0.1↔0.3,0.838,10.0,предложения,2,научный,6615,0.9908
2026-04-05T05:12:35.374452,53746,0.1↔0.3,0.834,100.0,целые тексты,1,бытовой,6616,0.9910
2026-04-05T05:12:35.901452,53755,0.1↔0.3,0.817,100.0,целые тексты,3,,6617,0.9909
2026-04-05T05:12:36.116428,53759,0.1↔0.3,0.823,30.0,абзацы,3,,6618,0.9908
2026-04-05T05:12:36.754452,53771,0.3↔1.0,0.823,10.0,предложения,2,научный,6619,0.9907
2026-04-05T05:12:37.062426,53777,0.1↔0.3,0.825,10.0,предложения,1,бытовой,6620,0.9909
2026-04-05T05:12:37.121423,53778,0.3↔1.0,0.836,1.0,слова,4,метафорический,6621,0.9911
2026-04-05T05:12:37.536451,53786,0.1↔0.3,0.822,100.0,целые тексты,2,научный,6622,0.9913
2026-04-05T05:12:38.649452,53807,0.3↔1.0,0.815,3.0,словосочетания,4,метафорический,6623,0.9915
2026-04-05T05:12:39.112452,53815,0.3↔1.0,0.829,3.0,словосочетания,1,бытовой,6624,0.9914
2026-04-05T05:12:39.981423,53830,0.1↔0.3,0.824,10.0,предложения,2,научный,6625,0.9910
2026-04-05T05:12:40.050430,53831,0.1↔0.3,0.832,0.3,буквы/слоги,3,,6626,0.9912
2026-04-05T05:12:40.229432,53834,0.1↔0.3,0.826,3.0,словосочетания,2,научный,6627,0.9914
2026-04-05T05:12:41.030452,53848,0.3↔1.0,0.838,3.0,словосочетания,1,бытовой,6628,0.9913
2026-04-05T05:12:41.651452,53859,0.3↔1.0,0.835,0.3,буквы/слоги,2,научный,6629,0.9909
2026-04-05T05:12:42.321451,53871,0.1↔0.3,0.826,0.3,буквы/слоги,3,,6630,0.9908
2026-04-05T05:12:43.416426,53891,0.3↔1.0,0.837,3.0,словосочетания,3,,6631,0.9898
2026-04-05T05:12:43.635452,53895,0.3↔1.0,0.836,10.0,предложения,2,научный,6632,0.9900
2026-04-05T05:12:43.994427,53901,0.1↔0.3,0.811,3.0,словосочетания,1,бытовой,6633,0.9896
2026-04-05T05:12:44.322452,53907,0.1↔0.3,0.826,0.3,буквы/слоги,3,,6634,0.9898
2026-04-05T05:12:44.488422,53909,0.1↔0.3,0.813,1.0,слова,3,,6635,0.9900
2026-04-05T05:12:45.034452,53919,0.3↔1.0,0.832,100.0,целые тексты,1,бытовой,6636,0.9899
2026-04-05T05:12:45.717452,53932,0.3↔1.0,0.829,3.0,словосочетания,2,научный,6637,0.9901
2026-04-05T05:12:45.871428,53934,0.1↔0.3,0.828,30.0,абзацы,1,бытовой,6638,0.9900
2026-04-05T05:12:45.935435,53935,0.1↔0.3,0.814,1.0,слова,2,научный,6639,0.9902
2026-04-05T05:12:46.171427,53939,0.3↔1.0,0.809,0.1,буквы/слоги,3,,6640,0.9901
2026-04-05T05:12:46.574452,53946,0.1↔0.3,0.823,3.0,словосочетания,1,бытовой,6641,0.9897
2026-04-05T05:12:47.313452,53960,0.3↔1.0,0.833,0.3,буквы/слоги,2,научный,6642,0.9899
2026-04-05T05:12:47.691451,53966,0.3↔1.0,0.824,0.3,буквы/слоги,1,бытовой,6643,0.9901
2026-04-05T05:12:48.315452,53978,0.3↔1.0,0.826,10.0,предложения,2,научный,6644,0.9903
2026-04-05T05:12:49.873427,54005,0.3↔1.0,0.826,0.1,буквы/слоги,1,бытовой,6645,0.9887
2026-04-05T05:12:50.396451,54015,0.1↔0.3,0.816,30.0,абзацы,1,бытовой,6646,0.9889
2026-04-05T05:12:50.586423,54018,0.3↔1.0,0.827,30.0,абзацы,3,,6647,0.9888
2026-04-05T05:12:51.314452,54032,0.3↔1.0,0.836,3.0,словосочетания,2,научный,6648,0.9887
2026-04-05T05:12:51.384428,54033,0.1↔0.3,0.817,1.0,слова,1,бытовой,6649,0.9889
2026-04-05T05:12:51.666426,54038,0.1↔0.3,0.821,0.1,буквы/слоги,1,бытовой,6650,0.9891
2026-04-05T05:12:52.128451,54047,0.3↔1.0,0.809,30.0,абзацы,2,научный,6651,0.9893
2026-04-05T05:12:52.597452,54055,0.1↔0.3,0.822,30.0,абзацы,2,научный,6652,0.9895
2026-04-05T05:12:53.350430,54067,0.1↔0.3,0.825,3.0,словосочетания,1,бытовой,6653,0.9894
2026-04-05T05:12:53.595452,54071,0.1↔0.3,0.823,1.0,слова,3,,6654,0.9893
2026-04-05T05:12:53.710426,54073,0.3↔1.0,0.819,1.0,слова,3,,6655,0.9895
2026-04-05T05:12:53.940451,54077,0.1↔0.3,0.816,0.1,буквы/слоги,2,научный,6656,0.9897
2026-04-05T05:12:55.174452,54100,0.1↔0.3,0.826,10.0,предложения,1,бытовой,6657,0.9896
2026-04-05T05:12:55.812452,54112,0.1↔0.3,0.833,30.0,абзацы,2,научный,6658,0.9895
2026-04-05T05:12:56.153451,54118,0.3↔1.0,0.809,0.1,буквы/слоги,3,,6659,0.9894
2026-04-05T05:12:56.630429,54126,0.3↔1.0,0.822,30.0,абзацы,3,,6660,0.9890
2026-04-05T05:12:57.069423,54134,0.1↔0.3,0.828,10.0,предложения,1,бытовой,6661,0.9889
2026-04-05T05:12:57.240451,54137,0.3↔1.0,0.825,3.0,словосочетания,2,научный,6662,0.9891
2026-04-05T05:12:57.351422,54139,0.1↔0.3,0.816,3.0,словосочетания,3,,6663,0.9893
2026-04-05T05:12:57.630452,54144,0.3↔1.0,0.814,10.0,предложения,1,бытовой,6664,0.9895
2026-04-05T05:12:58.568452,54162,0.3↔1.0,0.812,3.0,словосочетания,3,,6665,0.9897
2026-04-05T05:12:59.054425,54171,0.1↔0.3,0.838,30.0,абзацы,4,метафорический,6666,0.9899
2026-04-05T05:12:59.279432,54173,0.1↔0.3,0.811,0.1,буквы/слоги,3,,6667,0.9901
2026-04-05T05:12:59.341429,54174,0.1↔0.3,0.823,0.3,буквы/слоги,2,научный,6668,0.9903
2026-04-05T05:12:59.470423,54176,0.3↔1.0,0.834,100.0,целые тексты,3,,6669,0.9902
2026-04-05T05:12:59.534429,54177,0.1↔0.3,0.811,0.1,буквы/слоги,3,,6670,0.9904
2026-04-05T05:12:59.855452,54183,0.3↔1.0,0.821,0.3,буквы/слоги,3,,6671,0.9906
2026-04-05T05:13:00.026432,54186,0.1↔0.3,0.833,0.1,буквы/слоги,1,бытовой,6672,0.9908
2026-04-05T05:13:00.184427,54189,0.1↔0.3,0.824,0.1,буквы/слоги,1,бытовой,6673,0.9910
2026-04-05T05:13:01.542425,54212,0.3↔1.0,0.812,0.3,буквы/слоги,3,,6674,0.9909
2026-04-05T05:13:03.801452,54253,0.1↔0.3,0.819,10.0,предложения,1,бытовой,6675,0.9908
2026-04-05T05:13:04.212433,54260,0.1↔0.3,0.832,3.0,словосочетания,1,бытовой,6676,0.9910
2026-04-05T05:13:04.325425,54262,0.1↔0.3,0.813,10.0,предложения,2,научный,6677,0.9912
2026-04-05T05:13:04.583429,54266,0.1↔0.3,0.813,1.0,слова,3,,6678,0.9911
2026-04-05T05:13:06.349427,54299,0.1↔0.3,0.818,0.3,буквы/слоги,2,научный,6679,0.9907
2026-04-05T05:13:06.585452,54303,0.1↔0.3,0.812,0.3,буквы/слоги,3,,6680,0.9909
2026-04-05T05:13:07.000452,54311,0.3↔1.0,0.820,0.3,буквы/слоги,4,метафорический,6681,0.9911
2026-04-05T05:13:07.172452,54314,0.1↔0.3,0.832,10.0,предложения,1,бытовой,6682,0.9913
2026-04-05T05:13:07.486423,54319,0.3↔1.0,0.815,3.0,словосочетания,2,научный,6683,0.9912
2026-04-05T05:13:07.665452,54322,0.3↔1.0,0.814,0.3,буквы/слоги,4,метафорический,6684,0.9914
2026-04-05T05:13:08.138451,54331,0.1↔0.3,0.830,0.3,буквы/слоги,3,,6685,0.9916
2026-04-05T05:13:08.808426,54343,0.3↔1.0,0.809,0.1,буквы/слоги,2,научный,6686,0.9912
2026-04-05T05:13:08.963452,54346,0.3↔1.0,0.809,0.1,буквы/слоги,2,научный,6687,0.9914
2026-04-05T05:13:10.362423,54372,0.1↔0.3,0.822,30.0,абзацы,1,бытовой,6688,0.9913
2026-04-05T05:13:11.668423,54395,0.1↔0.3,0.836,30.0,абзацы,3,,6689,0.9909
2026-04-05T05:13:11.737423,54396,0.3↔1.0,0.825,0.3,буквы/слоги,3,,6690,0.9911
2026-04-05T05:13:12.486426,54410,0.1↔0.3,0.827,0.3,буквы/слоги,3,,6691,0.9907
2026-04-05T05:13:13.232451,54424,0.1↔0.3,0.814,1.0,слова,1,бытовой,6692,0.9906
2026-04-05T05:13:13.504452,54428,0.3↔1.0,0.832,3.0,словосочетания,4,метафорический,6693,0.9908
2026-04-05T05:13:14.463451,54446,0.1↔0.3,0.817,0.3,буквы/слоги,1,бытовой,6694,0.9904
2026-04-05T05:13:14.721452,54451,0.3↔1.0,0.814,0.1,буквы/слоги,3,,6695,0.9906
2026-04-05T05:13:14.982451,54455,0.3↔1.0,0.835,0.1,буквы/слоги,1,бытовой,6696,0.9908
2026-04-05T05:13:15.354452,54462,0.1↔0.3,0.833,3.0,словосочетания,3,,6697,0.9910
2026-04-05T05:13:15.533451,54465,0.3↔1.0,0.831,100.0,целые тексты,1,бытовой,6698,0.9912
2026-04-05T05:13:16.955452,54491,0.3↔1.0,0.826,3.0,словосочетания,1,бытовой,6699,0.9902
2026-04-05T05:13:17.012430,54492,0.3↔1.0,0.828,3.0,словосочетания,1,бытовой,6700,0.9904
2026-04-05T05:13:17.341423,54498,0.1↔0.3,0.808,1.0,слова,1,бытовой,6701,0.9903
2026-04-05T05:13:18.576452,54521,0.1↔0.3,0.827,0.1,буквы/слоги,1,бытовой,6702,0.9902
2026-04-05T05:13:18.649428,54522,0.1↔0.3,0.818,1.0,слова,1,бытовой,6703,0.9904
2026-04-05T05:13:18.718423,54523,0.3↔1.0,0.821,0.3,буквы/слоги,2,научный,6704,0.9906
2026-04-05T05:13:19.809425,54542,0.3↔1.0,0.832,10.0,предложения,1,бытовой,6705,0.9893
2026-04-05T05:13:20.236452,54550,0.1↔0.3,0.821,10.0,предложения,1,бытовой,6706,0.9892
2026-04-05T05:13:20.688453,54558,0.3↔1.0,0.809,1.0,слова,2,научный,6707,0.9891
2026-04-05T05:13:20.739436,54559,0.1↔0.3,0.834,0.1,буквы/слоги,2,научный,6708,0.9893
2026-04-05T05:13:21.278452,54569,0.1↔0.3,0.835,1.0,слова,3,,6709,0.9892
2026-04-05T05:13:21.739452,54578,0.1↔0.3,0.821,30.0,абзацы,3,,6710,0.9894
2026-04-05T05:13:22.063428,54584,0.1↔0.3,0.837,0.1,буквы/слоги,1,бытовой,6711,0.9893
2026-04-05T05:13:22.540452,54592,0.1↔0.3,0.838,10.0,предложения,2,научный,6712,0.9886
2026-04-05T05:13:22.598424,54593,0.3↔1.0,0.823,30.0,абзацы,3,,6713,0.9888
2026-04-05T05:13:23.622426,54612,0.3↔1.0,0.831,30.0,абзацы,4,метафорический,6714,0.9887
2026-04-05T05:13:24.200451,54622,0.1↔0.3,0.836,1.0,слова,3,,6715,0.9883
2026-04-05T05:13:24.418452,54625,0.3↔1.0,0.816,30.0,абзацы,2,научный,6716,0.9885
2026-04-05T05:13:25.854451,54651,0.1↔0.3,0.808,10.0,предложения,1,бытовой,6717,0.9878
2026-04-05T05:13:26.114452,54655,0.1↔0.3,0.818,0.3,буквы/слоги,4,метафорический,6718,0.9880
2026-04-05T05:13:26.737451,54667,0.1↔0.3,0.813,0.3,буквы/слоги,3,,6719,0.9882
2026-04-05T05:13:26.883426,54669,0.1↔0.3,0.823,100.0,целые тексты,1,бытовой,6720,0.9884
2026-04-05T05:13:26.950428,54670,0.3↔1.0,0.813,3.0,словосочетания,2,научный,6721,0.9886
2026-04-05T05:13:27.541433,54681,0.1↔0.3,0.828,10.0,предложения,2,научный,6722,0.9885
2026-04-05T05:13:27.954451,54686,0.3↔1.0,0.813,30.0,абзацы,3,,6723,0.9884
2026-04-05T05:13:29.037451,54706,0.1↔0.3,0.821,1.0,слова,2,научный,6724,0.9883
2026-04-05T05:13:29.131432,54707,0.1↔0.3,0.820,0.3,буквы/слоги,1,бытовой,6725,0.9885
2026-04-05T05:13:29.373452,54711,0.3↔1.0,0.830,0.1,буквы/слоги,2,научный,6726,0.9887
2026-04-05T05:13:29.754452,54718,0.3↔1.0,0.833,100.0,целые тексты,1,бытовой,6727,0.9889
2026-04-05T05:13:30.364429,54729,0.1↔0.3,0.819,0.3,буквы/слоги,1,бытовой,6728,0.9888
2026-04-05T05:13:30.647451,54734,0.3↔1.0,0.817,0.3,буквы/слоги,1,бытовой,6729,0.9890
2026-04-05T05:13:31.057451,54742,0.1↔0.3,0.810,1.0,слова,3,,6730,0.9892
2026-04-05T05:13:32.365452,54766,0.3↔1.0,0.834,100.0,целые тексты,3,,6731,0.9885
2026-04-05T05:13:32.878452,54775,0.1↔0.3,0.812,3.0,словосочетания,3,,6732,0.9884
2026-04-05T05:13:33.380452,54784,0.3↔1.0,0.828,100.0,целые тексты,3,,6733,0.9886
2026-04-05T05:13:34.148428,54797,0.3↔1.0,0.809,100.0,целые тексты,2,научный,6734,0.9882
2026-04-05T05:13:35.711429,54825,0.1↔0.3,0.838,0.1,буквы/слоги,2,научный,6735,0.9869
2026-04-05T05:13:36.590429,54841,0.3↔1.0,0.822,10.0,предложения,1,бытовой,6736,0.9868
2026-04-05T05:13:36.859436,54846,0.1↔0.3,0.835,30.0,абзацы,3,,6737,0.9867
2026-04-05T05:13:38.060423,54869,0.1↔0.3,0.819,0.3,буквы/слоги,1,бытовой,6738,0.9863
2026-04-05T05:13:38.616427,54879,0.1↔0.3,0.826,0.3,буквы/слоги,1,бытовой,6739,0.9859
2026-04-05T05:13:38.970452,54885,0.3↔1.0,0.835,0.3,буквы/слоги,3,,6740,0.9858
2026-04-05T05:13:39.030424,54886,0.1↔0.3,0.819,100.0,целые тексты,1,бытовой,6741,0.9860
2026-04-05T05:13:39.670451,54898,0.1↔0.3,0.831,100.0,целые тексты,2,научный,6742,0.9859
2026-04-05T05:13:40.529427,54914,0.1↔0.3,0.812,1.0,слова,4,метафорический,6743,0.9858
2026-04-05T05:13:41.100452,54924,0.3↔1.0,0.816,0.1,буквы/слоги,2,научный,6744,0.9857
2026-04-05T05:13:41.374427,54929,0.3↔1.0,0.814,100.0,целые тексты,1,бытовой,6745,0.9859
2026-04-05T05:13:42.277429,54945,0.3↔1.0,0.834,3.0,словосочетания,2,научный,6746,0.9855
2026-04-05T05:13:42.469452,54948,0.3↔1.0,0.833,30.0,абзацы,2,научный,6747,0.9857
2026-04-05T05:13:43.179422,54961,0.3↔1.0,0.832,30.0,абзацы,2,научный,6748,0.9859
2026-04-05T05:13:43.413427,54964,0.1↔0.3,0.828,30.0,абзацы,1,бытовой,6749,0.9858
2026-04-05T05:13:43.956451,54974,0.1↔0.3,0.812,30.0,абзацы,3,,6750,0.9857
2026-04-05T05:13:44.529452,54985,0.3↔1.0,0.822,100.0,целые тексты,3,,6751,0.9859
2026-04-05T05:13:44.719452,54988,0.3↔1.0,0.811,100.0,целые тексты,2,научный,6752,0.9861
2026-04-05T05:13:44.770426,54989,0.1↔0.3,0.815,0.1,буквы/слоги,1,бытовой,6753,0.9863
2026-04-05T05:13:44.925452,54992,0.1↔0.3,0.837,10.0,предложения,3,,6754,0.9865
2026-04-05T05:13:45.240452,54998,0.3↔1.0,0.831,3.0,словосочетания,4,метафорический,6755,0.9867
2026-04-05T05:13:45.709433,55007,0.3↔1.0,0.811,1.0,слова,4,метафорический,6756,0.9869
2026-04-05T05:13:46.086452,55014,0.3↔1.0,0.814,30.0,абзацы,2,научный,6757,0.9871
2026-04-05T05:13:46.203422,55016,0.1↔0.3,0.818,0.3,буквы/слоги,2,научный,6758,0.9873
2026-04-05T05:13:46.487452,55021,0.3↔1.0,0.834,1.0,слова,1,бытовой,6759,0.9875
2026-04-05T05:13:46.611452,55023,0.3↔1.0,0.813,0.1,буквы/слоги,2,научный,6760,0.9877
2026-04-05T05:13:46.894433,55028,0.1↔0.3,0.821,100.0,целые тексты,1,бытовой,6761,0.9879
2026-04-05T05:13:47.179430,55033,0.3↔1.0,0.824,100.0,целые тексты,3,,6762,0.9878
2026-04-05T05:13:48.193426,55051,0.3↔1.0,0.811,100.0,целые тексты,3,,6763,0.9871
2026-04-05T05:13:48.328426,55053,0.1↔0.3,0.813,10.0,предложения,3,,6764,0.9873
2026-04-05T05:13:48.711452,55060,0.1↔0.3,0.815,0.1,буквы/слоги,1,бытовой,6765,0.9875
2026-04-05T05:13:48.776429,55061,0.1↔0.3,0.826,0.1,буквы/слоги,2,научный,6766,0.9877
2026-04-05T05:13:48.938433,55064,0.3↔1.0,0.814,10.0,предложения,1,бытовой,6767,0.9879
2026-04-05T05:13:49.061423,55066,0.1↔0.3,0.811,0.1,буквы/слоги,2,научный,6768,0.9881
2026-04-05T05:13:50.307425,55088,0.3↔1.0,0.817,10.0,предложения,2,научный,6769,0.9877
2026-04-05T05:13:50.782452,55096,0.1↔0.3,0.834,1.0,слова,2,научный,6770,0.9876
2026-04-05T05:13:51.769452,55113,0.3↔1.0,0.812,0.1,буквы/слоги,2,научный,6771,0.9863
2026-04-05T05:13:51.979452,55116,0.1↔0.3,0.816,3.0,словосочетания,4,метафорический,6772,0.9865
2026-04-05T05:13:52.673430,55129,0.3↔1.0,0.821,100.0,целые тексты,2,научный,6773,0.9861
2026-04-05T05:13:53.798452,55150,0.3↔1.0,0.824,0.3,буквы/слоги,2,научный,6774,0.9854
2026-04-05T05:13:53.964451,55153,0.3↔1.0,0.830,30.0,абзацы,1,бытовой,6775,0.9856
2026-04-05T05:13:54.882425,55170,0.1↔0.3,0.818,1.0,слова,1,бытовой,6776,0.9855
2026-04-05T05:13:55.006429,55172,0.3↔1.0,0.830,0.3,буквы/слоги,3,,6777,0.9857
2026-04-05T05:13:55.537451,55182,0.1↔0.3,0.836,0.1,буквы/слоги,1,бытовой,6778,0.9856
2026-04-05T05:13:56.161452,55194,0.1↔0.3,0.809,100.0,целые тексты,3,,6779,0.9858
2026-04-05T05:13:56.241429,55195,0.1↔0.3,0.816,0.3,буквы/слоги,2,научный,6780,0.9860
2026-04-05T05:13:56.757425,55205,0.1↔0.3,0.838,0.3,буквы/слоги,3,,6781,0.9862
2026-04-05T05:13:57.084423,55210,0.3↔1.0,0.836,30.0,абзацы,2,научный,6782,0.9858
2026-04-05T05:13:57.420451,55216,0.1↔0.3,0.833,30.0,абзацы,1,бытовой,6783,0.9860
2026-04-05T05:13:57.535423,55218,0.1↔0.3,0.824,0.3,буквы/слоги,1,бытовой,6784,0.9862
2026-04-05T05:13:57.834422,55223,0.1↔0.3,0.821,0.1,буквы/слоги,1,бытовой,6785,0.9861
2026-04-05T05:13:58.105451,55228,0.1↔0.3,0.809,0.3,буквы/слоги,2,научный,6786,0.9863
2026-04-05T05:13:58.839451,55239,0.3↔1.0,0.836,0.1,буквы/слоги,3,,6787,0.9862
2026-04-05T05:13:59.050452,55243,0.3↔1.0,0.832,3.0,словосочетания,1,бытовой,6788,0.9864
2026-04-05T05:13:59.171424,55245,0.3↔1.0,0.819,3.0,словосочетания,2,научный,6789,0.9866
2026-04-05T05:13:59.503451,55251,0.3↔1.0,0.832,3.0,словосочетания,1,бытовой,6790,0.9868
2026-04-05T05:14:00.103452,55261,0.1↔0.3,0.819,0.3,буквы/слоги,2,научный,6791,0.9867
2026-04-05T05:14:00.227423,55263,0.1↔0.3,0.820,3.0,словосочетания,4,метафорический,6792,0.9869
2026-04-05T05:14:00.292427,55264,0.1↔0.3,0.832,0.3,буквы/слоги,1,бытовой,6793,0.9871
2026-04-05T05:14:00.359423,55265,0.1↔0.3,0.812,3.0,словосочетания,2,научный,6794,0.9873
2026-04-05T05:14:01.745427,55290,0.3↔1.0,0.828,0.3,буквы/слоги,4,метафорический,6795,0.9866
2026-04-05T05:14:02.764452,55309,0.3↔1.0,0.816,3.0,словосочетания,3,,6796,0.9865
2026-04-05T05:14:02.931423,55312,0.1↔0.3,0.833,0.1,буквы/слоги,3,,6797,0.9864
2026-04-05T05:14:03.116451,55315,0.1↔0.3,0.815,0.3,буквы/слоги,1,бытовой,6798,0.9866
2026-04-05T05:14:03.488423,55322,0.3↔1.0,0.812,100.0,целые тексты,3,,6799,0.9865
2026-04-05T05:14:03.560430,55323,0.3↔1.0,0.813,10.0,предложения,2,научный,6800,0.9867
2026-04-05T05:14:03.669423,55325,0.1↔0.3,0.827,0.3,буквы/слоги,3,,6801,0.9869
2026-04-05T05:14:03.802423,55327,0.3↔1.0,0.836,0.1,буквы/слоги,1,бытовой,6802,0.9871
2026-04-05T05:14:04.403452,55338,0.1↔0.3,0.815,30.0,абзацы,2,научный,6803,0.9870
2026-04-05T05:14:04.861423,55345,0.3↔1.0,0.809,1.0,слова,2,научный,6804,0.9869
2026-04-05T05:14:05.454452,55356,0.1↔0.3,0.836,0.1,буквы/слоги,2,научный,6805,0.9871
2026-04-05T05:14:05.737451,55361,0.3↔1.0,0.816,10.0,предложения,1,бытовой,6806,0.9873
2026-04-05T05:14:06.058452,55367,0.1↔0.3,0.837,1.0,слова,4,метафорический,6807,0.9875
2026-04-05T05:14:06.235452,55370,0.3↔1.0,0.812,0.3,буквы/слоги,2,научный,6808,0.9877
2026-04-05T05:14:06.459432,55374,0.1↔0.3,0.819,0.1,буквы/слоги,1,бытовой,6809,0.9879
2026-04-05T05:14:08.055452,55402,0.1↔0.3,0.821,0.1,буквы/слоги,3,,6810,0.9869
2026-04-05T05:14:08.424425,55409,0.1↔0.3,0.837,30.0,абзацы,4,метафорический,6811,0.9871
2026-04-05T05:14:08.544423,55411,0.1↔0.3,0.835,0.1,буквы/слоги,1,бытовой,6812,0.9873
2026-04-05T05:14:08.677423,55413,0.1↔0.3,0.831,100.0,целые тексты,3,,6813,0.9875
2026-04-05T05:14:09.267427,55424,0.3↔1.0,0.818,10.0,предложения,2,научный,6814,0.9874
2026-04-05T05:14:10.432423,55445,0.3↔1.0,0.830,30.0,абзацы,1,бытовой,6815,0.9861
2026-04-05T05:14:10.967452,55455,0.3↔1.0,0.819,0.3,буквы/слоги,3,,6816,0.9857
2026-04-05T05:14:11.085423,55457,0.3↔1.0,0.836,1.0,слова,3,,6817,0.9859
2026-04-05T05:14:11.739452,55469,0.3↔1.0,0.836,3.0,словосочетания,3,,6818,0.9858
2026-04-05T05:14:12.615451,55485,0.3↔1.0,0.826,1.0,слова,3,,6819,0.9851
2026-04-05T05:14:13.872451,55508,0.1↔0.3,0.810,0.3,буквы/слоги,3,,6820,0.9844
2026-04-05T05:14:14.088451,55512,0.3↔1.0,0.826,3.0,словосочетания,2,научный,6821,0.9846
2026-04-05T05:14:14.192427,55514,0.3↔1.0,0.808,30.0,абзацы,3,,6822,0.9848
2026-04-05T05:14:14.861451,55527,0.3↔1.0,0.826,1.0,слова,3,,6823,0.9850
2026-04-05T05:14:15.135451,55532,0.3↔1.0,0.833,1.0,слова,1,бытовой,6824,0.9852
2026-04-05T05:14:15.545451,55540,0.3↔1.0,0.809,0.3,буквы/слоги,3,,6825,0.9854
2026-04-05T05:14:16.532425,55558,0.1↔0.3,0.816,30.0,абзацы,2,научный,6826,0.9850
2026-04-05T05:14:16.777431,55562,0.3↔1.0,0.817,1.0,слова,2,научный,6827,0.9849
2026-04-05T05:14:16.836428,55563,0.3↔1.0,0.831,0.1,буквы/слоги,3,,6828,0.9851
2026-04-05T05:14:17.706423,55579,0.3↔1.0,0.835,100.0,целые тексты,2,научный,6829,0.9841
2026-04-05T05:14:17.878452,55582,0.1↔0.3,0.812,100.0,целые тексты,2,научный,6830,0.9843
2026-04-05T05:14:18.864452,55600,0.3↔1.0,0.822,0.1,буквы/слоги,1,бытовой,6831,0.9842
2026-04-05T05:14:19.293452,55608,0.3↔1.0,0.812,10.0,предложения,2,научный,6832,0.9841
2026-04-05T05:14:21.002423,55637,0.3↔1.0,0.831,0.1,буквы/слоги,1,бытовой,6833,0.9831
2026-04-05T05:14:21.222451,55641,0.1↔0.3,0.814,30.0,абзацы,3,,6834,0.9833
2026-04-05T05:14:22.656425,55668,0.3↔1.0,0.819,0.3,буквы/слоги,3,,6835,0.9829
2026-04-05T05:14:22.961451,55673,0.3↔1.0,0.810,1.0,слова,3,,6836,0.9831
2026-04-05T05:14:23.171451,55677,0.1↔0.3,0.809,100.0,целые тексты,3,,6837,0.9833
2026-04-05T05:14:23.393423,55681,0.1↔0.3,0.810,3.0,словосочетания,3,,6838,0.9832
2026-04-05T05:14:24.745451,55706,0.1↔0.3,0.832,30.0,абзацы,1,бытовой,6839,0.9822
2026-04-05T05:14:25.262452,55715,0.3↔1.0,0.823,1.0,слова,2,научный,6840,0.9824
2026-04-05T05:14:25.550452,55719,0.3↔1.0,0.826,10.0,предложения,3,,6841,0.9826
2026-04-05T05:14:26.833428,55743,0.1↔0.3,0.835,100.0,целые тексты,1,бытовой,6842,0.9825
2026-04-05T05:14:28.636452,55776,0.1↔0.3,0.833,1.0,слова,4,метафорический,6843,0.9815
2026-04-05T05:14:29.452451,55791,0.1↔0.3,0.823,0.3,буквы/слоги,3,,6844,0.9811
2026-04-05T05:14:30.869452,55815,0.3↔1.0,0.825,100.0,целые тексты,1,бытовой,6845,0.9804
2026-04-05T05:14:31.008428,55817,0.1↔0.3,0.832,10.0,предложения,2,научный,6846,0.9806
2026-04-05T05:14:31.071428,55818,0.3↔1.0,0.832,1.0,слова,3,,6847,0.9808
2026-04-05T05:14:31.284451,55822,0.1↔0.3,0.816,0.1,буквы/слоги,2,научный,6848,0.9810
2026-04-05T05:14:31.336426,55823,0.3↔1.0,0.823,10.0,предложения,2,научный,6849,0.9812
2026-04-05T05:14:31.531430,55826,0.1↔0.3,0.814,0.1,буквы/слоги,3,,6850,0.9811
2026-04-05T05:14:31.715423,55829,0.3↔1.0,0.830,30.0,абзацы,3,,6851,0.9810
2026-04-05T05:14:32.230423,55838,0.1↔0.3,0.828,1.0,слова,3,,6852,0.9806
2026-04-05T05:14:32.548451,55844,0.3↔1.0,0.822,0.3,буквы/слоги,2,научный,6853,0.9808
2026-04-05T05:14:33.531452,55863,0.3↔1.0,0.816,100.0,целые тексты,2,научный,6854,0.9810
2026-04-05T05:14:34.840433,55886,0.3↔1.0,0.824,3.0,словосочетания,2,научный,6855,0.9806
2026-04-05T05:14:35.905452,55906,0.3↔1.0,0.819,10.0,предложения,2,научный,6856,0.9805
2026-04-05T05:14:36.189423,55910,0.3↔1.0,0.827,100.0,целые тексты,2,научный,6857,0.9804
2026-04-05T05:14:36.412428,55914,0.1↔0.3,0.820,30.0,абзацы,2,научный,6858,0.9803
2026-04-05T05:14:36.589451,55917,0.1↔0.3,0.814,30.0,абзацы,1,бытовой,6859,0.9805
2026-04-05T05:14:38.184452,55947,0.3↔1.0,0.818,30.0,абзацы,2,научный,6860,0.9804
2026-04-05T05:14:38.611425,55955,0.1↔0.3,0.835,100.0,целые тексты,1,бытовой,6861,0.9806
2026-04-05T05:14:38.962451,55960,0.1↔0.3,0.832,30.0,абзацы,1,бытовой,6862,0.9808
2026-04-05T05:14:39.027423,55961,0.3↔1.0,0.832,1.0,слова,3,,6863,0.9810
2026-04-05T05:14:40.013425,55979,0.3↔1.0,0.823,10.0,предложения,1,бытовой,6864,0.9809
2026-04-05T05:14:40.766452,55993,0.1↔0.3,0.830,100.0,целые тексты,3,,6865,0.9811
2026-04-05T05:14:41.880429,56012,0.3↔1.0,0.828,0.3,буквы/слоги,4,метафорический,6866,0.9804
2026-04-05T05:14:42.657432,56027,0.1↔0.3,0.818,10.0,предложения,4,метафорический,6867,0.9806
2026-04-05T05:14:42.995452,56033,0.3↔1.0,0.837,3.0,словосочетания,2,научный,6868,0.9808
2026-04-05T05:14:43.950452,56051,0.1↔0.3,0.815,10.0,предложения,2,научный,6869,0.9807
2026-04-05T05:14:44.060423,56053,0.1↔0.3,0.833,100.0,целые тексты,2,научный,6870,0.9809
2026-04-05T05:14:44.491452,56061,0.1↔0.3,0.832,0.1,буквы/слоги,2,научный,6871,0.9811
2026-04-05T05:14:44.944452,56069,0.3↔1.0,0.829,0.3,буквы/слоги,3,,6872,0.9810
2026-04-05T05:14:46.616451,56101,0.1↔0.3,0.825,30.0,абзацы,1,бытовой,6873,0.9809
2026-04-05T05:14:46.859423,56104,0.3↔1.0,0.812,30.0,абзацы,2,научный,6874,0.9808
2026-04-05T05:14:47.869452,56123,0.3↔1.0,0.813,3.0,словосочетания,3,,6875,0.9804
2026-04-05T05:14:48.102451,56127,0.1↔0.3,0.830,1.0,слова,1,бытовой,6876,0.9806
2026-04-05T05:14:48.525452,56135,0.1↔0.3,0.826,100.0,целые тексты,2,научный,6877,0.9808
2026-04-05T05:14:48.595423,56136,0.3↔1.0,0.815,10.0,предложения,2,научный,6878,0.9810
2026-04-05T05:14:49.016452,56144,0.1↔0.3,0.827,3.0,словосочетания,3,,6879,0.9812
2026-04-05T05:14:50.263423,56165,0.1↔0.3,0.831,1.0,слова,3,,6880,0.9808
2026-04-05T05:14:50.326423,56166,0.1↔0.3,0.823,1.0,слова,4,метафорический,6881,0.9810
2026-04-05T05:14:50.557452,56170,0.3↔1.0,0.835,0.3,буквы/слоги,4,метафорический,6882,0.9812
2026-04-05T05:14:50.851427,56175,0.3↔1.0,0.819,30.0,абзацы,3,,6883,0.9811
2026-04-05T05:14:51.269452,56182,0.1↔0.3,0.816,30.0,абзацы,2,научный,6884,0.9810
2026-04-05T05:14:51.498428,56186,0.1↔0.3,0.826,1.0,слова,2,научный,6885,0.9809
2026-04-05T05:14:52.407452,56203,0.1↔0.3,0.830,0.3,буквы/слоги,1,бытовой,6886,0.9808
2026-04-05T05:14:53.021452,56214,0.1↔0.3,0.831,100.0,целые тексты,1,бытовой,6887,0.9807
2026-04-05T05:14:53.093427,56215,0.3↔1.0,0.816,30.0,абзацы,1,бытовой,6888,0.9809
2026-04-05T05:14:53.229431,56217,0.3↔1.0,0.822,100.0,целые тексты,2,научный,6889,0.9811
2026-04-05T05:14:54.218422,56234,0.1↔0.3,0.830,0.3,буквы/слоги,3,,6890,0.9804
2026-04-05T05:14:54.636429,56241,0.1↔0.3,0.828,1.0,слова,2,научный,6891,0.9803
2026-04-05T05:14:54.702426,56242,0.1↔0.3,0.827,3.0,словосочетания,2,научный,6892,0.9805
2026-04-05T05:14:55.069427,56248,0.1↔0.3,0.825,100.0,целые тексты,3,,6893,0.9804
2026-04-05T05:14:55.840451,56259,0.1↔0.3,0.811,0.1,буквы/слоги,1,бытовой,6894,0.9806
2026-04-05T05:14:56.360451,56268,0.3↔1.0,0.827,1.0,слова,3,,6895,0.9802
2026-04-05T05:14:56.509426,56270,0.3↔1.0,0.827,1.0,слова,1,бытовой,6896,0.9804
2026-04-05T05:14:56.570427,56271,0.1↔0.3,0.830,10.0,предложения,1,бытовой,6897,0.9806
2026-04-05T05:14:58.014452,56298,0.3↔1.0,0.825,30.0,абзацы,4,метафорический,6898,0.9802
2026-04-05T05:14:58.577452,56308,0.1↔0.3,0.831,30.0,абзацы,1,бытовой,6899,0.9802
2026-04-05T05:14:58.715423,56310,0.1↔0.3,0.824,0.3,буквы/слоги,3,,6900,0.9804
2026-04-05T05:14:58.930451,56314,0.3↔1.0,0.826,3.0,словосочетания,2,научный,6901,0.9806
2026-04-05T05:14:59.252451,56320,0.1↔0.3,0.827,30.0,абзацы,1,бытовой,6902,0.9808
2026-04-05T05:15:00.216452,56338,0.1↔0.3,0.817,0.1,буквы/слоги,4,метафорический,6903,0.9810
2026-04-05T05:15:00.273431,56339,0.3↔1.0,0.818,10.0,предложения,3,,6904,0.9812
2026-04-05T05:15:00.710451,56347,0.3↔1.0,0.833,3.0,словосочетания,2,научный,6905,0.9811
2026-04-05T05:15:01.107451,56353,0.3↔1.0,0.831,10.0,предложения,3,,6906,0.9813
2026-04-05T05:15:01.733452,56365,0.1↔0.3,0.837,3.0,словосочетания,3,,6907,0.9815
2026-04-05T05:15:02.225426,56374,0.3↔1.0,0.834,3.0,словосочетания,1,бытовой,6908,0.9817
2026-04-05T05:15:02.803426,56383,0.1↔0.3,0.809,10.0,предложения,3,,6909,0.9816
2026-04-05T05:15:02.880426,56384,0.3↔1.0,0.817,10.0,предложения,3,,6910,0.9818
2026-04-05T05:15:03.147451,56389,0.1↔0.3,0.825,3.0,словосочетания,1,бытовой,6911,0.9820
2026-04-05T05:15:03.449452,56394,0.1↔0.3,0.814,30.0,абзацы,3,,6912,0.9819
2026-04-05T05:15:03.821452,56400,0.1↔0.3,0.825,30.0,абзацы,2,научный,6913,0.9821
2026-04-05T05:15:04.034452,56404,0.3↔1.0,0.817,1.0,слова,3,,6914,0.9823
2026-04-05T05:15:04.104423,56405,0.3↔1.0,0.827,1.0,слова,4,метафорический,6915,0.9825
2026-04-05T05:15:05.447452,56430,0.1↔0.3,0.829,0.1,буквы/слоги,2,научный,6916,0.9824
2026-04-05T05:15:05.606425,56433,0.1↔0.3,0.809,100.0,целые тексты,2,научный,6917,0.9826
2026-04-05T05:15:07.688452,56472,0.3↔1.0,0.829,10.0,предложения,1,бытовой,6918,0.9816
2026-04-05T05:15:08.688452,56491,0.1↔0.3,0.837,10.0,предложения,1,бытовой,6919,0.9815
2026-04-05T05:15:09.165451,56500,0.3↔1.0,0.835,30.0,абзацы,1,бытовой,6920,0.9817
2026-04-05T05:15:09.538451,56506,0.1↔0.3,0.810,100.0,целые тексты,3,,6921,0.9819
2026-04-05T05:15:09.799452,56511,0.1↔0.3,0.813,100.0,целые тексты,1,бытовой,6922,0.9821
2026-04-05T05:15:09.913429,56513,0.1↔0.3,0.816,1.0,слова,2,научный,6923,0.9823
2026-04-05T05:15:10.944452,56532,0.1↔0.3,0.834,0.3,буквы/слоги,1,бытовой,6924,0.9816
2026-04-05T05:15:11.360451,56539,0.1↔0.3,0.833,0.1,буквы/слоги,2,научный,6925,0.9812
2026-04-05T05:15:11.975429,56550,0.3↔1.0,0.826,3.0,словосочетания,1,бытовой,6926,0.9808
2026-04-05T05:15:12.250452,56555,0.1↔0.3,0.809,0.3,буквы/слоги,2,научный,6927,0.9810
2026-04-05T05:15:12.365424,56557,0.1↔0.3,0.821,0.3,буквы/слоги,3,,6928,0.9812
2026-04-05T05:15:12.768452,56564,0.1↔0.3,0.834,3.0,словосочетания,1,бытовой,6929,0.9811
2026-04-05T05:15:13.260452,56573,0.1↔0.3,0.817,100.0,целые тексты,3,,6930,0.9813
2026-04-05T05:15:13.343429,56574,0.3↔1.0,0.822,1.0,слова,1,бытовой,6931,0.9815
2026-04-05T05:15:14.344451,56592,0.1↔0.3,0.811,100.0,целые тексты,2,научный,6932,0.9808
2026-04-05T05:15:15.910451,56621,0.3↔1.0,0.822,30.0,абзацы,3,,6933,0.9804
2026-04-05T05:15:16.235452,56626,0.1↔0.3,0.820,0.3,буквы/слоги,2,научный,6934,0.9803
2026-04-05T05:15:16.527424,56631,0.1↔0.3,0.833,1.0,слова,2,научный,6935,0.9802
2026-04-05T05:15:16.920452,56638,0.1↔0.3,0.818,1.0,слова,3,,6936,0.9802
2026-04-05T05:15:17.233432,56644,0.1↔0.3,0.831,1.0,слова,2,научный,6937,0.9804
2026-04-05T05:15:17.341424,56646,0.1↔0.3,0.818,100.0,целые тексты,3,,6938,0.9806
2026-04-05T05:15:17.406430,56647,0.1↔0.3,0.832,30.0,абзацы,3,,6939,0.9808
2026-04-05T05:15:17.468423,56648,0.1↔0.3,0.831,100.0,целые тексты,2,научный,6940,0.9810
2026-04-05T05:15:17.930451,56656,0.3↔1.0,0.809,0.3,буквы/слоги,4,метафорический,6941,0.9809
2026-04-05T05:15:18.136452,56660,0.1↔0.3,0.822,0.3,буквы/слоги,1,бытовой,6942,0.9811
2026-04-05T05:15:18.751452,56671,0.1↔0.3,0.819,3.0,словосочетания,1,бытовой,6943,0.9813
2026-04-05T05:15:19.515451,56685,0.3↔1.0,0.823,100.0,целые тексты,1,бытовой,6944,0.9815
2026-04-05T05:15:19.706452,56688,0.1↔0.3,0.819,1.0,слова,4,метафорический,6945,0.9817
2026-04-05T05:15:19.872452,56691,0.3↔1.0,0.820,0.3,буквы/слоги,3,,6946,0.9819
2026-04-05T05:15:20.051451,56694,0.1↔0.3,0.809,3.0,словосочетания,3,,6947,0.9821
2026-04-05T05:15:20.818432,56708,0.3↔1.0,0.817,0.1,буквы/слоги,4,метафорический,6948,0.9820
2026-04-05T05:15:20.946425,56710,0.1↔0.3,0.826,100.0,целые тексты,3,,6949,0.9822
2026-04-05T05:15:21.577451,56722,0.1↔0.3,0.823,10.0,предложения,2,научный,6950,0.9824
2026-04-05T05:15:22.002425,56728,0.1↔0.3,0.832,1.0,слова,1,бытовой,6951,0.9820
2026-04-05T05:15:22.691451,56741,0.1↔0.3,0.832,1.0,слова,2,научный,6952,0.9822
2026-04-05T05:15:23.087452,56748,0.3↔1.0,0.828,1.0,слова,3,,6953,0.9824
2026-04-05T05:15:23.264423,56751,0.3↔1.0,0.812,10.0,предложения,3,,6954,0.9823
2026-04-05T05:15:23.334428,56752,0.1↔0.3,0.810,0.1,буквы/слоги,3,,6955,0.9825
2026-04-05T05:15:23.950422,56763,0.3↔1.0,0.822,0.3,буквы/слоги,2,научный,6956,0.9824
2026-04-05T05:15:24.317452,56769,0.3↔1.0,0.832,10.0,предложения,3,,6957,0.9823
2026-04-05T05:15:24.575432,56773,0.3↔1.0,0.825,30.0,абзацы,3,,6958,0.9825
2026-04-05T05:15:25.297428,56787,0.3↔1.0,0.835,10.0,предложения,2,научный,6959,0.9827
2026-04-05T05:15:25.473432,56790,0.1↔0.3,0.833,10.0,предложения,2,научный,6960,0.9829
2026-04-05T05:15:26.101451,56802,0.1↔0.3,0.824,100.0,целые тексты,2,научный,6961,0.9831
2026-04-05T05:15:26.352451,56806,0.1↔0.3,0.817,10.0,предложения,2,научный,6962,0.9833
2026-04-05T05:15:26.511452,56809,0.3↔1.0,0.837,1.0,слова,2,научный,6963,0.9835
2026-04-05T05:15:26.718452,56813,0.1↔0.3,0.828,10.0,предложения,2,научный,6964,0.9837
2026-04-05T05:15:26.837423,56815,0.3↔1.0,0.828,10.0,предложения,3,,6965,0.9839
2026-04-05T05:15:27.575452,56829,0.1↔0.3,0.835,0.3,буквы/слоги,2,научный,6966,0.9841
2026-04-05T05:15:27.751426,56831,0.1↔0.3,0.827,10.0,предложения,2,научный,6967,0.9843
2026-04-05T05:15:27.820425,56832,0.1↔0.3,0.826,0.3,буквы/слоги,2,научный,6968,0.9845
2026-04-05T05:15:28.007424,56835,0.1↔0.3,0.835,30.0,абзацы,4,метафорический,6969,0.9844
2026-04-05T05:15:28.081423,56836,0.1↔0.3,0.818,0.1,буквы/слоги,2,научный,6970,0.9846
2026-04-05T05:15:28.902452,56850,0.1↔0.3,0.812,0.1,буквы/слоги,3,,6971,0.9839
2026-04-05T05:15:29.059451,56853,0.1↔0.3,0.835,1.0,слова,4,метафорический,6972,0.9841
2026-04-05T05:15:29.899426,56868,0.3↔1.0,0.829,10.0,предложения,1,бытовой,6973,0.9831
2026-04-05T05:15:30.376451,56877,0.3↔1.0,0.820,30.0,абзацы,2,научный,6974,0.9833
2026-04-05T05:15:31.108451,56890,0.1↔0.3,0.832,0.3,буквы/слоги,4,метафорический,6975,0.9832
2026-04-05T05:15:31.305451,56893,0.1↔0.3,0.838,30.0,абзацы,4,метафорический,6976,0.9834
2026-04-05T05:15:31.846452,56903,0.1↔0.3,0.820,30.0,абзацы,4,метафорический,6977,0.9833
2026-04-05T05:15:32.421423,56913,0.3↔1.0,0.834,1.0,слова,2,научный,6978,0.9829
2026-04-05T05:15:32.810451,56920,0.1↔0.3,0.828,30.0,абзацы,3,,6979,0.9831
2026-04-05T05:15:32.944423,56922,0.3↔1.0,0.811,1.0,слова,1,бытовой,6980,0.9833
2026-04-05T05:15:33.011432,56923,0.1↔0.3,0.828,10.0,предложения,2,научный,6981,0.9835
2026-04-05T05:15:33.363451,56929,0.1↔0.3,0.818,3.0,словосочетания,4,метафорический,6982,0.9837
2026-04-05T05:15:33.498422,56931,0.3↔1.0,0.828,3.0,словосочетания,4,метафорический,6983,0.9839
2026-04-05T05:15:33.950451,56939,0.1↔0.3,0.826,10.0,предложения,3,,6984,0.9838
2026-04-05T05:15:34.343451,56946,0.1↔0.3,0.824,10.0,предложения,4,метафорический,6985,0.9837
2026-04-05T05:15:34.611451,56951,0.1↔0.3,0.817,10.0,предложения,2,научный,6986,0.9839
2026-04-05T05:15:35.802452,56973,0.3↔1.0,0.823,10.0,предложения,3,,6987,0.9832
2026-04-05T05:15:36.078452,56978,0.1↔0.3,0.813,1.0,слова,3,,6988,0.9834
2026-04-05T05:15:36.552451,56987,0.1↔0.3,0.810,3.0,словосочетания,2,научный,6989,0.9836
2026-04-05T05:15:37.147452,56998,0.3↔1.0,0.809,3.0,словосочетания,2,научный,6990,0.9838
2026-04-05T05:15:37.387451,57002,0.3↔1.0,0.813,0.3,буквы/слоги,3,,6991,0.9840
2026-04-05T05:15:37.496423,57004,0.3↔1.0,0.828,1.0,слова,3,,6992,0.9842
2026-04-05T05:15:37.674427,57007,0.3↔1.0,0.810,30.0,абзацы,3,,6993,0.9844
2026-04-05T05:15:37.857426,57010,0.1↔0.3,0.829,100.0,целые тексты,3,,6994,0.9846
2026-04-05T05:15:38.829451,57028,0.1↔0.3,0.829,100.0,целые тексты,4,метафорический,6995,0.9845
2026-04-05T05:15:39.372452,57038,0.1↔0.3,0.813,10.0,предложения,3,,6996,0.9844
2026-04-05T05:15:39.598452,57042,0.1↔0.3,0.826,100.0,целые тексты,4,метафорический,6997,0.9846
2026-04-05T05:15:39.769424,57045,0.1↔0.3,0.818,10.0,предложения,3,,6998,0.9845
2026-04-05T05:15:39.880423,57047,0.1↔0.3,0.821,10.0,предложения,3,,6999,0.9847
2026-04-05T05:15:40.001422,57049,0.1↔0.3,0.829,1.0,слова,3,,7000,0.9849
2026-04-05T05:15:40.135430,57051,0.1↔0.3,0.831,0.1,буквы/слоги,1,бытовой,7001,0.9851
2026-04-05T05:15:41.934452,57086,0.3↔1.0,0.835,3.0,словосочетания,2,научный,7002,0.9853
2026-04-05T05:15:43.337442,57111,0.1↔0.3,0.835,10.0,предложения,3,,7003,0.9849
2026-04-05T05:15:44.209452,57127,0.3↔1.0,0.825,30.0,абзацы,3,,7004,0.9845
2026-04-05T05:15:45.147436,57142,0.3↔1.0,0.817,3.0,словосочетания,3,,7005,0.9841
2026-04-05T05:15:45.441429,57147,0.1↔0.3,0.826,3.0,словосочетания,3,,7006,0.9840
2026-04-05T05:15:45.814452,57154,0.1↔0.3,0.824,100.0,целые тексты,2,научный,7007,0.9842
2026-04-05T05:15:46.080432,57159,0.1↔0.3,0.815,30.0,абзацы,2,научный,7008,0.9844
2026-04-05T05:15:46.339432,57164,0.3↔1.0,0.822,30.0,абзацы,3,,7009,0.9846
2026-04-05T05:15:47.029451,57177,0.1↔0.3,0.816,30.0,абзацы,1,бытовой,7010,0.9848
2026-04-05T05:15:47.514426,57185,0.1↔0.3,0.823,0.1,буквы/слоги,3,,7011,0.9847
2026-04-05T05:15:47.942452,57193,0.1↔0.3,0.821,0.3,буквы/слоги,4,метафорический,7012,0.9849
2026-04-05T05:15:49.669452,57224,0.3↔1.0,0.830,10.0,предложения,2,научный,7013,0.9839
2026-04-05T05:15:49.985426,57229,0.1↔0.3,0.829,3.0,словосочетания,2,научный,7014,0.9838
2026-04-05T05:15:50.045428,57230,0.1↔0.3,0.816,1.0,слова,2,научный,7015,0.9840
2026-04-05T05:15:50.563451,57239,0.1↔0.3,0.824,10.0,предложения,2,научный,7016,0.9836
2026-04-05T05:15:50.746423,57242,0.3↔1.0,0.811,0.3,буквы/слоги,2,научный,7017,0.9835
2026-04-05T05:15:50.810426,57243,0.1↔0.3,0.809,10.0,предложения,1,бытовой,7018,0.9837
2026-04-05T05:15:50.980425,57246,0.1↔0.3,0.816,100.0,целые тексты,1,бытовой,7019,0.9839
2026-04-05T05:15:51.828452,57259,0.1↔0.3,0.833,0.3,буквы/слоги,2,научный,7020,0.9832
2026-04-05T05:15:52.265452,57267,0.3↔1.0,0.809,0.3,буквы/слоги,1,бытовой,7021,0.9831
2026-04-05T05:15:52.372430,57269,0.1↔0.3,0.818,100.0,целые тексты,3,,7022,0.9833
2026-04-05T05:15:52.855451,57278,0.1↔0.3,0.809,0.3,буквы/слоги,4,метафорический,7023,0.9835
2026-04-05T05:15:53.617430,57291,0.1↔0.3,0.810,0.1,буквы/слоги,1,бытовой,7024,0.9831
2026-04-05T05:15:53.737422,57293,0.1↔0.3,0.813,1.0,слова,1,бытовой,7025,0.9833
2026-04-05T05:15:53.798424,57294,0.1↔0.3,0.816,100.0,целые тексты,3,,7026,0.9835
2026-04-05T05:15:54.129452,57300,0.3↔1.0,0.811,1.0,слова,4,метафорический,7027,0.9837
2026-04-05T05:15:54.559451,57308,0.1↔0.3,0.809,0.3,буквы/слоги,1,бытовой,7028,0.9839
2026-04-05T05:15:56.029452,57334,0.1↔0.3,0.817,3.0,словосочетания,2,научный,7029,0.9829
2026-04-05T05:15:56.195452,57337,0.1↔0.3,0.821,10.0,предложения,4,метафорический,7030,0.9831
2026-04-05T05:15:56.863451,57348,0.1↔0.3,0.813,3.0,словосочетания,2,научный,7031,0.9830
2026-04-05T05:15:56.978423,57350,0.1↔0.3,0.823,1.0,слова,3,,7032,0.9832
2026-04-05T05:15:57.239432,57355,0.3↔1.0,0.813,100.0,целые тексты,3,,7033,0.9834
2026-04-05T05:15:57.364429,57357,0.1↔0.3,0.821,100.0,целые тексты,1,бытовой,7034,0.9836
2026-04-05T05:15:57.490426,57359,0.3↔1.0,0.829,0.3,буквы/слоги,2,научный,7035,0.9838
2026-04-05T05:15:57.788452,57364,0.1↔0.3,0.816,10.0,предложения,1,бытовой,7036,0.9837
2026-04-05T05:15:58.075451,57369,0.3↔1.0,0.824,0.1,буквы/слоги,2,научный,7037,0.9839
2026-04-05T05:15:58.197425,57371,0.3↔1.0,0.833,1.0,слова,2,научный,7038,0.9838
2026-04-05T05:15:58.529452,57377,0.1↔0.3,0.827,100.0,целые тексты,3,,7039,0.9840
2026-04-05T05:15:58.900452,57383,0.1↔0.3,0.834,30.0,абзацы,2,научный,7040,0.9842
2026-04-05T05:15:59.067451,57386,0.3↔1.0,0.821,0.3,буквы/слоги,3,,7041,0.9844
2026-04-05T05:15:59.420452,57392,0.1↔0.3,0.819,10.0,предложения,2,научный,7042,0.9843
2026-04-05T05:16:00.368433,57408,0.1↔0.3,0.825,1.0,слова,1,бытовой,7043,0.9836
2026-04-05T05:16:01.323427,57425,0.3↔1.0,0.825,3.0,словосочетания,4,метафорический,7044,0.9829
2026-04-05T05:16:01.396430,57426,0.1↔0.3,0.830,30.0,абзацы,4,метафорический,7045,0.9831
2026-04-05T05:16:01.732452,57432,0.1↔0.3,0.825,10.0,предложения,2,научный,7046,0.9830
2026-04-05T05:16:02.186452,57440,0.1↔0.3,0.831,1.0,слова,1,бытовой,7047,0.9832
2026-04-05T05:16:03.531452,57463,0.1↔0.3,0.822,3.0,словосочетания,2,научный,7048,0.9828
2026-04-05T05:16:03.593424,57464,0.3↔1.0,0.814,10.0,предложения,1,бытовой,7049,0.9830
2026-04-05T05:16:03.860452,57469,0.1↔0.3,0.815,0.3,буквы/слоги,2,научный,7050,0.9832
2026-04-05T05:16:04.744451,57485,0.1↔0.3,0.826,10.0,предложения,1,бытовой,7051,0.9825
2026-04-05T05:16:05.122432,57492,0.3↔1.0,0.820,30.0,абзацы,2,научный,7052,0.9827
2026-04-05T05:16:05.283452,57495,0.1↔0.3,0.827,100.0,целые тексты,1,бытовой,7053,0.9829
2026-04-05T05:16:05.364428,57496,0.1↔0.3,0.823,10.0,предложения,3,,7054,0.9831
2026-04-05T05:16:05.531451,57499,0.1↔0.3,0.815,0.3,буквы/слоги,2,научный,7055,0.9833
2026-04-05T05:16:05.659424,57501,0.1↔0.3,0.833,3.0,словосочетания,2,научный,7056,0.9835
2026-04-05T05:16:05.724423,57502,0.1↔0.3,0.829,30.0,абзацы,1,бытовой,7057,0.9837
2026-04-05T05:16:08.023429,57545,0.1↔0.3,0.837,100.0,целые тексты,1,бытовой,7058,0.9827
2026-04-05T05:16:08.518451,57554,0.3↔1.0,0.822,0.3,буквы/слоги,1,бытовой,7059,0.9826
2026-04-05T05:16:09.572452,57574,0.3↔1.0,0.814,0.1,буквы/слоги,3,,7060,0.9828
2026-04-05T05:16:10.622426,57593,0.3↔1.0,0.818,0.3,буквы/слоги,3,,7061,0.9821
2026-04-05T05:16:10.970425,57599,0.1↔0.3,0.825,0.3,буквы/слоги,2,научный,7062,0.9820
2026-04-05T05:16:11.602452,57611,0.3↔1.0,0.810,3.0,словосочетания,4,метафорический,7063,0.9816
2026-04-05T05:16:11.660426,57612,0.1↔0.3,0.825,1.0,слова,2,научный,7064,0.9818
2026-04-05T05:16:12.624432,57630,0.3↔1.0,0.818,0.1,буквы/слоги,1,бытовой,7065,0.9814
2026-04-05T05:16:12.783452,57633,0.1↔0.3,0.825,0.3,буквы/слоги,1,бытовой,7066,0.9816
2026-04-05T05:16:13.105425,57639,0.3↔1.0,0.821,30.0,абзацы,1,бытовой,7067,0.9818
2026-04-05T05:16:13.978451,57654,0.1↔0.3,0.819,3.0,словосочетания,2,научный,7068,0.9814
2026-04-05T05:16:14.039424,57655,0.1↔0.3,0.826,10.0,предложения,3,,7069,0.9816
2026-04-05T05:16:14.782452,57669,0.1↔0.3,0.834,0.3,буквы/слоги,2,научный,7070,0.9815
2026-04-05T05:16:15.454426,57682,0.1↔0.3,0.810,10.0,предложения,3,,7071,0.9817
2026-04-05T05:16:15.725451,57687,0.1↔0.3,0.830,0.1,буквы/слоги,3,,7072,0.9819
2026-04-05T05:16:15.833423,57689,0.1↔0.3,0.833,100.0,целые тексты,1,бытовой,7073,0.9821
2026-04-05T05:16:15.954425,57691,0.3↔1.0,0.814,0.1,буквы/слоги,3,,7074,0.9823
2026-04-05T05:16:16.346448,57698,0.1↔0.3,0.820,0.1,буквы/слоги,3,,7075,0.9822
2026-04-05T05:16:16.678452,57704,0.1↔0.3,0.825,30.0,абзацы,1,бытовой,7076,0.9824
2026-04-05T05:16:17.650452,57723,0.1↔0.3,0.835,10.0,предложения,4,метафорический,7077,0.9826
2026-04-05T05:16:17.767423,57725,0.3↔1.0,0.837,1.0,слова,2,научный,7078,0.9828
2026-04-05T05:16:18.101451,57731,0.1↔0.3,0.815,0.3,буквы/слоги,3,,7079,0.9830
2026-04-05T05:16:18.740452,57743,0.1↔0.3,0.824,10.0,предложения,3,,7080,0.9832
2026-04-05T05:16:19.719452,57760,0.3↔1.0,0.822,3.0,словосочетания,2,научный,7081,0.9825
2026-04-05T05:16:20.557452,57775,0.3↔1.0,0.825,30.0,абзацы,2,научный,7082,0.9824
2026-04-05T05:16:20.609426,57776,0.1↔0.3,0.835,30.0,абзацы,3,,7083,0.9826
2026-04-05T05:16:20.783452,57779,0.3↔1.0,0.809,30.0,абзацы,3,,7084,0.9828
2026-04-05T05:16:21.259452,57787,0.1↔0.3,0.833,1.0,слова,3,,7085,0.9830
2026-04-05T05:16:21.465452,57790,0.1↔0.3,0.836,30.0,абзацы,2,научный,7086,0.9832
2026-04-05T05:16:21.733423,57795,0.3↔1.0,0.808,0.3,буквы/слоги,2,научный,7087,0.9831
2026-04-05T05:16:22.017452,57800,0.1↔0.3,0.820,30.0,абзацы,4,метафорический,7088,0.9833
2026-04-05T05:16:22.963452,57817,0.3↔1.0,0.827,10.0,предложения,1,бытовой,7089,0.9826
2026-04-05T05:16:23.275451,57823,0.1↔0.3,0.821,3.0,словосочетания,3,,7090,0.9828
2026-04-05T05:16:24.213451,57840,0.3↔1.0,0.828,0.1,буквы/слоги,1,бытовой,7091,0.9830
2026-04-05T05:16:24.809433,57850,0.1↔0.3,0.814,30.0,абзацы,1,бытовой,7092,0.9826
2026-04-05T05:16:24.928430,57852,0.1↔0.3,0.826,3.0,словосочетания,2,научный,7093,0.9828
2026-04-05T05:16:25.614452,57865,0.3↔1.0,0.829,30.0,абзацы,2,научный,7094,0.9827
2026-04-05T05:16:25.966451,57871,0.1↔0.3,0.834,30.0,абзацы,3,,7095,0.9826
2026-04-05T05:16:26.086423,57873,0.3↔1.0,0.828,1.0,слова,1,бытовой,7096,0.9828
2026-04-05T05:16:27.065452,57891,0.3↔1.0,0.820,30.0,абзацы,2,научный,7097,0.9824
2026-04-05T05:16:27.457451,57898,0.3↔1.0,0.814,30.0,абзацы,2,научный,7098,0.9826
2026-04-05T05:16:27.571425,57900,0.3↔1.0,0.834,10.0,предложения,3,,7099,0.9825
2026-04-05T05:16:27.943429,57907,0.3↔1.0,0.821,0.3,буквы/слоги,2,научный,7100,0.9824
2026-04-05T05:16:28.311452,57914,0.3↔1.0,0.811,10.0,предложения,2,научный,7101,0.9826
2026-04-05T05:16:28.568451,57918,0.3↔1.0,0.837,100.0,целые тексты,3,,7102,0.9825
2026-04-05T05:16:28.628424,57919,0.1↔0.3,0.815,0.3,буквы/слоги,1,бытовой,7103,0.9827
2026-04-05T05:16:29.897451,57941,0.3↔1.0,0.821,0.1,буквы/слоги,2,научный,7104,0.9826
2026-04-05T05:16:30.274451,57948,0.1↔0.3,0.834,10.0,предложения,2,научный,7105,0.9828
2026-04-05T05:16:30.346425,57949,0.3↔1.0,0.826,0.1,буквы/слоги,2,научный,7106,0.9830
2026-04-05T05:16:31.284423,57965,0.1↔0.3,0.811,0.3,буквы/слоги,2,научный,7107,0.9826
2026-04-05T05:16:31.364430,57966,0.1↔0.3,0.821,3.0,словосочетания,2,научный,7108,0.9828
2026-04-05T05:16:31.547451,57969,0.3↔1.0,0.812,0.3,буквы/слоги,2,научный,7109,0.9830
2026-04-05T05:16:32.136451,57980,0.1↔0.3,0.815,0.1,буквы/слоги,3,,7110,0.9829
2026-04-05T05:16:32.190430,57981,0.1↔0.3,0.835,1.0,слова,4,метафорический,7111,0.9831
2026-04-05T05:16:32.612451,57989,0.1↔0.3,0.810,0.3,буквы/слоги,4,метафорический,7112,0.9833
2026-04-05T05:16:32.742452,57991,0.1↔0.3,0.816,1.0,слова,1,бытовой,7113,0.9835
2026-04-05T05:16:33.018452,57996,0.1↔0.3,0.817,30.0,абзацы,3,,7114,0.9837
2026-04-05T05:16:34.071452,58016,0.3↔1.0,0.822,0.3,буквы/слоги,1,бытовой,7115,0.9836
2026-04-05T05:16:34.538452,58025,0.1↔0.3,0.818,0.1,буквы/слоги,3,,7116,0.9838
2026-04-05T05:16:36.124451,58054,0.3↔1.0,0.829,100.0,целые тексты,1,бытовой,7117,0.9831
2026-04-05T05:16:36.584452,58062,0.3↔1.0,0.823,3.0,словосочетания,1,бытовой,7118,0.9830
2026-04-05T05:16:37.284452,58074,0.3↔1.0,0.822,0.3,буквы/слоги,1,бытовой,7119,0.9829
2026-04-05T05:16:37.441452,58077,0.1↔0.3,0.815,0.1,буквы/слоги,2,научный,7120,0.9831
2026-04-05T05:16:37.633426,58080,0.1↔0.3,0.831,0.3,буквы/слоги,4,метафорический,7121,0.9827
2026-04-05T05:16:37.909452,58085,0.1↔0.3,0.838,0.1,буквы/слоги,3,,7122,0.9829
2026-04-05T05:16:39.391426,58112,0.3↔1.0,0.835,30.0,абзацы,3,,7123,0.9822
2026-04-05T05:16:39.808451,58119,0.1↔0.3,0.826,3.0,словосочетания,1,бытовой,7124,0.9821
2026-04-05T05:16:40.434452,58130,0.1↔0.3,0.823,10.0,предложения,1,бытовой,7125,0.9823
2026-04-05T05:16:40.667451,58134,0.3↔1.0,0.812,10.0,предложения,2,научный,7126,0.9822
2026-04-05T05:16:40.884452,58138,0.1↔0.3,0.829,3.0,словосочетания,3,,7127,0.9824
2026-04-05T05:16:41.007423,58140,0.3↔1.0,0.809,0.1,буквы/слоги,4,метафорический,7128,0.9826
2026-04-05T05:16:42.302452,58163,0.1↔0.3,0.838,0.3,буквы/слоги,1,бытовой,7129,0.9816
2026-04-05T05:16:42.702452,58170,0.1↔0.3,0.810,1.0,слова,3,,7130,0.9815
2026-04-05T05:16:42.775428,58171,0.1↔0.3,0.828,0.3,буквы/слоги,4,метафорический,7131,0.9817
2026-04-05T05:16:43.054453,58176,0.3↔1.0,0.831,1.0,слова,3,,7132,0.9819
2026-04-05T05:16:43.164422,58178,0.3↔1.0,0.833,0.3,буквы/слоги,1,бытовой,7133,0.9821
2026-04-05T05:16:43.704452,58188,0.3↔1.0,0.814,1.0,слова,3,,7134,0.9823
2026-04-05T05:16:44.089452,58195,0.1↔0.3,0.810,100.0,целые тексты,2,научный,7135,0.9825
2026-04-05T05:16:44.825452,58208,0.1↔0.3,0.825,0.1,буквы/слоги,1,бытовой,7136,0.9824
2026-04-05T05:16:44.888425,58209,0.1↔0.3,0.809,0.3,буквы/слоги,2,научный,7137,0.9826
2026-04-05T05:16:45.016424,58211,0.3↔1.0,0.820,0.1,буквы/слоги,3,,7138,0.9828
2026-04-05T05:16:45.244452,58215,0.3↔1.0,0.814,30.0,абзацы,1,бытовой,7139,0.9830
2026-04-05T05:16:45.389425,58216,0.1↔0.3,0.819,0.1,буквы/слоги,2,научный,7140,0.9832
2026-04-05T05:16:45.520430,58217,0.3↔1.0,0.825,100.0,целые тексты,4,метафорический,7141,0.9834
2026-04-05T05:16:45.699452,58220,0.3↔1.0,0.814,30.0,абзацы,1,бытовой,7142,0.9836
2026-04-05T05:16:46.272422,58231,0.1↔0.3,0.811,30.0,абзацы,1,бытовой,7143,0.9838
2026-04-05T05:16:46.796452,58239,0.1↔0.3,0.818,3.0,словосочетания,3,,7144,0.9837
2026-04-05T05:16:46.871429,58240,0.1↔0.3,0.830,0.3,буквы/слоги,2,научный,7145,0.9839
2026-04-05T05:16:47.014428,58242,0.1↔0.3,0.833,3.0,словосочетания,2,научный,7146,0.9838
2026-04-05T05:16:47.812452,58256,0.3↔1.0,0.817,0.3,буквы/слоги,3,,7147,0.9837
2026-04-05T05:16:48.181452,58263,0.1↔0.3,0.809,0.3,буквы/слоги,2,научный,7148,0.9839
2026-04-05T05:16:49.335432,58284,0.1↔0.3,0.825,3.0,словосочетания,2,научный,7149,0.9832
2026-04-05T05:16:49.526452,58287,0.3↔1.0,0.834,100.0,целые тексты,3,,7150,0.9834
2026-04-05T05:16:50.717427,58310,0.3↔1.0,0.830,10.0,предложения,2,научный,7151,0.9830
2026-04-05T05:16:51.444423,58323,0.1↔0.3,0.836,100.0,целые тексты,2,научный,7152,0.9826
2026-04-05T05:16:51.507423,58324,0.1↔0.3,0.836,100.0,целые тексты,3,,7153,0.9828
2026-04-05T05:16:51.961452,58332,0.3↔1.0,0.827,100.0,целые тексты,4,метафорический,7154,0.9827
2026-04-05T05:16:52.208452,58336,0.3↔1.0,0.818,1.0,слова,1,бытовой,7155,0.9829
2026-04-05T05:16:52.614429,58343,0.3↔1.0,0.829,0.1,буквы/слоги,1,бытовой,7156,0.9828
2026-04-05T05:16:53.107452,58352,0.1↔0.3,0.823,30.0,абзацы,2,научный,7157,0.9830
2026-04-05T05:16:53.417452,58357,0.3↔1.0,0.832,1.0,слова,4,метафорический,7158,0.9832
2026-04-05T05:16:53.948451,58367,0.1↔0.3,0.819,1.0,слова,2,научный,7159,0.9834
2026-04-05T05:16:54.195427,58371,0.3↔1.0,0.811,10.0,предложения,3,,7160,0.9833
2026-04-05T05:16:54.323427,58373,0.1↔0.3,0.821,1.0,слова,2,научный,7161,0.9835
2026-04-05T05:16:56.595452,58413,0.1↔0.3,0.822,100.0,целые тексты,1,бытовой,7162,0.9822
2026-04-05T05:16:56.656426,58414,0.3↔1.0,0.825,3.0,словосочетания,3,,7163,0.9824
2026-04-05T05:16:57.542451,58431,0.1↔0.3,0.824,30.0,абзацы,2,научный,7164,0.9826
2026-04-05T05:16:58.352452,58446,0.1↔0.3,0.834,10.0,предложения,3,,7165,0.9825
2026-04-05T05:16:58.872423,58455,0.1↔0.3,0.831,30.0,абзацы,3,,7166,0.9821
2026-04-05T05:17:00.900434,58491,0.3↔1.0,0.822,10.0,предложения,1,бытовой,7167,0.9805
2026-04-05T05:17:00.962427,58492,0.1↔0.3,0.832,100.0,целые тексты,3,,7168,0.9807
2026-04-05T05:17:01.234452,58497,0.1↔0.3,0.829,3.0,словосочетания,1,бытовой,7169,0.9809
2026-04-05T05:17:01.468426,58501,0.1↔0.3,0.817,10.0,предложения,4,метафорический,7170,0.9811
2026-04-05T05:17:01.767423,58506,0.1↔0.3,0.812,3.0,словосочетания,2,научный,7171,0.9807
2026-04-05T05:17:02.308451,58516,0.1↔0.3,0.812,3.0,словосочетания,1,бытовой,7172,0.9806
2026-04-05T05:17:03.154433,58532,0.3↔1.0,0.825,3.0,словосочетания,1,бытовой,7173,0.9802
2026-04-05T05:17:03.566452,58540,0.3↔1.0,0.834,0.1,буквы/слоги,1,бытовой,7174,0.9804
2026-04-05T05:17:03.989422,58548,0.1↔0.3,0.833,30.0,абзацы,1,бытовой,7175,0.9803
2026-04-05T05:17:04.481422,58556,0.1↔0.3,0.829,0.3,буквы/слоги,2,научный,7176,0.9802
2026-04-05T05:17:04.533423,58557,0.1↔0.3,0.836,0.1,буквы/слоги,2,научный,7177,0.9804
2026-04-05T05:17:04.665423,58559,0.1↔0.3,0.814,0.3,буквы/слоги,1,бытовой,7178,0.9806
2026-04-05T05:17:04.727427,58560,0.1↔0.3,0.814,30.0,абзацы,3,,7179,0.9808
2026-04-05T05:17:05.530425,58574,0.1↔0.3,0.821,0.3,буквы/слоги,2,научный,7180,0.9804
2026-04-05T05:17:05.589430,58575,0.3↔1.0,0.813,30.0,абзацы,4,метафорический,7181,0.9806
2026-04-05T05:17:06.062452,58584,0.3↔1.0,0.834,10.0,предложения,1,бытовой,7182,0.9805
2026-04-05T05:17:06.246452,58587,0.1↔0.3,0.824,0.3,буквы/слоги,2,научный,7183,0.9807
2026-04-05T05:17:07.006452,58601,0.3↔1.0,0.815,0.1,буквы/слоги,3,,7184,0.9806
2026-04-05T05:17:07.074431,58602,0.1↔0.3,0.835,10.0,предложения,1,бытовой,7185,0.9808
2026-04-05T05:17:07.664451,58613,0.1↔0.3,0.817,3.0,словосочетания,2,научный,7186,0.9810
2026-04-05T05:17:07.803427,58615,0.1↔0.3,0.819,30.0,абзацы,3,,7187,0.9812
2026-04-05T05:17:07.933426,58617,0.3↔1.0,0.838,0.1,буквы/слоги,3,,7188,0.9811
2026-04-05T05:17:07.998430,58618,0.1↔0.3,0.814,0.1,буквы/слоги,3,,7189,0.9813
2026-04-05T05:17:08.610423,58629,0.1↔0.3,0.831,0.1,буквы/слоги,1,бытовой,7190,0.9809
2026-04-05T05:17:08.840452,58633,0.3↔1.0,0.823,0.3,буквы/слоги,2,научный,7191,0.9811
2026-04-05T05:17:09.274451,58641,0.3↔1.0,0.809,100.0,целые тексты,2,научный,7192,0.9813
2026-04-05T05:17:09.613451,58647,0.3↔1.0,0.834,100.0,целые тексты,1,бытовой,7193,0.9815
2026-04-05T05:17:09.664434,58648,0.3↔1.0,0.828,0.1,буквы/слоги,2,научный,7194,0.9817
2026-04-05T05:17:10.188452,58658,0.3↔1.0,0.837,0.1,буквы/слоги,4,метафорический,7195,0.9819
2026-04-05T05:17:10.515451,58664,0.3↔1.0,0.819,0.3,буквы/слоги,2,научный,7196,0.9821
2026-04-05T05:17:10.576427,58665,0.1↔0.3,0.812,10.0,предложения,1,бытовой,7197,0.9823
2026-04-05T05:17:10.897451,58671,0.1↔0.3,0.809,30.0,абзацы,3,,7198,0.9825
2026-04-05T05:17:11.181452,58676,0.1↔0.3,0.835,30.0,абзацы,2,научный,7199,0.9827
2026-04-05T05:17:11.579451,58683,0.1↔0.3,0.814,3.0,словосочетания,1,бытовой,7200,0.9826
2026-04-05T05:17:11.690423,58685,0.3↔1.0,0.814,100.0,целые тексты,3,,7201,0.9828
2026-04-05T05:17:12.773451,58702,0.1↔0.3,0.811,0.3,буквы/слоги,3,,7202,0.9824
2026-04-05T05:17:12.982452,58706,0.1↔0.3,0.837,1.0,слова,3,,7203,0.9826
2026-04-05T05:17:13.183432,58709,0.1↔0.3,0.830,0.1,буквы/слоги,1,бытовой,7204,0.9828
2026-04-05T05:17:13.828452,58721,0.3↔1.0,0.831,0.1,буквы/слоги,1,бытовой,7205,0.9827
2026-04-05T05:17:13.907429,58722,0.1↔0.3,0.819,0.3,буквы/слоги,1,бытовой,7206,0.9829
2026-04-05T05:17:14.243451,58728,0.3↔1.0,0.831,10.0,предложения,4,метафорический,7207,0.9831
2026-04-05T05:17:14.619452,58735,0.3↔1.0,0.819,30.0,абзацы,3,,7208,0.9833
2026-04-05T05:17:15.382452,58749,0.1↔0.3,0.809,1.0,слова,4,метафорический,7209,0.9829
2026-04-05T05:17:15.656452,58754,0.3↔1.0,0.819,1.0,слова,2,научный,7210,0.9828
2026-04-05T05:17:15.988433,58760,0.3↔1.0,0.834,3.0,словосочетания,1,бытовой,7211,0.9830
2026-04-05T05:17:16.040426,58761,0.3↔1.0,0.814,3.0,словосочетания,3,,7212,0.9832
2026-04-05T05:17:16.309452,58766,0.1↔0.3,0.819,100.0,целые тексты,2,научный,7213,0.9834
2026-04-05T05:17:16.785425,58775,0.3↔1.0,0.830,0.3,буквы/слоги,2,научный,7214,0.9836
2026-04-05T05:17:16.913422,58777,0.1↔0.3,0.818,10.0,предложения,3,,7215,0.9838
2026-04-05T05:17:17.193452,58782,0.3↔1.0,0.810,10.0,предложения,2,научный,7216,0.9840
2026-04-05T05:17:17.726426,58791,0.1↔0.3,0.838,100.0,целые тексты,1,бытовой,7217,0.9839
2026-04-05T05:17:17.898432,58794,0.3↔1.0,0.819,0.1,буквы/слоги,3,,7218,0.9841
2026-04-05T05:17:17.979426,58795,0.3↔1.0,0.821,30.0,абзацы,2,научный,7219,0.9843
2026-04-05T05:17:18.925451,58813,0.1↔0.3,0.819,0.1,буквы/слоги,4,метафорический,7220,0.9842
2026-04-05T05:17:19.107452,58816,0.1↔0.3,0.825,3.0,словосочетания,2,научный,7221,0.9844
2026-04-05T05:17:19.384452,58821,0.1↔0.3,0.824,100.0,целые тексты,3,,7222,0.9846
2026-04-05T05:17:20.010451,58833,0.1↔0.3,0.832,3.0,словосочетания,2,научный,7223,0.9848
2026-04-05T05:17:20.253452,58837,0.3↔1.0,0.822,1.0,слова,2,научный,7224,0.9850
2026-04-05T05:17:20.592452,58843,0.1↔0.3,0.816,0.3,буквы/слоги,2,научный,7225,0.9849
2026-04-05T05:17:20.933451,58849,0.1↔0.3,0.832,30.0,абзацы,1,бытовой,7226,0.9848
2026-04-05T05:17:21.613429,58859,0.3↔1.0,0.821,10.0,предложения,3,,7227,0.9847
2026-04-05T05:17:21.749425,58861,0.3↔1.0,0.818,30.0,абзацы,3,,7228,0.9846
2026-04-05T05:17:22.178451,58869,0.1↔0.3,0.828,10.0,предложения,2,научный,7229,0.9848
2026-04-05T05:17:22.410452,58873,0.3↔1.0,0.823,100.0,целые тексты,2,научный,7230,0.9850
2026-04-05T05:17:22.665426,58878,0.1↔0.3,0.823,10.0,предложения,3,,7231,0.9852
2026-04-05T05:17:23.043451,58885,0.1↔0.3,0.809,3.0,словосочетания,2,научный,7232,0.9854
2026-04-05T05:17:23.153425,58887,0.1↔0.3,0.809,10.0,предложения,1,бытовой,7233,0.9856
2026-04-05T05:17:23.281422,58889,0.1↔0.3,0.831,0.1,буквы/слоги,4,метафорический,7234,0.9858
2026-04-05T05:17:24.265452,58906,0.3↔1.0,0.830,30.0,абзацы,1,бытовой,7235,0.9854
2026-04-05T05:17:24.378429,58908,0.3↔1.0,0.813,1.0,слова,1,бытовой,7236,0.9853
2026-04-05T05:17:24.936452,58918,0.3↔1.0,0.831,0.1,буквы/слоги,3,,7237,0.9852
2026-04-05T05:17:26.365452,58945,0.3↔1.0,0.814,0.3,буквы/слоги,1,бытовой,7238,0.9845
2026-04-05T05:17:26.430424,58946,0.1↔0.3,0.821,0.1,буквы/слоги,2,научный,7239,0.9847
2026-04-05T05:17:27.275452,58961,0.3↔1.0,0.824,0.3,буквы/слоги,3,,7240,0.9846
2026-04-05T05:17:27.421425,58963,0.1↔0.3,0.808,3.0,словосочетания,3,,7241,0.9845
2026-04-05T05:17:28.945452,58990,0.1↔0.3,0.824,1.0,слова,4,метафорический,7242,0.9838
2026-04-05T05:17:29.293426,58996,0.3↔1.0,0.810,30.0,абзацы,3,,7243,0.9840
2026-04-05T05:17:29.898451,59007,0.3↔1.0,0.834,0.1,буквы/слоги,1,бытовой,7244,0.9836
2026-04-05T05:17:30.110452,59011,0.1↔0.3,0.816,0.3,буквы/слоги,2,научный,7245,0.9838
2026-04-05T05:17:30.479432,59017,0.3↔1.0,0.814,10.0,предложения,2,научный,7246,0.9837
2026-04-05T05:17:30.530429,59018,0.1↔0.3,0.812,0.1,буквы/слоги,2,научный,7247,0.9839
2026-04-05T05:17:31.528423,59036,0.1↔0.3,0.835,30.0,абзацы,3,,7248,0.9832
2026-04-05T05:17:31.592426,59037,0.1↔0.3,0.825,100.0,целые тексты,1,бытовой,7249,0.9834
2026-04-05T05:17:31.815451,59041,0.1↔0.3,0.816,0.3,буквы/слоги,2,научный,7250,0.9836
2026-04-05T05:17:32.134452,59047,0.3↔1.0,0.817,1.0,слова,3,,7251,0.9838
2026-04-05T05:17:33.266451,59067,0.3↔1.0,0.827,0.3,буквы/слоги,3,,7252,0.9834
2026-04-05T05:17:33.494452,59071,0.1↔0.3,0.833,100.0,целые тексты,1,бытовой,7253,0.9836
2026-04-05T05:17:33.551423,59072,0.3↔1.0,0.821,1.0,слова,1,бытовой,7254,0.9838
2026-04-05T05:17:34.121452,59082,0.1↔0.3,0.836,0.3,буквы/слоги,2,научный,7255,0.9837
2026-04-05T05:17:34.751451,59094,0.3↔1.0,0.828,3.0,словосочетания,2,научный,7256,0.9836
2026-04-05T05:17:36.355452,59125,0.1↔0.3,0.828,0.1,буквы/слоги,4,метафорический,7257,0.9835
2026-04-05T05:17:37.140451,59139,0.1↔0.3,0.825,30.0,абзацы,2,научный,7258,0.9831
2026-04-05T05:17:37.975429,59154,0.1↔0.3,0.819,10.0,предложения,1,бытовой,7259,0.9827
2026-04-05T05:17:38.247451,59159,0.1↔0.3,0.813,3.0,словосочетания,3,,7260,0.9829
2026-04-05T05:17:38.574452,59165,0.3↔1.0,0.820,100.0,целые тексты,3,,7261,0.9831
2026-04-05T05:17:38.630423,59166,0.1↔0.3,0.813,0.1,буквы/слоги,1,бытовой,7262,0.9833
2026-04-05T05:17:38.985423,59172,0.1↔0.3,0.820,0.1,буквы/слоги,3,,7263,0.9832
2026-04-05T05:17:39.658428,59184,0.1↔0.3,0.824,3.0,словосочетания,3,,7264,0.9831
2026-04-05T05:17:40.677425,59201,0.3↔1.0,0.812,3.0,словосочетания,3,,7265,0.9830
2026-04-05T05:17:40.934452,59206,0.1↔0.3,0.828,10.0,предложения,4,метафорический,7266,0.9832
2026-04-05T05:17:41.147452,59210,0.1↔0.3,0.828,30.0,абзацы,1,бытовой,7267,0.9834
2026-04-05T05:17:41.216428,59211,0.3↔1.0,0.825,0.1,буквы/слоги,2,научный,7268,0.9836
2026-04-05T05:17:41.796452,59222,0.1↔0.3,0.827,10.0,предложения,1,бытовой,7269,0.9838
2026-04-05T05:17:42.143451,59228,0.1↔0.3,0.815,10.0,предложения,3,,7270,0.9837
2026-04-05T05:17:42.782452,59239,0.3↔1.0,0.813,0.1,буквы/слоги,2,научный,7271,0.9836
2026-04-05T05:17:43.132452,59245,0.3↔1.0,0.818,100.0,целые тексты,3,,7272,0.9838
2026-04-05T05:17:43.618452,59254,0.3↔1.0,0.816,3.0,словосочетания,1,бытовой,7273,0.9837
2026-04-05T05:17:44.297452,59267,0.3↔1.0,0.829,0.3,буквы/слоги,3,,7274,0.9839
2026-04-05T05:17:44.431427,59268,0.1↔0.3,0.813,0.1,буквы/слоги,1,бытовой,7275,0.9841
2026-04-05T05:17:44.630423,59271,0.1↔0.3,0.833,0.1,буквы/слоги,4,метафорический,7276,0.9840
2026-04-05T05:17:45.645452,59290,0.1↔0.3,0.825,30.0,абзацы,2,научный,7277,0.9842
2026-04-05T05:17:46.345425,59303,0.1↔0.3,0.837,10.0,предложения,3,,7278,0.9841
2026-04-05T05:17:46.615451,59308,0.1↔0.3,0.820,0.1,буквы/слоги,2,научный,7279,0.9843
2026-04-05T05:17:47.085452,59317,0.3↔1.0,0.830,0.3,буквы/слоги,3,,7280,0.9845
2026-04-05T05:17:48.023428,59332,0.3↔1.0,0.836,0.3,буквы/слоги,1,бытовой,7281,0.9841
2026-04-05T05:17:48.093428,59333,0.3↔1.0,0.832,10.0,предложения,3,,7282,0.9843
2026-04-05T05:17:48.316451,59337,0.3↔1.0,0.816,3.0,словосочетания,3,,7283,0.9845
2026-04-05T05:17:48.739452,59345,0.1↔0.3,0.811,0.3,буквы/слоги,2,научный,7284,0.9847
2026-04-05T05:17:48.961451,59349,0.1↔0.3,0.832,1.0,слова,1,бытовой,7285,0.9849
2026-04-05T05:17:49.022423,59350,0.1↔0.3,0.814,10.0,предложения,1,бытовой,7286,0.9851
2026-04-05T05:17:49.736427,59363,0.3↔1.0,0.811,0.1,буквы/слоги,3,,7287,0.9853
2026-04-05T05:17:49.816429,59364,0.3↔1.0,0.808,100.0,целые тексты,4,метафорический,7288,0.9855
2026-04-05T05:17:49.947423,59366,0.1↔0.3,0.828,0.1,буквы/слоги,1,бытовой,7289,0.9857
2026-04-05T05:17:50.752452,59380,0.3↔1.0,0.818,1.0,слова,1,бытовой,7290,0.9853
2026-04-05T05:17:50.932451,59383,0.3↔1.0,0.809,1.0,слова,1,бытовой,7291,0.9855
2026-04-05T05:17:51.265452,59389,0.1↔0.3,0.829,30.0,абзацы,1,бытовой,7292,0.9857
2026-04-05T05:17:51.607426,59395,0.3↔1.0,0.829,0.3,буквы/слоги,2,научный,7293,0.9859
2026-04-05T05:17:52.951433,59418,0.3↔1.0,0.820,0.3,буквы/слоги,2,научный,7294,0.9855
2026-04-05T05:17:53.219452,59423,0.1↔0.3,0.821,0.1,буквы/слоги,3,,7295,0.9857
2026-04-05T05:17:53.461452,59427,0.1↔0.3,0.815,10.0,предложения,1,бытовой,7296,0.9859
2026-04-05T05:17:54.088451,59439,0.1↔0.3,0.837,0.3,буквы/слоги,2,научный,7297,0.9861
2026-04-05T05:17:54.256451,59442,0.3↔1.0,0.825,0.1,буквы/слоги,2,научный,7298,0.9863
2026-04-05T05:17:54.656427,59449,0.1↔0.3,0.814,100.0,целые тексты,3,,7299,0.9865
2026-04-05T05:17:54.941451,59454,0.3↔1.0,0.823,0.3,буквы/слоги,3,,7300,0.9867
2026-04-05T05:17:55.268452,59460,0.1↔0.3,0.833,100.0,целые тексты,1,бытовой,7301,0.9869
2026-04-05T05:17:55.392424,59462,0.1↔0.3,0.821,30.0,абзацы,3,,7302,0.9868
2026-04-05T05:17:55.611452,59466,0.3↔1.0,0.816,3.0,словосочетания,4,метафорический,7303,0.9870
2026-04-05T05:17:56.396428,59479,0.1↔0.3,0.808,1.0,слова,2,научный,7304,0.9869
2026-04-05T05:17:56.786424,59486,0.3↔1.0,0.836,0.3,буквы/слоги,1,бытовой,7305,0.9868
2026-04-05T05:17:56.856423,59487,0.1↔0.3,0.828,10.0,предложения,2,научный,7306,0.9870
2026-04-05T05:17:57.340425,59496,0.1↔0.3,0.810,1.0,слова,1,бытовой,7307,0.9869
2026-04-05T05:17:57.464430,59498,0.1↔0.3,0.813,0.1,буквы/слоги,3,,7308,0.9868
2026-04-05T05:17:57.734432,59503,0.1↔0.3,0.826,0.3,буквы/слоги,4,метафорический,7309,0.9870
2026-04-05T05:17:57.801427,59504,0.3↔1.0,0.821,30.0,абзацы,2,научный,7310,0.9872
2026-04-05T05:17:57.978451,59507,0.3↔1.0,0.811,10.0,предложения,2,научный,7311,0.9874
2026-04-05T05:17:58.384427,59514,0.1↔0.3,0.813,100.0,целые тексты,1,бытовой,7312,0.9873
2026-04-05T05:17:58.708451,59520,0.1↔0.3,0.828,100.0,целые тексты,3,,7313,0.9875
2026-04-05T05:17:59.104424,59526,0.1↔0.3,0.809,1.0,слова,3,,7314,0.9874
2026-04-05T05:17:59.857452,59539,0.3↔1.0,0.815,1.0,слова,2,научный,7315,0.9867
2026-04-05T05:18:00.264451,59546,0.3↔1.0,0.812,0.3,буквы/слоги,3,,7316,0.9869
2026-04-05T05:18:01.216452,59564,0.1↔0.3,0.834,30.0,абзацы,3,,7317,0.9868
2026-04-05T05:18:01.302428,59565,0.3↔1.0,0.808,10.0,предложения,3,,7318,0.9870
2026-04-05T05:18:01.372427,59566,0.1↔0.3,0.814,0.3,буквы/слоги,3,,7319,0.9872
2026-04-05T05:18:01.434426,59567,0.1↔0.3,0.825,30.0,абзацы,4,метафорический,7320,0.9874
2026-04-05T05:18:02.579452,59589,0.1↔0.3,0.834,1.0,слова,4,метафорический,7321,0.9870
2026-04-05T05:18:04.050432,59615,0.1↔0.3,0.831,0.1,буквы/слоги,3,,7322,0.9860
2026-04-05T05:18:04.123427,59616,0.1↔0.3,0.830,30.0,абзацы,4,метафорический,7323,0.9862
2026-04-05T05:18:04.615452,59625,0.3↔1.0,0.814,1.0,слова,1,бытовой,7324,0.9864
2026-04-05T05:18:04.947423,59631,0.1↔0.3,0.825,10.0,предложения,3,,7325,0.9863
2026-04-05T05:18:05.011423,59632,0.1↔0.3,0.812,0.1,буквы/слоги,2,научный,7326,0.9865
2026-04-05T05:18:05.283452,59637,0.3↔1.0,0.830,3.0,словосочетания,3,,7327,0.9867
2026-04-05T05:18:05.504452,59641,0.1↔0.3,0.832,0.1,буквы/слоги,3,,7328,0.9869
2026-04-05T05:18:05.852452,59647,0.3↔1.0,0.809,1.0,слова,1,бытовой,7329,0.9868
2026-04-05T05:18:06.022451,59650,0.1↔0.3,0.833,0.1,буквы/слоги,1,бытовой,7330,0.9870
2026-04-05T05:18:06.741452,59664,0.3↔1.0,0.815,3.0,словосочетания,3,,7331,0.9872
2026-04-05T05:18:07.081451,59670,0.3↔1.0,0.831,10.0,предложения,4,метафорический,7332,0.9874
2026-04-05T05:18:07.736452,59682,0.1↔0.3,0.818,0.3,буквы/слоги,1,бытовой,7333,0.9873
2026-04-05T05:18:08.020429,59687,0.1↔0.3,0.814,1.0,слова,2,научный,7334,0.9875
2026-04-05T05:18:08.458425,59695,0.1↔0.3,0.810,3.0,словосочетания,2,научный,7335,0.9871
2026-04-05T05:18:08.539426,59696,0.1↔0.3,0.832,0.3,буквы/слоги,2,научный,7336,0.9873
2026-04-05T05:18:08.909451,59700,0.3↔1.0,0.812,0.1,буквы/слоги,3,,7337,0.9875
2026-04-05T05:18:08.984428,59701,0.1↔0.3,0.817,10.0,предложения,3,,7338,0.9877
2026-04-05T05:18:09.111423,59703,0.1↔0.3,0.833,30.0,абзацы,3,,7339,0.9879
2026-04-05T05:18:09.183425,59704,0.1↔0.3,0.809,10.0,предложения,1,бытовой,7340,0.9881
2026-04-05T05:18:09.375429,59707,0.3↔1.0,0.832,100.0,целые тексты,1,бытовой,7341,0.9880
2026-04-05T05:18:09.537452,59710,0.3↔1.0,0.835,0.1,буквы/слоги,3,,7342,0.9882
2026-04-05T05:18:09.615430,59711,0.3↔1.0,0.812,0.3,буквы/слоги,2,научный,7343,0.9884
2026-04-05T05:18:09.991423,59717,0.3↔1.0,0.830,30.0,абзацы,1,бытовой,7344,0.9880
2026-04-05T05:18:11.565452,59746,0.3↔1.0,0.838,3.0,словосочетания,4,метафорический,7345,0.9873
2026-04-05T05:18:11.865451,59751,0.1↔0.3,0.814,30.0,абзацы,4,метафорический,7346,0.9872
2026-04-05T05:18:12.567435,59763,0.3↔1.0,0.822,10.0,предложения,1,бытовой,7347,0.9871
2026-04-05T05:18:12.964452,59770,0.1↔0.3,0.835,10.0,предложения,1,бытовой,7348,0.9873
2026-04-05T05:18:13.108432,59772,0.3↔1.0,0.838,0.1,буквы/слоги,2,научный,7349,0.9875
2026-04-05T05:18:13.177426,59773,0.1↔0.3,0.819,0.1,буквы/слоги,2,научный,7350,0.9877
2026-04-05T05:18:13.244423,59774,0.1↔0.3,0.828,0.3,буквы/слоги,1,бытовой,7351,0.9879
2026-04-05T05:18:13.425423,59777,0.1↔0.3,0.834,100.0,целые тексты,1,бытовой,7352,0.9878
2026-04-05T05:18:13.713452,59782,0.3↔1.0,0.827,10.0,предложения,3,,7353,0.9880
2026-04-05T05:18:13.926430,59785,0.3↔1.0,0.824,0.1,буквы/слоги,1,бытовой,7354,0.9879
2026-04-05T05:18:14.057423,59787,0.1↔0.3,0.835,10.0,предложения,2,научный,7355,0.9881
2026-04-05T05:18:15.659427,59817,0.3↔1.0,0.832,30.0,абзацы,2,научный,7356,0.9877
2026-04-05T05:18:16.749451,59836,0.1↔0.3,0.811,0.3,буквы/слоги,3,,7357,0.9870
2026-04-05T05:18:17.539426,59851,0.3↔1.0,0.824,1.0,слова,3,,7358,0.9869
2026-04-05T05:18:17.957452,59857,0.1↔0.3,0.827,1.0,слова,3,,7359,0.9868
2026-04-05T05:18:18.071422,59859,0.3↔1.0,0.822,0.1,буквы/слоги,3,,7360,0.9867
2026-04-05T05:18:18.135428,59860,0.3↔1.0,0.810,30.0,абзацы,1,бытовой,7361,0.9869
2026-04-05T05:18:18.742423,59871,0.1↔0.3,0.822,0.3,буквы/слоги,2,научный,7362,0.9868
2026-04-05T05:18:19.547451,59886,0.1↔0.3,0.825,10.0,предложения,1,бытовой,7363,0.9867
2026-04-05T05:18:21.160423,59915,0.3↔1.0,0.809,3.0,словосочетания,3,,7364,0.9854
2026-04-05T05:18:21.571452,59923,0.3↔1.0,0.817,0.3,буквы/слоги,2,научный,7365,0.9856
2026-04-05T05:18:21.934427,59926,0.3↔1.0,0.815,0.3,буквы/слоги,2,научный,7366,0.9855
2026-04-05T05:18:22.263452,59932,0.3↔1.0,0.833,0.1,буквы/слоги,4,метафорический,7367,0.9857
2026-04-05T05:18:23.679433,59957,0.1↔0.3,0.820,0.3,буквы/слоги,3,,7368,0.9847
2026-04-05T05:18:23.832452,59960,0.3↔1.0,0.837,0.1,буквы/слоги,3,,7369,0.9849
2026-04-05T05:18:23.985451,59963,0.3↔1.0,0.824,3.0,словосочетания,3,,7370,0.9851
2026-04-05T05:18:24.446451,59972,0.1↔0.3,0.833,30.0,абзацы,3,,7371,0.9853
2026-04-05T05:18:26.007427,59999,0.3↔1.0,0.828,3.0,словосочетания,1,бытовой,7372,0.9849
2026-04-05T05:18:27.273426,60021,0.3↔1.0,0.833,3.0,словосочетания,3,,7373,0.9842
2026-04-05T05:18:27.326426,60022,0.1↔0.3,0.823,0.3,буквы/слоги,1,бытовой,7374,0.9844
2026-04-05T05:18:27.549427,60026,0.1↔0.3,0.812,1.0,слова,1,бытовой,7375,0.9846
2026-04-05T05:18:28.219452,60038,0.3↔1.0,0.810,10.0,предложения,1,бытовой,7376,0.9845
2026-04-05T05:18:28.418451,60041,0.1↔0.3,0.822,0.3,буквы/слоги,1,бытовой,7377,0.9847
2026-04-05T05:18:28.592422,60044,0.1↔0.3,0.814,10.0,предложения,1,бытовой,7378,0.9846
2026-04-05T05:18:28.654423,60045,0.1↔0.3,0.811,0.3,буквы/слоги,2,научный,7379,0.9848
2026-04-05T05:18:29.427427,60059,0.1↔0.3,0.837,0.1,буквы/слоги,3,,7380,0.9847
2026-04-05T05:18:30.324424,60075,0.3↔1.0,0.827,100.0,целые тексты,3,,7381,0.9846
2026-04-05T05:18:30.944424,60086,0.1↔0.3,0.812,0.1,буквы/слоги,3,,7382,0.9845
2026-04-05T05:18:30.998427,60087,0.3↔1.0,0.816,100.0,целые тексты,3,,7383,0.9847
2026-04-05T05:18:31.257430,60092,0.3↔1.0,0.812,0.3,буквы/слоги,1,бытовой,7384,0.9846
2026-04-05T05:18:31.359423,60094,0.1↔0.3,0.813,30.0,абзацы,2,научный,7385,0.9848
2026-04-05T05:18:32.158423,60107,0.3↔1.0,0.809,30.0,абзацы,2,научный,7386,0.9847
2026-04-05T05:18:32.265430,60109,0.1↔0.3,0.834,0.3,буквы/слоги,3,,7387,0.9849
2026-04-05T05:18:32.983428,60122,0.3↔1.0,0.818,0.1,буквы/слоги,1,бытовой,7388,0.9851
2026-04-05T05:18:33.137430,60125,0.1↔0.3,0.837,0.1,буквы/слоги,2,научный,7389,0.9850
2026-04-05T05:18:34.771452,60155,0.3↔1.0,0.837,1.0,слова,1,бытовой,7390,0.9834
2026-04-05T05:18:34.827423,60156,0.3↔1.0,0.826,100.0,целые тексты,2,научный,7391,0.9836
2026-04-05T05:18:35.032426,60160,0.3↔1.0,0.822,0.1,буквы/слоги,3,,7392,0.9838
2026-04-05T05:18:35.106422,60161,0.3↔1.0,0.838,0.3,буквы/слоги,3,,7393,0.9840
2026-04-05T05:18:36.414451,60186,0.1↔0.3,0.834,10.0,предложения,1,бытовой,7394,0.9839
2026-04-05T05:18:36.661452,60190,0.1↔0.3,0.836,3.0,словосочетания,1,бытовой,7395,0.9841
2026-04-05T05:18:37.125427,60198,0.1↔0.3,0.822,3.0,словосочетания,1,бытовой,7396,0.9840
2026-04-05T05:18:37.201430,60199,0.1↔0.3,0.828,100.0,целые тексты,2,научный,7397,0.9842
2026-04-05T05:18:37.424451,60203,0.1↔0.3,0.824,1.0,слова,3,,7398,0.9844
2026-04-05T05:18:37.637451,60207,0.3↔1.0,0.827,3.0,словосочетания,4,метафорический,7399,0.9846
2026-04-05T05:18:37.768424,60209,0.3↔1.0,0.811,30.0,абзацы,2,научный,7400,0.9848
2026-04-05T05:18:38.355451,60220,0.1↔0.3,0.815,3.0,словосочетания,2,научный,7401,0.9850
2026-04-05T05:18:38.514452,60223,0.1↔0.3,0.810,1.0,слова,3,,7402,0.9852
2026-04-05T05:18:38.570423,60224,0.1↔0.3,0.833,100.0,целые тексты,2,научный,7403,0.9854
2026-04-05T05:18:38.832451,60229,0.1↔0.3,0.834,1.0,слова,2,научный,7404,0.9856
2026-04-05T05:18:40.115452,60253,0.3↔1.0,0.834,10.0,предложения,1,бытовой,7405,0.9846
2026-04-05T05:18:40.295432,60256,0.3↔1.0,0.825,1.0,слова,4,метафорический,7406,0.9848
2026-04-05T05:18:40.531423,60260,0.1↔0.3,0.811,100.0,целые тексты,3,,7407,0.9844
2026-04-05T05:18:40.912452,60267,0.3↔1.0,0.809,1.0,слова,4,метафорический,7408,0.9846
2026-04-05T05:18:41.248425,60273,0.3↔1.0,0.838,1.0,слова,3,,7409,0.9848
2026-04-05T05:18:41.406452,60276,0.3↔1.0,0.823,0.1,буквы/слоги,2,научный,7410,0.9850
2026-04-05T05:18:41.546426,60278,0.1↔0.3,0.814,30.0,абзацы,4,метафорический,7411,0.9852
2026-04-05T05:18:42.039423,60286,0.1↔0.3,0.809,3.0,словосочетания,2,научный,7412,0.9848
2026-04-05T05:18:42.373426,60291,0.1↔0.3,0.808,30.0,абзацы,3,,7413,0.9847
2026-04-05T05:18:44.610451,60331,0.1↔0.3,0.817,3.0,словосочетания,3,,7414,0.9843
2026-04-05T05:18:44.763452,60334,0.1↔0.3,0.835,0.3,буквы/слоги,2,научный,7415,0.9845
2026-04-05T05:18:44.865452,60336,0.1↔0.3,0.818,0.1,буквы/слоги,3,,7416,0.9847
2026-04-05T05:18:45.836429,60355,0.1↔0.3,0.822,3.0,словосочетания,4,метафорический,7417,0.9846
2026-04-05T05:18:47.112452,60380,0.3↔1.0,0.824,0.3,буквы/слоги,3,,7418,0.9839
2026-04-05T05:18:47.652426,60390,0.3↔1.0,0.825,0.1,буквы/слоги,1,бытовой,7419,0.9841
2026-04-05T05:18:48.882432,60414,0.1↔0.3,0.834,0.3,буквы/слоги,1,бытовой,7420,0.9837
2026-04-05T05:18:49.188432,60420,0.3↔1.0,0.825,3.0,словосочетания,1,бытовой,7421,0.9839
2026-04-05T05:18:49.240431,60421,0.1↔0.3,0.827,1.0,слова,3,,7422,0.9841
2026-04-05T05:18:49.396428,60424,0.3↔1.0,0.821,3.0,словосочетания,3,,7423,0.9843
2026-04-05T05:18:49.549452,60427,0.1↔0.3,0.824,0.1,буквы/слоги,3,,7424,0.9845
2026-04-05T05:18:50.114426,60438,0.1↔0.3,0.820,0.1,буквы/слоги,1,бытовой,7425,0.9844
2026-04-05T05:18:51.348425,60462,0.1↔0.3,0.821,100.0,целые тексты,3,,7426,0.9837
2026-04-05T05:18:52.275452,60480,0.3↔1.0,0.827,100.0,целые тексты,1,бытовой,7427,0.9830
2026-04-05T05:18:52.326432,60481,0.1↔0.3,0.815,0.3,буквы/слоги,3,,7428,0.9832
2026-04-05T05:18:52.774452,60489,0.3↔1.0,0.809,30.0,абзацы,1,бытовой,7429,0.9831
2026-04-05T05:18:53.284427,60499,0.1↔0.3,0.815,100.0,целые тексты,2,научный,7430,0.9827
2026-04-05T05:18:55.720451,60542,0.1↔0.3,0.831,0.1,буквы/слоги,1,бытовой,7431,0.9811
2026-04-05T05:18:56.230452,60552,0.3↔1.0,0.830,30.0,абзацы,1,бытовой,7432,0.9807
2026-04-05T05:18:56.823452,60563,0.3↔1.0,0.824,100.0,целые тексты,2,научный,7433,0.9806
2026-04-05T05:18:56.874428,60564,0.1↔0.3,0.813,30.0,абзацы,2,научный,7434,0.9808
2026-04-05T05:18:57.898452,60584,0.1↔0.3,0.816,100.0,целые тексты,1,бытовой,7435,0.9807
2026-04-05T05:18:58.259451,60591,0.3↔1.0,0.837,30.0,абзацы,2,научный,7436,0.9806
2026-04-05T05:18:59.086452,60607,0.1↔0.3,0.830,0.1,буквы/слоги,3,,7437,0.9802
2026-04-05T05:18:59.499426,60615,0.1↔0.3,0.824,0.1,буквы/слоги,2,научный,7438,0.9802
2026-04-05T05:19:00.010432,60625,0.1↔0.3,0.822,30.0,абзацы,3,,7439,0.9802
2026-04-05T05:19:00.881451,60642,0.3↔1.0,0.816,1.0,слова,2,научный,7440,0.9804
2026-04-05T05:19:01.085452,60646,0.1↔0.3,0.810,0.1,буквы/слоги,1,бытовой,7441,0.9806
2026-04-05T05:19:01.136429,60647,0.3↔1.0,0.837,0.1,буквы/слоги,1,бытовой,7442,0.9808
2026-04-05T05:19:01.192432,60648,0.1↔0.3,0.836,3.0,словосочетания,2,научный,7443,0.9810
2026-04-05T05:19:01.294452,60650,0.1↔0.3,0.816,10.0,предложения,1,бытовой,7444,0.9812
2026-04-05T05:19:02.026451,60664,0.1↔0.3,0.826,0.1,буквы/слоги,3,,7445,0.9811
2026-04-05T05:19:02.077428,60665,0.1↔0.3,0.835,0.3,буквы/слоги,4,метафорический,7446,0.9813
2026-04-05T05:19:02.563452,60674,0.3↔1.0,0.811,3.0,словосочетания,2,научный,7447,0.9815
2026-04-05T05:19:03.125451,60685,0.1↔0.3,0.826,30.0,абзацы,2,научный,7448,0.9814
2026-04-05T05:19:04.202426,60706,0.1↔0.3,0.822,100.0,целые тексты,2,научный,7449,0.9810
2026-04-05T05:19:04.681451,60715,0.3↔1.0,0.818,0.1,буквы/слоги,3,,7450,0.9809
2026-04-05T05:19:05.447451,60730,0.3↔1.0,0.832,1.0,слова,2,научный,7451,0.9805
2026-04-05T05:19:05.498451,60731,0.1↔0.3,0.830,100.0,целые тексты,3,,7452,0.9807
2026-04-05T05:19:05.804452,60737,0.1↔0.3,0.831,3.0,словосочетания,1,бытовой,7453,0.9809
2026-04-05T05:19:05.863426,60738,0.1↔0.3,0.816,3.0,словосочетания,2,научный,7454,0.9811
2026-04-05T05:19:08.524452,60790,0.3↔1.0,0.834,30.0,абзацы,2,научный,7455,0.9802
2026-04-05T05:19:08.677451,60793,0.1↔0.3,0.814,3.0,словосочетания,3,,7456,0.9804
2026-04-05T05:19:09.301451,60805,0.1↔0.3,0.826,0.1,буквы/слоги,4,метафорический,7457,0.9802
2026-04-05T05:19:09.352452,60806,0.1↔0.3,0.819,0.3,буквы/слоги,4,метафорический,7458,0.9804
2026-04-05T05:19:09.607432,60811,0.3↔1.0,0.822,30.0,абзацы,1,бытовой,7459,0.9806
2026-04-05T05:19:10.067451,60820,0.3↔1.0,0.829,1.0,слова,1,бытовой,7460,0.9802
2026-04-05T05:19:10.681452,60832,0.1↔0.3,0.828,30.0,абзацы,2,научный,7461,0.9802
2026-04-05T05:19:10.783426,60834,0.3↔1.0,0.818,10.0,предложения,1,бытовой,7462,0.9804
2026-04-05T05:19:11.243452,60843,0.3↔1.0,0.829,10.0,предложения,3,,7463,0.9803
2026-04-05T05:19:11.550452,60849,0.3↔1.0,0.826,30.0,абзацы,2,научный,7464,0.9802
2026-04-05T05:19:11.704452,60852,0.1↔0.3,0.832,3.0,словосочетания,1,бытовой,7465,0.9804
2026-04-05T05:19:11.928452,60856,0.3↔1.0,0.822,3.0,словосочетания,1,бытовой,7466,0.9803
2026-04-05T05:19:12.643452,60870,0.1↔0.3,0.829,30.0,абзацы,2,научный,7467,0.9802
2026-04-05T05:19:13.312452,60883,0.1↔0.3,0.819,10.0,предложения,3,,7468,0.9802
2026-04-05T05:19:13.567452,60888,0.3↔1.0,0.829,0.3,буквы/слоги,3,,7469,0.9804
2026-04-05T05:19:13.618432,60889,0.1↔0.3,0.825,3.0,словосочетания,2,научный,7470,0.9806
2026-04-05T05:19:13.673427,60890,0.3↔1.0,0.830,0.3,буквы/слоги,3,,7471,0.9808
2026-04-05T05:19:13.728429,60891,0.3↔1.0,0.826,100.0,целые тексты,3,,7472,0.9810
2026-04-05T05:19:14.472452,60905,0.1↔0.3,0.836,0.1,буквы/слоги,2,научный,7473,0.9812
2026-04-05T05:19:14.579427,60907,0.1↔0.3,0.837,30.0,абзацы,2,научный,7474,0.9814
2026-04-05T05:19:14.742428,60910,0.1↔0.3,0.829,0.1,буквы/слоги,1,бытовой,7475,0.9816
2026-04-05T05:19:14.897427,60913,0.3↔1.0,0.829,0.3,буквы/слоги,3,,7476,0.9818
2026-04-05T05:19:14.960424,60914,0.1↔0.3,0.826,10.0,предложения,1,бытовой,7477,0.9820
2026-04-05T05:19:16.021452,60934,0.1↔0.3,0.829,3.0,словосочетания,4,метафорический,7478,0.9810
2026-04-05T05:19:16.633451,60946,0.1↔0.3,0.818,100.0,целые тексты,3,,7479,0.9809
2026-04-05T05:19:17.096452,60955,0.1↔0.3,0.837,3.0,словосочетания,1,бытовой,7480,0.9811
2026-04-05T05:19:17.403452,60961,0.1↔0.3,0.813,0.3,буквы/слоги,2,научный,7481,0.9813
2026-04-05T05:19:17.607452,60965,0.3↔1.0,0.809,0.1,буквы/слоги,3,,7482,0.9815
2026-04-05T05:19:18.475451,60982,0.1↔0.3,0.814,10.0,предложения,2,научный,7483,0.9811
2026-04-05T05:19:18.629452,60985,0.3↔1.0,0.811,1.0,слова,3,,7484,0.9813
2026-04-05T05:19:19.260451,60997,0.1↔0.3,0.832,3.0,словосочетания,1,бытовой,7485,0.9809
2026-04-05T05:19:19.464451,61001,0.3↔1.0,0.813,100.0,целые тексты,1,бытовой,7486,0.9811
2026-04-05T05:19:19.566452,61003,0.1↔0.3,0.813,0.1,буквы/слоги,2,научный,7487,0.9813
2026-04-05T05:19:19.668451,61005,0.3↔1.0,0.834,1.0,слова,2,научный,7488,0.9815
2026-04-05T05:19:20.383452,61019,0.3↔1.0,0.826,10.0,предложения,3,,7489,0.9814
2026-04-05T05:19:21.038422,61031,0.1↔0.3,0.823,3.0,словосочетания,2,научный,7490,0.9813
2026-04-05T05:19:21.295452,61036,0.1↔0.3,0.823,100.0,целые тексты,4,метафорический,7491,0.9815
2026-04-05T05:19:21.397451,61038,0.1↔0.3,0.837,0.3,буквы/слоги,1,бытовой,7492,0.9817
2026-04-05T05:19:21.550452,61041,0.1↔0.3,0.833,100.0,целые тексты,3,,7493,0.9819
2026-04-05T05:19:21.601452,61042,0.3↔1.0,0.835,10.0,предложения,3,,7494,0.9821
2026-04-05T05:19:21.706452,61044,0.1↔0.3,0.833,0.1,буквы/слоги,4,метафорический,7495,0.9823
2026-04-05T05:19:22.023452,61050,0.1↔0.3,0.810,0.3,буквы/слоги,4,метафорический,7496,0.9825
2026-04-05T05:19:22.942451,61068,0.1↔0.3,0.834,3.0,словосочетания,3,,7497,0.9827
2026-04-05T05:19:23.249452,61074,0.3↔1.0,0.828,1.0,слова,3,,7498,0.9829
2026-04-05T05:19:24.015451,61089,0.3↔1.0,0.830,0.1,буквы/слоги,2,научный,7499,0.9831
2026-04-05T05:19:24.168451,61092,0.3↔1.0,0.824,3.0,словосочетания,3,,7500,0.9833
2026-04-05T05:19:24.729426,61103,0.1↔0.3,0.836,0.3,буквы/слоги,1,бытовой,7501,0.9829
2026-04-05T05:19:24.984451,61108,0.1↔0.3,0.810,100.0,целые тексты,3,,7502,0.9831
2026-04-05T05:19:26.010427,61128,0.1↔0.3,0.828,10.0,предложения,1,бытовой,7503,0.9821
2026-04-05T05:19:26.419452,61136,0.3↔1.0,0.836,100.0,целые тексты,3,,7504,0.9823
2026-04-05T05:19:27.085452,61149,0.1↔0.3,0.811,0.1,буквы/слоги,4,метафорический,7505,0.9819
2026-04-05T05:19:27.187434,61151,0.3↔1.0,0.809,0.3,буквы/слоги,1,бытовой,7506,0.9821
2026-04-05T05:19:27.750427,61162,0.1↔0.3,0.828,1.0,слова,1,бытовой,7507,0.9817
2026-04-05T05:19:28.064452,61168,0.1↔0.3,0.812,100.0,целые тексты,1,бытовой,7508,0.9819
2026-04-05T05:19:28.218432,61171,0.1↔0.3,0.816,10.0,предложения,1,бытовой,7509,0.9821
2026-04-05T05:19:28.581451,61178,0.1↔0.3,0.816,30.0,абзацы,3,,7510,0.9820
2026-04-05T05:19:28.989452,61186,0.3↔1.0,0.825,0.3,буквы/слоги,4,метафорический,7511,0.9819
2026-04-05T05:19:29.708432,61200,0.1↔0.3,0.819,30.0,абзацы,3,,7512,0.9812
2026-04-05T05:19:29.913452,61204,0.3↔1.0,0.822,0.1,буквы/слоги,1,бытовой,7513,0.9811
2026-04-05T05:19:30.066452,61207,0.1↔0.3,0.825,100.0,целые тексты,1,бытовой,7514,0.9813
2026-04-05T05:19:30.321451,61212,0.3↔1.0,0.822,10.0,предложения,1,бытовой,7515,0.9815
2026-04-05T05:19:30.780452,61221,0.3↔1.0,0.819,3.0,словосочетания,1,бытовой,7516,0.9814
2026-04-05T05:19:30.884452,61223,0.1↔0.3,0.812,0.3,буквы/слоги,2,научный,7517,0.9816
2026-04-05T05:19:31.088452,61227,0.3↔1.0,0.810,0.3,буквы/слоги,2,научный,7518,0.9818
2026-04-05T05:19:31.649452,61238,0.1↔0.3,0.820,0.1,буквы/слоги,1,бытовой,7519,0.9817
2026-04-05T05:19:31.701423,61239,0.1↔0.3,0.815,10.0,предложения,3,,7520,0.9819
2026-04-05T05:19:31.960452,61244,0.1↔0.3,0.817,1.0,слова,1,бытовой,7521,0.9818
2026-04-05T05:19:32.217451,61249,0.3↔1.0,0.819,1.0,слова,1,бытовой,7522,0.9820
2026-04-05T05:19:32.421452,61253,0.3↔1.0,0.809,0.1,буквы/слоги,1,бытовой,7523,0.9822
2026-04-05T05:19:32.882451,61262,0.1↔0.3,0.820,30.0,абзацы,2,научный,7524,0.9821
2026-04-05T05:19:33.086451,61266,0.3↔1.0,0.835,30.0,абзацы,2,научный,7525,0.9820
2026-04-05T05:19:34.906428,61301,0.1↔0.3,0.812,0.3,буквы/слоги,3,,7526,0.9813
2026-04-05T05:19:35.009452,61303,0.3↔1.0,0.822,100.0,целые тексты,2,научный,7527,0.9815
2026-04-05T05:19:35.445451,61311,0.1↔0.3,0.811,30.0,абзацы,2,научный,7528,0.9817
2026-04-05T05:19:35.496452,61312,0.1↔0.3,0.827,100.0,целые тексты,3,,7529,0.9819
2026-04-05T05:19:35.906426,61320,0.3↔1.0,0.809,1.0,слова,1,бытовой,7530,0.9821
2026-04-05T05:19:36.063451,61323,0.1↔0.3,0.827,0.1,буквы/слоги,1,бытовой,7531,0.9820
2026-04-05T05:19:37.187452,61345,0.1↔0.3,0.836,100.0,целые тексты,4,метафорический,7532,0.9810
2026-04-05T05:19:38.316452,61367,0.3↔1.0,0.814,10.0,предложения,1,бытовой,7533,0.9812
2026-04-05T05:19:38.379427,61368,0.1↔0.3,0.819,0.1,буквы/слоги,1,бытовой,7534,0.9814
2026-04-05T05:19:38.487432,61370,0.1↔0.3,0.832,3.0,словосочетания,1,бытовой,7535,0.9813
2026-04-05T05:19:38.742451,61375,0.1↔0.3,0.831,10.0,предложения,2,научный,7536,0.9815
2026-04-05T05:19:39.356451,61387,0.1↔0.3,0.817,1.0,слова,4,метафорический,7537,0.9817
2026-04-05T05:19:39.422428,61388,0.1↔0.3,0.829,10.0,предложения,1,бытовой,7538,0.9819
2026-04-05T05:19:39.732452,61394,0.1↔0.3,0.837,10.0,предложения,1,бытовой,7539,0.9821
2026-04-05T05:19:39.886451,61397,0.1↔0.3,0.835,0.1,буквы/слоги,4,метафорический,7540,0.9823
2026-04-05T05:19:40.198452,61403,0.1↔0.3,0.821,0.3,буквы/слоги,3,,7541,0.9825
2026-04-05T05:19:41.321452,61425,0.3↔1.0,0.824,3.0,словосочетания,3,,7542,0.9818
2026-04-05T05:19:41.525452,61429,0.1↔0.3,0.824,0.1,буквы/слоги,1,бытовой,7543,0.9814
2026-04-05T05:19:41.835452,61435,0.3↔1.0,0.809,0.3,буквы/слоги,3,,7544,0.9816
2026-04-05T05:19:42.258452,61443,0.1↔0.3,0.820,10.0,предложения,2,научный,7545,0.9815
2026-04-05T05:19:42.819451,61454,0.1↔0.3,0.813,10.0,предложения,1,бытовой,7546,0.9817
2026-04-05T05:19:43.635432,61470,0.1↔0.3,0.826,1.0,слова,1,бытовой,7547,0.9819
2026-04-05T05:19:44.197452,61481,0.3↔1.0,0.811,3.0,словосочетания,1,бытовой,7548,0.9821
2026-04-05T05:19:44.554452,61488,0.1↔0.3,0.832,0.3,буквы/слоги,2,научный,7549,0.9823
2026-04-05T05:19:44.912452,61495,0.1↔0.3,0.811,0.3,буквы/слоги,2,научный,7550,0.9825
2026-04-05T05:19:45.308451,61502,0.1↔0.3,0.813,0.1,буквы/слоги,2,научный,7551,0.9827
2026-04-05T05:19:46.022451,61516,0.3↔1.0,0.819,0.3,буквы/слоги,2,научный,7552,0.9829
2026-04-05T05:19:46.195433,61519,0.3↔1.0,0.810,100.0,целые тексты,2,научный,7553,0.9828
2026-04-05T05:19:46.916426,61533,0.1↔0.3,0.825,0.1,буквы/слоги,1,бытовой,7554,0.9830
2026-04-05T05:19:47.733426,61549,0.1↔0.3,0.815,1.0,слова,2,научный,7555,0.9832
2026-04-05T05:19:47.785433,61550,0.1↔0.3,0.832,30.0,абзацы,1,бытовой,7556,0.9834
2026-04-05T05:19:47.837423,61551,0.3↔1.0,0.821,0.3,буквы/слоги,1,бытовой,7557,0.9836
2026-04-05T05:19:48.213452,61558,0.1↔0.3,0.833,0.3,буквы/слоги,2,научный,7558,0.9835
2026-04-05T05:19:48.723452,61568,0.3↔1.0,0.815,1.0,слова,3,,7559,0.9837
2026-04-05T05:19:48.774433,61569,0.1↔0.3,0.826,0.1,буквы/слоги,3,,7560,0.9839
2026-04-05T05:19:49.590452,61585,0.1↔0.3,0.817,0.3,буквы/слоги,2,научный,7561,0.9829
2026-04-05T05:19:50.512429,61602,0.1↔0.3,0.825,30.0,абзацы,4,метафорический,7562,0.9828
2026-04-05T05:19:50.767451,61607,0.1↔0.3,0.827,10.0,предложения,1,бытовой,7563,0.9827
2026-04-05T05:19:50.818432,61608,0.3↔1.0,0.821,0.1,буквы/слоги,2,научный,7564,0.9829
2026-04-05T05:19:51.030451,61612,0.3↔1.0,0.814,10.0,предложения,1,бытовой,7565,0.9825
2026-04-05T05:19:51.081425,61613,0.3↔1.0,0.833,0.3,буквы/слоги,2,научный,7566,0.9827
2026-04-05T05:19:52.102451,61633,0.1↔0.3,0.828,3.0,словосочетания,3,,7567,0.9820
2026-04-05T05:19:52.765427,61646,0.1↔0.3,0.818,0.3,буквы/слоги,2,научный,7568,0.9819
2026-04-05T05:19:52.817432,61647,0.1↔0.3,0.830,3.0,словосочетания,1,бытовой,7569,0.9821
2026-04-05T05:19:53.225452,61655,0.1↔0.3,0.817,10.0,предложения,3,,7570,0.9823
2026-04-05T05:19:53.534451,61661,0.1↔0.3,0.824,30.0,абзацы,3,,7571,0.9825
2026-04-05T05:19:53.585452,61662,0.3↔1.0,0.816,100.0,целые тексты,1,бытовой,7572,0.9827
2026-04-05T05:19:53.891452,61668,0.3↔1.0,0.809,0.3,буквы/слоги,2,научный,7573,0.9829
2026-04-05T05:19:54.107451,61672,0.1↔0.3,0.810,10.0,предложения,1,бытовой,7574,0.9831
2026-04-05T05:19:54.772452,61685,0.1↔0.3,0.817,10.0,предложения,1,бытовой,7575,0.9827
2026-04-05T05:19:57.100451,61729,0.3↔1.0,0.830,0.3,буквы/слоги,1,бытовой,7576,0.9820
2026-04-05T05:19:57.151452,61730,0.1↔0.3,0.837,1.0,слова,2,научный,7577,0.9822
2026-04-05T05:19:57.304427,61733,0.3↔1.0,0.813,0.3,буквы/слоги,1,бытовой,7578,0.9824
2026-04-05T05:19:57.712452,61741,0.1↔0.3,0.821,0.3,буквы/слоги,2,научный,7579,0.9823
2026-04-05T05:19:58.120432,61749,0.1↔0.3,0.824,3.0,словосочетания,3,,7580,0.9825
2026-04-05T05:19:58.325452,61753,0.3↔1.0,0.829,10.0,предложения,2,научный,7581,0.9827
2026-04-05T05:19:58.580451,61758,0.1↔0.3,0.816,10.0,предложения,3,,7582,0.9829
2026-04-05T05:20:00.576451,61797,0.3↔1.0,0.834,0.3,буквы/слоги,2,научный,7583,0.9822
2026-04-05T05:20:00.831435,61802,0.3↔1.0,0.816,100.0,целые тексты,3,,7584,0.9821
2026-04-05T05:20:01.086427,61807,0.3↔1.0,0.832,30.0,абзацы,2,научный,7585,0.9823
2026-04-05T05:20:01.394452,61813,0.3↔1.0,0.827,100.0,целые тексты,2,научный,7586,0.9825
2026-04-05T05:20:02.896432,61842,0.3↔1.0,0.824,0.1,буквы/слоги,4,метафорический,7587,0.9824
2026-04-05T05:20:03.151427,61847,0.1↔0.3,0.836,1.0,слова,1,бытовой,7588,0.9826
2026-04-05T05:20:03.764432,61859,0.3↔1.0,0.821,10.0,предложения,3,,7589,0.9822
2026-04-05T05:20:03.817427,61860,0.3↔1.0,0.822,10.0,предложения,3,,7590,0.9824
2026-04-05T05:20:04.228451,61868,0.1↔0.3,0.821,3.0,словосочетания,1,бытовой,7591,0.9826
2026-04-05T05:20:04.791431,61879,0.1↔0.3,0.809,0.1,буквы/слоги,1,бытовой,7592,0.9822
2026-04-05T05:20:04.947433,61882,0.1↔0.3,0.818,0.3,буквы/слоги,4,метафорический,7593,0.9824
2026-04-05T05:20:05.459451,61892,0.1↔0.3,0.817,10.0,предложения,2,научный,7594,0.9823
2026-04-05T05:20:06.787452,61918,0.1↔0.3,0.825,0.1,буквы/слоги,2,научный,7595,0.9810
2026-04-05T05:20:06.991452,61922,0.1↔0.3,0.814,10.0,предложения,2,научный,7596,0.9812
2026-04-05T05:20:07.348425,61929,0.3↔1.0,0.811,0.1,буквы/слоги,2,научный,7597,0.9814
2026-04-05T05:20:07.501452,61932,0.1↔0.3,0.828,10.0,предложения,1,бытовой,7598,0.9816
2026-04-05T05:20:08.267428,61947,0.1↔0.3,0.815,10.0,предложения,2,научный,7599,0.9818
2026-04-05T05:20:08.837452,61958,0.3↔1.0,0.814,3.0,словосочетания,1,бытовой,7600,0.9820
2026-04-05T05:20:09.041452,61962,0.3↔1.0,0.831,1.0,слова,1,бытовой,7601,0.9822
2026-04-05T05:20:09.398433,61969,0.1↔0.3,0.820,30.0,абзацы,2,научный,7602,0.9824
2026-04-05T05:20:09.655452,61974,0.1↔0.3,0.817,10.0,предложения,4,метафорический,7603,0.9823
2026-04-05T05:20:09.813428,61977,0.3↔1.0,0.815,0.3,буквы/слоги,2,научный,7604,0.9825
2026-04-05T05:20:10.123452,61983,0.1↔0.3,0.823,1.0,слова,1,бытовой,7605,0.9827
2026-04-05T05:20:10.276452,61986,0.3↔1.0,0.828,3.0,словосочетания,1,бытовой,7606,0.9829
2026-04-05T05:20:10.429433,61989,0.3↔1.0,0.829,30.0,абзацы,4,метафорический,7607,0.9828
2026-04-05T05:20:10.480452,61990,0.3↔1.0,0.826,10.0,предложения,1,бытовой,7608,0.9830
2026-04-05T05:20:10.583433,61992,0.3↔1.0,0.835,0.1,буквы/слоги,3,,7609,0.9832
2026-04-05T05:20:10.788452,61996,0.1↔0.3,0.832,3.0,словосочетания,3,,7610,0.9831
2026-04-05T05:20:10.839452,61997,0.1↔0.3,0.833,100.0,целые тексты,3,,7611,0.9833
2026-04-05T05:20:11.196452,62004,0.1↔0.3,0.810,30.0,абзацы,4,метафорический,7612,0.9829
2026-04-05T05:20:11.503451,62010,0.1↔0.3,0.833,30.0,абзацы,1,бытовой,7613,0.9831
2026-04-05T05:20:11.860452,62017,0.1↔0.3,0.817,3.0,словосочетания,1,бытовой,7614,0.9833
2026-04-05T05:20:12.014425,62020,0.1↔0.3,0.830,30.0,абзацы,2,научный,7615,0.9835
2026-04-05T05:20:12.422452,62028,0.3↔1.0,0.833,100.0,целые тексты,1,бытовой,7616,0.9837
2026-04-05T05:20:12.473433,62029,0.1↔0.3,0.836,0.1,буквы/слоги,2,научный,7617,0.9839
2026-04-05T05:20:12.885425,62037,0.1↔0.3,0.815,30.0,абзацы,3,,7618,0.9832
2026-04-05T05:20:13.147427,62042,0.3↔1.0,0.818,100.0,целые тексты,2,научный,7619,0.9834
2026-04-05T05:20:13.250452,62044,0.1↔0.3,0.829,10.0,предложения,3,,7620,0.9836
2026-04-05T05:20:13.862452,62056,0.3↔1.0,0.832,0.1,буквы/слоги,3,,7621,0.9835
2026-04-05T05:20:14.576451,62070,0.3↔1.0,0.820,0.1,буквы/слоги,4,метафорический,7622,0.9834
2026-04-05T05:20:14.780451,62074,0.1↔0.3,0.813,10.0,предложения,1,бытовой,7623,0.9836
2026-04-05T05:20:16.463452,62107,0.1↔0.3,0.809,1.0,слова,2,научный,7624,0.9835
2026-04-05T05:20:16.770452,62113,0.1↔0.3,0.823,30.0,абзацы,2,научный,7625,0.9837
2026-04-05T05:20:17.438451,62126,0.3↔1.0,0.835,10.0,предложения,2,научный,7626,0.9836
2026-04-05T05:20:17.545427,62128,0.1↔0.3,0.824,100.0,целые тексты,1,бытовой,7627,0.9838
2026-04-05T05:20:17.954451,62136,0.3↔1.0,0.823,10.0,предложения,2,научный,7628,0.9837
2026-04-05T05:20:18.005429,62137,0.1↔0.3,0.813,0.1,буквы/слоги,3,,7629,0.9839
2026-04-05T05:20:18.210432,62141,0.1↔0.3,0.822,1.0,слова,1,бытовой,7630,0.9838
2026-04-05T05:20:18.522452,62147,0.1↔0.3,0.815,30.0,абзацы,3,,7631,0.9834
2026-04-05T05:20:20.053451,62177,0.3↔1.0,0.808,0.3,буквы/слоги,3,,7632,0.9833
2026-04-05T05:20:20.110427,62178,0.1↔0.3,0.835,3.0,словосочетания,3,,7633,0.9835
2026-04-05T05:20:20.214432,62180,0.1↔0.3,0.836,3.0,словосочетания,2,научный,7634,0.9837
2026-04-05T05:20:20.622451,62188,0.1↔0.3,0.831,0.3,буквы/слоги,2,научный,7635,0.9839
2026-04-05T05:20:20.877452,62193,0.3↔1.0,0.833,3.0,словосочетания,3,,7636,0.9841
2026-04-05T05:20:21.387451,62203,0.3↔1.0,0.836,0.1,буквы/слоги,3,,7637,0.9843
2026-04-05T05:20:21.540451,62206,0.1↔0.3,0.827,1.0,слова,3,,7638,0.9845
2026-04-05T05:20:22.101452,62217,0.3↔1.0,0.825,0.3,буквы/слоги,3,,7639,0.9844
2026-04-05T05:20:22.305451,62221,0.3↔1.0,0.817,10.0,предложения,2,научный,7640,0.9846
2026-04-05T05:20:23.025451,62235,0.1↔0.3,0.834,30.0,абзацы,3,,7641,0.9845
2026-04-05T05:20:23.586433,62246,0.3↔1.0,0.815,1.0,слова,2,научный,7642,0.9844
2026-04-05T05:20:23.739428,62249,0.3↔1.0,0.820,0.1,буквы/слоги,2,научный,7643,0.9846
2026-04-05T05:20:24.606433,62266,0.3↔1.0,0.837,3.0,словосочетания,3,,7644,0.9842
2026-04-05T05:20:24.862451,62271,0.1↔0.3,0.810,0.3,буквы/слоги,1,бытовой,7645,0.9844
2026-04-05T05:20:25.219452,62278,0.3↔1.0,0.809,1.0,слова,2,научный,7646,0.9846
2026-04-05T05:20:25.274426,62279,0.1↔0.3,0.826,30.0,абзацы,2,научный,7647,0.9848
2026-04-05T05:20:25.945452,62292,0.3↔1.0,0.810,30.0,абзацы,3,,7648,0.9841
2026-04-05T05:20:27.359452,62317,0.1↔0.3,0.837,3.0,словосочетания,1,бытовой,7649,0.9843
2026-04-05T05:20:27.513427,62320,0.1↔0.3,0.836,10.0,предложения,3,,7650,0.9845
2026-04-05T05:20:27.718452,62324,0.1↔0.3,0.819,0.1,буквы/слоги,3,,7651,0.9847
2026-04-05T05:20:27.922452,62328,0.3↔1.0,0.822,0.3,буквы/слоги,1,бытовой,7652,0.9849
2026-04-05T05:20:28.075451,62331,0.1↔0.3,0.827,0.1,буквы/слоги,1,бытовой,7653,0.9848
2026-04-05T05:20:28.178432,62333,0.3↔1.0,0.820,1.0,слова,2,научный,7654,0.9850
2026-04-05T05:20:28.280425,62335,0.1↔0.3,0.809,0.1,буквы/слоги,1,бытовой,7655,0.9852
2026-04-05T05:20:28.893451,62347,0.1↔0.3,0.828,3.0,словосочетания,2,научный,7656,0.9851
2026-04-05T05:20:29.046452,62350,0.1↔0.3,0.826,1.0,слова,2,научный,7657,0.9853
2026-04-05T05:20:29.880449,62366,0.1↔0.3,0.820,0.1,буквы/слоги,2,научный,7658,0.9852
2026-04-05T05:20:30.237452,62373,0.1↔0.3,0.816,0.3,буквы/слоги,3,,7659,0.9854
2026-04-05T05:20:30.850451,62385,0.1↔0.3,0.812,3.0,словосочетания,3,,7660,0.9856
2026-04-05T05:20:30.901427,62386,0.3↔1.0,0.814,0.1,буквы/слоги,2,научный,7661,0.9858
2026-04-05T05:20:31.106451,62390,0.1↔0.3,0.813,1.0,слова,2,научный,7662,0.9860
2026-04-05T05:20:32.332451,62414,0.3↔1.0,0.831,0.1,буквы/слоги,2,научный,7663,0.9841
2026-04-05T05:20:32.383452,62415,0.3↔1.0,0.815,0.1,буквы/слоги,2,научный,7664,0.9843
2026-04-05T05:20:32.689451,62421,0.1↔0.3,0.817,3.0,словосочетания,1,бытовой,7665,0.9839
2026-04-05T05:20:32.796452,62423,0.3↔1.0,0.833,0.1,буквы/слоги,4,метафорический,7666,0.9841
2026-04-05T05:20:34.436451,62455,0.3↔1.0,0.830,3.0,словосочетания,1,бытовой,7667,0.9837
2026-04-05T05:20:34.492429,62456,0.1↔0.3,0.836,10.0,предложения,3,,7668,0.9839
2026-04-05T05:20:34.698452,62460,0.1↔0.3,0.816,0.3,буквы/слоги,1,бытовой,7669,0.9841
2026-04-05T05:20:35.055451,62467,0.3↔1.0,0.821,0.3,буквы/слоги,2,научный,7670,0.9843
2026-04-05T05:20:35.118422,62468,0.1↔0.3,0.816,30.0,абзацы,3,,7671,0.9845
2026-04-05T05:20:35.426452,62474,0.1↔0.3,0.829,100.0,целые тексты,4,метафорический,7672,0.9847
2026-04-05T05:20:35.502422,62475,0.1↔0.3,0.832,0.1,буквы/слоги,1,бытовой,7673,0.9849
2026-04-05T05:20:36.786451,62500,0.1↔0.3,0.833,1.0,слова,3,,7674,0.9848
2026-04-05T05:20:37.101452,62506,0.3↔1.0,0.833,30.0,абзацы,1,бытовой,7675,0.9844
2026-04-05T05:20:37.815451,62520,0.3↔1.0,0.819,0.3,буквы/слоги,2,научный,7676,0.9846
2026-04-05T05:20:39.922452,62561,0.1↔0.3,0.830,3.0,словосочетания,3,,7677,0.9836
2026-04-05T05:20:39.975429,62562,0.3↔1.0,0.831,0.1,буквы/слоги,2,научный,7678,0.9838
2026-04-05T05:20:40.128452,62565,0.1↔0.3,0.824,100.0,целые тексты,1,бытовой,7679,0.9837
2026-04-05T05:20:40.594452,62574,0.1↔0.3,0.837,100.0,целые тексты,3,,7680,0.9839
2026-04-05T05:20:40.645452,62575,0.3↔1.0,0.815,3.0,словосочетания,4,метафорический,7681,0.9841
2026-04-05T05:20:40.901452,62580,0.1↔0.3,0.836,3.0,словосочетания,2,научный,7682,0.9840
2026-04-05T05:20:41.003432,62582,0.3↔1.0,0.818,100.0,целые тексты,4,метафорический,7683,0.9839
2026-04-05T05:20:41.819451,62598,0.1↔0.3,0.830,1.0,слова,3,,7684,0.9838
2026-04-05T05:20:41.921425,62600,0.1↔0.3,0.835,3.0,словосочетания,2,научный,7685,0.9840
2026-04-05T05:20:41.973452,62601,0.3↔1.0,0.831,10.0,предложения,3,,7686,0.9842
2026-04-05T05:20:42.126451,62604,0.1↔0.3,0.831,30.0,абзацы,2,научный,7687,0.9844
2026-04-05T05:20:42.279451,62607,0.3↔1.0,0.828,30.0,абзацы,1,бытовой,7688,0.9846
2026-04-05T05:20:42.495451,62611,0.1↔0.3,0.827,100.0,целые тексты,3,,7689,0.9848
2026-04-05T05:20:42.699452,62615,0.1↔0.3,0.833,0.3,буквы/слоги,1,бытовой,7690,0.9850
2026-04-05T05:20:43.008452,62621,0.3↔1.0,0.810,1.0,слова,2,научный,7691,0.9852
2026-04-05T05:20:43.110452,62623,0.1↔0.3,0.813,10.0,предложения,2,научный,7692,0.9854
2026-04-05T05:20:43.671452,62634,0.1↔0.3,0.824,3.0,словосочетания,1,бытовой,7693,0.9853
2026-04-05T05:20:43.926451,62639,0.3↔1.0,0.811,100.0,целые тексты,4,метафорический,7694,0.9855
2026-04-05T05:20:44.999452,62660,0.1↔0.3,0.828,100.0,целые тексты,4,метафорический,7695,0.9854
2026-04-05T05:20:45.260451,62665,0.3↔1.0,0.824,0.3,буквы/слоги,2,научный,7696,0.9853
2026-04-05T05:20:46.027452,62680,0.3↔1.0,0.821,0.3,буквы/слоги,2,научный,7697,0.9855
2026-04-05T05:20:46.436452,62688,0.1↔0.3,0.808,0.1,буквы/слоги,4,метафорический,7698,0.9857
2026-04-05T05:20:46.896452,62697,0.3↔1.0,0.834,0.1,буквы/слоги,1,бытовой,7699,0.9853
2026-04-05T05:20:46.947428,62698,0.1↔0.3,0.832,100.0,целые тексты,2,научный,7700,0.9855
2026-04-05T05:20:48.342447,62725,0.1↔0.3,0.810,0.3,буквы/слоги,4,метафорический,7701,0.9854
2026-04-05T05:20:48.416426,62726,0.1↔0.3,0.823,10.0,предложения,3,,7702,0.9856
2026-04-05T05:20:49.693432,62751,0.3↔1.0,0.811,1.0,слова,1,бытовой,7703,0.9852
2026-04-05T05:20:50.316451,62763,0.1↔0.3,0.828,100.0,целые тексты,2,научный,7704,0.9854
2026-04-05T05:20:50.725452,62771,0.3↔1.0,0.812,1.0,слова,4,метафорический,7705,0.9856
2026-04-05T05:20:50.930452,62775,0.1↔0.3,0.825,1.0,слова,2,научный,7706,0.9858
2026-04-05T05:20:51.032452,62777,0.3↔1.0,0.820,1.0,слова,1,бытовой,7707,0.9860
2026-04-05T05:20:51.083451,62778,0.3↔1.0,0.838,3.0,словосочетания,4,метафорический,7708,0.9862
2026-04-05T05:20:51.956426,62795,0.1↔0.3,0.821,1.0,слова,2,научный,7709,0.9858
2026-04-05T05:20:52.571451,62807,0.3↔1.0,0.812,3.0,словосочетания,3,,7710,0.9854
2026-04-05T05:20:53.336425,62822,0.3↔1.0,0.814,100.0,целые тексты,3,,7711,0.9856
2026-04-05T05:20:53.593451,62827,0.3↔1.0,0.834,0.3,буквы/слоги,2,научный,7712,0.9858
2026-04-05T05:20:53.899452,62833,0.1↔0.3,0.809,0.3,буквы/слоги,1,бытовой,7713,0.9860
2026-04-05T05:20:54.667426,62848,0.1↔0.3,0.824,30.0,абзацы,2,научный,7714,0.9856
2026-04-05T05:20:55.128452,62857,0.1↔0.3,0.813,100.0,целые тексты,3,,7715,0.9855
2026-04-05T05:20:55.704452,62868,0.1↔0.3,0.814,3.0,словосочетания,3,,7716,0.9857
2026-04-05T05:20:55.806452,62870,0.1↔0.3,0.833,3.0,словосочетания,2,научный,7717,0.9859
2026-04-05T05:20:56.163452,62877,0.3↔1.0,0.824,30.0,абзацы,3,,7718,0.9855
2026-04-05T05:20:56.267452,62879,0.3↔1.0,0.823,0.1,буквы/слоги,1,бытовой,7719,0.9854
2026-04-05T05:20:56.471452,62883,0.3↔1.0,0.836,100.0,целые тексты,3,,7720,0.9856
2026-04-05T05:20:56.777452,62889,0.1↔0.3,0.836,0.1,буквы/слоги,1,бытовой,7721,0.9858
2026-04-05T05:20:56.930452,62892,0.1↔0.3,0.814,10.0,предложения,1,бытовой,7722,0.9860
2026-04-05T05:20:57.134451,62896,0.3↔1.0,0.827,0.3,буквы/слоги,1,бытовой,7723,0.9862
2026-04-05T05:20:57.799428,62909,0.1↔0.3,0.824,100.0,целые тексты,1,бытовой,7724,0.9861
2026-04-05T05:20:58.054451,62914,0.1↔0.3,0.837,30.0,абзацы,2,научный,7725,0.9860
2026-04-05T05:20:58.309432,62919,0.1↔0.3,0.824,0.3,буквы/слоги,1,бытовой,7726,0.9862
2026-04-05T05:20:58.924452,62931,0.1↔0.3,0.837,0.1,буквы/слоги,3,,7727,0.9858
2026-04-05T05:20:58.976428,62932,0.3↔1.0,0.832,10.0,предложения,2,научный,7728,0.9860
2026-04-05T05:20:59.232451,62937,0.1↔0.3,0.821,1.0,слова,1,бытовой,7729,0.9862
2026-04-05T05:20:59.334426,62939,0.1↔0.3,0.817,10.0,предложения,2,научный,7730,0.9864
2026-04-05T05:21:00.773451,62967,0.1↔0.3,0.833,30.0,абзацы,3,,7731,0.9857
2026-04-05T05:21:01.761452,62986,0.1↔0.3,0.819,3.0,словосочетания,2,научный,7732,0.9850
2026-04-05T05:21:02.868425,63007,0.1↔0.3,0.832,100.0,целые тексты,2,научный,7733,0.9846
2026-04-05T05:21:03.101451,63011,0.3↔1.0,0.817,30.0,абзацы,1,бытовой,7734,0.9848
2026-04-05T05:21:03.968452,63028,0.1↔0.3,0.816,10.0,предложения,1,бытовой,7735,0.9847
2026-04-05T05:21:04.688452,63042,0.1↔0.3,0.808,3.0,словосочетания,1,бытовой,7736,0.9843
2026-04-05T05:21:05.097452,63050,0.3↔1.0,0.815,10.0,предложения,1,бытовой,7737,0.9839
2026-04-05T05:21:05.663452,63061,0.3↔1.0,0.836,100.0,целые тексты,1,бытовой,7738,0.9841
2026-04-05T05:21:05.765452,63063,0.3↔1.0,0.833,1.0,слова,1,бытовой,7739,0.9840
2026-04-05T05:21:06.024452,63068,0.1↔0.3,0.826,0.1,буквы/слоги,3,,7740,0.9842
2026-04-05T05:21:06.402422,63075,0.1↔0.3,0.824,0.1,буквы/слоги,3,,7741,0.9844
2026-04-05T05:21:06.559451,63078,0.3↔1.0,0.831,100.0,целые тексты,2,научный,7742,0.9843
2026-04-05T05:21:07.375452,63094,0.1↔0.3,0.836,0.1,буквы/слоги,3,,7743,0.9836
2026-04-05T05:21:07.784452,63102,0.3↔1.0,0.818,30.0,абзацы,1,бытовой,7744,0.9835
2026-04-05T05:21:07.889451,63104,0.3↔1.0,0.832,0.3,буквы/слоги,2,научный,7745,0.9837
2026-04-05T05:21:08.348452,63113,0.3↔1.0,0.815,0.1,буквы/слоги,2,научный,7746,0.9839
2026-04-05T05:21:08.400451,63114,0.1↔0.3,0.837,3.0,словосочетания,2,научный,7747,0.9841
2026-04-05T05:21:08.451451,63115,0.3↔1.0,0.835,100.0,целые тексты,2,научный,7748,0.9843
2026-04-05T05:21:09.165452,63129,0.1↔0.3,0.816,0.1,буквы/слоги,3,,7749,0.9839
2026-04-05T05:21:09.624452,63138,0.1↔0.3,0.827,1.0,слова,1,бытовой,7750,0.9841
2026-04-05T05:21:11.044451,63165,0.1↔0.3,0.821,30.0,абзацы,1,бытовой,7751,0.9840
2026-04-05T05:21:13.867452,63219,0.1↔0.3,0.835,30.0,абзацы,3,,7752,0.9824
2026-04-05T05:21:14.632452,63234,0.1↔0.3,0.833,10.0,предложения,1,бытовой,7753,0.9826
2026-04-05T05:21:15.398432,63249,0.1↔0.3,0.835,0.1,буквы/слоги,1,бытовой,7754,0.9825
2026-04-05T05:21:16.112430,63263,0.3↔1.0,0.822,0.1,буквы/слоги,3,,7755,0.9824
2026-04-05T05:21:16.571452,63272,0.1↔0.3,0.815,1.0,слова,1,бытовой,7756,0.9820
2026-04-05T05:21:16.775452,63276,0.1↔0.3,0.814,3.0,словосочетания,1,бытовой,7757,0.9822
2026-04-05T05:21:16.826452,63277,0.1↔0.3,0.831,30.0,абзацы,2,научный,7758,0.9824
2026-04-05T05:21:16.877424,63278,0.1↔0.3,0.817,30.0,абзацы,1,бытовой,7759,0.9826
2026-04-05T05:21:17.030452,63281,0.1↔0.3,0.817,3.0,словосочетания,2,научный,7760,0.9828
2026-04-05T05:21:17.898452,63298,0.1↔0.3,0.815,1.0,слова,2,научный,7761,0.9824
2026-04-05T05:21:18.510451,63310,0.3↔1.0,0.830,1.0,слова,1,бытовой,7762,0.9823
2026-04-05T05:21:18.636451,63312,0.1↔0.3,0.816,100.0,целые тексты,2,научный,7763,0.9825
2026-04-05T05:21:19.793452,63334,0.1↔0.3,0.832,30.0,абзацы,1,бытовой,7764,0.9824
2026-04-05T05:21:20.883452,63354,0.1↔0.3,0.812,100.0,целые тексты,4,метафорический,7765,0.9826
2026-04-05T05:21:21.189452,63360,0.1↔0.3,0.827,1.0,слова,3,,7766,0.9825
2026-04-05T05:21:21.648451,63369,0.3↔1.0,0.830,10.0,предложения,1,бытовой,7767,0.9827
2026-04-05T05:21:21.700452,63370,0.3↔1.0,0.820,1.0,слова,1,бытовой,7768,0.9829
2026-04-05T05:21:21.803451,63372,0.1↔0.3,0.824,10.0,предложения,4,метафорический,7769,0.9831
2026-04-05T05:21:22.416452,63384,0.3↔1.0,0.810,1.0,слова,3,,7770,0.9833
2026-04-05T05:21:23.283451,63401,0.3↔1.0,0.811,10.0,предложения,2,научный,7771,0.9826
2026-04-05T05:21:23.852451,63412,0.1↔0.3,0.831,0.1,буквы/слоги,4,метафорический,7772,0.9825
2026-04-05T05:21:24.013452,63415,0.1↔0.3,0.830,100.0,целые тексты,3,,7773,0.9824
2026-04-05T05:21:24.625452,63427,0.1↔0.3,0.830,30.0,абзацы,2,научный,7774,0.9823
2026-04-05T05:21:25.033451,63435,0.1↔0.3,0.829,0.1,буквы/слоги,3,,7775,0.9819
2026-04-05T05:21:25.186452,63438,0.3↔1.0,0.825,3.0,словосочетания,1,бытовой,7776,0.9821
2026-04-05T05:21:25.699451,63448,0.3↔1.0,0.823,0.3,буквы/слоги,3,,7777,0.9820
2026-04-05T05:21:25.750432,63449,0.1↔0.3,0.812,100.0,целые тексты,1,бытовой,7778,0.9822
2026-04-05T05:21:27.743432,63488,0.1↔0.3,0.822,0.1,буквы/слоги,2,научный,7779,0.9806
2026-04-05T05:21:27.794452,63489,0.3↔1.0,0.821,30.0,абзацы,2,научный,7780,0.9808
2026-04-05T05:21:28.202452,63497,0.1↔0.3,0.818,0.3,буквы/слоги,4,метафорический,7781,0.9810
2026-04-05T05:21:28.256452,63498,0.1↔0.3,0.810,0.1,буквы/слоги,1,бытовой,7782,0.9812
2026-04-05T05:21:28.817452,63509,0.3↔1.0,0.831,100.0,целые тексты,1,бытовой,7783,0.9814
2026-04-05T05:21:29.226452,63517,0.3↔1.0,0.827,0.3,буквы/слоги,1,бытовой,7784,0.9816
2026-04-05T05:21:29.635452,63525,0.3↔1.0,0.812,30.0,абзацы,4,метафорический,7785,0.9818
2026-04-05T05:21:29.943452,63531,0.3↔1.0,0.831,3.0,словосочетания,2,научный,7786,0.9820
2026-04-05T05:21:30.352452,63539,0.1↔0.3,0.831,3.0,словосочетания,1,бытовой,7787,0.9819
2026-04-05T05:21:30.565427,63543,0.1↔0.3,0.827,0.3,буквы/слоги,1,бытовой,7788,0.9821
2026-04-05T05:21:30.617427,63544,0.1↔0.3,0.817,100.0,целые тексты,3,,7789,0.9823
2026-04-05T05:21:31.030451,63552,0.1↔0.3,0.834,1.0,слова,4,метафорический,7790,0.9822
2026-04-05T05:21:31.183452,63555,0.1↔0.3,0.821,0.1,буквы/слоги,2,научный,7791,0.9821
2026-04-05T05:21:31.336425,63558,0.1↔0.3,0.812,0.1,буквы/слоги,4,метафорический,7792,0.9823
2026-04-05T05:21:31.441451,63560,0.1↔0.3,0.830,1.0,слова,1,бытовой,7793,0.9825
2026-04-05T05:21:31.492427,63561,0.3↔1.0,0.828,0.3,буквы/слоги,3,,7794,0.9827
2026-04-05T05:21:31.902422,63569,0.3↔1.0,0.810,0.3,буквы/слоги,2,научный,7795,0.9829
2026-04-05T05:21:32.158432,63574,0.1↔0.3,0.811,0.3,буквы/слоги,1,бытовой,7796,0.9828
2026-04-05T05:21:32.210452,63575,0.3↔1.0,0.820,0.1,буквы/слоги,2,научный,7797,0.9830
2026-04-05T05:21:32.670452,63584,0.1↔0.3,0.838,100.0,целые тексты,2,научный,7798,0.9829
2026-04-05T05:21:32.888452,63588,0.1↔0.3,0.833,10.0,предложения,4,метафорический,7799,0.9828
2026-04-05T05:21:33.041427,63591,0.3↔1.0,0.832,100.0,целые тексты,1,бытовой,7800,0.9830
2026-04-05T05:21:34.321452,63616,0.3↔1.0,0.810,30.0,абзацы,2,научный,7801,0.9826
2026-04-05T05:21:34.579451,63621,0.3↔1.0,0.824,0.3,буквы/слоги,1,бытовой,7802,0.9825
2026-04-05T05:21:36.403451,63655,0.1↔0.3,0.824,1.0,слова,1,бытовой,7803,0.9815
2026-04-05T05:21:36.862452,63664,0.3↔1.0,0.812,0.3,буквы/слоги,2,научный,7804,0.9814
2026-04-05T05:21:36.964452,63666,0.1↔0.3,0.816,10.0,предложения,2,научный,7805,0.9816
2026-04-05T05:21:37.884452,63684,0.1↔0.3,0.835,0.3,буквы/слоги,4,метафорический,7806,0.9809
2026-04-05T05:21:38.190452,63690,0.1↔0.3,0.833,10.0,предложения,1,бытовой,7807,0.9811
2026-04-05T05:21:38.343452,63693,0.1↔0.3,0.809,0.3,буквы/слоги,3,,7808,0.9813
2026-04-05T05:21:38.751452,63701,0.1↔0.3,0.809,1.0,слова,1,бытовой,7809,0.9815
2026-04-05T05:21:38.904451,63704,0.3↔1.0,0.822,3.0,словосочетания,1,бытовой,7810,0.9817
2026-04-05T05:21:39.057452,63707,0.1↔0.3,0.812,0.1,буквы/слоги,2,научный,7811,0.9819
2026-04-05T05:21:39.363451,63713,0.3↔1.0,0.835,3.0,словосочетания,3,,7812,0.9818
2026-04-05T05:21:39.465452,63715,0.3↔1.0,0.819,0.3,буквы/слоги,2,научный,7813,0.9820
2026-04-05T05:21:39.618452,63718,0.1↔0.3,0.819,10.0,предложения,1,бытовой,7814,0.9822
2026-04-05T05:21:41.098432,63747,0.1↔0.3,0.821,0.3,буквы/слоги,1,бытовой,7815,0.9812
2026-04-05T05:21:41.455451,63754,0.1↔0.3,0.827,3.0,словосочетания,3,,7816,0.9811
2026-04-05T05:21:41.627451,63757,0.1↔0.3,0.835,3.0,словосочетания,3,,7817,0.9813
2026-04-05T05:21:41.678434,63758,0.1↔0.3,0.837,0.1,буквы/слоги,3,,7818,0.9815
2026-04-05T05:21:41.730432,63759,0.3↔1.0,0.838,0.3,буквы/слоги,3,,7819,0.9817
2026-04-05T05:21:42.699452,63778,0.3↔1.0,0.835,0.1,буквы/слоги,3,,7820,0.9819
2026-04-05T05:21:42.801451,63780,0.1↔0.3,0.814,30.0,абзацы,2,научный,7821,0.9821
2026-04-05T05:21:42.903452,63782,0.3↔1.0,0.823,100.0,целые тексты,3,,7822,0.9823
2026-04-05T05:21:42.954451,63783,0.3↔1.0,0.838,0.3,буквы/слоги,3,,7823,0.9825
2026-04-05T05:21:43.158451,63787,0.1↔0.3,0.833,100.0,целые тексты,3,,7824,0.9827
2026-04-05T05:21:43.881452,63801,0.1↔0.3,0.837,0.1,буквы/слоги,3,,7825,0.9823
2026-04-05T05:21:44.437451,63811,0.3↔1.0,0.822,0.3,буквы/слоги,3,,7826,0.9822
2026-04-05T05:21:44.795451,63818,0.3↔1.0,0.836,3.0,словосочетания,2,научный,7827,0.9824
2026-04-05T05:21:44.949451,63821,0.3↔1.0,0.821,3.0,словосочетания,1,бытовой,7828,0.9826
2026-04-05T05:21:45.461452,63831,0.1↔0.3,0.833,30.0,абзацы,2,научный,7829,0.9825
2026-04-05T05:21:45.512427,63832,0.1↔0.3,0.832,10.0,предложения,3,,7830,0.9827
2026-04-05T05:21:45.721452,63836,0.1↔0.3,0.835,0.3,буквы/слоги,1,бытовой,7831,0.9826
2026-04-05T05:21:46.164452,63844,0.1↔0.3,0.813,100.0,целые тексты,2,научный,7832,0.9828
2026-04-05T05:21:46.420429,63849,0.1↔0.3,0.831,0.3,буквы/слоги,2,научный,7833,0.9827
2026-04-05T05:21:46.522451,63851,0.1↔0.3,0.817,0.3,буквы/слоги,1,бытовой,7834,0.9829
2026-04-05T05:21:47.032452,63861,0.1↔0.3,0.815,3.0,словосочетания,4,метафорический,7835,0.9831
2026-04-05T05:21:47.695451,63874,0.1↔0.3,0.831,0.1,буквы/слоги,2,научный,7836,0.9833
2026-04-05T05:21:49.776451,63914,0.1↔0.3,0.822,0.3,буквы/слоги,2,научный,7837,0.9817
2026-04-05T05:21:49.981452,63918,0.3↔1.0,0.828,10.0,предложения,4,метафорический,7838,0.9816
2026-04-05T05:21:51.206427,63942,0.1↔0.3,0.837,100.0,целые тексты,1,бытовой,7839,0.9812
2026-04-05T05:21:53.337425,63983,0.3↔1.0,0.833,30.0,абзацы,1,бытовой,7840,0.9802
2026-04-05T05:21:53.440432,63985,0.1↔0.3,0.809,0.3,буквы/слоги,1,бытовой,7841,0.9804
2026-04-05T05:21:53.797452,63992,0.3↔1.0,0.835,3.0,словосочетания,1,бытовой,7842,0.9806
2026-04-05T05:21:54.001451,63996,0.1↔0.3,0.812,0.3,буквы/слоги,2,научный,7843,0.9808
2026-04-05T05:21:54.307452,64002,0.1↔0.3,0.809,3.0,словосочетания,3,,7844,0.9807
2026-04-05T05:21:54.562452,64007,0.3↔1.0,0.811,30.0,абзацы,2,научный,7845,0.9809
2026-04-05T05:21:54.613452,64008,0.1↔0.3,0.834,100.0,целые тексты,2,научный,7846,0.9811
2026-04-05T05:21:54.919451,64014,0.3↔1.0,0.838,0.1,буквы/слоги,2,научный,7847,0.9813
2026-04-05T05:21:55.072452,64017,0.1↔0.3,0.819,10.0,предложения,3,,7848,0.9815
2026-04-05T05:21:55.643452,64028,0.1↔0.3,0.814,100.0,целые тексты,2,научный,7849,0.9811
2026-04-05T05:21:56.256452,64040,0.1↔0.3,0.821,10.0,предложения,3,,7850,0.9813
2026-04-05T05:21:56.358452,64042,0.3↔1.0,0.831,3.0,словосочетания,2,научный,7851,0.9815
2026-04-05T05:21:56.817452,64051,0.3↔1.0,0.836,3.0,словосочетания,3,,7852,0.9817
2026-04-05T05:21:56.972451,64054,0.3↔1.0,0.817,10.0,предложения,1,бытовой,7853,0.9819
2026-04-05T05:21:57.228451,64059,0.1↔0.3,0.811,0.1,буквы/слоги,3,,7854,0.9821
2026-04-05T05:21:57.381452,64062,0.1↔0.3,0.818,3.0,словосочетания,4,метафорический,7855,0.9823
2026-04-05T05:21:58.302452,64080,0.3↔1.0,0.819,3.0,словосочетания,1,бытовой,7856,0.9816
2026-04-05T05:21:58.358429,64081,0.3↔1.0,0.830,0.1,буквы/слоги,2,научный,7857,0.9818
2026-04-05T05:21:59.179452,64097,0.3↔1.0,0.811,100.0,целые тексты,2,научный,7858,0.9808
2026-04-05T05:21:59.332426,64100,0.1↔0.3,0.825,3.0,словосочетания,3,,7859,0.9810
2026-04-05T05:21:59.442451,64102,0.1↔0.3,0.825,30.0,абзацы,1,бытовой,7860,0.9812
2026-04-05T05:21:59.595452,64105,0.3↔1.0,0.813,1.0,слова,1,бытовой,7861,0.9811
2026-04-05T05:21:59.800423,64109,0.1↔0.3,0.810,30.0,абзацы,4,метафорический,7862,0.9807
2026-04-05T05:22:02.155452,64155,0.3↔1.0,0.833,0.1,буквы/слоги,2,научный,7863,0.9806
2026-04-05T05:22:02.311452,64158,0.1↔0.3,0.820,100.0,целые тексты,4,метафорический,7864,0.9805
2026-04-05T05:22:03.893451,64189,0.3↔1.0,0.820,0.1,буквы/слоги,4,метафорический,7865,0.9802
2026-04-05T05:22:04.507452,64201,0.1↔0.3,0.831,30.0,абзацы,3,,7866,0.9802
2026-04-05T05:22:05.273451,64216,0.1↔0.3,0.836,0.1,буквы/слоги,1,бытовой,7867,0.9804
2026-04-05T05:22:05.324452,64217,0.1↔0.3,0.831,30.0,абзацы,2,научный,7868,0.9806
2026-04-05T05:22:05.375452,64218,0.3↔1.0,0.821,1.0,слова,2,научный,7869,0.9808
2026-04-05T05:22:05.834452,64227,0.1↔0.3,0.823,0.1,буквы/слоги,3,,7870,0.9804
2026-04-05T05:22:05.987451,64230,0.1↔0.3,0.835,30.0,абзацы,3,,7871,0.9806
2026-04-05T05:22:06.599427,64242,0.1↔0.3,0.809,100.0,целые тексты,4,метафорический,7872,0.9805
2026-04-05T05:22:06.755452,64245,0.3↔1.0,0.811,0.1,буквы/слоги,3,,7873,0.9807
2026-04-05T05:22:07.775452,64265,0.1↔0.3,0.813,10.0,предложения,3,,7874,0.9809
2026-04-05T05:22:08.814452,64285,0.1↔0.3,0.832,0.1,буквы/слоги,1,бытовой,7875,0.9811
2026-04-05T05:22:08.916452,64287,0.1↔0.3,0.831,1.0,слова,1,бытовой,7876,0.9813
2026-04-05T05:22:09.018452,64289,0.3↔1.0,0.825,30.0,абзацы,3,,7877,0.9815
2026-04-05T05:22:09.988451,64308,0.3↔1.0,0.811,0.1,буквы/слоги,1,бытовой,7878,0.9811
2026-04-05T05:22:10.962422,64326,0.1↔0.3,0.820,100.0,целые тексты,2,научный,7879,0.9810
2026-04-05T05:22:11.780452,64342,0.3↔1.0,0.818,10.0,предложения,2,научный,7880,0.9806
2026-04-05T05:22:11.984452,64346,0.1↔0.3,0.836,1.0,слова,2,научный,7881,0.9805
2026-04-05T05:22:12.035427,64347,0.3↔1.0,0.837,0.3,буквы/слоги,2,научный,7882,0.9807
2026-04-05T05:22:12.087432,64348,0.1↔0.3,0.815,0.3,буквы/слоги,2,научный,7883,0.9809
2026-04-05T05:22:12.868452,64363,0.1↔0.3,0.815,100.0,целые тексты,1,бытовой,7884,0.9811
2026-04-05T05:22:13.021452,64366,0.1↔0.3,0.812,3.0,словосочетания,1,бытовой,7885,0.9813
2026-04-05T05:22:13.684451,64379,0.1↔0.3,0.812,3.0,словосочетания,1,бытовой,7886,0.9815
2026-04-05T05:22:13.788451,64381,0.3↔1.0,0.823,0.3,буквы/слоги,4,метафорический,7887,0.9817
2026-04-05T05:22:13.839451,64382,0.3↔1.0,0.815,10.0,предложения,3,,7888,0.9819
2026-04-05T05:22:14.145451,64388,0.3↔1.0,0.809,10.0,предложения,1,бытовой,7889,0.9818
2026-04-05T05:22:14.349452,64392,0.1↔0.3,0.816,10.0,предложения,2,научный,7890,0.9820
2026-04-05T05:22:14.400452,64393,0.1↔0.3,0.820,0.3,буквы/слоги,4,метафорический,7891,0.9822
2026-04-05T05:22:15.013451,64405,0.1↔0.3,0.835,10.0,предложения,1,бытовой,7892,0.9818
2026-04-05T05:22:15.421451,64413,0.1↔0.3,0.823,3.0,словосочетания,1,бытовой,7893,0.9820
2026-04-05T05:22:15.524432,64415,0.1↔0.3,0.819,3.0,словосочетания,2,научный,7894,0.9819
2026-04-05T05:22:16.035451,64425,0.1↔0.3,0.837,0.1,буквы/слоги,3,,7895,0.9821
2026-04-05T05:22:16.547425,64435,0.3↔1.0,0.819,30.0,абзацы,1,бытовой,7896,0.9823
2026-04-05T05:22:16.956452,64443,0.3↔1.0,0.818,3.0,словосочетания,1,бытовой,7897,0.9825
2026-04-05T05:22:17.520452,64454,0.3↔1.0,0.826,100.0,целые тексты,1,бытовой,7898,0.9821
2026-04-05T05:22:17.673432,64457,0.1↔0.3,0.823,0.3,буквы/слоги,1,бытовой,7899,0.9823
2026-04-05T05:22:18.030452,64464,0.1↔0.3,0.826,3.0,словосочетания,3,,7900,0.9825
2026-04-05T05:22:18.084427,64465,0.3↔1.0,0.835,0.1,буквы/слоги,1,бытовой,7901,0.9827
2026-04-05T05:22:18.710451,64477,0.1↔0.3,0.810,30.0,абзацы,2,научный,7902,0.9823
2026-04-05T05:22:19.800451,64498,0.1↔0.3,0.831,30.0,абзацы,3,,7903,0.9822
2026-04-05T05:22:19.923452,64500,0.3↔1.0,0.835,0.1,буквы/слоги,4,метафорический,7904,0.9824
2026-04-05T05:22:21.386452,64528,0.1↔0.3,0.820,0.3,буквы/слоги,3,,7905,0.9811
2026-04-05T05:22:21.488451,64530,0.3↔1.0,0.820,1.0,слова,1,бытовой,7906,0.9813
2026-04-05T05:22:21.539432,64531,0.3↔1.0,0.823,100.0,целые тексты,3,,7907,0.9815
2026-04-05T05:22:21.590451,64532,0.1↔0.3,0.829,0.3,буквы/слоги,1,бытовой,7908,0.9817
2026-04-05T05:22:21.845452,64537,0.3↔1.0,0.837,0.3,буквы/слоги,1,бытовой,7909,0.9819
2026-04-05T05:22:22.929425,64558,0.1↔0.3,0.816,100.0,целые тексты,3,,7910,0.9821
2026-04-05T05:22:23.389451,64567,0.3↔1.0,0.810,0.1,буквы/слоги,1,бытовой,7911,0.9820
2026-04-05T05:22:23.440427,64568,0.1↔0.3,0.813,100.0,целые тексты,1,бытовой,7912,0.9822
2026-04-05T05:22:23.746432,64574,0.3↔1.0,0.827,30.0,абзацы,4,метафорический,7913,0.9824
2026-04-05T05:22:23.849452,64576,0.3↔1.0,0.832,0.1,буквы/слоги,2,научный,7914,0.9823
2026-04-05T05:22:24.087452,64580,0.1↔0.3,0.831,10.0,предложения,1,бытовой,7915,0.9825
2026-04-05T05:22:24.291452,64584,0.1↔0.3,0.829,10.0,предложения,3,,7916,0.9827
2026-04-05T05:22:25.097427,64599,0.1↔0.3,0.835,0.1,буквы/слоги,1,бытовой,7917,0.9820
2026-04-05T05:22:25.148452,64600,0.3↔1.0,0.810,0.1,буквы/слоги,1,бытовой,7918,0.9822
2026-04-05T05:22:25.201423,64601,0.3↔1.0,0.826,3.0,словосочетания,2,научный,7919,0.9824
2026-04-05T05:22:26.323451,64622,0.3↔1.0,0.815,1.0,слова,1,бытовой,7920,0.9817
2026-04-05T05:22:26.374451,64623,0.1↔0.3,0.836,10.0,предложения,2,научный,7921,0.9819
2026-04-05T05:22:27.190451,64639,0.3↔1.0,0.828,1.0,слова,3,,7922,0.9812
2026-04-05T05:22:27.649452,64648,0.1↔0.3,0.817,0.1,буквы/слоги,4,метафорический,7923,0.9814
2026-04-05T05:22:27.875452,64652,0.1↔0.3,0.835,3.0,словосочетания,1,бытовой,7924,0.9816
2026-04-05T05:22:28.233432,64659,0.1↔0.3,0.821,30.0,абзацы,3,,7925,0.9815
2026-04-05T05:22:28.591428,64666,0.3↔1.0,0.813,3.0,словосочетания,4,метафорический,7926,0.9814
2026-04-05T05:22:29.204452,64678,0.1↔0.3,0.809,0.1,буквы/слоги,1,бытовой,7927,0.9816
2026-04-05T05:22:30.844452,64709,0.3↔1.0,0.820,0.3,буквы/слоги,2,научный,7928,0.9809
2026-04-05T05:22:31.461452,64721,0.1↔0.3,0.819,1.0,слова,3,,7929,0.9805
2026-04-05T05:22:31.512452,64722,0.1↔0.3,0.835,3.0,словосочетания,1,бытовой,7930,0.9807
2026-04-05T05:22:31.614452,64724,0.3↔1.0,0.819,1.0,слова,1,бытовой,7931,0.9809
2026-04-05T05:22:32.278452,64737,0.1↔0.3,0.838,30.0,абзацы,1,бытовой,7932,0.9811
2026-04-05T05:22:32.431452,64740,0.3↔1.0,0.812,0.1,буквы/слоги,1,бытовой,7933,0.9813
2026-04-05T05:22:34.524451,64781,0.3↔1.0,0.823,100.0,целые тексты,2,научный,7934,0.9806
2026-04-05T05:22:36.433451,64818,0.3↔1.0,0.825,3.0,словосочетания,2,научный,7935,0.9802
2026-04-05T05:22:36.892452,64827,0.1↔0.3,0.812,10.0,предложения,1,бытовой,7936,0.9804
2026-04-05T05:22:36.948427,64828,0.1↔0.3,0.830,0.1,буквы/слоги,3,,7937,0.9806
2026-04-05T05:22:37.362452,64836,0.1↔0.3,0.829,3.0,словосочетания,2,научный,7938,0.9802
2026-04-05T05:22:37.770452,64844,0.3↔1.0,0.811,30.0,абзацы,1,бытовой,7939,0.9804
2026-04-05T05:22:37.873451,64846,0.3↔1.0,0.812,100.0,целые тексты,2,научный,7940,0.9806
2026-04-05T05:22:38.332425,64855,0.1↔0.3,0.830,0.1,буквы/слоги,1,бытовой,7941,0.9808
2026-04-05T05:22:38.590452,64860,0.3↔1.0,0.820,0.1,буквы/слоги,3,,7942,0.9807
2026-04-05T05:22:39.002427,64868,0.1↔0.3,0.815,10.0,предложения,1,бытовой,7943,0.9803
2026-04-05T05:22:39.054432,64869,0.1↔0.3,0.820,1.0,слова,4,метафорический,7944,0.9805
2026-04-05T05:22:39.411452,64876,0.3↔1.0,0.817,3.0,словосочетания,2,научный,7945,0.9807
2026-04-05T05:22:39.565451,64879,0.3↔1.0,0.813,10.0,предложения,2,научный,7946,0.9809
2026-04-05T05:22:39.774452,64883,0.1↔0.3,0.836,1.0,слова,3,,7947,0.9808
2026-04-05T05:22:40.131451,64890,0.3↔1.0,0.832,0.3,буквы/слоги,3,,7948,0.9807
2026-04-05T05:22:40.234451,64892,0.1↔0.3,0.820,100.0,целые тексты,3,,7949,0.9806
2026-04-05T05:22:40.285432,64893,0.1↔0.3,0.829,3.0,словосочетания,3,,7950,0.9808
2026-04-05T05:22:40.949451,64906,0.3↔1.0,0.830,0.1,буквы/слоги,3,,7951,0.9807
2026-04-05T05:22:41.255452,64912,0.3↔1.0,0.810,0.1,буквы/слоги,1,бытовой,7952,0.9806
2026-04-05T05:22:42.492422,64935,0.1↔0.3,0.836,1.0,слова,1,бытовой,7953,0.9805
2026-04-05T05:22:42.851451,64942,0.3↔1.0,0.824,3.0,словосочетания,1,бытовой,7954,0.9804
2026-04-05T05:22:44.433432,64973,0.1↔0.3,0.834,1.0,слова,3,,7955,0.9803
2026-04-05T05:22:44.493422,64974,0.1↔0.3,0.815,10.0,предложения,3,,7956,0.9805
2026-04-05T05:22:44.555427,64975,0.3↔1.0,0.826,100.0,целые тексты,1,бытовой,7957,0.9807
2026-04-05T05:22:44.710434,64978,0.3↔1.0,0.835,1.0,слова,4,метафорический,7958,0.9806
2026-04-05T05:22:44.863452,64981,0.1↔0.3,0.812,10.0,предложения,3,,7959,0.9808
2026-04-05T05:22:44.965451,64983,0.3↔1.0,0.824,3.0,словосочетания,1,бытовой,7960,0.9810
2026-04-05T05:22:45.629452,64996,0.3↔1.0,0.821,0.3,буквы/слоги,4,метафорический,7961,0.9802
2026-04-05T05:22:46.088451,65005,0.3↔1.0,0.813,0.1,буквы/слоги,2,научный,7962,0.9804
2026-04-05T05:22:46.191451,65007,0.1↔0.3,0.813,1.0,слова,4,метафорический,7963,0.9806
2026-04-05T05:22:46.395451,65011,0.3↔1.0,0.820,1.0,слова,3,,7964,0.9808
2026-04-05T05:22:46.599452,65015,0.1↔0.3,0.809,3.0,словосочетания,3,,7965,0.9810
2026-04-05T05:22:47.948452,65041,0.1↔0.3,0.827,1.0,слова,4,метафорический,7966,0.9812
2026-04-05T05:22:48.156451,65045,0.3↔1.0,0.828,0.3,буквы/слоги,2,научный,7967,0.9811
2026-04-05T05:22:48.870452,65059,0.1↔0.3,0.820,30.0,абзацы,2,научный,7968,0.9813
2026-04-05T05:22:49.023451,65062,0.1↔0.3,0.816,10.0,предложения,2,научный,7969,0.9815
2026-04-05T05:22:49.176452,65065,0.1↔0.3,0.835,10.0,предложения,3,,7970,0.9817
2026-04-05T05:22:49.227452,65066,0.1↔0.3,0.811,0.1,буквы/слоги,4,метафорический,7971,0.9819
2026-04-05T05:22:49.431452,65070,0.1↔0.3,0.826,100.0,целые тексты,3,,7972,0.9821
2026-04-05T05:22:49.952451,65080,0.3↔1.0,0.825,0.3,буквы/слоги,3,,7973,0.9823
2026-04-05T05:22:50.835452,65097,0.3↔1.0,0.816,0.1,буквы/слоги,4,метафорический,7974,0.9825
2026-04-05T05:22:51.753452,65115,0.1↔0.3,0.830,30.0,абзацы,3,,7975,0.9824
2026-04-05T05:22:52.213452,65124,0.1↔0.3,0.816,10.0,предложения,2,научный,7976,0.9826
2026-04-05T05:22:52.374452,65127,0.1↔0.3,0.836,0.3,буквы/слоги,2,научный,7977,0.9828
2026-04-05T05:22:52.425451,65128,0.1↔0.3,0.817,1.0,слова,3,,7978,0.9830
2026-04-05T05:22:52.629452,65132,0.1↔0.3,0.815,1.0,слова,2,научный,7979,0.9829
2026-04-05T05:22:52.731452,65134,0.1↔0.3,0.814,30.0,абзацы,3,,7980,0.9831
2026-04-05T05:22:52.833452,65136,0.1↔0.3,0.817,0.3,буквы/слоги,1,бытовой,7981,0.9833
2026-04-05T05:23:47.117428,65142,0.3↔1.0,0.817,30.0,абзацы,1,бытовой,7982,0.9835
2026-04-05T05:23:47.373452,65147,0.1↔0.3,0.819,100.0,целые тексты,3,,7983,0.9837
2026-04-05T05:23:47.679451,65153,0.1↔0.3,0.838,0.3,буквы/слоги,1,бытовой,7984,0.9839
2026-04-05T05:23:47.833427,65156,0.3↔1.0,0.837,0.1,буквы/слоги,3,,7985,0.9841
2026-04-05T05:23:48.333426,65165,0.3↔1.0,0.811,1.0,слова,3,,7986,0.9837
2026-04-05T05:23:48.895452,65176,0.1↔0.3,0.814,1.0,слова,1,бытовой,7987,0.9839
2026-04-05T05:23:49.048451,65179,0.1↔0.3,0.832,100.0,целые тексты,3,,7988,0.9841
2026-04-05T05:23:51.386452,65224,0.1↔0.3,0.819,0.1,буквы/слоги,1,бытовой,7989,0.9837
2026-04-05T05:23:52.175452,65239,0.1↔0.3,0.823,3.0,словосочетания,1,бытовой,7990,0.9833
2026-04-05T05:23:53.049452,65255,0.3↔1.0,0.835,10.0,предложения,2,научный,7991,0.9832
2026-04-05T05:23:53.406425,65262,0.3↔1.0,0.826,1.0,слова,3,,7992,0.9834
2026-04-05T05:23:53.508426,65264,0.1↔0.3,0.819,0.3,буквы/слоги,1,бытовой,7993,0.9836
2026-04-05T05:23:54.327452,65280,0.3↔1.0,0.830,100.0,целые тексты,2,научный,7994,0.9835
2026-04-05T05:23:54.634451,65286,0.1↔0.3,0.832,0.3,буквы/слоги,3,,7995,0.9837
2026-04-05T05:23:55.097452,65295,0.3↔1.0,0.833,0.1,буквы/слоги,1,бытовой,7996,0.9839
2026-04-05T05:23:55.556451,65304,0.1↔0.3,0.829,3.0,словосочетания,2,научный,7997,0.9838
2026-04-05T05:23:55.863451,65310,0.1↔0.3,0.836,1.0,слова,3,,7998,0.9837
2026-04-05T05:23:56.067452,65314,0.1↔0.3,0.809,0.3,буквы/слоги,1,бытовой,7999,0.9839
2026-04-05T05:23:56.679452,65326,0.3↔1.0,0.826,3.0,словосочетания,2,научный,8000,0.9841
2026-04-05T05:23:56.730426,65327,0.1↔0.3,0.832,0.1,буквы/слоги,3,,8001,0.9843
2026-04-05T05:23:56.884452,65330,0.1↔0.3,0.838,0.1,буквы/слоги,1,бытовой,8002,0.9845
2026-04-05T05:23:57.190452,65336,0.1↔0.3,0.837,0.1,буквы/слоги,1,бытовой,8003,0.9847
2026-04-05T05:23:58.117452,65354,0.3↔1.0,0.823,30.0,абзацы,2,научный,8004,0.9843
2026-04-05T05:23:58.423452,65360,0.1↔0.3,0.822,100.0,целые тексты,1,бытовой,8005,0.9845
2026-04-05T05:23:58.933432,65370,0.1↔0.3,0.824,3.0,словосочетания,3,,8006,0.9844
2026-04-05T05:23:58.984432,65371,0.3↔1.0,0.831,30.0,абзацы,2,научный,8007,0.9846
2026-04-05T05:23:59.035452,65372,0.1↔0.3,0.813,0.3,буквы/слоги,2,научный,8008,0.9848
2026-04-05T05:23:59.300426,65377,0.3↔1.0,0.837,3.0,словосочетания,4,метафорический,8009,0.9850
2026-04-05T05:23:59.711452,65385,0.1↔0.3,0.808,30.0,абзацы,2,научный,8010,0.9852
2026-04-05T05:24:00.733451,65405,0.1↔0.3,0.829,0.3,буквы/слоги,3,,8011,0.9848
2026-04-05T05:24:01.397427,65418,0.3↔1.0,0.830,10.0,предложения,2,научный,8012,0.9841
2026-04-05T05:24:01.501428,65420,0.1↔0.3,0.821,30.0,абзацы,2,научный,8013,0.9840
2026-04-05T05:24:02.625451,65441,0.1↔0.3,0.820,3.0,словосочетания,2,научный,8014,0.9839
2026-04-05T05:24:02.778452,65444,0.3↔1.0,0.824,30.0,абзацы,2,научный,8015,0.9841
2026-04-05T05:24:04.207451,65472,0.1↔0.3,0.812,100.0,целые тексты,2,научный,8016,0.9840
2026-04-05T05:24:04.258433,65473,0.1↔0.3,0.829,30.0,абзацы,3,,8017,0.9842
2026-04-05T05:24:04.564452,65479,0.1↔0.3,0.822,100.0,целые тексты,3,,8018,0.9844
2026-04-05T05:24:04.974452,65487,0.3↔1.0,0.814,100.0,целые тексты,3,,8019,0.9843
2026-04-05T05:24:05.076452,65489,0.1↔0.3,0.829,30.0,абзацы,1,бытовой,8020,0.9845
2026-04-05T05:24:05.127452,65490,0.1↔0.3,0.838,0.1,буквы/слоги,2,научный,8021,0.9847
2026-04-05T05:24:05.764451,65502,0.1↔0.3,0.809,30.0,абзацы,4,метафорический,8022,0.9840
2026-04-05T05:24:06.326425,65513,0.1↔0.3,0.817,30.0,абзацы,3,,8023,0.9842
2026-04-05T05:24:06.991427,65526,0.3↔1.0,0.810,3.0,словосочетания,4,метафорический,8024,0.9841
2026-04-05T05:24:07.043452,65527,0.3↔1.0,0.814,3.0,словосочетания,3,,8025,0.9843
2026-04-05T05:24:07.196452,65530,0.3↔1.0,0.815,3.0,словосочетания,1,бытовой,8026,0.9842
2026-04-05T05:24:07.247452,65531,0.1↔0.3,0.817,30.0,абзацы,1,бытовой,8027,0.9844
2026-04-05T05:24:07.451452,65535,0.1↔0.3,0.811,10.0,предложения,1,бытовой,8028,0.9843
2026-04-05T05:24:07.710452,65540,0.1↔0.3,0.822,30.0,абзацы,3,,8029,0.9842
2026-04-05T05:24:08.344426,65552,0.1↔0.3,0.815,3.0,словосочетания,2,научный,8030,0.9841
2026-04-05T05:24:08.450451,65554,0.1↔0.3,0.837,100.0,целые тексты,3,,8031,0.9843
2026-04-05T05:24:08.501452,65555,0.3↔1.0,0.833,3.0,словосочетания,2,научный,8032,0.9845
2026-04-05T05:24:08.552433,65556,0.1↔0.3,0.826,0.1,буквы/слоги,2,научный,8033,0.9847
2026-04-05T05:24:09.064451,65566,0.1↔0.3,0.821,3.0,словосочетания,1,бытовой,8034,0.9843
2026-04-05T05:24:09.166426,65568,0.3↔1.0,0.832,0.3,буквы/слоги,1,бытовой,8035,0.9842
2026-04-05T05:24:09.931452,65583,0.1↔0.3,0.823,3.0,словосочетания,2,научный,8036,0.9835
2026-04-05T05:24:10.136452,65587,0.3↔1.0,0.821,0.3,буквы/слоги,3,,8037,0.9834
2026-04-05T05:24:10.187452,65588,0.3↔1.0,0.828,30.0,абзацы,3,,8038,0.9836
2026-04-05T05:24:11.124451,65606,0.3↔1.0,0.836,10.0,предложения,1,бытовой,8039,0.9835
2026-04-05T05:24:11.277452,65609,0.1↔0.3,0.827,100.0,целые тексты,2,научный,8040,0.9837
2026-04-05T05:24:12.817426,65639,0.1↔0.3,0.820,100.0,целые тексты,1,бытовой,8041,0.9824
2026-04-05T05:24:13.636451,65655,0.1↔0.3,0.831,1.0,слова,4,метафорический,8042,0.9820
2026-04-05T05:24:15.779451,65697,0.3↔1.0,0.810,1.0,слова,1,бытовой,8043,0.9816
2026-04-05T05:24:16.596451,65713,0.1↔0.3,0.830,100.0,целые тексты,3,,8044,0.9812
2026-04-05T05:24:17.548451,65731,0.3↔1.0,0.830,30.0,абзацы,3,,8045,0.9808
2026-04-05T05:24:18.477452,65748,0.3↔1.0,0.827,30.0,абзацы,2,научный,8046,0.9807
2026-04-05T05:24:19.039427,65759,0.1↔0.3,0.827,0.1,буквы/слоги,3,,8047,0.9806
2026-04-05T05:24:19.142452,65761,0.1↔0.3,0.834,10.0,предложения,3,,8048,0.9808
2026-04-05T05:24:19.244452,65763,0.1↔0.3,0.814,100.0,целые тексты,1,бытовой,8049,0.9810
2026-04-05T05:24:20.451452,65786,0.1↔0.3,0.830,0.1,буквы/слоги,3,,8050,0.9812
2026-04-05T05:24:20.911452,65795,0.3↔1.0,0.836,0.3,буквы/слоги,3,,8051,0.9811
2026-04-05T05:24:21.064452,65798,0.1↔0.3,0.822,0.1,буквы/слоги,2,научный,8052,0.9813
2026-04-05T05:24:21.421452,65805,0.3↔1.0,0.809,0.1,буквы/слоги,1,бытовой,8053,0.9815
2026-04-05T05:24:21.472452,65806,0.1↔0.3,0.810,0.1,буквы/слоги,1,бытовой,8054,0.9817
2026-04-05T05:24:22.386426,65823,0.1↔0.3,0.833,30.0,абзацы,2,научный,8055,0.9813
2026-04-05T05:24:22.898452,65833,0.1↔0.3,0.819,0.3,буквы/слоги,3,,8056,0.9806
2026-04-05T05:24:23.102432,65837,0.1↔0.3,0.828,0.1,буквы/слоги,1,бытовой,8057,0.9808
2026-04-05T05:24:23.306452,65841,0.1↔0.3,0.831,0.1,буквы/слоги,3,,8058,0.9807
2026-04-05T05:24:23.969452,65854,0.1↔0.3,0.818,10.0,предложения,2,научный,8059,0.9806
2026-04-05T05:24:24.020429,65855,0.1↔0.3,0.830,30.0,абзацы,4,метафорический,8060,0.9808
2026-04-05T05:24:24.122427,65857,0.3↔1.0,0.828,100.0,целые тексты,2,научный,8061,0.9810
2026-04-05T05:24:24.225452,65859,0.3↔1.0,0.810,10.0,предложения,2,научный,8062,0.9812
2026-04-05T05:24:24.554429,65865,0.1↔0.3,0.823,30.0,абзацы,3,,8063,0.9811
2026-04-05T05:24:25.065451,65875,0.1↔0.3,0.818,3.0,словосочетания,2,научный,8064,0.9807
2026-04-05T05:24:25.371452,65881,0.3↔1.0,0.820,0.3,буквы/слоги,1,бытовой,8065,0.9809
2026-04-05T05:24:25.485426,65883,0.1↔0.3,0.835,30.0,абзацы,2,научный,8066,0.9808
2026-04-05T05:24:25.945452,65892,0.1↔0.3,0.829,0.3,буквы/слоги,3,,8067,0.9804
2026-04-05T05:24:26.168428,65896,0.1↔0.3,0.824,100.0,целые тексты,3,,8068,0.9802
2026-04-05T05:24:26.613451,65904,0.3↔1.0,0.810,0.3,буквы/слоги,1,бытовой,8069,0.9802
2026-04-05T05:24:26.720452,65906,0.3↔1.0,0.823,3.0,словосочетания,2,научный,8070,0.9804
2026-04-05T05:24:27.077452,65913,0.1↔0.3,0.822,100.0,целые тексты,3,,8071,0.9803
2026-04-05T05:24:27.281452,65917,0.1↔0.3,0.812,0.3,буквы/слоги,4,метафорический,8072,0.9805
2026-04-05T05:24:27.743451,65926,0.1↔0.3,0.809,100.0,целые тексты,4,метафорический,8073,0.9804
2026-04-05T05:24:28.153452,65934,0.3↔1.0,0.833,1.0,слова,1,бытовой,8074,0.9806
2026-04-05T05:24:28.613452,65943,0.3↔1.0,0.836,1.0,слова,1,бытовой,8075,0.9808
2026-04-05T05:24:28.766452,65946,0.3↔1.0,0.824,30.0,абзацы,1,бытовой,8076,0.9810
2026-04-05T05:24:29.072452,65952,0.3↔1.0,0.828,30.0,абзацы,1,бытовой,8077,0.9812
2026-04-05T05:24:29.327425,65957,0.1↔0.3,0.834,1.0,слова,3,,8078,0.9814
2026-04-05T05:24:29.532451,65961,0.3↔1.0,0.816,1.0,слова,1,бытовой,8079,0.9816
2026-04-05T05:24:29.838452,65967,0.3↔1.0,0.832,0.3,буквы/слоги,1,бытовой,8080,0.9815
2026-04-05T05:24:31.090451,65991,0.1↔0.3,0.826,100.0,целые тексты,3,,8081,0.9817
2026-04-05T05:24:31.345452,65996,0.3↔1.0,0.824,0.1,буквы/слоги,1,бытовой,8082,0.9819
2026-04-05T05:24:31.804452,66005,0.3↔1.0,0.836,3.0,словосочетания,3,,8083,0.9821
2026-04-05T05:24:32.767451,66023,0.1↔0.3,0.836,0.3,буквы/слоги,1,бытовой,8084,0.9820
2026-04-05T05:24:33.229452,66032,0.1↔0.3,0.838,1.0,слова,1,бытовой,8085,0.9819
2026-04-05T05:24:33.638451,66040,0.1↔0.3,0.812,30.0,абзацы,3,,8086,0.9815
2026-04-05T05:24:34.556452,66058,0.1↔0.3,0.810,1.0,слова,2,научный,8087,0.9817
2026-04-05T05:24:34.965451,66066,0.3↔1.0,0.829,1.0,слова,3,,8088,0.9819
2026-04-05T05:24:35.174451,66070,0.1↔0.3,0.832,10.0,предложения,3,,8089,0.9821
2026-04-05T05:24:35.642423,66079,0.1↔0.3,0.825,10.0,предложения,1,бытовой,8090,0.9820
2026-04-05T05:24:35.899452,66084,0.1↔0.3,0.813,3.0,словосочетания,2,научный,8091,0.9822
2026-04-05T05:24:36.206451,66090,0.1↔0.3,0.831,1.0,слова,4,метафорический,8092,0.9824
2026-04-05T05:24:37.738451,66120,0.1↔0.3,0.826,30.0,абзацы,2,научный,8093,0.9817
2026-04-05T05:24:39.126451,66147,0.1↔0.3,0.825,10.0,предложения,3,,8094,0.9819
2026-04-05T05:24:39.228451,66149,0.3↔1.0,0.819,10.0,предложения,1,бытовой,8095,0.9821
2026-04-05T05:24:39.841451,66161,0.3↔1.0,0.829,1.0,слова,3,,8096,0.9820
2026-04-05T05:24:39.995451,66164,0.3↔1.0,0.824,30.0,абзацы,1,бытовой,8097,0.9822
2026-04-05T05:24:42.004452,66203,0.1↔0.3,0.825,100.0,целые тексты,1,бытовой,8098,0.9821
2026-04-05T05:24:42.210452,66207,0.3↔1.0,0.815,10.0,предложения,4,метафорический,8099,0.9820
2026-04-05T05:24:42.519452,66213,0.1↔0.3,0.821,0.3,буквы/слоги,1,бытовой,8100,0.9822
2026-04-05T05:24:42.673452,66216,0.1↔0.3,0.826,10.0,предложения,1,бытовой,8101,0.9824
2026-04-05T05:24:42.809452,66218,0.1↔0.3,0.817,30.0,абзацы,3,,8102,0.9826
2026-04-05T05:24:43.524451,66232,0.1↔0.3,0.830,10.0,предложения,1,бытовой,8103,0.9828
2026-04-05T05:24:43.934451,66240,0.1↔0.3,0.822,1.0,слова,1,бытовой,8104,0.9830
2026-04-05T05:24:44.036452,66242,0.3↔1.0,0.826,0.1,буквы/слоги,2,научный,8105,0.9832
2026-04-05T05:24:44.240425,66246,0.3↔1.0,0.821,3.0,словосочетания,3,,8106,0.9834
2026-04-05T05:24:44.446452,66250,0.3↔1.0,0.826,3.0,словосочетания,1,бытовой,8107,0.9833
2026-04-05T05:24:45.110452,66263,0.1↔0.3,0.819,10.0,предложения,4,метафорический,8108,0.9832
2026-04-05T05:24:45.314452,66267,0.1↔0.3,0.819,30.0,абзацы,2,научный,8109,0.9834
2026-04-05T05:24:45.875426,66278,0.1↔0.3,0.810,10.0,предложения,2,научный,8110,0.9836
2026-04-05T05:24:46.146451,66283,0.3↔1.0,0.811,100.0,целые тексты,2,научный,8111,0.9838
2026-04-05T05:24:47.553452,66310,0.1↔0.3,0.836,0.1,буквы/слоги,3,,8112,0.9828
2026-04-05T05:24:48.012451,66319,0.3↔1.0,0.836,1.0,слова,1,бытовой,8113,0.9830
2026-04-05T05:24:48.471452,66328,0.3↔1.0,0.834,0.3,буквы/слоги,3,,8114,0.9832
2026-04-05T05:24:48.981451,66338,0.3↔1.0,0.818,3.0,словосочетания,3,,8115,0.9834
2026-04-05T05:24:49.614452,66350,0.1↔0.3,0.826,0.3,буквы/слоги,2,научный,8116,0.9836
2026-04-05T05:24:49.820452,66354,0.1↔0.3,0.824,3.0,словосочетания,4,метафорический,8117,0.9838
2026-04-05T05:24:50.394451,66365,0.3↔1.0,0.826,1.0,слова,1,бытовой,8118,0.9840
2026-04-05T05:24:50.598452,66369,0.1↔0.3,0.832,0.3,буквы/слоги,4,метафорический,8119,0.9842
2026-04-05T05:24:51.781452,66391,0.1↔0.3,0.809,3.0,словосочетания,4,метафорический,8120,0.9841
2026-04-05T05:24:52.852427,66412,0.3↔1.0,0.834,3.0,словосочетания,1,бытовой,8121,0.9840
2026-04-05T05:24:53.261452,66420,0.3↔1.0,0.827,100.0,целые тексты,2,научный,8122,0.9833
2026-04-05T05:24:53.363428,66422,0.1↔0.3,0.813,1.0,слова,1,бытовой,8123,0.9835
2026-04-05T05:24:53.466452,66424,0.3↔1.0,0.828,0.1,буквы/слоги,1,бытовой,8124,0.9837
2026-04-05T05:24:53.673451,66428,0.1↔0.3,0.814,10.0,предложения,1,бытовой,8125,0.9836
2026-04-05T05:24:54.285452,66440,0.3↔1.0,0.811,0.3,буквы/слоги,2,научный,8126,0.9838
2026-04-05T05:24:54.851426,66451,0.3↔1.0,0.822,1.0,слова,2,научный,8127,0.9840
2026-04-05T05:24:54.964427,66453,0.3↔1.0,0.833,0.1,буквы/слоги,3,,8128,0.9842
2026-04-05T05:24:55.991427,66473,0.1↔0.3,0.818,0.3,буквы/слоги,4,метафорический,8129,0.9844
2026-04-05T05:24:56.769452,66488,0.3↔1.0,0.837,30.0,абзацы,2,научный,8130,0.9840
2026-04-05T05:24:57.024451,66493,0.1↔0.3,0.818,30.0,абзацы,3,,8131,0.9842
2026-04-05T05:24:57.177452,66496,0.1↔0.3,0.833,100.0,целые тексты,2,научный,8132,0.9844
2026-04-05T05:24:57.487429,66502,0.1↔0.3,0.838,1.0,слова,4,метафорический,8133,0.9846
2026-04-05T05:24:58.305428,66518,0.1↔0.3,0.830,30.0,абзацы,1,бытовой,8134,0.9845
2026-04-05T05:24:58.560427,66523,0.1↔0.3,0.824,0.3,буквы/слоги,2,научный,8135,0.9844
2026-04-05T05:24:58.866425,66529,0.1↔0.3,0.816,100.0,целые тексты,4,метафорический,8136,0.9846
2026-04-05T05:24:59.172426,66535,0.1↔0.3,0.832,0.3,буквы/слоги,1,бытовой,8137,0.9848
2026-04-05T05:24:59.382427,66539,0.3↔1.0,0.817,30.0,абзацы,1,бытовой,8138,0.9847
2026-04-05T05:24:59.542425,66542,0.1↔0.3,0.816,100.0,целые тексты,2,научный,8139,0.9849
2026-04-05T05:25:00.053433,66552,0.1↔0.3,0.829,30.0,абзацы,1,бытовой,8140,0.9848
2026-04-05T05:25:01.685426,66584,0.3↔1.0,0.815,30.0,абзацы,1,бытовой,8141,0.9841
2026-04-05T05:25:02.418452,66598,0.1↔0.3,0.810,3.0,словосочетания,3,,8142,0.9840
2026-04-05T05:25:02.981426,66609,0.1↔0.3,0.822,1.0,слова,1,бытовой,8143,0.9839
2026-04-05T05:25:03.339425,66616,0.1↔0.3,0.825,100.0,целые тексты,3,,8144,0.9838
2026-04-05T05:25:03.390428,66617,0.1↔0.3,0.828,10.0,предложения,3,,8145,0.9840
2026-04-05T05:25:03.492433,66619,0.1↔0.3,0.824,0.1,буквы/слоги,3,,8146,0.9842
2026-04-05T05:25:03.900427,66627,0.3↔1.0,0.817,100.0,целые тексты,1,бытовой,8147,0.9844
2026-04-05T05:25:04.002452,66629,0.3↔1.0,0.822,1.0,слова,1,бытовой,8148,0.9846
2026-04-05T05:25:04.156452,66632,0.3↔1.0,0.833,0.1,буквы/слоги,3,,8149,0.9845
2026-04-05T05:25:05.029433,66649,0.1↔0.3,0.822,30.0,абзацы,1,бытовой,8150,0.9847
2026-04-05T05:25:05.591426,66660,0.1↔0.3,0.820,10.0,предложения,3,,8151,0.9840
2026-04-05T05:25:05.695424,66662,0.1↔0.3,0.834,0.3,буквы/слоги,3,,8152,0.9842
2026-04-05T05:25:05.746424,66663,0.3↔1.0,0.810,3.0,словосочетания,3,,8153,0.9844
2026-04-05T05:25:05.899453,66666,0.1↔0.3,0.824,0.3,буквы/слоги,1,бытовой,8154,0.9846
2026-04-05T05:25:06.001427,66668,0.1↔0.3,0.809,30.0,абзацы,3,,8155,0.9848
2026-04-05T05:25:06.052427,66669,0.1↔0.3,0.826,0.1,буквы/слоги,2,научный,8156,0.9850
2026-04-05T05:25:06.820433,66684,0.1↔0.3,0.818,30.0,абзацы,1,бытовой,8157,0.9846
2026-04-05T05:25:06.871432,66685,0.1↔0.3,0.837,10.0,предложения,1,бытовой,8158,0.9848
2026-04-05T05:25:07.126431,66690,0.1↔0.3,0.831,30.0,абзацы,3,,8159,0.9847
2026-04-05T05:25:07.279452,66693,0.3↔1.0,0.832,0.1,буквы/слоги,4,метафорический,8160,0.9846
2026-04-05T05:25:07.483427,66697,0.1↔0.3,0.832,0.1,буквы/слоги,2,научный,8161,0.9848
2026-04-05T05:25:07.590425,66699,0.1↔0.3,0.814,0.1,буквы/слоги,2,научный,8162,0.9850
2026-04-05T05:25:07.693426,66701,0.1↔0.3,0.835,3.0,словосочетания,3,,8163,0.9852
2026-04-05T05:25:08.001452,66707,0.1↔0.3,0.810,0.3,буквы/слоги,3,,8164,0.9851
2026-04-05T05:25:08.868427,66724,0.1↔0.3,0.831,100.0,целые тексты,2,научный,8165,0.9853
2026-04-05T05:25:09.021452,66727,0.3↔1.0,0.825,3.0,словосочетания,2,научный,8166,0.9855
2026-04-05T05:25:09.226423,66731,0.3↔1.0,0.810,30.0,абзацы,1,бытовой,8167,0.9857
2026-04-05T05:25:09.753424,66741,0.3↔1.0,0.828,0.1,буквы/слоги,1,бытовой,8168,0.9850
2026-04-05T05:25:10.009426,66746,0.1↔0.3,0.826,100.0,целые тексты,1,бытовой,8169,0.9852
2026-04-05T05:25:11.590425,66777,0.1↔0.3,0.812,1.0,слова,4,метафорический,8170,0.9842
2026-04-05T05:25:11.643434,66778,0.1↔0.3,0.826,10.0,предложения,3,,8171,0.9844
2026-04-05T05:25:12.362433,66792,0.3↔1.0,0.834,0.3,буквы/слоги,4,метафорический,8172,0.9840
2026-04-05T05:25:12.413432,66793,0.3↔1.0,0.821,10.0,предложения,3,,8173,0.9842
2026-04-05T05:25:12.515432,66795,0.3↔1.0,0.825,1.0,слова,3,,8174,0.9844
2026-04-05T05:25:12.617433,66797,0.1↔0.3,0.829,1.0,слова,2,научный,8175,0.9846
2026-04-05T05:25:13.179432,66808,0.1↔0.3,0.819,0.3,буквы/слоги,4,метафорический,8176,0.9845
2026-04-05T05:25:13.333430,66811,0.1↔0.3,0.836,0.1,буквы/слоги,3,,8177,0.9847
2026-04-05T05:25:13.537426,66815,0.1↔0.3,0.832,0.1,буквы/слоги,2,научный,8178,0.9849
2026-04-05T05:25:13.639432,66817,0.3↔1.0,0.825,0.3,буквы/слоги,3,,8179,0.9851
2026-04-05T05:25:13.997429,66824,0.3↔1.0,0.817,3.0,словосочетания,2,научный,8180,0.9853
2026-04-05T05:25:14.610426,66836,0.3↔1.0,0.810,30.0,абзацы,2,научный,8181,0.9852
2026-04-05T05:25:14.712430,66838,0.3↔1.0,0.824,0.1,буквы/слоги,4,метафорический,8182,0.9854
2026-04-05T05:25:14.865432,66841,0.1↔0.3,0.833,0.1,буквы/слоги,1,бытовой,8183,0.9856
2026-04-05T05:25:14.967433,66843,0.1↔0.3,0.826,10.0,предложения,3,,8184,0.9858
2026-04-05T05:25:15.427426,66852,0.3↔1.0,0.809,100.0,целые тексты,1,бытовой,8185,0.9851
2026-04-05T05:25:15.581432,66855,0.1↔0.3,0.823,1.0,слова,4,метафорический,8186,0.9850
2026-04-05T05:25:15.683432,66857,0.3↔1.0,0.827,0.3,буквы/слоги,1,бытовой,8187,0.9852
2026-04-05T05:25:15.786436,66859,0.3↔1.0,0.827,0.3,буквы/слоги,2,научный,8188,0.9854
2026-04-05T05:25:15.991426,66863,0.3↔1.0,0.822,0.3,буквы/слоги,2,научный,8189,0.9856
2026-04-05T05:25:16.348425,66870,0.3↔1.0,0.834,10.0,предложения,1,бытовой,8190,0.9858
2026-04-05T05:25:16.553426,66874,0.1↔0.3,0.835,1.0,слова,4,метафорический,8191,0.9860
2026-04-05T05:25:16.707432,66877,0.1↔0.3,0.833,0.1,буквы/слоги,1,бытовой,8192,0.9862
2026-04-05T05:25:17.268433,66888,0.1↔0.3,0.822,1.0,слова,3,,8193,0.9861
2026-04-05T05:25:17.370422,66890,0.3↔1.0,0.832,1.0,слова,1,бытовой,8194,0.9863
2026-04-05T05:25:17.829432,66899,0.1↔0.3,0.825,0.3,буквы/слоги,3,,8195,0.9865
2026-04-05T05:25:18.738427,66915,0.3↔1.0,0.827,0.1,буквы/слоги,4,метафорический,8196,0.9861
2026-04-05T05:25:19.811428,66936,0.1↔0.3,0.814,10.0,предложения,3,,8197,0.9860
2026-04-05T05:25:20.578433,66951,0.3↔1.0,0.813,0.3,буквы/слоги,1,бытовой,8198,0.9856
2026-04-05T05:25:20.680432,66953,0.1↔0.3,0.817,0.1,буквы/слоги,3,,8199,0.9858
2026-04-05T05:25:21.088432,66961,0.1↔0.3,0.831,0.3,буквы/слоги,3,,8200,0.9860
2026-04-05T05:25:21.191429,66963,0.1↔0.3,0.821,10.0,предложения,4,метафорический,8201,0.9862
2026-04-05T05:25:21.242427,66964,0.1↔0.3,0.810,3.0,словосочетания,3,,8202,0.9864
2026-04-05T05:25:21.501425,66969,0.1↔0.3,0.820,0.1,буквы/слоги,2,научный,8203,0.9866
2026-04-05T05:25:21.604425,66971,0.3↔1.0,0.832,30.0,абзацы,3,,8204,0.9868
2026-04-05T05:25:21.809425,66975,0.1↔0.3,0.820,0.3,буквы/слоги,2,научный,8205,0.9867
2026-04-05T05:25:23.855432,67015,0.1↔0.3,0.821,1.0,слова,2,научный,8206,0.9857
2026-04-05T05:25:24.264433,67023,0.3↔1.0,0.814,1.0,слова,2,научный,8207,0.9853
2026-04-05T05:25:24.825426,67034,0.3↔1.0,0.828,0.3,буквы/слоги,2,научный,8208,0.9855
2026-04-05T05:25:24.876432,67035,0.1↔0.3,0.832,3.0,словосочетания,2,научный,8209,0.9857
2026-04-05T05:25:24.982433,67037,0.1↔0.3,0.834,30.0,абзацы,1,бытовой,8210,0.9859
2026-04-05T05:25:26.208432,67061,0.3↔1.0,0.831,1.0,слова,3,,8211,0.9861
2026-04-05T05:25:26.514428,67067,0.3↔1.0,0.824,3.0,словосочетания,3,,8212,0.9860
2026-04-05T05:25:26.567426,67068,0.3↔1.0,0.811,1.0,слова,1,бытовой,8213,0.9862
2026-04-05T05:25:26.874453,67074,0.1↔0.3,0.824,30.0,абзацы,4,метафорический,8214,0.9864
2026-04-05T05:25:27.794452,67092,0.1↔0.3,0.826,10.0,предложения,3,,8215,0.9866
2026-04-05T05:25:27.947426,67095,0.1↔0.3,0.835,30.0,абзацы,2,научный,8216,0.9868
2026-04-05T05:25:28.050428,67097,0.3↔1.0,0.809,30.0,абзацы,2,научный,8217,0.9870
2026-04-05T05:25:28.306425,67102,0.3↔1.0,0.811,3.0,словосочетания,3,,8218,0.9872
2026-04-05T05:25:28.459422,67105,0.1↔0.3,0.836,30.0,абзацы,3,,8219,0.9874
2026-04-05T05:25:28.510426,67106,0.1↔0.3,0.810,30.0,абзацы,2,научный,8220,0.9876
2026-04-05T05:25:29.026424,67116,0.3↔1.0,0.832,100.0,целые тексты,4,метафорический,8221,0.9878
2026-04-05T05:25:29.948426,67134,0.1↔0.3,0.826,0.3,буквы/слоги,1,бытовой,8222,0.9877
2026-04-05T05:25:30.305426,67141,0.3↔1.0,0.825,0.1,буквы/слоги,1,бытовой,8223,0.9873
2026-04-05T05:25:30.510432,67145,0.1↔0.3,0.828,1.0,слова,3,,8224,0.9875
2026-04-05T05:25:31.071431,67156,0.3↔1.0,0.814,1.0,слова,2,научный,8225,0.9877
2026-04-05T05:25:31.530433,67165,0.1↔0.3,0.824,0.1,буквы/слоги,3,,8226,0.9879
2026-04-05T05:25:31.735427,67169,0.1↔0.3,0.810,0.1,буквы/слоги,3,,8227,0.9881
2026-04-05T05:25:31.837452,67171,0.3↔1.0,0.820,30.0,абзацы,2,научный,8228,0.9883
2026-04-05T05:25:32.041452,67175,0.1↔0.3,0.824,3.0,словосочетания,2,научный,8229,0.9885
2026-04-05T05:25:32.245425,67179,0.1↔0.3,0.833,3.0,словосочетания,1,бытовой,8230,0.9887
2026-04-05T05:25:32.654432,67187,0.1↔0.3,0.826,1.0,слова,3,,8231,0.9889
2026-04-05T05:25:33.216432,67198,0.3↔1.0,0.813,30.0,абзацы,3,,8232,0.9888
2026-04-05T05:25:33.880427,67211,0.3↔1.0,0.817,1.0,слова,3,,8233,0.9884
2026-04-05T05:25:34.290432,67219,0.1↔0.3,0.823,0.1,буквы/слоги,2,научный,8234,0.9886
2026-04-05T05:25:34.902433,67231,0.1↔0.3,0.813,30.0,абзацы,2,научный,8235,0.9885
2026-04-05T05:25:35.158425,67236,0.1↔0.3,0.818,30.0,абзацы,2,научный,8236,0.9884
2026-04-05T05:25:35.620429,67245,0.3↔1.0,0.820,1.0,слова,1,бытовой,8237,0.9883
2026-04-05T05:25:36.080427,67254,0.3↔1.0,0.813,3.0,словосочетания,2,научный,8238,0.9876
2026-04-05T05:25:36.386426,67260,0.1↔0.3,0.833,0.1,буквы/слоги,3,,8239,0.9875
2026-04-05T05:25:36.539432,67263,0.3↔1.0,0.824,100.0,целые тексты,1,бытовой,8240,0.9877
2026-04-05T05:25:37.049432,67273,0.1↔0.3,0.826,0.3,буквы/слоги,2,научный,8241,0.9876
2026-04-05T05:25:37.661427,67285,0.1↔0.3,0.831,3.0,словосочетания,3,,8242,0.9872
2026-04-05T05:25:37.712433,67286,0.1↔0.3,0.819,1.0,слова,2,научный,8243,0.9874
2026-04-05T05:25:37.763432,67287,0.1↔0.3,0.826,0.3,буквы/слоги,2,научный,8244,0.9876
2026-04-05T05:25:38.069425,67293,0.1↔0.3,0.835,100.0,целые тексты,1,бытовой,8245,0.9878
2026-04-05T05:25:38.376432,67299,0.1↔0.3,0.832,3.0,словосочетания,1,бытовой,8246,0.9874
2026-04-05T05:25:38.988432,67311,0.1↔0.3,0.809,30.0,абзацы,3,,8247,0.9876
2026-04-05T05:25:39.755432,67326,0.1↔0.3,0.832,0.1,буквы/слоги,3,,8248,0.9872
2026-04-05T05:25:39.959432,67330,0.1↔0.3,0.812,10.0,предложения,1,бытовой,8249,0.9874
2026-04-05T05:25:40.831427,67347,0.3↔1.0,0.836,10.0,предложения,2,научный,8250,0.9870
2026-04-05T05:25:42.314433,67376,0.3↔1.0,0.826,10.0,предложения,3,,8251,0.9869
2026-04-05T05:25:42.591424,67381,0.3↔1.0,0.813,10.0,предложения,4,метафорический,8252,0.9868
2026-04-05T05:25:42.847451,67386,0.1↔0.3,0.809,0.1,буквы/слоги,2,научный,8253,0.9870
2026-04-05T05:25:43.306427,67395,0.3↔1.0,0.828,1.0,слова,2,научный,8254,0.9869
2026-04-05T05:25:43.408433,67397,0.1↔0.3,0.819,10.0,предложения,2,научный,8255,0.9871
2026-04-05T05:25:43.797451,67403,0.3↔1.0,0.835,3.0,словосочетания,4,метафорический,8256,0.9867
2026-04-05T05:25:44.052428,67408,0.3↔1.0,0.824,1.0,слова,2,научный,8257,0.9869
2026-04-05T05:25:44.205427,67411,0.3↔1.0,0.808,0.1,буквы/слоги,3,,8258,0.9871
2026-04-05T05:25:44.868432,67424,0.1↔0.3,0.811,30.0,абзацы,3,,8259,0.9873
2026-04-05T05:25:45.123432,67429,0.3↔1.0,0.808,0.1,буквы/слоги,3,,8260,0.9869
2026-04-05T05:25:45.334430,67433,0.1↔0.3,0.812,10.0,предложения,2,научный,8261,0.9868
2026-04-05T05:25:45.589429,67438,0.1↔0.3,0.826,30.0,абзацы,3,,8262,0.9867
2026-04-05T05:25:45.742431,67441,0.1↔0.3,0.831,3.0,словосочетания,2,научный,8263,0.9869
2026-04-05T05:25:45.847430,67443,0.3↔1.0,0.810,10.0,предложения,2,научный,8264,0.9868
2026-04-05T05:25:46.051427,67447,0.1↔0.3,0.824,30.0,абзацы,2,научный,8265,0.9870
2026-04-05T05:25:46.410425,67454,0.1↔0.3,0.821,10.0,предложения,1,бытовой,8266,0.9869
2026-04-05T05:25:47.636433,67478,0.1↔0.3,0.833,0.1,буквы/слоги,1,бытовой,8267,0.9865
2026-04-05T05:25:48.453426,67494,0.3↔1.0,0.814,0.1,буквы/слоги,3,,8268,0.9864
2026-04-05T05:25:49.524428,67515,0.1↔0.3,0.818,1.0,слова,3,,8269,0.9857
2026-04-05T05:25:49.577427,67516,0.3↔1.0,0.808,100.0,целые тексты,4,метафорический,8270,0.9859
2026-04-05T05:25:50.394452,67532,0.1↔0.3,0.818,0.3,буквы/слоги,2,научный,8271,0.9855
2026-04-05T05:25:50.446426,67533,0.3↔1.0,0.817,0.1,буквы/слоги,3,,8272,0.9857
2026-04-05T05:25:51.059427,67545,0.1↔0.3,0.823,100.0,целые тексты,3,,8273,0.9859
2026-04-05T05:25:51.416434,67552,0.3↔1.0,0.828,0.3,буквы/слоги,4,метафорический,8274,0.9858
2026-04-05T05:25:51.467427,67553,0.3↔1.0,0.835,100.0,целые тексты,2,научный,8275,0.9860
2026-04-05T05:25:51.519432,67554,0.3↔1.0,0.836,30.0,абзацы,4,метафорический,8276,0.9862
2026-04-05T05:25:53.714425,67597,0.3↔1.0,0.830,1.0,слова,2,научный,8277,0.9858
2026-04-05T05:25:54.072426,67604,0.1↔0.3,0.831,10.0,предложения,2,научный,8278,0.9857
2026-04-05T05:25:55.970426,67641,0.3↔1.0,0.815,0.1,буквы/слоги,3,,8279,0.9853
2026-04-05T05:25:56.226426,67646,0.3↔1.0,0.835,3.0,словосочетания,4,метафорический,8280,0.9852
2026-04-05T05:25:56.743427,67656,0.3↔1.0,0.814,30.0,абзацы,2,научный,8281,0.9851
2026-04-05T05:25:57.100434,67663,0.3↔1.0,0.815,30.0,абзацы,2,научный,8282,0.9853
2026-04-05T05:25:57.355427,67668,0.1↔0.3,0.822,0.1,буквы/слоги,3,,8283,0.9852
2026-04-05T05:25:57.458426,67670,0.1↔0.3,0.815,10.0,предложения,4,метафорический,8284,0.9854
2026-04-05T05:25:57.560439,67672,0.1↔0.3,0.821,3.0,словосочетания,2,научный,8285,0.9856
2026-04-05T05:25:58.283432,67686,0.1↔0.3,0.812,0.1,буквы/слоги,4,метафорический,8286,0.9855
2026-04-05T05:25:58.385432,67688,0.1↔0.3,0.813,1.0,слова,1,бытовой,8287,0.9857
2026-04-05T05:25:59.099433,67702,0.1↔0.3,0.822,3.0,словосочетания,1,бытовой,8288,0.9859
2026-04-05T05:25:59.610426,67712,0.1↔0.3,0.834,30.0,абзацы,3,,8289,0.9858
2026-04-05T05:25:59.714425,67714,0.3↔1.0,0.836,3.0,словосочетания,1,бытовой,8290,0.9857
2026-04-05T05:26:00.379426,67727,0.1↔0.3,0.825,0.3,буквы/слоги,2,научный,8291,0.9856
2026-04-05T05:26:00.583427,67731,0.3↔1.0,0.830,0.1,буквы/слоги,1,бытовой,8292,0.9855
2026-04-05T05:26:01.195426,67743,0.1↔0.3,0.825,0.1,буквы/слоги,2,научный,8293,0.9848
2026-04-05T05:26:02.878433,67776,0.1↔0.3,0.835,100.0,целые тексты,2,научный,8294,0.9844
2026-04-05T05:26:03.082427,67780,0.3↔1.0,0.818,10.0,предложения,3,,8295,0.9846
2026-04-05T05:26:04.259431,67803,0.3↔1.0,0.831,1.0,слова,3,,8296,0.9842
2026-04-05T05:26:04.413426,67806,0.1↔0.3,0.820,0.1,буквы/слоги,4,метафорический,8297,0.9844
2026-04-05T05:26:04.567425,67809,0.3↔1.0,0.833,3.0,словосочетания,2,научный,8298,0.9846
2026-04-05T05:26:05.231426,67822,0.1↔0.3,0.820,100.0,целые тексты,3,,8299,0.9842
2026-04-05T05:26:05.486423,67827,0.1↔0.3,0.828,1.0,слова,1,бытовой,8300,0.9844
2026-04-05T05:26:06.302432,67843,0.1↔0.3,0.822,1.0,слова,4,метафорический,8301,0.9846
2026-04-05T05:26:06.863433,67854,0.1↔0.3,0.827,1.0,слова,3,,8302,0.9848
2026-04-05T05:26:07.170426,67860,0.3↔1.0,0.816,1.0,слова,1,бытовой,8303,0.9847
2026-04-05T05:26:07.580429,67868,0.1↔0.3,0.817,0.3,буквы/слоги,1,бытовой,8304,0.9843
2026-04-05T05:26:08.083426,67877,0.1↔0.3,0.826,10.0,предложения,1,бытовой,8305,0.9842
2026-04-05T05:26:08.134426,67878,0.1↔0.3,0.814,0.3,буквы/слоги,4,метафорический,8306,0.9844
2026-04-05T05:26:08.186433,67879,0.1↔0.3,0.826,10.0,предложения,1,бытовой,8307,0.9846
2026-04-05T05:26:08.645433,67888,0.3↔1.0,0.815,1.0,слова,2,научный,8308,0.9842
2026-04-05T05:26:09.257432,67900,0.1↔0.3,0.815,100.0,целые тексты,4,метафорический,8309,0.9844
2026-04-05T05:26:09.462424,67904,0.1↔0.3,0.829,10.0,предложения,1,бытовой,8310,0.9846
2026-04-05T05:26:09.674425,67908,0.3↔1.0,0.829,1.0,слова,4,метафорический,8311,0.9845
2026-04-05T05:26:09.980432,67914,0.3↔1.0,0.822,1.0,слова,2,научный,8312,0.9847
2026-04-05T05:26:10.235427,67919,0.1↔0.3,0.822,30.0,абзацы,1,бытовой,8313,0.9849
2026-04-05T05:26:10.594432,67926,0.3↔1.0,0.811,0.1,буквы/слоги,3,,8314,0.9845
2026-04-05T05:26:10.951432,67933,0.1↔0.3,0.829,0.1,буквы/слоги,4,метафорический,8315,0.9847
2026-04-05T05:26:11.002432,67934,0.3↔1.0,0.835,10.0,предложения,1,бытовой,8316,0.9849
2026-04-05T05:26:11.515428,67944,0.1↔0.3,0.818,3.0,словосочетания,4,метафорический,8317,0.9839
2026-04-05T05:26:12.127434,67956,0.1↔0.3,0.825,1.0,слова,1,бытовой,8318,0.9838
2026-04-05T05:26:13.302432,67979,0.3↔1.0,0.832,100.0,целые тексты,2,научный,8319,0.9837
2026-04-05T05:26:13.507432,67983,0.3↔1.0,0.822,1.0,слова,1,бытовой,8320,0.9839
2026-04-05T05:26:14.221432,67997,0.1↔0.3,0.808,100.0,целые тексты,3,,8321,0.9841
2026-04-05T05:26:14.578433,68004,0.3↔1.0,0.811,3.0,словосочетания,3,,8322,0.9843
2026-04-05T05:26:14.785439,68008,0.1↔0.3,0.827,30.0,абзацы,1,бытовой,8323,0.9845
2026-04-05T05:26:14.887432,68010,0.1↔0.3,0.811,10.0,предложения,3,,8324,0.9847
2026-04-05T05:26:15.091426,68014,0.1↔0.3,0.836,3.0,словосочетания,1,бытовой,8325,0.9846
2026-04-05T05:26:15.400426,68020,0.1↔0.3,0.829,10.0,предложения,1,бытовой,8326,0.9848
2026-04-05T05:26:16.319430,68038,0.1↔0.3,0.814,3.0,словосочетания,2,научный,8327,0.9838
2026-04-05T05:26:16.524433,68042,0.3↔1.0,0.832,100.0,целые тексты,1,бытовой,8328,0.9840
2026-04-05T05:26:16.780427,68047,0.1↔0.3,0.832,100.0,целые тексты,1,бытовой,8329,0.9842
2026-04-05T05:26:17.035432,68052,0.3↔1.0,0.821,10.0,предложения,1,бытовой,8330,0.9844
2026-04-05T05:26:17.851432,68068,0.1↔0.3,0.821,100.0,целые тексты,2,научный,8331,0.9843
2026-04-05T05:26:17.902426,68069,0.1↔0.3,0.832,3.0,словосочетания,1,бытовой,8332,0.9845
2026-04-05T05:26:20.048432,68111,0.3↔1.0,0.821,10.0,предложения,1,бытовой,8333,0.9829
2026-04-05T05:26:20.201424,68114,0.3↔1.0,0.822,1.0,слова,2,научный,8334,0.9831
2026-04-05T05:26:20.918432,68128,0.3↔1.0,0.834,0.1,буквы/слоги,3,,8335,0.9824
2026-04-05T05:26:20.969432,68129,0.3↔1.0,0.825,3.0,словосочетания,3,,8336,0.9826
2026-04-05T05:26:21.072425,68131,0.3↔1.0,0.825,1.0,слова,1,бытовой,8337,0.9828
2026-04-05T05:26:21.225427,68134,0.1↔0.3,0.825,3.0,словосочетания,2,научный,8338,0.9830
2026-04-05T05:26:21.378432,68137,0.1↔0.3,0.817,0.1,буквы/слоги,3,,8339,0.9832
2026-04-05T05:26:21.582433,68141,0.1↔0.3,0.820,0.3,буквы/слоги,2,научный,8340,0.9834
2026-04-05T05:26:22.704423,68163,0.3↔1.0,0.833,1.0,слова,2,научный,8341,0.9830
2026-04-05T05:26:24.134432,68191,0.1↔0.3,0.822,10.0,предложения,4,метафорический,8342,0.9829
2026-04-05T05:26:24.899423,68206,0.3↔1.0,0.810,0.1,буквы/слоги,1,бытовой,8343,0.9825
2026-04-05T05:26:25.256432,68213,0.1↔0.3,0.830,3.0,словосочетания,2,научный,8344,0.9824
2026-04-05T05:26:25.665427,68221,0.1↔0.3,0.835,10.0,предложения,3,,8345,0.9823
2026-04-05T05:26:25.717433,68222,0.1↔0.3,0.825,3.0,словосочетания,2,научный,8346,0.9825
2026-04-05T05:26:25.870432,68225,0.1↔0.3,0.826,30.0,абзацы,1,бытовой,8347,0.9824
2026-04-05T05:26:25.973432,68227,0.3↔1.0,0.838,0.1,буквы/слоги,2,научный,8348,0.9826
2026-04-05T05:26:26.024423,68228,0.3↔1.0,0.836,100.0,целые тексты,3,,8349,0.9828
2026-04-05T05:26:26.126432,68230,0.3↔1.0,0.824,1.0,слова,3,,8350,0.9830
2026-04-05T05:26:26.231425,68232,0.3↔1.0,0.812,100.0,целые тексты,1,бытовой,8351,0.9832
2026-04-05T05:26:26.333432,68234,0.3↔1.0,0.816,1.0,слова,2,научный,8352,0.9834
2026-04-05T05:26:26.384427,68235,0.1↔0.3,0.820,3.0,словосочетания,3,,8353,0.9836
2026-04-05T05:26:26.742424,68242,0.1↔0.3,0.812,10.0,предложения,2,научный,8354,0.9838
2026-04-05T05:26:27.099423,68249,0.1↔0.3,0.824,3.0,словосочетания,1,бытовой,8355,0.9840
2026-04-05T05:26:27.405433,68255,0.1↔0.3,0.832,30.0,абзацы,1,бытовой,8356,0.9839
2026-04-05T05:26:28.329432,68273,0.3↔1.0,0.830,30.0,абзацы,1,бытовой,8357,0.9835
2026-04-05T05:26:28.584432,68278,0.3↔1.0,0.838,1.0,слова,3,,8358,0.9837
2026-04-05T05:26:28.737432,68281,0.3↔1.0,0.835,1.0,слова,1,бытовой,8359,0.9839
2026-04-05T05:26:29.196427,68290,0.3↔1.0,0.833,100.0,целые тексты,1,бытовой,8360,0.9841
2026-04-05T05:26:29.809426,68302,0.1↔0.3,0.811,10.0,предложения,2,научный,8361,0.9843
2026-04-05T05:26:29.862426,68303,0.3↔1.0,0.815,10.0,предложения,2,научный,8362,0.9845
2026-04-05T05:26:30.270432,68311,0.3↔1.0,0.811,0.3,буквы/слоги,3,,8363,0.9844
2026-04-05T05:26:30.423434,68314,0.1↔0.3,0.829,0.3,буквы/слоги,1,бытовой,8364,0.9843
2026-04-05T05:26:31.143433,68328,0.3↔1.0,0.821,1.0,слова,2,научный,8365,0.9842
2026-04-05T05:26:31.245433,68330,0.3↔1.0,0.818,100.0,целые тексты,2,научный,8366,0.9844
2026-04-05T05:26:31.429432,68333,0.3↔1.0,0.829,1.0,слова,2,научный,8367,0.9846
2026-04-05T05:26:31.991426,68344,0.3↔1.0,0.826,100.0,целые тексты,4,метафорический,8368,0.9842
2026-04-05T05:26:32.095432,68346,0.1↔0.3,0.819,3.0,словосочетания,1,бытовой,8369,0.9844
2026-04-05T05:26:32.350433,68351,0.1↔0.3,0.834,0.3,буквы/слоги,3,,8370,0.9846
2026-04-05T05:26:32.554432,68355,0.1↔0.3,0.836,100.0,целые тексты,2,научный,8371,0.9845
2026-04-05T05:26:32.911432,68362,0.1↔0.3,0.827,30.0,абзацы,2,научный,8372,0.9844
2026-04-05T05:26:33.421432,68372,0.1↔0.3,0.838,1.0,слова,1,бытовой,8373,0.9837
2026-04-05T05:26:33.523425,68374,0.1↔0.3,0.818,10.0,предложения,1,бытовой,8374,0.9839
2026-04-05T05:26:33.625426,68376,0.3↔1.0,0.817,0.1,буквы/слоги,3,,8375,0.9841
2026-04-05T05:26:34.339426,68390,0.1↔0.3,0.825,0.1,буквы/слоги,1,бытовой,8376,0.9843
2026-04-05T05:26:34.441433,68392,0.3↔1.0,0.814,3.0,словосочетания,3,,8377,0.9845
2026-04-05T05:26:35.665425,68416,0.3↔1.0,0.815,1.0,слова,3,,8378,0.9838
2026-04-05T05:26:36.073426,68424,0.1↔0.3,0.835,10.0,предложения,1,бытовой,8379,0.9840
2026-04-05T05:26:36.736432,68437,0.3↔1.0,0.836,100.0,целые тексты,3,,8380,0.9836
2026-04-05T05:26:36.991433,68442,0.3↔1.0,0.824,10.0,предложения,2,научный,8381,0.9835
2026-04-05T05:26:37.195427,68446,0.1↔0.3,0.833,3.0,словосочетания,2,научный,8382,0.9837
2026-04-05T05:26:37.297432,68448,0.1↔0.3,0.817,0.1,буквы/слоги,2,научный,8383,0.9839
2026-04-05T05:26:38.113427,68464,0.3↔1.0,0.838,3.0,словосочетания,1,бытовой,8384,0.9829
2026-04-05T05:26:38.368432,68469,0.3↔1.0,0.814,0.1,буквы/слоги,3,,8385,0.9828
2026-04-05T05:26:39.187427,68485,0.3↔1.0,0.830,1.0,слова,3,,8386,0.9824
2026-04-05T05:26:39.290432,68487,0.3↔1.0,0.824,100.0,целые тексты,3,,8387,0.9826
2026-04-05T05:26:39.341425,68488,0.1↔0.3,0.814,100.0,целые тексты,2,научный,8388,0.9828
2026-04-05T05:26:41.280428,68526,0.1↔0.3,0.837,3.0,словосочетания,3,,8389,0.9812
2026-04-05T05:26:42.250432,68545,0.3↔1.0,0.814,0.1,буквы/слоги,3,,8390,0.9811
2026-04-05T05:26:43.168426,68563,0.1↔0.3,0.830,30.0,абзацы,1,бытовой,8391,0.9813
2026-04-05T05:26:43.474428,68569,0.1↔0.3,0.834,100.0,целые тексты,3,,8392,0.9815
2026-04-05T05:26:43.525426,68570,0.1↔0.3,0.812,0.3,буквы/слоги,4,метафорический,8393,0.9817
2026-04-05T05:26:43.579427,68571,0.1↔0.3,0.827,30.0,абзацы,2,научный,8394,0.9819
2026-04-05T05:26:43.632428,68572,0.3↔1.0,0.828,30.0,абзацы,3,,8395,0.9821
2026-04-05T05:26:44.858425,68596,0.1↔0.3,0.824,0.1,буквы/слоги,1,бытовой,8396,0.9817
2026-04-05T05:26:45.215426,68603,0.3↔1.0,0.824,0.1,буквы/слоги,2,научный,8397,0.9819
2026-04-05T05:26:45.317426,68605,0.3↔1.0,0.817,3.0,словосочетания,3,,8398,0.9821
2026-04-05T05:26:45.777426,68614,0.1↔0.3,0.808,10.0,предложения,3,,8399,0.9820
2026-04-05T05:26:46.188425,68622,0.3↔1.0,0.829,30.0,абзацы,1,бытовой,8400,0.9819
2026-04-05T05:26:46.954431,68637,0.1↔0.3,0.830,30.0,абзацы,2,научный,8401,0.9818
2026-04-05T05:26:48.025427,68658,0.1↔0.3,0.823,30.0,абзацы,1,бытовой,8402,0.9817
2026-04-05T05:26:48.489426,68667,0.1↔0.3,0.827,100.0,целые тексты,4,метафорический,8403,0.9816
2026-04-05T05:26:48.948426,68676,0.3↔1.0,0.819,3.0,словосочетания,2,научный,8404,0.9815
2026-04-05T05:26:49.101434,68679,0.3↔1.0,0.833,100.0,целые тексты,1,бытовой,8405,0.9814
2026-04-05T05:26:49.305426,68683,0.1↔0.3,0.830,10.0,предложения,1,бытовой,8406,0.9816
2026-04-05T05:26:49.509426,68687,0.1↔0.3,0.829,10.0,предложения,3,,8407,0.9815
2026-04-05T05:26:50.223426,68701,0.3↔1.0,0.825,0.1,буквы/слоги,1,бытовой,8408,0.9814
2026-04-05T05:26:50.479428,68706,0.1↔0.3,0.830,0.3,буквы/слоги,2,научный,8409,0.9813
2026-04-05T05:26:50.632426,68709,0.3↔1.0,0.836,3.0,словосочетания,4,метафорический,8410,0.9815
2026-04-05T05:26:50.989432,68716,0.3↔1.0,0.827,0.3,буквы/слоги,2,научный,8411,0.9814
2026-04-05T05:26:51.703429,68730,0.1↔0.3,0.831,100.0,целые тексты,4,метафорический,8412,0.9813
2026-04-05T05:26:52.774426,68751,0.1↔0.3,0.810,3.0,словосочетания,1,бытовой,8413,0.9809
2026-04-05T05:26:53.029429,68756,0.1↔0.3,0.812,30.0,абзацы,1,бытовой,8414,0.9811
2026-04-05T05:26:54.661426,68788,0.1↔0.3,0.811,30.0,абзацы,3,,8415,0.9802
2026-04-05T05:26:54.763432,68790,0.1↔0.3,0.831,100.0,целые тексты,1,бытовой,8416,0.9804
2026-04-05T05:26:54.916427,68793,0.1↔0.3,0.825,0.1,буквы/слоги,3,,8417,0.9803
2026-04-05T05:26:55.222427,68799,0.3↔1.0,0.814,100.0,целые тексты,2,научный,8418,0.9805
2026-04-05T05:26:55.535425,68805,0.1↔0.3,0.827,10.0,предложения,1,бытовой,8419,0.9804
2026-04-05T05:26:56.659427,68827,0.1↔0.3,0.824,0.3,буквы/слоги,1,бытовой,8420,0.9806
2026-04-05T05:26:56.761427,68829,0.3↔1.0,0.836,100.0,целые тексты,2,научный,8421,0.9808
2026-04-05T05:26:56.812424,68830,0.1↔0.3,0.834,0.1,буквы/слоги,2,научный,8422,0.9810
2026-04-05T05:26:57.789426,68849,0.1↔0.3,0.837,1.0,слова,1,бытовой,8423,0.9806
2026-04-05T05:26:58.151428,68856,0.1↔0.3,0.827,30.0,абзацы,2,научный,8424,0.9808
2026-04-05T05:26:58.203429,68857,0.1↔0.3,0.827,0.3,буквы/слоги,3,,8425,0.9810
2026-04-05T05:26:58.255435,68858,0.3↔1.0,0.826,0.3,буквы/слоги,4,метафорический,8426,0.9812
2026-04-05T05:26:58.511426,68863,0.3↔1.0,0.824,100.0,целые тексты,1,бытовой,8427,0.9814
2026-04-05T05:26:59.635432,68885,0.1↔0.3,0.811,0.1,буквы/слоги,3,,8428,0.9804
2026-04-05T05:26:59.839425,68889,0.1↔0.3,0.826,100.0,целые тексты,3,,8429,0.9806
2026-04-05T05:27:00.254425,68897,0.3↔1.0,0.832,3.0,словосочетания,1,бытовой,8430,0.9805
2026-04-05T05:27:00.407425,68900,0.1↔0.3,0.834,3.0,словосочетания,2,научный,8431,0.9807
2026-04-05T05:27:00.561426,68903,0.3↔1.0,0.810,100.0,целые тексты,3,,8432,0.9809
2026-04-05T05:27:00.816426,68908,0.3↔1.0,0.837,100.0,целые тексты,1,бытовой,8433,0.9811
2026-04-05T05:27:01.123434,68914,0.1↔0.3,0.810,3.0,словосочетания,3,,8434,0.9813
2026-04-05T05:27:01.174425,68915,0.1↔0.3,0.833,3.0,словосочетания,2,научный,8435,0.9815
2026-04-05T05:27:01.432424,68920,0.1↔0.3,0.834,100.0,целые тексты,1,бытовой,8436,0.9814
2026-04-05T05:27:01.687425,68925,0.1↔0.3,0.834,0.3,буквы/слоги,2,научный,8437,0.9816
2026-04-05T05:27:03.116425,68953,0.1↔0.3,0.817,3.0,словосочетания,2,научный,8438,0.9809
2026-04-05T05:27:03.933430,68969,0.3↔1.0,0.820,0.1,буквы/слоги,1,бытовой,8439,0.9808
2026-04-05T05:27:05.141425,68992,0.1↔0.3,0.813,100.0,целые тексты,3,,8440,0.9807
2026-04-05T05:27:05.345433,68996,0.1↔0.3,0.821,0.1,буквы/слоги,3,,8441,0.9809
2026-04-05T05:27:05.855430,69006,0.1↔0.3,0.838,10.0,предложения,1,бытовой,8442,0.9808
2026-04-05T05:27:06.009426,69009,0.1↔0.3,0.810,10.0,предложения,4,метафорический,8443,0.9810
2026-04-05T05:27:06.418426,69017,0.1↔0.3,0.823,10.0,предложения,3,,8444,0.9809
2026-04-05T05:27:06.520425,69019,0.1↔0.3,0.831,3.0,словосочетания,3,,8445,0.9811
2026-04-05T05:27:07.183426,69032,0.3↔1.0,0.810,10.0,предложения,3,,8446,0.9813
2026-04-05T05:27:07.285426,69034,0.3↔1.0,0.816,10.0,предложения,2,научный,8447,0.9815
2026-04-05T05:27:07.745429,69043,0.3↔1.0,0.833,0.1,буквы/слоги,2,научный,8448,0.9817
2026-04-05T05:27:07.847426,69045,0.3↔1.0,0.818,3.0,словосочетания,3,,8449,0.9819
2026-04-05T05:27:08.771442,69063,0.3↔1.0,0.831,1.0,слова,3,,8450,0.9815
2026-04-05T05:27:08.924425,69066,0.3↔1.0,0.829,0.1,буквы/слоги,2,научный,8451,0.9817
2026-04-05T05:27:09.230429,69072,0.1↔0.3,0.824,1.0,слова,3,,8452,0.9819
2026-04-05T05:27:09.281426,69073,0.3↔1.0,0.832,1.0,слова,1,бытовой,8453,0.9821
2026-04-05T05:27:10.098425,69089,0.3↔1.0,0.810,1.0,слова,1,бытовой,8454,0.9820
2026-04-05T05:27:10.302433,69093,0.1↔0.3,0.829,10.0,предложения,4,метафорический,8455,0.9822
2026-04-05T05:27:10.558425,69098,0.1↔0.3,0.810,0.3,буквы/слоги,3,,8456,0.9821
2026-04-05T05:27:10.660425,69100,0.1↔0.3,0.809,1.0,слова,4,метафорический,8457,0.9823
2026-04-05T05:27:11.272452,69112,0.3↔1.0,0.832,0.3,буквы/слоги,2,научный,8458,0.9822
2026-04-05T05:27:11.578426,69118,0.3↔1.0,0.817,1.0,слова,1,бытовой,8459,0.9824
2026-04-05T05:27:12.037425,69127,0.1↔0.3,0.835,10.0,предложения,1,бытовой,8460,0.9826
2026-04-05T05:27:12.088451,69128,0.3↔1.0,0.828,0.3,буквы/слоги,3,,8461,0.9828
2026-04-05T05:27:12.598426,69138,0.3↔1.0,0.836,0.1,буквы/слоги,1,бытовой,8462,0.9830
2026-04-05T05:27:12.802426,69142,0.1↔0.3,0.820,0.1,буквы/слоги,3,,8463,0.9829
2026-04-05T05:27:13.516426,69156,0.1↔0.3,0.830,3.0,словосочетания,2,научный,8464,0.9831
2026-04-05T05:27:14.080430,69167,0.1↔0.3,0.825,10.0,предложения,1,бытовой,8465,0.9827
2026-04-05T05:27:14.233426,69170,0.3↔1.0,0.813,10.0,предложения,1,бытовой,8466,0.9829
2026-04-05T05:27:14.590425,69177,0.1↔0.3,0.815,0.3,буквы/слоги,2,научный,8467,0.9825
2026-04-05T05:27:14.692426,69179,0.1↔0.3,0.825,0.1,буквы/слоги,4,метафорический,8468,0.9827
2026-04-05T05:27:15.406425,69193,0.1↔0.3,0.834,100.0,целые тексты,1,бытовой,8469,0.9823
2026-04-05T05:27:15.613425,69197,0.1↔0.3,0.825,3.0,словосочетания,3,,8470,0.9825
2026-04-05T05:27:16.021426,69205,0.1↔0.3,0.816,3.0,словосочетания,2,научный,8471,0.9827
2026-04-05T05:27:16.786452,69220,0.3↔1.0,0.834,10.0,предложения,2,научный,8472,0.9826
2026-04-05T05:27:17.041426,69225,0.1↔0.3,0.835,100.0,целые тексты,1,бытовой,8473,0.9828
2026-04-05T05:27:17.093424,69226,0.3↔1.0,0.832,1.0,слова,2,научный,8474,0.9830
2026-04-05T05:27:17.298426,69230,0.1↔0.3,0.830,0.1,буквы/слоги,4,метафорический,8475,0.9832
2026-04-05T05:27:17.961426,69243,0.1↔0.3,0.830,30.0,абзацы,4,метафорический,8476,0.9834
2026-04-05T05:27:18.063432,69245,0.1↔0.3,0.813,0.3,буквы/слоги,2,научный,8477,0.9836
2026-04-05T05:27:18.471424,69253,0.1↔0.3,0.822,1.0,слова,2,научный,8478,0.9832
2026-04-05T05:27:18.624425,69256,0.3↔1.0,0.822,0.1,буквы/слоги,3,,8479,0.9831
2026-04-05T05:27:18.675426,69257,0.1↔0.3,0.809,3.0,словосочетания,3,,8480,0.9833
2026-04-05T05:27:19.032425,69264,0.1↔0.3,0.815,3.0,словосочетания,2,научный,8481,0.9835
2026-04-05T05:27:19.185427,69267,0.1↔0.3,0.815,10.0,предложения,2,научный,8482,0.9837
2026-04-05T05:27:19.593433,69275,0.3↔1.0,0.838,10.0,предложения,1,бытовой,8483,0.9839
2026-04-05T05:27:19.899427,69281,0.1↔0.3,0.809,3.0,словосочетания,3,,8484,0.9838
2026-04-05T05:27:20.103425,69285,0.3↔1.0,0.835,100.0,целые тексты,2,научный,8485,0.9837
2026-04-05T05:27:20.970428,69302,0.3↔1.0,0.825,30.0,абзацы,2,научный,8486,0.9839
2026-04-05T05:27:21.021426,69303,0.3↔1.0,0.822,1.0,слова,1,бытовой,8487,0.9841
2026-04-05T05:27:21.123426,69305,0.1↔0.3,0.814,0.1,буквы/слоги,1,бытовой,8488,0.9843
2026-04-05T05:27:21.174426,69306,0.1↔0.3,0.821,3.0,словосочетания,3,,8489,0.9845
2026-04-05T05:27:21.531432,69313,0.1↔0.3,0.811,10.0,предложения,1,бытовой,8490,0.9847
2026-04-05T05:27:21.837430,69319,0.3↔1.0,0.835,10.0,предложения,1,бытовой,8491,0.9849
2026-04-05T05:27:21.888426,69320,0.1↔0.3,0.838,0.3,буквы/слоги,1,бытовой,8492,0.9851
2026-04-05T05:27:22.092426,69324,0.1↔0.3,0.814,100.0,целые тексты,3,,8493,0.9853
2026-04-05T05:27:22.348426,69329,0.3↔1.0,0.814,0.1,буквы/слоги,2,научный,8494,0.9855
2026-04-05T05:27:22.960425,69341,0.1↔0.3,0.827,0.3,буквы/слоги,2,научный,8495,0.9851
2026-04-05T05:27:23.368425,69349,0.3↔1.0,0.818,30.0,абзацы,4,метафорический,8496,0.9850
2026-04-05T05:27:23.471426,69351,0.1↔0.3,0.824,0.3,буквы/слоги,3,,8497,0.9852
2026-04-05T05:27:23.522426,69352,0.1↔0.3,0.837,0.1,буквы/слоги,3,,8498,0.9854
2026-04-05T05:27:23.726425,69356,0.3↔1.0,0.820,10.0,предложения,2,научный,8499,0.9856
2026-04-05T05:27:23.930426,69360,0.3↔1.0,0.809,100.0,целые тексты,1,бытовой,8500,0.9858
2026-04-05T05:27:25.358427,69388,0.3↔1.0,0.816,3.0,словосочетания,1,бытовой,8501,0.9854
2026-04-05T05:27:25.868425,69398,0.3↔1.0,0.809,30.0,абзацы,2,научный,8502,0.9856
2026-04-05T05:27:26.333426,69407,0.1↔0.3,0.819,0.3,буквы/слоги,2,научный,8503,0.9855
2026-04-05T05:27:26.384427,69408,0.3↔1.0,0.821,1.0,слова,1,бытовой,8504,0.9857
2026-04-05T05:27:26.435432,69409,0.1↔0.3,0.808,100.0,целые тексты,3,,8505,0.9859
2026-04-05T05:27:26.588425,69412,0.3↔1.0,0.825,0.3,буквы/слоги,1,бытовой,8506,0.9861
2026-04-05T05:27:27.149426,69423,0.1↔0.3,0.827,3.0,словосочетания,2,научный,8507,0.9860
2026-04-05T05:27:27.761433,69435,0.3↔1.0,0.837,10.0,предложения,1,бытовой,8508,0.9862
2026-04-05T05:27:29.304426,69465,0.3↔1.0,0.808,1.0,слова,4,метафорический,8509,0.9852
2026-04-05T05:27:29.610426,69471,0.3↔1.0,0.825,0.1,буквы/слоги,1,бытовой,8510,0.9851
2026-04-05T05:27:29.661428,69472,0.3↔1.0,0.831,3.0,словосочетания,1,бытовой,8511,0.9853
2026-04-05T05:27:29.968432,69478,0.1↔0.3,0.834,100.0,целые тексты,1,бытовой,8512,0.9852
2026-04-05T05:27:30.529433,69489,0.1↔0.3,0.811,3.0,словосочетания,2,научный,8513,0.9854
2026-04-05T05:27:30.580424,69490,0.1↔0.3,0.823,100.0,целые тексты,4,метафорический,8514,0.9856
2026-04-05T05:27:30.631426,69491,0.1↔0.3,0.829,3.0,словосочетания,2,научный,8515,0.9858
2026-04-05T05:27:30.733426,69493,0.1↔0.3,0.831,1.0,слова,4,метафорический,8516,0.9860
2026-04-05T05:27:31.856426,69515,0.3↔1.0,0.814,10.0,предложения,3,,8517,0.9856
2026-04-05T05:27:32.468428,69527,0.1↔0.3,0.837,1.0,слова,2,научный,8518,0.9855
2026-04-05T05:27:32.519427,69528,0.3↔1.0,0.834,100.0,целые тексты,3,,8519,0.9857
2026-04-05T05:27:33.030426,69538,0.3↔1.0,0.812,0.1,буквы/слоги,1,бытовой,8520,0.9856
2026-04-05T05:27:33.081429,69539,0.3↔1.0,0.820,0.3,буквы/слоги,2,научный,8521,0.9858
2026-04-05T05:27:33.234425,69542,0.3↔1.0,0.836,1.0,слова,4,метафорический,8522,0.9860
2026-04-05T05:27:33.438425,69546,0.1↔0.3,0.813,30.0,абзацы,1,бытовой,8523,0.9859
2026-04-05T05:27:33.592427,69549,0.1↔0.3,0.834,10.0,предложения,3,,8524,0.9861
2026-04-05T05:27:33.643426,69550,0.3↔1.0,0.818,3.0,словосочетания,1,бытовой,8525,0.9863
2026-04-05T05:27:33.694425,69551,0.1↔0.3,0.824,10.0,предложения,2,научный,8526,0.9865
2026-04-05T05:27:34.357426,69564,0.1↔0.3,0.815,100.0,целые тексты,1,бытовой,8527,0.9864
2026-04-05T05:27:34.867425,69574,0.1↔0.3,0.832,3.0,словосочетания,3,,8528,0.9860
2026-04-05T05:27:35.020425,69577,0.1↔0.3,0.836,1.0,слова,4,метафорический,8529,0.9862
2026-04-05T05:27:35.173426,69580,0.1↔0.3,0.820,3.0,словосочетания,3,,8530,0.9864
2026-04-05T05:27:35.326426,69583,0.1↔0.3,0.830,3.0,словосочетания,1,бытовой,8531,0.9866
2026-04-05T05:27:35.837428,69593,0.1↔0.3,0.812,100.0,целые тексты,3,,8532,0.9865
2026-04-05T05:27:35.990426,69596,0.1↔0.3,0.832,3.0,словосочетания,3,,8533,0.9867
2026-04-05T05:27:36.653426,69609,0.3↔1.0,0.836,100.0,целые тексты,1,бытовой,8534,0.9869
2026-04-05T05:27:36.705428,69610,0.1↔0.3,0.816,30.0,абзацы,3,,8535,0.9871
2026-04-05T05:27:36.858427,69613,0.3↔1.0,0.816,1.0,слова,4,метафорический,8536,0.9873
2026-04-05T05:27:37.113425,69618,0.1↔0.3,0.812,100.0,целые тексты,2,научный,8537,0.9875
2026-04-05T05:27:37.164426,69619,0.1↔0.3,0.825,3.0,словосочетания,3,,8538,0.9877
2026-04-05T05:27:37.317427,69622,0.3↔1.0,0.837,1.0,слова,3,,8539,0.9879
2026-04-05T05:27:39.043425,69655,0.1↔0.3,0.830,0.3,буквы/слоги,3,,8540,0.9869
2026-04-05T05:27:39.202426,69658,0.1↔0.3,0.814,1.0,слова,1,бытовой,8541,0.9868
2026-04-05T05:27:39.815427,69670,0.3↔1.0,0.821,1.0,слова,2,научный,8542,0.9870
2026-04-05T05:27:40.070426,69675,0.3↔1.0,0.824,30.0,абзацы,3,,8543,0.9872
2026-04-05T05:27:41.090426,69695,0.3↔1.0,0.824,0.3,буквы/слоги,3,,8544,0.9868
2026-04-05T05:27:42.265426,69718,0.1↔0.3,0.809,3.0,словосочетания,2,научный,8545,0.9867
2026-04-05T05:27:42.367425,69720,0.1↔0.3,0.835,0.1,буквы/слоги,3,,8546,0.9869
2026-04-05T05:27:42.418426,69721,0.1↔0.3,0.814,100.0,целые тексты,3,,8547,0.9871
2026-04-05T05:27:44.511425,69762,0.1↔0.3,0.834,1.0,слова,1,бытовой,8548,0.9858
2026-04-05T05:27:45.633428,69784,0.1↔0.3,0.837,1.0,слова,2,научный,8549,0.9860
2026-04-05T05:27:45.735429,69786,0.1↔0.3,0.815,1.0,слова,2,научный,8550,0.9862
2026-04-05T05:27:46.449429,69800,0.1↔0.3,0.808,0.3,буквы/слоги,1,бытовой,8551,0.9864
2026-04-05T05:27:47.726426,69825,0.1↔0.3,0.809,0.1,буквы/слоги,2,научный,8552,0.9860
2026-04-05T05:27:47.829424,69827,0.3↔1.0,0.835,3.0,словосочетания,1,бытовой,8553,0.9859
2026-04-05T05:27:47.881426,69828,0.1↔0.3,0.826,30.0,абзацы,4,метафорический,8554,0.9861
2026-04-05T05:27:48.187427,69834,0.3↔1.0,0.813,1.0,слова,2,научный,8555,0.9863
2026-04-05T05:27:48.596432,69842,0.3↔1.0,0.817,30.0,абзацы,3,,8556,0.9865
2026-04-05T05:27:48.750426,69845,0.1↔0.3,0.819,10.0,предложения,2,научный,8557,0.9867
2026-04-05T05:27:50.128428,69872,0.1↔0.3,0.820,3.0,словосочетания,2,научный,8558,0.9860
2026-04-05T05:27:50.231428,69874,0.1↔0.3,0.836,100.0,целые тексты,1,бытовой,8559,0.9862
2026-04-05T05:27:50.640426,69882,0.3↔1.0,0.811,1.0,слова,1,бытовой,8560,0.9861
2026-04-05T05:27:50.696429,69883,0.1↔0.3,0.836,10.0,предложения,3,,8561,0.9863
2026-04-05T05:27:50.901425,69887,0.1↔0.3,0.833,10.0,предложения,2,научный,8562,0.9865
2026-04-05T05:27:50.952426,69888,0.1↔0.3,0.829,30.0,абзацы,3,,8563,0.9867
2026-04-05T05:27:51.156437,69892,0.1↔0.3,0.808,0.3,буквы/слоги,1,бытовой,8564,0.9869
2026-04-05T05:27:51.258433,69894,0.3↔1.0,0.815,0.3,буквы/слоги,1,бытовой,8565,0.9871
2026-04-05T05:27:52.023425,69909,0.1↔0.3,0.820,1.0,слова,2,научный,8566,0.9873
2026-04-05T05:27:52.636431,69921,0.1↔0.3,0.813,10.0,предложения,3,,8567,0.9869
2026-04-05T05:27:53.146429,69931,0.3↔1.0,0.811,3.0,словосочетания,4,метафорический,8568,0.9868
2026-04-05T05:27:53.351433,69935,0.1↔0.3,0.816,30.0,абзацы,1,бытовой,8569,0.9870
2026-04-05T05:27:53.556427,69939,0.1↔0.3,0.826,30.0,абзацы,3,,8570,0.9869
2026-04-05T05:27:53.760425,69943,0.3↔1.0,0.838,100.0,целые тексты,1,бытовой,8571,0.9871
2026-04-05T05:27:53.811425,69944,0.1↔0.3,0.825,3.0,словосочетания,3,,8572,0.9873
2026-04-05T05:27:54.015424,69948,0.1↔0.3,0.838,30.0,абзацы,3,,8573,0.9875
2026-04-05T05:27:54.424429,69956,0.1↔0.3,0.836,10.0,предложения,3,,8574,0.9874
2026-04-05T05:27:54.679432,69961,0.1↔0.3,0.836,30.0,абзацы,1,бытовой,8575,0.9876
2026-04-05T05:27:55.546426,69978,0.3↔1.0,0.812,30.0,абзацы,1,бытовой,8576,0.9869
2026-04-05T05:27:56.464426,69996,0.1↔0.3,0.818,100.0,целые тексты,2,научный,8577,0.9871
2026-04-05T05:27:56.515425,69997,0.3↔1.0,0.834,0.3,буквы/слоги,4,метафорический,8578,0.9873
2026-04-05T05:27:57.281426,70012,0.3↔1.0,0.827,30.0,абзацы,3,,8579,0.9869
2026-04-05T05:27:57.995426,70026,0.1↔0.3,0.811,3.0,словосочетания,4,метафорический,8580,0.9868
2026-04-05T05:27:58.099425,70028,0.3↔1.0,0.828,1.0,слова,1,бытовой,8581,0.9870
2026-04-05T05:27:58.150433,70029,0.1↔0.3,0.824,30.0,абзацы,3,,8582,0.9872
2026-04-05T05:27:58.201426,70030,0.1↔0.3,0.812,3.0,словосочетания,1,бытовой,8583,0.9874
2026-04-05T05:27:58.303427,70032,0.3↔1.0,0.809,1.0,слова,3,,8584,0.9876
2026-04-05T05:27:59.374427,70053,0.3↔1.0,0.814,30.0,абзацы,2,научный,8585,0.9878
2026-04-05T05:27:59.528426,70056,0.3↔1.0,0.817,10.0,предложения,2,научный,8586,0.9880
2026-04-05T05:28:00.395426,70073,0.1↔0.3,0.838,30.0,абзацы,4,метафорический,8587,0.9882
2026-04-05T05:28:00.854425,70082,0.1↔0.3,0.818,30.0,абзацы,2,научный,8588,0.9881
2026-04-05T05:28:01.167426,70088,0.1↔0.3,0.833,1.0,слова,2,научный,8589,0.9880
2026-04-05T05:28:02.037426,70105,0.3↔1.0,0.831,1.0,слова,3,,8590,0.9873
2026-04-05T05:28:02.241426,70109,0.1↔0.3,0.813,10.0,предложения,3,,8591,0.9872
2026-04-05T05:28:02.446426,70113,0.1↔0.3,0.825,0.1,буквы/слоги,2,научный,8592,0.9874
2026-04-05T05:28:02.497425,70114,0.1↔0.3,0.822,30.0,абзацы,1,бытовой,8593,0.9876
2026-04-05T05:28:02.599431,70116,0.3↔1.0,0.814,0.1,буквы/слоги,4,метафорический,8594,0.9878
2026-04-05T05:28:02.957426,70123,0.3↔1.0,0.813,10.0,предложения,4,метафорический,8595,0.9877
2026-04-05T05:28:03.824426,70140,0.3↔1.0,0.825,10.0,предложения,2,научный,8596,0.9879
2026-04-05T05:28:04.436427,70152,0.3↔1.0,0.821,30.0,абзацы,1,бытовой,8597,0.9875
2026-04-05T05:28:04.844425,70160,0.3↔1.0,0.817,10.0,предложения,4,метафорический,8598,0.9871
2026-04-05T05:28:04.895433,70161,0.1↔0.3,0.835,3.0,словосочетания,1,бытовой,8599,0.9873
2026-04-05T05:28:05.048426,70164,0.3↔1.0,0.811,1.0,слова,1,бытовой,8600,0.9875
2026-04-05T05:28:05.150427,70166,0.1↔0.3,0.831,10.0,предложения,2,научный,8601,0.9877
2026-04-05T05:28:05.354425,70170,0.3↔1.0,0.810,0.3,буквы/слоги,1,бытовой,8602,0.9879
2026-04-05T05:28:05.660426,70176,0.3↔1.0,0.818,1.0,слова,2,научный,8603,0.9881
2026-04-05T05:28:06.476427,70192,0.1↔0.3,0.835,0.1,буквы/слоги,1,бытовой,8604,0.9880
2026-04-05T05:28:07.037425,70203,0.1↔0.3,0.812,30.0,абзацы,2,научный,8605,0.9879
2026-04-05T05:28:07.088425,70204,0.1↔0.3,0.823,0.3,буквы/слоги,4,метафорический,8606,0.9881
2026-04-05T05:28:09.179432,70245,0.1↔0.3,0.826,0.1,буквы/слоги,3,,8607,0.9874
2026-04-05T05:28:09.791451,70257,0.1↔0.3,0.815,30.0,абзацы,2,научный,8608,0.9876
2026-04-05T05:28:09.893426,70259,0.1↔0.3,0.827,10.0,предложения,3,,8609,0.9878
2026-04-05T05:28:10.301427,70267,0.3↔1.0,0.819,1.0,слова,1,бытовой,8610,0.9880
2026-04-05T05:28:11.629429,70293,0.1↔0.3,0.821,0.3,буквы/слоги,3,,8611,0.9873
2026-04-05T05:28:11.680429,70294,0.1↔0.3,0.819,30.0,абзацы,1,бытовой,8612,0.9875
2026-04-05T05:28:11.935452,70299,0.3↔1.0,0.832,10.0,предложения,3,,8613,0.9877
2026-04-05T05:28:12.139426,70303,0.1↔0.3,0.831,30.0,абзацы,4,метафорический,8614,0.9879
2026-04-05T05:28:12.547427,70311,0.1↔0.3,0.831,1.0,слова,1,бытовой,8615,0.9878
2026-04-05T05:28:12.802432,70316,0.3↔1.0,0.808,0.1,буквы/слоги,2,научный,8616,0.9877
2026-04-05T05:28:14.283432,70345,0.1↔0.3,0.828,0.3,буквы/слоги,4,метафорический,8617,0.9873
2026-04-05T05:28:14.695430,70353,0.1↔0.3,0.834,0.3,буквы/слоги,1,бытовой,8618,0.9875
2026-04-05T05:28:15.664426,70372,0.1↔0.3,0.834,1.0,слова,2,научный,8619,0.9877
2026-04-05T05:28:15.715426,70373,0.1↔0.3,0.811,0.3,буквы/слоги,1,бытовой,8620,0.9879
2026-04-05T05:28:16.072423,70380,0.1↔0.3,0.813,3.0,словосочетания,2,научный,8621,0.9878
2026-04-05T05:28:16.123425,70381,0.1↔0.3,0.835,30.0,абзацы,2,научный,8622,0.9880
2026-04-05T05:28:16.276426,70384,0.3↔1.0,0.820,3.0,словосочетания,2,научный,8623,0.9882
2026-04-05T05:28:17.217425,70402,0.3↔1.0,0.827,10.0,предложения,2,научный,8624,0.9875
2026-04-05T05:28:17.320426,70404,0.1↔0.3,0.811,3.0,словосочетания,3,,8625,0.9874
2026-04-05T05:28:17.525426,70408,0.3↔1.0,0.832,10.0,предложения,2,научный,8626,0.9876
2026-04-05T05:28:18.188426,70421,0.1↔0.3,0.812,3.0,словосочетания,2,научный,8627,0.9878
2026-04-05T05:28:18.239433,70422,0.1↔0.3,0.826,3.0,словосочетания,2,научный,8628,0.9880
2026-04-05T05:28:18.443427,70426,0.3↔1.0,0.832,10.0,предложения,2,научный,8629,0.9882
2026-04-05T05:28:18.596425,70429,0.3↔1.0,0.828,3.0,словосочетания,1,бытовой,8630,0.9878
2026-04-05T05:28:19.361426,70444,0.1↔0.3,0.817,3.0,словосочетания,4,метафорический,8631,0.9880
2026-04-05T05:28:19.719428,70451,0.3↔1.0,0.836,0.3,буквы/слоги,1,бытовой,8632,0.9882
2026-04-05T05:28:19.872426,70454,0.1↔0.3,0.837,3.0,словосочетания,2,научный,8633,0.9884
2026-04-05T05:28:19.974425,70456,0.1↔0.3,0.819,10.0,предложения,3,,8634,0.9886
2026-04-05T05:28:20.435433,70465,0.3↔1.0,0.810,3.0,словосочетания,2,научный,8635,0.9882
2026-04-05T05:28:20.894426,70474,0.1↔0.3,0.829,100.0,целые тексты,3,,8636,0.9881
2026-04-05T05:28:21.151428,70479,0.1↔0.3,0.823,0.1,буквы/слоги,3,,8637,0.9880
2026-04-05T05:28:21.202428,70480,0.1↔0.3,0.813,0.3,буквы/слоги,4,метафорический,8638,0.9882
2026-04-05T05:28:21.304426,70482,0.1↔0.3,0.821,0.3,буквы/слоги,3,,8639,0.9884
2026-04-05T05:28:21.814426,70492,0.3↔1.0,0.815,10.0,предложения,3,,8640,0.9886
2026-04-05T05:28:21.968425,70495,0.1↔0.3,0.816,3.0,словосочетания,2,научный,8641,0.9888
2026-04-05T05:28:23.396426,70523,0.3↔1.0,0.829,30.0,абзацы,3,,8642,0.9890
2026-04-05T05:28:23.957433,70534,0.1↔0.3,0.810,100.0,целые тексты,3,,8643,0.9886
2026-04-05T05:28:24.467426,70544,0.1↔0.3,0.829,30.0,абзацы,3,,8644,0.9888
2026-04-05T05:28:25.793426,70570,0.3↔1.0,0.816,0.3,буквы/слоги,1,бытовой,8645,0.9890
2026-04-05T05:28:25.998427,70574,0.1↔0.3,0.825,3.0,словосочетания,1,бытовой,8646,0.9889
2026-04-05T05:28:26.865426,70591,0.1↔0.3,0.814,1.0,слова,1,бытовой,8647,0.9891
2026-04-05T05:28:27.070425,70595,0.1↔0.3,0.830,10.0,предложения,2,научный,8648,0.9893
2026-04-05T05:28:27.223426,70598,0.3↔1.0,0.834,100.0,целые тексты,1,бытовой,8649,0.9895
2026-04-05T05:28:27.684426,70607,0.1↔0.3,0.834,30.0,абзацы,2,научный,8650,0.9894
2026-04-05T05:28:27.888426,70611,0.3↔1.0,0.829,0.3,буквы/слоги,1,бытовой,8651,0.9896
2026-04-05T05:28:28.092424,70615,0.1↔0.3,0.837,0.3,буквы/слоги,1,бытовой,8652,0.9898
2026-04-05T05:28:28.195426,70617,0.3↔1.0,0.828,1.0,слова,1,бытовой,8653,0.9897
2026-04-05T05:28:28.247427,70618,0.1↔0.3,0.818,0.3,буквы/слоги,2,научный,8654,0.9899
2026-04-05T05:28:28.812426,70629,0.1↔0.3,0.820,10.0,предложения,1,бытовой,8655,0.9892
2026-04-05T05:28:29.545427,70643,0.1↔0.3,0.808,100.0,целые тексты,3,,8656,0.9882
2026-04-05T05:28:31.233425,70676,0.1↔0.3,0.811,10.0,предложения,2,научный,8657,0.9884
2026-04-05T05:28:31.950432,70690,0.1↔0.3,0.834,10.0,предложения,2,научный,8658,0.9880
2026-04-05T05:28:32.053427,70692,0.1↔0.3,0.830,3.0,словосочетания,1,бытовой,8659,0.9882
2026-04-05T05:28:32.716426,70705,0.1↔0.3,0.812,100.0,целые тексты,2,научный,8660,0.9881
2026-04-05T05:28:33.611427,70722,0.3↔1.0,0.816,100.0,целые тексты,2,научный,8661,0.9874
2026-04-05T05:28:33.815425,70726,0.3↔1.0,0.829,10.0,предложения,1,бытовой,8662,0.9876
2026-04-05T05:28:33.917425,70728,0.1↔0.3,0.826,100.0,целые тексты,1,бытовой,8663,0.9875
2026-04-05T05:28:33.968427,70729,0.1↔0.3,0.819,0.3,буквы/слоги,1,бытовой,8664,0.9877
2026-04-05T05:28:34.274425,70735,0.3↔1.0,0.810,100.0,целые тексты,1,бытовой,8665,0.9876
2026-04-05T05:28:34.325426,70736,0.3↔1.0,0.809,30.0,абзацы,3,,8666,0.9878
2026-04-05T05:28:34.478433,70739,0.1↔0.3,0.828,1.0,слова,2,научный,8667,0.9877
2026-04-05T05:28:34.529425,70740,0.1↔0.3,0.821,3.0,словосочетания,3,,8668,0.9879
2026-04-05T05:28:35.090426,70751,0.3↔1.0,0.824,0.1,буквы/слоги,1,бытовой,8669,0.9881
2026-04-05T05:28:35.196428,70753,0.1↔0.3,0.835,100.0,целые тексты,1,бытовой,8670,0.9883
2026-04-05T05:28:35.860427,70766,0.1↔0.3,0.837,100.0,целые тексты,2,научный,8671,0.9879
2026-04-05T05:28:36.676426,70782,0.1↔0.3,0.825,10.0,предложения,3,,8672,0.9878
2026-04-05T05:28:36.931429,70787,0.1↔0.3,0.809,0.1,буквы/слоги,2,научный,8673,0.9880
2026-04-05T05:28:37.237428,70793,0.3↔1.0,0.813,3.0,словосочетания,1,бытовой,8674,0.9879
2026-04-05T05:28:37.390426,70796,0.3↔1.0,0.821,0.3,буквы/слоги,3,,8675,0.9881
2026-04-05T05:28:37.492425,70798,0.1↔0.3,0.832,0.3,буквы/слоги,3,,8676,0.9883
2026-04-05T05:28:38.054425,70809,0.3↔1.0,0.823,0.3,буквы/слоги,2,научный,8677,0.9876
2026-04-05T05:28:38.615426,70820,0.3↔1.0,0.819,3.0,словосочетания,2,научный,8678,0.9878
2026-04-05T05:28:38.719425,70822,0.3↔1.0,0.811,0.1,буквы/слоги,3,,8679,0.9877
2026-04-05T05:28:38.822426,70824,0.1↔0.3,0.830,100.0,целые тексты,2,научный,8680,0.9879
2026-04-05T05:28:39.383432,70835,0.1↔0.3,0.828,100.0,целые тексты,1,бытовой,8681,0.9881
2026-04-05T05:28:40.455430,70856,0.1↔0.3,0.834,3.0,словосочетания,3,,8682,0.9874
2026-04-05T05:28:40.506428,70857,0.1↔0.3,0.816,0.1,буквы/слоги,2,научный,8683,0.9876
2026-04-05T05:28:41.271433,70872,0.3↔1.0,0.822,10.0,предложения,3,,8684,0.9878
2026-04-05T05:28:41.373433,70874,0.1↔0.3,0.813,10.0,предложения,3,,8685,0.9877
2026-04-05T05:28:41.834425,70883,0.1↔0.3,0.830,1.0,слова,1,бытовой,8686,0.9879
2026-04-05T05:28:42.242426,70891,0.3↔1.0,0.826,3.0,словосочетания,1,бытовой,8687,0.9875
2026-04-05T05:28:42.446426,70895,0.3↔1.0,0.820,3.0,словосочетания,3,,8688,0.9874
2026-04-05T05:28:42.497427,70896,0.3↔1.0,0.810,10.0,предложения,2,научный,8689,0.9876
2026-04-05T05:28:42.854452,70903,0.3↔1.0,0.822,0.1,буквы/слоги,1,бытовой,8690,0.9878
2026-04-05T05:28:42.905427,70904,0.3↔1.0,0.818,0.3,буквы/слоги,1,бытовой,8691,0.9880
2026-04-05T05:28:42.956425,70905,0.3↔1.0,0.817,10.0,предложения,4,метафорический,8692,0.9882
2026-04-05T05:28:43.670427,70919,0.3↔1.0,0.813,0.1,буквы/слоги,3,,8693,0.9884
2026-04-05T05:28:44.028425,70926,0.1↔0.3,0.834,3.0,словосочетания,3,,8694,0.9886
2026-04-05T05:28:44.334428,70932,0.1↔0.3,0.821,1.0,слова,3,,8695,0.9888
2026-04-05T05:28:44.742429,70940,0.3↔1.0,0.817,10.0,предложения,1,бытовой,8696,0.9890
2026-04-05T05:28:44.899426,70943,0.1↔0.3,0.822,3.0,словосочетания,3,,8697,0.9892
2026-04-05T05:28:45.256426,70950,0.3↔1.0,0.810,10.0,предложения,1,бытовой,8698,0.9894
2026-04-05T05:28:45.359428,70952,0.3↔1.0,0.827,10.0,предложения,1,бытовой,8699,0.9896
2026-04-05T05:28:45.614425,70957,0.3↔1.0,0.818,100.0,целые тексты,1,бытовой,8700,0.9898
2026-04-05T05:28:45.767434,70960,0.1↔0.3,0.826,0.3,буквы/слоги,1,бытовой,8701,0.9900
2026-04-05T05:28:46.693433,70978,0.3↔1.0,0.819,0.3,буквы/слоги,3,,8702,0.9893
2026-04-05T05:28:46.949433,70983,0.1↔0.3,0.833,10.0,предложения,2,научный,8703,0.9895
2026-04-05T05:28:47.357424,70991,0.1↔0.3,0.830,1.0,слова,2,научный,8704,0.9897
2026-04-05T05:28:47.408430,70992,0.1↔0.3,0.832,30.0,абзацы,2,научный,8705,0.9899
2026-04-05T05:28:47.867425,71001,0.1↔0.3,0.834,0.1,буквы/слоги,3,,8706,0.9901
2026-04-05T05:28:48.633424,71016,0.3↔1.0,0.830,30.0,абзацы,1,бытовой,8707,0.9897
2026-04-05T05:28:48.994427,71023,0.3↔1.0,0.820,100.0,целые тексты,1,бытовой,8708,0.9893
2026-04-05T05:28:49.862426,71040,0.1↔0.3,0.812,0.3,буквы/слоги,3,,8709,0.9889
2026-04-05T05:28:50.446427,71051,0.3↔1.0,0.833,3.0,словосочетания,3,,8710,0.9882
2026-04-05T05:28:51.160425,71065,0.1↔0.3,0.825,0.3,буквы/слоги,2,научный,8711,0.9884
2026-04-05T05:28:51.262426,71067,0.1↔0.3,0.832,0.3,буквы/слоги,2,научный,8712,0.9883
2026-04-05T05:28:51.364430,71069,0.3↔1.0,0.818,100.0,целые тексты,3,,8713,0.9885
2026-04-05T05:28:51.772427,71077,0.1↔0.3,0.827,10.0,предложения,3,,8714,0.9887
2026-04-05T05:28:52.385429,71089,0.1↔0.3,0.815,0.1,буквы/слоги,4,метафорический,8715,0.9880
2026-04-05T05:28:52.691427,71095,0.3↔1.0,0.825,0.3,буквы/слоги,3,,8716,0.9882
2026-04-05T05:28:53.201426,71105,0.1↔0.3,0.821,1.0,слова,1,бытовой,8717,0.9881
2026-04-05T05:28:53.405427,71109,0.1↔0.3,0.828,100.0,целые тексты,2,научный,8718,0.9883
2026-04-05T05:28:54.733426,71135,0.3↔1.0,0.817,100.0,целые тексты,3,,8719,0.9879
2026-04-05T05:28:54.784428,71136,0.3↔1.0,0.832,1.0,слова,3,,8720,0.9881
2026-04-05T05:28:54.887433,71138,0.1↔0.3,0.837,0.1,буквы/слоги,1,бытовой,8721,0.9883
2026-04-05T05:28:54.938425,71139,0.1↔0.3,0.817,100.0,целые тексты,2,научный,8722,0.9885
2026-04-05T05:28:55.703429,71154,0.3↔1.0,0.810,0.1,буквы/слоги,4,метафорический,8723,0.9887
2026-04-05T05:28:55.754432,71155,0.1↔0.3,0.822,30.0,абзацы,2,научный,8724,0.9889
2026-04-05T05:28:55.805428,71156,0.1↔0.3,0.835,10.0,предложения,1,бытовой,8725,0.9891
2026-04-05T05:28:55.856425,71157,0.3↔1.0,0.831,100.0,целые тексты,1,бытовой,8726,0.9893
2026-04-05T05:28:56.162425,71163,0.3↔1.0,0.813,100.0,целые тексты,3,,8727,0.9892
2026-04-05T05:28:56.213433,71164,0.3↔1.0,0.824,1.0,слова,1,бытовой,8728,0.9894
2026-04-05T05:28:56.570426,71171,0.1↔0.3,0.824,0.3,буквы/слоги,1,бытовой,8729,0.9890
2026-04-05T05:28:57.285426,71185,0.1↔0.3,0.823,100.0,целые тексты,3,,8730,0.9889
2026-04-05T05:28:58.305427,71205,0.1↔0.3,0.809,1.0,слова,1,бытовой,8731,0.9882
2026-04-05T05:28:58.407425,71207,0.3↔1.0,0.814,3.0,словосочетания,1,бытовой,8732,0.9884
2026-04-05T05:28:58.662427,71212,0.3↔1.0,0.812,30.0,абзацы,2,научный,8733,0.9886
2026-04-05T05:28:59.172425,71222,0.1↔0.3,0.824,3.0,словосочетания,3,,8734,0.9885
2026-04-05T05:28:59.685426,71232,0.1↔0.3,0.818,0.3,буквы/слоги,2,научный,8735,0.9884
2026-04-05T05:29:00.605426,71250,0.1↔0.3,0.829,0.1,буквы/слоги,1,бытовой,8736,0.9877
2026-04-05T05:29:01.065425,71259,0.1↔0.3,0.830,10.0,предложения,2,научный,8737,0.9876
2026-04-05T05:29:01.779425,71273,0.1↔0.3,0.810,1.0,слова,3,,8738,0.9878
2026-04-05T05:29:01.984426,71277,0.3↔1.0,0.809,100.0,целые тексты,2,научный,8739,0.9880
2026-04-05T05:29:02.137426,71280,0.3↔1.0,0.811,0.1,буквы/слоги,4,метафорический,8740,0.9882
2026-04-05T05:29:02.239425,71282,0.1↔0.3,0.832,3.0,словосочетания,3,,8741,0.9884
2026-04-05T05:29:02.341433,71284,0.1↔0.3,0.836,3.0,словосочетания,2,научный,8742,0.9886
2026-04-05T05:29:02.443426,71286,0.1↔0.3,0.819,30.0,абзацы,2,научный,8743,0.9888
2026-04-05T05:29:02.749425,71292,0.3↔1.0,0.813,100.0,целые тексты,1,бытовой,8744,0.9890
2026-04-05T05:29:02.953432,71296,0.1↔0.3,0.822,0.1,буквы/слоги,3,,8745,0.9892
2026-04-05T05:29:03.876426,71314,0.1↔0.3,0.836,30.0,абзацы,2,научный,8746,0.9888
2026-04-05T05:29:04.030427,71317,0.1↔0.3,0.812,0.1,буквы/слоги,1,бытовой,8747,0.9890
2026-04-05T05:29:05.103426,71338,0.3↔1.0,0.828,10.0,предложения,1,бытовой,8748,0.9883
2026-04-05T05:29:05.921427,71354,0.1↔0.3,0.822,30.0,абзацы,1,бытовой,8749,0.9882
2026-04-05T05:29:06.076429,71357,0.1↔0.3,0.823,10.0,предложения,4,метафорический,8750,0.9884
2026-04-05T05:29:06.485425,71365,0.1↔0.3,0.829,30.0,абзацы,2,научный,8751,0.9880
2026-04-05T05:29:06.893430,71373,0.1↔0.3,0.811,0.3,буквы/слоги,4,метафорический,8752,0.9879
2026-04-05T05:29:06.995425,71375,0.1↔0.3,0.831,30.0,абзацы,3,,8753,0.9881
2026-04-05T05:29:07.352426,71382,0.1↔0.3,0.808,0.3,буквы/слоги,2,научный,8754,0.9883
2026-04-05T05:29:07.965425,71394,0.1↔0.3,0.814,10.0,предложения,2,научный,8755,0.9879
2026-04-05T05:29:08.067426,71396,0.3↔1.0,0.822,10.0,предложения,3,,8756,0.9881
2026-04-05T05:29:08.322426,71401,0.3↔1.0,0.824,1.0,слова,3,,8757,0.9883
2026-04-05T05:29:08.526426,71405,0.3↔1.0,0.828,0.3,буквы/слоги,2,научный,8758,0.9882
2026-04-05T05:29:09.189425,71418,0.1↔0.3,0.832,100.0,целые тексты,3,,8759,0.9875
2026-04-05T05:29:09.342426,71421,0.1↔0.3,0.824,30.0,абзацы,4,метафорический,8760,0.9877
2026-04-05T05:29:10.516426,71444,0.3↔1.0,0.808,1.0,слова,2,научный,8761,0.9876
2026-04-05T05:29:10.823452,71450,0.3↔1.0,0.821,3.0,словосочетания,1,бытовой,8762,0.9875
2026-04-05T05:29:11.642427,71466,0.3↔1.0,0.836,0.3,буквы/слоги,3,,8763,0.9865
2026-04-05T05:29:11.847425,71470,0.1↔0.3,0.808,3.0,словосочетания,2,научный,8764,0.9867
2026-04-05T05:29:12.204427,71477,0.1↔0.3,0.825,30.0,абзацы,2,научный,8765,0.9869
2026-04-05T05:29:12.663427,71486,0.3↔1.0,0.828,100.0,целые тексты,4,метафорический,8766,0.9865
2026-04-05T05:29:13.020425,71493,0.1↔0.3,0.814,0.1,буквы/слоги,1,бытовой,8767,0.9867
2026-04-05T05:29:13.123426,71495,0.3↔1.0,0.823,3.0,словосочетания,3,,8768,0.9869
2026-04-05T05:29:13.990426,71512,0.3↔1.0,0.830,1.0,слова,2,научный,8769,0.9868
2026-04-05T05:29:14.092426,71514,0.3↔1.0,0.832,3.0,словосочетания,1,бытовой,8770,0.9870
2026-04-05T05:29:14.194426,71516,0.1↔0.3,0.812,0.3,буквы/слоги,3,,8771,0.9872
2026-04-05T05:29:14.347426,71519,0.3↔1.0,0.834,30.0,абзацы,2,научный,8772,0.9874
2026-04-05T05:29:14.704427,71526,0.3↔1.0,0.830,10.0,предложения,3,,8773,0.9873
2026-04-05T05:29:15.368429,71539,0.1↔0.3,0.827,3.0,словосочетания,4,метафорический,8774,0.9875
2026-04-05T05:29:15.623430,71544,0.1↔0.3,0.827,3.0,словосочетания,1,бытовой,8775,0.9877
2026-04-05T05:29:16.593423,71563,0.1↔0.3,0.810,0.3,буквы/слоги,2,научный,8776,0.9876
2026-04-05T05:29:16.901425,71569,0.3↔1.0,0.814,0.1,буквы/слоги,4,метафорический,8777,0.9875
2026-04-05T05:29:17.156426,71574,0.1↔0.3,0.837,0.3,буквы/слоги,2,научный,8778,0.9877
2026-04-05T05:29:17.769426,71586,0.1↔0.3,0.812,10.0,предложения,3,,8779,0.9876
2026-04-05T05:29:18.892425,71608,0.3↔1.0,0.828,0.1,буквы/слоги,1,бытовой,8780,0.9872
2026-04-05T05:29:19.555431,71621,0.3↔1.0,0.815,1.0,слова,2,научный,8781,0.9871
2026-04-05T05:29:19.810426,71626,0.1↔0.3,0.817,0.1,буквы/слоги,4,метафорический,8782,0.9873
2026-04-05T05:29:20.320428,71636,0.1↔0.3,0.832,3.0,словосочетания,1,бытовой,8783,0.9875
2026-04-05T05:29:20.881433,71647,0.3↔1.0,0.824,100.0,целые тексты,2,научный,8784,0.9871
2026-04-05T05:29:21.903452,71667,0.1↔0.3,0.831,30.0,абзацы,2,научный,8785,0.9864
2026-04-05T05:29:23.178426,71692,0.3↔1.0,0.831,1.0,слова,1,бытовой,8786,0.9866
2026-04-05T05:29:23.535422,71699,0.3↔1.0,0.832,100.0,целые тексты,3,,8787,0.9862
2026-04-05T05:29:23.743426,71703,0.3↔1.0,0.814,0.1,буквы/слоги,3,,8788,0.9864
2026-04-05T05:29:23.947425,71707,0.1↔0.3,0.816,1.0,слова,3,,8789,0.9866
2026-04-05T05:29:24.865427,71725,0.1↔0.3,0.828,1.0,слова,3,,8790,0.9859
2026-04-05T05:29:25.326426,71734,0.3↔1.0,0.815,10.0,предложения,2,научный,8791,0.9858
2026-04-05T05:29:25.889425,71745,0.3↔1.0,0.833,0.3,буквы/слоги,1,бытовой,8792,0.9854
2026-04-05T05:29:25.947427,71746,0.1↔0.3,0.827,0.1,буквы/слоги,4,метафорический,8793,0.9856
2026-04-05T05:29:26.511427,71757,0.1↔0.3,0.824,100.0,целые тексты,1,бытовой,8794,0.9855
2026-04-05T05:29:26.563425,71758,0.1↔0.3,0.826,0.1,буквы/слоги,2,научный,8795,0.9857
2026-04-05T05:29:26.971425,71766,0.1↔0.3,0.817,0.1,буквы/слоги,1,бытовой,8796,0.9856
2026-04-05T05:29:27.689425,71780,0.1↔0.3,0.829,0.1,буквы/слоги,1,бытовой,8797,0.9852
2026-04-05T05:29:28.556425,71797,0.1↔0.3,0.815,10.0,предложения,2,научный,8798,0.9848
2026-04-05T05:29:29.679432,71819,0.1↔0.3,0.819,30.0,абзацы,3,,8799,0.9847
2026-04-05T05:29:29.832426,71822,0.1↔0.3,0.812,0.3,буквы/слоги,1,бытовой,8800,0.9849
2026-04-05T05:29:29.985426,71825,0.1↔0.3,0.829,30.0,абзацы,2,научный,8801,0.9851
2026-04-05T05:29:30.496427,71835,0.1↔0.3,0.819,0.3,буквы/слоги,2,научный,8802,0.9850
2026-04-05T05:29:30.649430,71838,0.1↔0.3,0.833,0.3,буквы/слоги,1,бытовой,8803,0.9852
2026-04-05T05:29:30.701426,71839,0.3↔1.0,0.824,30.0,абзацы,3,,8804,0.9854
2026-04-05T05:29:31.467433,71854,0.1↔0.3,0.827,0.1,буквы/слоги,3,,8805,0.9853
2026-04-05T05:29:31.518432,71855,0.3↔1.0,0.827,1.0,слова,3,,8806,0.9855
2026-04-05T05:29:31.620427,71857,0.1↔0.3,0.816,30.0,абзацы,1,бытовой,8807,0.9854
2026-04-05T05:29:32.385433,71872,0.1↔0.3,0.816,30.0,абзацы,3,,8808,0.9856
2026-04-05T05:29:32.895425,71882,0.1↔0.3,0.819,0.1,буквы/слоги,3,,8809,0.9855
2026-04-05T05:29:32.998428,71884,0.3↔1.0,0.826,0.3,буквы/слоги,1,бытовой,8810,0.9857
2026-04-05T05:29:33.815425,71900,0.1↔0.3,0.810,0.1,буквы/слоги,3,,8811,0.9853
2026-04-05T05:29:34.174426,71907,0.3↔1.0,0.829,1.0,слова,2,научный,8812,0.9855
2026-04-05T05:29:34.582429,71915,0.1↔0.3,0.825,30.0,абзацы,3,,8813,0.9854
2026-04-05T05:29:35.093427,71925,0.1↔0.3,0.823,3.0,словосочетания,2,научный,8814,0.9850
2026-04-05T05:29:35.348426,71930,0.3↔1.0,0.838,3.0,словосочетания,1,бытовой,8815,0.9852
2026-04-05T05:29:35.399433,71931,0.1↔0.3,0.822,10.0,предложения,2,научный,8816,0.9854
2026-04-05T05:29:36.113425,71945,0.3↔1.0,0.838,0.3,буквы/слоги,2,научный,8817,0.9856
2026-04-05T05:29:36.317426,71949,0.3↔1.0,0.836,0.1,буквы/слоги,4,метафорический,8818,0.9858
2026-04-05T05:29:37.184426,71966,0.3↔1.0,0.827,10.0,предложения,3,,8819,0.9854
2026-04-05T05:29:37.490433,71972,0.1↔0.3,0.810,3.0,словосочетания,2,научный,8820,0.9856
2026-04-05T05:29:39.277425,72007,0.1↔0.3,0.825,10.0,предложения,3,,8821,0.9852
2026-04-05T05:29:39.328426,72008,0.1↔0.3,0.835,1.0,слова,3,,8822,0.9854
2026-04-05T05:29:40.451426,72030,0.3↔1.0,0.830,10.0,предложения,3,,8823,0.9850
2026-04-05T05:29:41.165426,72044,0.1↔0.3,0.825,0.1,буквы/слоги,3,,8824,0.9852
2026-04-05T05:29:41.370427,72048,0.3↔1.0,0.823,10.0,предложения,2,научный,8825,0.9854
2026-04-05T05:29:41.727433,72055,0.1↔0.3,0.837,0.1,буквы/слоги,1,бытовой,8826,0.9856
2026-04-05T05:29:41.778427,72056,0.3↔1.0,0.824,1.0,слова,3,,8827,0.9858
2026-04-05T05:29:41.931426,72059,0.3↔1.0,0.825,0.3,буквы/слоги,3,,8828,0.9860
2026-04-05T05:29:42.444426,72069,0.1↔0.3,0.828,100.0,целые тексты,1,бытовой,8829,0.9859
2026-04-05T05:29:42.750430,72075,0.1↔0.3,0.828,10.0,предложения,1,бытовой,8830,0.9861
2026-04-05T05:29:43.056423,72081,0.3↔1.0,0.837,1.0,слова,4,метафорический,8831,0.9860
2026-04-05T05:29:43.414426,72088,0.1↔0.3,0.837,0.1,буквы/слоги,3,,8832,0.9862
2026-04-05T05:29:44.078428,72101,0.3↔1.0,0.822,30.0,абзацы,3,,8833,0.9864
2026-04-05T05:29:44.690426,72113,0.1↔0.3,0.831,1.0,слова,4,метафорический,8834,0.9866
2026-04-05T05:29:45.865427,72136,0.1↔0.3,0.816,0.1,буквы/слоги,3,,8835,0.9856
2026-04-05T05:29:46.223426,72143,0.3↔1.0,0.811,1.0,слова,1,бытовой,8836,0.9858
2026-04-05T05:29:47.039426,72159,0.1↔0.3,0.818,0.1,буквы/слоги,3,,8837,0.9854
2026-04-05T05:29:47.396426,72166,0.3↔1.0,0.829,3.0,словосочетания,3,,8838,0.9856
2026-04-05T05:29:47.957426,72177,0.1↔0.3,0.837,30.0,абзацы,2,научный,8839,0.9855
2026-04-05T05:29:48.008434,72178,0.3↔1.0,0.829,0.1,буквы/слоги,3,,8840,0.9857
2026-04-05T05:29:48.111426,72180,0.3↔1.0,0.832,10.0,предложения,1,бытовой,8841,0.9859
2026-04-05T05:29:48.213427,72182,0.1↔0.3,0.827,0.1,буквы/слоги,3,,8842,0.9858
2026-04-05T05:29:48.315428,72184,0.1↔0.3,0.809,1.0,слова,3,,8843,0.9860
2026-04-05T05:29:48.570425,72189,0.3↔1.0,0.810,1.0,слова,1,бытовой,8844,0.9862
2026-04-05T05:29:48.927431,72196,0.1↔0.3,0.810,1.0,слова,3,,8845,0.9861
2026-04-05T05:29:49.182427,72201,0.1↔0.3,0.833,0.1,буквы/слоги,2,научный,8846,0.9863
2026-04-05T05:29:50.100426,72219,0.3↔1.0,0.812,100.0,целые тексты,2,научный,8847,0.9862
2026-04-05T05:29:50.152427,72220,0.3↔1.0,0.825,0.3,буквы/слоги,3,,8848,0.9864
2026-04-05T05:29:50.560426,72228,0.3↔1.0,0.825,30.0,абзацы,3,,8849,0.9866
2026-04-05T05:29:50.815433,72233,0.1↔0.3,0.824,0.3,буквы/слоги,2,научный,8850,0.9868
2026-04-05T05:29:51.172426,72240,0.1↔0.3,0.819,0.1,буквы/слоги,1,бытовой,8851,0.9867
2026-04-05T05:29:51.274426,72242,0.3↔1.0,0.822,3.0,словосочетания,1,бытовой,8852,0.9869
2026-04-05T05:29:53.122425,72278,0.1↔0.3,0.822,0.1,буквы/слоги,2,научный,8853,0.9862
2026-04-05T05:29:53.736426,72290,0.1↔0.3,0.824,10.0,предложения,1,бытовой,8854,0.9861
2026-04-05T05:29:54.195426,72299,0.1↔0.3,0.821,0.1,буквы/слоги,1,бытовой,8855,0.9860
2026-04-05T05:29:54.246426,72300,0.3↔1.0,0.815,3.0,словосочетания,3,,8856,0.9862
2026-04-05T05:29:54.654427,72308,0.1↔0.3,0.817,100.0,целые тексты,1,бытовой,8857,0.9864
2026-04-05T05:29:55.218427,72319,0.3↔1.0,0.835,0.1,буквы/слоги,2,научный,8858,0.9866
2026-04-05T05:29:55.422426,72323,0.1↔0.3,0.818,3.0,словосочетания,1,бытовой,8859,0.9868
2026-04-05T05:29:55.677433,72328,0.3↔1.0,0.832,10.0,предложения,2,научный,8860,0.9870
2026-04-05T05:29:55.830425,72331,0.1↔0.3,0.823,3.0,словосочетания,3,,8861,0.9872
2026-04-05T05:29:56.442425,72343,0.1↔0.3,0.832,1.0,слова,2,научный,8862,0.9871
2026-04-05T05:29:56.850427,72351,0.1↔0.3,0.833,0.1,буквы/слоги,3,,8863,0.9867
2026-04-05T05:29:57.207426,72358,0.3↔1.0,0.829,1.0,слова,2,научный,8864,0.9869
2026-04-05T05:29:57.411427,72362,0.1↔0.3,0.810,100.0,целые тексты,3,,8865,0.9871
2026-04-05T05:29:57.820425,72370,0.3↔1.0,0.827,0.1,буквы/слоги,3,,8866,0.9873
2026-04-05T05:29:57.925432,72372,0.3↔1.0,0.825,1.0,слова,2,научный,8867,0.9875
2026-04-05T05:29:58.231425,72378,0.1↔0.3,0.830,100.0,целые тексты,2,научный,8868,0.9877
2026-04-05T05:29:58.487426,72383,0.1↔0.3,0.825,3.0,словосочетания,2,научный,8869,0.9879
2026-04-05T05:29:58.538424,72384,0.3↔1.0,0.825,10.0,предложения,2,научный,8870,0.9881
2026-04-05T05:29:59.053426,72394,0.1↔0.3,0.812,30.0,абзацы,4,метафорический,8871,0.9880
2026-04-05T05:29:59.104428,72395,0.1↔0.3,0.836,10.0,предложения,3,,8872,0.9882
2026-04-05T05:29:59.413425,72401,0.1↔0.3,0.810,0.3,буквы/слоги,2,научный,8873,0.9881
2026-04-05T05:29:59.515428,72403,0.3↔1.0,0.820,0.1,буквы/слоги,3,,8874,0.9883
2026-04-05T05:29:59.566426,72404,0.1↔0.3,0.813,0.3,буквы/слоги,2,научный,8875,0.9885
2026-04-05T05:30:00.178426,72416,0.3↔1.0,0.836,10.0,предложения,1,бытовой,8876,0.9887
2026-04-05T05:30:00.280429,72418,0.1↔0.3,0.834,10.0,предложения,2,научный,8877,0.9889
2026-04-05T05:30:00.345427,72419,0.3↔1.0,0.837,1.0,слова,2,научный,8878,0.9891
2026-04-05T05:30:00.710433,72425,0.1↔0.3,0.812,3.0,словосочетания,2,научный,8879,0.9887
2026-04-05T05:30:00.762426,72426,0.1↔0.3,0.812,10.0,предложения,2,научный,8880,0.9889
2026-04-05T05:30:01.527425,72441,0.1↔0.3,0.818,0.1,буквы/слоги,2,научный,8881,0.9891
2026-04-05T05:30:01.680425,72444,0.3↔1.0,0.832,30.0,абзацы,1,бытовой,8882,0.9893
2026-04-05T05:30:01.731426,72445,0.1↔0.3,0.810,30.0,абзацы,2,научный,8883,0.9895
2026-04-05T05:30:01.833426,72447,0.1↔0.3,0.813,100.0,целые тексты,2,научный,8884,0.9897
2026-04-05T05:30:02.292427,72456,0.3↔1.0,0.834,100.0,целые тексты,2,научный,8885,0.9899
2026-04-05T05:30:02.445425,72459,0.3↔1.0,0.813,0.3,буквы/слоги,2,научный,8886,0.9898
2026-04-05T05:30:02.700428,72464,0.3↔1.0,0.824,10.0,предложения,1,бытовой,8887,0.9900
2026-04-05T05:30:02.854426,72467,0.1↔0.3,0.824,30.0,абзацы,2,научный,8888,0.9902
2026-04-05T05:30:03.570426,72481,0.1↔0.3,0.816,1.0,слова,2,научный,8889,0.9904
2026-04-05T05:30:03.979428,72489,0.1↔0.3,0.827,100.0,целые тексты,3,,8890,0.9903
2026-04-05T05:30:05.104432,72511,0.1↔0.3,0.814,0.3,буквы/слоги,2,научный,8891,0.9905
2026-04-05T05:30:05.309425,72515,0.3↔1.0,0.837,3.0,словосочетания,3,,8892,0.9907
2026-04-05T05:30:05.769427,72524,0.1↔0.3,0.817,0.1,буквы/слоги,2,научный,8893,0.9906
2026-04-05T05:30:06.330425,72535,0.1↔0.3,0.821,100.0,целые тексты,1,бытовой,8894,0.9905
2026-04-05T05:30:06.438426,72537,0.3↔1.0,0.828,3.0,словосочетания,3,,8895,0.9907
2026-04-05T05:30:06.745427,72543,0.1↔0.3,0.820,0.3,буквы/слоги,1,бытовой,8896,0.9906
2026-04-05T05:30:06.796433,72544,0.3↔1.0,0.818,100.0,целые тексты,3,,8897,0.9908
2026-04-05T05:30:07.153426,72551,0.3↔1.0,0.827,30.0,абзацы,3,,8898,0.9910
2026-04-05T05:30:07.765426,72563,0.1↔0.3,0.830,30.0,абзацы,2,научный,8899,0.9909
2026-04-05T05:30:08.071425,72569,0.3↔1.0,0.819,0.1,буквы/слоги,1,бытовой,8900,0.9911
2026-04-05T05:30:08.581428,72579,0.1↔0.3,0.824,0.1,буквы/слоги,3,,8901,0.9904
2026-04-05T05:30:08.735429,72582,0.1↔0.3,0.823,1.0,слова,1,бытовой,8902,0.9906
2026-04-05T05:30:08.837426,72584,0.3↔1.0,0.835,0.3,буквы/слоги,2,научный,8903,0.9908
2026-04-05T05:30:08.990434,72587,0.1↔0.3,0.822,10.0,предложения,3,,8904,0.9910
2026-04-05T05:30:09.653425,72600,0.3↔1.0,0.811,0.3,буквы/слоги,3,,8905,0.9906
2026-04-05T05:30:09.908428,72605,0.3↔1.0,0.823,30.0,абзацы,2,научный,8906,0.9908
2026-04-05T05:30:10.061429,72608,0.3↔1.0,0.814,0.3,буквы/слоги,2,научный,8907,0.9910
2026-04-05T05:30:10.265426,72612,0.3↔1.0,0.809,10.0,предложения,1,бытовой,8908,0.9912
2026-04-05T05:30:11.081426,72628,0.1↔0.3,0.813,30.0,абзацы,1,бытовой,8909,0.9911
2026-04-05T05:30:11.847425,72643,0.3↔1.0,0.837,3.0,словосочетания,2,научный,8910,0.9913
2026-04-05T05:30:12.255432,72651,0.1↔0.3,0.814,3.0,словосочетания,3,,8911,0.9912
2026-04-05T05:30:12.918427,72664,0.3↔1.0,0.812,3.0,словосочетания,3,,8912,0.9905
2026-04-05T05:30:13.837428,72682,0.1↔0.3,0.827,30.0,абзацы,3,,8913,0.9901
2026-04-05T05:30:14.500426,72695,0.3↔1.0,0.817,30.0,абзацы,1,бытовой,8914,0.9900
2026-04-05T05:30:14.602424,72697,0.3↔1.0,0.824,0.1,буквы/слоги,2,научный,8915,0.9902
2026-04-05T05:30:14.704426,72699,0.3↔1.0,0.814,100.0,целые тексты,3,,8916,0.9904
2026-04-05T05:30:14.959425,72704,0.1↔0.3,0.815,30.0,абзацы,3,,8917,0.9906
2026-04-05T05:30:15.061427,72706,0.1↔0.3,0.811,3.0,словосочетания,3,,8918,0.9905
2026-04-05T05:30:15.367427,72712,0.1↔0.3,0.821,100.0,целые тексты,3,,8919,0.9907
2026-04-05T05:30:15.928425,72723,0.1↔0.3,0.826,3.0,словосочетания,2,научный,8920,0.9909
2026-04-05T05:30:16.234428,72729,0.1↔0.3,0.818,1.0,слова,1,бытовой,8921,0.9911
2026-04-05T05:30:16.489429,72734,0.3↔1.0,0.816,0.1,буквы/слоги,3,,8922,0.9913
2026-04-05T05:30:16.846425,72741,0.1↔0.3,0.838,30.0,абзацы,2,научный,8923,0.9912
2026-04-05T05:30:17.154425,72747,0.1↔0.3,0.818,10.0,предложения,1,бытовой,8924,0.9914
2026-04-05T05:30:17.358430,72751,0.3↔1.0,0.831,10.0,предложения,2,научный,8925,0.9916
2026-04-05T05:30:17.664425,72757,0.1↔0.3,0.815,0.1,буквы/слоги,2,научный,8926,0.9918
2026-04-05T05:30:18.124425,72766,0.1↔0.3,0.822,3.0,словосочетания,3,,8927,0.9920
2026-04-05T05:30:18.689432,72777,0.1↔0.3,0.820,3.0,словосочетания,2,научный,8928,0.9922
2026-04-05T05:30:19.046429,72784,0.1↔0.3,0.816,10.0,предложения,3,,8929,0.9924
2026-04-05T05:30:19.352427,72790,0.3↔1.0,0.834,3.0,словосочетания,3,,8930,0.9926
2026-04-05T05:30:19.556429,72794,0.1↔0.3,0.823,10.0,предложения,2,научный,8931,0.9925
2026-04-05T05:30:19.658426,72796,0.3↔1.0,0.808,1.0,слова,2,научный,8932,0.9927
2026-04-05T05:30:20.730425,72817,0.1↔0.3,0.822,0.3,буквы/слоги,2,научный,8933,0.9920
2026-04-05T05:30:21.240432,72827,0.1↔0.3,0.834,30.0,абзацы,1,бытовой,8934,0.9922
2026-04-05T05:30:21.801426,72838,0.1↔0.3,0.837,30.0,абзацы,3,,8935,0.9921
2026-04-05T05:30:21.903427,72840,0.3↔1.0,0.814,10.0,предложения,3,,8936,0.9923
2026-04-05T05:30:22.566425,72853,0.3↔1.0,0.824,0.1,буквы/слоги,2,научный,8937,0.9922
2026-04-05T05:30:23.280425,72867,0.3↔1.0,0.836,30.0,абзацы,1,бытовой,8938,0.9924
2026-04-05T05:30:23.485427,72871,0.1↔0.3,0.818,30.0,абзацы,2,научный,8939,0.9926
2026-04-05T05:30:23.791425,72877,0.1↔0.3,0.815,3.0,словосочетания,1,бытовой,8940,0.9928
2026-04-05T05:30:24.613427,72893,0.3↔1.0,0.813,100.0,целые тексты,3,,8941,0.9924
2026-04-05T05:30:24.664426,72894,0.1↔0.3,0.837,1.0,слова,4,метафорический,8942,0.9926
2026-04-05T05:30:25.991425,72920,0.1↔0.3,0.810,10.0,предложения,3,,8943,0.9922
2026-04-05T05:30:26.348426,72927,0.3↔1.0,0.827,0.3,буквы/слоги,2,научный,8944,0.9924
2026-04-05T05:30:26.808426,72936,0.1↔0.3,0.834,0.1,буквы/слоги,1,бытовой,8945,0.9923
2026-04-05T05:30:27.117428,72942,0.3↔1.0,0.835,10.0,предложения,1,бытовой,8946,0.9922
2026-04-05T05:30:27.729426,72954,0.3↔1.0,0.816,10.0,предложения,3,,8947,0.9924
2026-04-05T05:30:28.239429,72964,0.1↔0.3,0.815,3.0,словосочетания,3,,8948,0.9923
2026-04-05T05:30:28.545425,72970,0.1↔0.3,0.812,30.0,абзацы,2,научный,8949,0.9925
2026-04-05T05:30:28.851428,72976,0.1↔0.3,0.822,30.0,абзацы,1,бытовой,8950,0.9927
2026-04-05T05:30:29.106427,72981,0.3↔1.0,0.837,30.0,абзацы,1,бытовой,8951,0.9926
2026-04-05T05:30:29.567425,72990,0.1↔0.3,0.830,100.0,целые тексты,2,научный,8952,0.9928
2026-04-05T05:30:30.128427,73001,0.3↔1.0,0.832,3.0,словосочетания,1,бытовой,8953,0.9918
2026-04-05T05:30:30.179425,73002,0.3↔1.0,0.809,0.3,буквы/слоги,3,,8954,0.9920
2026-04-05T05:30:30.536425,73009,0.1↔0.3,0.823,100.0,целые тексты,3,,8955,0.9919
2026-04-05T05:30:30.587423,73010,0.1↔0.3,0.824,30.0,абзацы,2,научный,8956,0.9921
2026-04-05T05:30:31.048429,73019,0.1↔0.3,0.836,10.0,предложения,2,научный,8957,0.9917
2026-04-05T05:30:31.660425,73031,0.1↔0.3,0.829,10.0,предложения,2,научный,8958,0.9919
2026-04-05T05:30:31.864425,73035,0.3↔1.0,0.836,1.0,слова,1,бытовой,8959,0.9921
2026-04-05T05:30:31.966426,73037,0.1↔0.3,0.823,10.0,предложения,2,научный,8960,0.9923
2026-04-05T05:30:32.017428,73038,0.1↔0.3,0.824,3.0,словосочетания,2,научный,8961,0.9925
2026-04-05T05:30:32.068427,73039,0.3↔1.0,0.837,10.0,предложения,3,,8962,0.9927
2026-04-05T05:30:32.221427,73042,0.1↔0.3,0.827,100.0,целые тексты,3,,8963,0.9929
2026-04-05T05:30:32.275425,73043,0.1↔0.3,0.823,1.0,слова,1,бытовой,8964,0.9931
2026-04-05T05:30:32.632431,73050,0.3↔1.0,0.809,0.3,буквы/слоги,3,,8965,0.9930
2026-04-05T05:30:32.887432,73055,0.1↔0.3,0.838,30.0,абзацы,1,бытовой,8966,0.9929
2026-04-05T05:30:33.091426,73059,0.1↔0.3,0.830,30.0,абзацы,1,бытовой,8967,0.9931
2026-04-05T05:30:33.449425,73066,0.3↔1.0,0.837,10.0,предложения,3,,8968,0.9933
2026-04-05T05:30:35.082428,73098,0.1↔0.3,0.831,30.0,абзацы,2,научный,8969,0.9929
2026-04-05T05:30:35.389427,73104,0.3↔1.0,0.815,1.0,слова,1,бытовой,8970,0.9931
2026-04-05T05:30:35.797426,73112,0.1↔0.3,0.821,100.0,целые тексты,1,бытовой,8971,0.9930
2026-04-05T05:30:36.002437,73116,0.3↔1.0,0.830,10.0,предложения,3,,8972,0.9932
2026-04-05T05:30:36.053426,73117,0.1↔0.3,0.822,30.0,абзацы,2,научный,8973,0.9934
2026-04-05T05:30:36.229429,73120,0.3↔1.0,0.830,100.0,целые тексты,1,бытовой,8974,0.9936
2026-04-05T05:30:36.740425,73130,0.1↔0.3,0.812,30.0,абзацы,3,,8975,0.9938
2026-04-05T05:30:37.000433,73135,0.3↔1.0,0.823,0.3,буквы/слоги,1,бытовой,8976,0.9940
2026-04-05T05:30:37.153425,73138,0.1↔0.3,0.831,0.3,буквы/слоги,1,бытовой,8977,0.9942
2026-04-05T05:30:38.022430,73155,0.1↔0.3,0.816,100.0,целые тексты,1,бытовой,8978,0.9944
2026-04-05T05:30:38.175428,73158,0.1↔0.3,0.827,1.0,слова,4,метафорический,8979,0.9946
2026-04-05T05:30:38.634427,73167,0.1↔0.3,0.824,1.0,слова,2,научный,8980,0.9945
2026-04-05T05:30:39.349433,73181,0.3↔1.0,0.815,100.0,целые тексты,3,,8981,0.9941
2026-04-05T05:30:39.400427,73182,0.3↔1.0,0.810,1.0,слова,1,бытовой,8982,0.9943
2026-04-05T05:30:39.451426,73183,0.1↔0.3,0.823,10.0,предложения,1,бытовой,8983,0.9945
2026-04-05T05:30:39.607426,73186,0.3↔1.0,0.826,100.0,целые тексты,1,бытовой,8984,0.9947
2026-04-05T05:30:40.117425,73196,0.1↔0.3,0.822,0.3,буквы/слоги,1,бытовой,8985,0.9949
2026-04-05T05:30:40.424427,73202,0.1↔0.3,0.820,30.0,абзацы,1,бытовой,8986,0.9951
2026-04-05T05:30:40.629426,73206,0.3↔1.0,0.815,10.0,предложения,2,научный,8987,0.9953
2026-04-05T05:30:40.731426,73208,0.1↔0.3,0.833,1.0,слова,4,метафорический,8988,0.9955
2026-04-05T05:30:41.088425,73215,0.1↔0.3,0.838,0.3,буквы/слоги,3,,8989,0.9954
2026-04-05T05:30:41.700425,73227,0.3↔1.0,0.820,3.0,словосочетания,3,,8990,0.9956
2026-04-05T05:30:42.414425,73241,0.3↔1.0,0.831,0.3,буквы/слоги,3,,8991,0.9955
2026-04-05T05:30:42.671429,73246,0.3↔1.0,0.830,10.0,предложения,3,,8992,0.9957
2026-04-05T05:30:42.978427,73252,0.1↔0.3,0.832,10.0,предложения,3,,8993,0.9956
2026-04-05T05:30:43.029432,73253,0.3↔1.0,0.815,100.0,целые тексты,4,метафорический,8994,0.9958
2026-04-05T05:30:43.794426,73268,0.1↔0.3,0.837,0.3,буквы/слоги,2,научный,8995,0.9960
2026-04-05T05:30:44.457433,73281,0.3↔1.0,0.816,1.0,слова,2,научный,8996,0.9953
2026-04-05T05:30:45.325425,73298,0.1↔0.3,0.834,0.3,буквы/слоги,4,метафорический,8997,0.9955
2026-04-05T05:30:45.427427,73300,0.1↔0.3,0.835,0.1,буквы/слоги,3,,8998,0.9957
2026-04-05T05:30:45.478428,73301,0.1↔0.3,0.837,10.0,предложения,1,бытовой,8999,0.9959
2026-04-05T05:30:45.784426,73307,0.1↔0.3,0.829,1.0,слова,2,научный,9000,0.9961
2026-04-05T05:30:45.891427,73309,0.1↔0.3,0.827,3.0,словосочетания,3,,9001,0.9960
2026-04-05T05:30:46.453426,73320,0.3↔1.0,0.817,1.0,слова,2,научный,9002,0.9962
2026-04-05T05:30:46.556426,73322,0.3↔1.0,0.831,100.0,целые тексты,3,,9003,0.9964
2026-04-05T05:30:46.607429,73323,0.3↔1.0,0.822,30.0,абзацы,1,бытовой,9004,0.9966
2026-04-05T05:30:47.423432,73339,0.3↔1.0,0.824,10.0,предложения,1,бытовой,9005,0.9965
2026-04-05T05:30:47.883425,73348,0.1↔0.3,0.816,10.0,предложения,1,бытовой,9006,0.9964
2026-04-05T05:30:48.503426,73360,0.1↔0.3,0.808,1.0,слова,1,бытовой,9007,0.9963
2026-04-05T05:30:48.554425,73361,0.3↔1.0,0.812,0.3,буквы/слоги,3,,9008,0.9965
2026-04-05T05:30:49.370425,73377,0.1↔0.3,0.819,30.0,абзацы,3,,9009,0.9961
2026-04-05T05:30:49.931432,73388,0.1↔0.3,0.809,0.3,буквы/слоги,1,бытовой,9010,0.9960
2026-04-05T05:30:49.983432,73389,0.1↔0.3,0.830,10.0,предложения,1,бытовой,9011,0.9962
2026-04-05T05:30:51.514426,73419,0.3↔1.0,0.832,3.0,словосочетания,1,бытовой,9012,0.9958
2026-04-05T05:30:52.637427,73441,0.1↔0.3,0.831,3.0,словосочетания,3,,9013,0.9957
2026-04-05T05:30:52.944425,73447,0.1↔0.3,0.835,10.0,предложения,1,бытовой,9014,0.9959
2026-04-05T05:30:52.996425,73448,0.3↔1.0,0.835,3.0,словосочетания,2,научный,9015,0.9961
2026-04-05T05:30:53.864425,73465,0.1↔0.3,0.811,0.3,буквы/слоги,1,бытовой,9016,0.9960
2026-04-05T05:30:54.120425,73470,0.1↔0.3,0.825,30.0,абзацы,3,,9017,0.9962
2026-04-05T05:30:54.171427,73471,0.1↔0.3,0.836,10.0,предложения,1,бытовой,9018,0.9964
2026-04-05T05:30:54.377430,73475,0.1↔0.3,0.819,0.3,буквы/слоги,2,научный,9019,0.9966
2026-04-05T05:30:54.530427,73478,0.3↔1.0,0.834,30.0,абзацы,3,,9020,0.9968
2026-04-05T05:30:55.091426,73489,0.3↔1.0,0.825,100.0,целые тексты,3,,9021,0.9967
2026-04-05T05:30:56.366426,73514,0.3↔1.0,0.818,30.0,абзацы,1,бытовой,9022,0.9966
2026-04-05T05:30:57.029426,73527,0.3↔1.0,0.836,0.3,буквы/слоги,3,,9023,0.9968
2026-04-05T05:30:57.896426,73544,0.3↔1.0,0.835,1.0,слова,3,,9024,0.9967
2026-04-05T05:30:58.050425,73547,0.3↔1.0,0.835,30.0,абзацы,2,научный,9025,0.9969
2026-04-05T05:30:58.101426,73548,0.1↔0.3,0.832,100.0,целые тексты,1,бытовой,9026,0.9971
2026-04-05T05:30:58.407428,73554,0.3↔1.0,0.826,10.0,предложения,3,,9027,0.9973
2026-04-05T05:30:58.866426,73563,0.1↔0.3,0.819,3.0,словосочетания,1,бытовой,9028,0.9972
2026-04-05T05:30:59.581429,73577,0.1↔0.3,0.816,0.1,буквы/слоги,1,бытовой,9029,0.9974
2026-04-05T05:30:59.938425,73584,0.3↔1.0,0.814,30.0,абзацы,1,бытовой,9030,0.9976
2026-04-05T05:31:00.397427,73593,0.3↔1.0,0.829,100.0,целые тексты,3,,9031,0.9978
2026-04-05T05:31:00.703426,73599,0.3↔1.0,0.818,3.0,словосочетания,1,бытовой,9032,0.9977
2026-04-05T05:31:02.131425,73627,0.3↔1.0,0.836,100.0,целые тексты,4,метафорический,9033,0.9973
2026-04-05T05:31:02.284426,73630,0.1↔0.3,0.811,10.0,предложения,1,бытовой,9034,0.9975
2026-04-05T05:31:02.845425,73641,0.1↔0.3,0.826,1.0,слова,1,бытовой,9035,0.9977
2026-04-05T05:31:03.305428,73650,0.1↔0.3,0.810,30.0,абзацы,1,бытовой,9036,0.9979
2026-04-05T05:31:03.407426,73652,0.1↔0.3,0.813,0.1,буквы/слоги,4,метафорический,9037,0.9980
2026-04-05T05:31:03.458425,73653,0.3↔1.0,0.833,0.1,буквы/слоги,4,метафорический,9038,0.9980
2026-04-05T05:31:03.611426,73656,0.1↔0.3,0.817,0.3,буквы/слоги,2,научный,9039,0.9980
2026-04-05T05:31:04.019426,73664,0.1↔0.3,0.809,30.0,абзацы,4,метафорический,9040,0.9979
2026-04-05T05:31:04.325426,73670,0.1↔0.3,0.837,0.1,буквы/слоги,3,,9041,0.9980
2026-04-05T05:31:04.427427,73672,0.3↔1.0,0.831,10.0,предложения,1,бытовой,9042,0.9980
2026-04-05T05:31:04.581426,73675,0.1↔0.3,0.827,30.0,абзацы,3,,9043,0.9980
2026-04-05T05:31:04.632429,73676,0.3↔1.0,0.817,10.0,предложения,4,метафорический,9044,0.9980
2026-04-05T05:31:04.786428,73679,0.1↔0.3,0.813,30.0,абзацы,3,,9045,0.9980
2026-04-05T05:31:04.888426,73681,0.1↔0.3,0.837,0.3,буквы/слоги,2,научный,9046,0.9980
2026-04-05T05:31:05.347426,73690,0.1↔0.3,0.815,3.0,словосочетания,3,,9047,0.9980
2026-04-05T05:31:05.908426,73701,0.1↔0.3,0.817,10.0,предложения,2,научный,9048,0.9979
2026-04-05T05:31:06.573425,73714,0.1↔0.3,0.816,0.1,буквы/слоги,3,,9049,0.9980
2026-04-05T05:31:06.887429,73720,0.3↔1.0,0.830,100.0,целые тексты,3,,9050,0.9979
2026-04-05T05:31:09.081426,73763,0.1↔0.3,0.820,30.0,абзацы,3,,9051,0.9966
2026-04-05T05:31:10.103426,73783,0.3↔1.0,0.826,10.0,предложения,1,бытовой,9052,0.9962
2026-04-05T05:31:10.359427,73788,0.3↔1.0,0.811,100.0,целые тексты,2,научный,9053,0.9964
2026-04-05T05:31:10.410427,73789,0.1↔0.3,0.819,1.0,слова,3,,9054,0.9966
2026-04-05T05:31:10.971426,73800,0.3↔1.0,0.832,100.0,целые тексты,3,,9055,0.9962
2026-04-05T05:31:11.073426,73802,0.3↔1.0,0.835,10.0,предложения,3,,9056,0.9964
2026-04-05T05:31:11.226426,73805,0.1↔0.3,0.828,0.3,буквы/слоги,2,научный,9057,0.9966
2026-04-05T05:31:11.583427,73812,0.1↔0.3,0.810,30.0,абзацы,3,,9058,0.9965
2026-04-05T05:31:12.042425,73821,0.1↔0.3,0.838,1.0,слова,3,,9059,0.9967
2026-04-05T05:31:12.348426,73827,0.1↔0.3,0.818,30.0,абзацы,4,метафорический,9060,0.9969
2026-04-05T05:31:13.113425,73842,0.1↔0.3,0.812,100.0,целые тексты,1,бытовой,9061,0.9962
2026-04-05T05:31:14.155426,73862,0.1↔0.3,0.810,100.0,целые тексты,2,научный,9062,0.9958
2026-04-05T05:31:15.277426,73884,0.3↔1.0,0.821,3.0,словосочетания,2,научный,9063,0.9954
2026-04-05T05:31:15.330429,73885,0.3↔1.0,0.830,0.1,буквы/слоги,1,бытовой,9064,0.9956
2026-04-05T05:31:15.892430,73896,0.1↔0.3,0.811,1.0,слова,2,научный,9065,0.9952
2026-04-05T05:31:16.147431,73901,0.1↔0.3,0.837,0.3,буквы/слоги,1,бытовой,9066,0.9954
2026-04-05T05:31:17.065425,73919,0.3↔1.0,0.820,30.0,абзацы,3,,9067,0.9950
2026-04-05T05:31:17.881427,73935,0.1↔0.3,0.836,30.0,абзацы,3,,9068,0.9946
2026-04-05T05:31:17.983425,73937,0.1↔0.3,0.821,0.3,буквы/слоги,4,метафорический,9069,0.9948
2026-04-05T05:31:18.087425,73939,0.3↔1.0,0.832,100.0,целые тексты,1,бытовой,9070,0.9950
2026-04-05T05:31:18.750426,73952,0.1↔0.3,0.808,30.0,абзацы,3,,9071,0.9946
2026-04-05T05:31:19.771433,73972,0.1↔0.3,0.817,0.3,буквы/слоги,2,научный,9072,0.9945
2026-04-05T05:31:19.924427,73975,0.1↔0.3,0.824,3.0,словосочетания,4,метафорический,9073,0.9947
2026-04-05T05:31:20.077428,73978,0.1↔0.3,0.827,100.0,целые тексты,3,,9074,0.9949
2026-04-05T05:31:20.383425,73984,0.1↔0.3,0.808,1.0,слова,1,бытовой,9075,0.9951
2026-04-05T05:31:20.944426,73995,0.3↔1.0,0.825,100.0,целые тексты,3,,9076,0.9953
2026-04-05T05:31:21.812426,74012,0.3↔1.0,0.816,1.0,слова,3,,9077,0.9949
2026-04-05T05:31:21.864425,74013,0.3↔1.0,0.834,0.1,буквы/слоги,1,бытовой,9078,0.9951
2026-04-05T05:31:22.223427,74020,0.1↔0.3,0.818,1.0,слова,1,бытовой,9079,0.9953
2026-04-05T05:31:22.275426,74021,0.1↔0.3,0.829,0.1,буквы/слоги,1,бытовой,9080,0.9955
2026-04-05T05:31:22.530426,74026,0.1↔0.3,0.809,100.0,целые тексты,1,бытовой,9081,0.9957
2026-04-05T05:31:22.888425,74033,0.1↔0.3,0.809,0.3,буквы/слоги,3,,9082,0.9959
2026-04-05T05:31:23.296426,74041,0.3↔1.0,0.833,30.0,абзацы,3,,9083,0.9961
2026-04-05T05:31:24.367426,74062,0.3↔1.0,0.830,10.0,предложения,4,метафорический,9084,0.9957
2026-04-05T05:31:24.571433,74066,0.3↔1.0,0.832,10.0,предложения,3,,9085,0.9959
2026-04-05T05:31:24.622430,74067,0.3↔1.0,0.817,0.3,буквы/слоги,3,,9086,0.9961
2026-04-05T05:31:24.674433,74068,0.3↔1.0,0.835,0.3,буквы/слоги,2,научный,9087,0.9963
2026-04-05T05:31:25.185425,74078,0.1↔0.3,0.834,0.1,буквы/слоги,1,бытовой,9088,0.9962
2026-04-05T05:31:25.440426,74083,0.3↔1.0,0.830,1.0,слова,3,,9089,0.9961
2026-04-05T05:31:25.542429,74085,0.1↔0.3,0.815,3.0,словосочетания,3,,9090,0.9960
2026-04-05T05:31:26.409426,74102,0.1↔0.3,0.812,0.1,буквы/слоги,2,научный,9091,0.9962
2026-04-05T05:31:26.460425,74103,0.3↔1.0,0.820,100.0,целые тексты,2,научный,9092,0.9964
2026-04-05T05:31:28.909426,74151,0.3↔1.0,0.831,1.0,слова,1,бытовой,9093,0.9957
2026-04-05T05:31:29.012425,74153,0.1↔0.3,0.827,10.0,предложения,4,метафорический,9094,0.9959
2026-04-05T05:31:29.318427,74159,0.3↔1.0,0.814,10.0,предложения,2,научный,9095,0.9961
2026-04-05T05:31:29.777426,74168,0.1↔0.3,0.825,0.1,буквы/слоги,2,научный,9096,0.9963
2026-04-05T05:31:29.828426,74169,0.3↔1.0,0.812,100.0,целые тексты,1,бытовой,9097,0.9965
2026-04-05T05:31:30.338433,74179,0.3↔1.0,0.811,0.1,буквы/слоги,2,научный,9098,0.9961
2026-04-05T05:31:30.491426,74182,0.3↔1.0,0.827,30.0,абзацы,1,бытовой,9099,0.9963
2026-04-05T05:31:30.644426,74185,0.1↔0.3,0.812,1.0,слова,2,научный,9100,0.9962
2026-04-05T05:31:31.154425,74195,0.3↔1.0,0.808,0.3,буквы/слоги,3,,9101,0.9961
2026-04-05T05:31:31.562426,74203,0.1↔0.3,0.830,3.0,словосочетания,4,метафорический,9102,0.9963
2026-04-05T05:31:32.174434,74215,0.1↔0.3,0.808,3.0,словосочетания,2,научный,9103,0.9959
2026-04-05T05:31:32.429425,74220,0.3↔1.0,0.835,0.3,буквы/слоги,3,,9104,0.9958
2026-04-05T05:31:32.488428,74221,0.1↔0.3,0.832,0.3,буквы/слоги,3,,9105,0.9960
2026-04-05T05:31:32.543429,74222,0.1↔0.3,0.829,3.0,словосочетания,3,,9106,0.9962
2026-04-05T05:31:32.748426,74226,0.3↔1.0,0.809,100.0,целые тексты,1,бытовой,9107,0.9964
2026-04-05T05:31:33.105426,74233,0.1↔0.3,0.811,3.0,словосочетания,4,метафорический,9108,0.9963
2026-04-05T05:31:33.463427,74240,0.1↔0.3,0.829,0.1,буквы/слоги,3,,9109,0.9962
2026-04-05T05:31:34.486425,74260,0.1↔0.3,0.813,100.0,целые тексты,3,,9110,0.9958
2026-04-05T05:31:34.537425,74261,0.1↔0.3,0.810,1.0,слова,1,бытовой,9111,0.9960
2026-04-05T05:31:34.691427,74264,0.1↔0.3,0.819,1.0,слова,1,бытовой,9112,0.9962
2026-04-05T05:31:34.794426,74266,0.1↔0.3,0.812,0.3,буквы/слоги,1,бытовой,9113,0.9964
2026-04-05T05:31:34.947425,74269,0.3↔1.0,0.819,3.0,словосочетания,2,научный,9114,0.9966
2026-04-05T05:31:35.049425,74271,0.3↔1.0,0.827,3.0,словосочетания,2,научный,9115,0.9968
2026-04-05T05:31:35.304426,74276,0.1↔0.3,0.836,30.0,абзацы,3,,9116,0.9970
2026-04-05T05:31:35.406433,74278,0.3↔1.0,0.808,3.0,словосочетания,2,научный,9117,0.9972
2026-04-05T05:31:35.457426,74279,0.1↔0.3,0.827,10.0,предложения,3,,9118,0.9974
2026-04-05T05:31:35.712426,74284,0.1↔0.3,0.815,30.0,абзацы,1,бытовой,9119,0.9976
2026-04-05T05:31:36.634425,74302,0.1↔0.3,0.832,100.0,целые тексты,4,метафорический,9120,0.9975
2026-04-05T05:31:37.103429,74311,0.3↔1.0,0.819,1.0,слова,2,научный,9121,0.9971
2026-04-05T05:31:37.461426,74318,0.3↔1.0,0.823,0.1,буквы/слоги,3,,9122,0.9973
2026-04-05T05:31:38.023428,74329,0.1↔0.3,0.813,30.0,абзацы,3,,9123,0.9972
2026-04-05T05:31:38.125425,74331,0.3↔1.0,0.820,3.0,словосочетания,4,метафорический,9124,0.9974
2026-04-05T05:31:38.380427,74336,0.3↔1.0,0.828,3.0,словосочетания,2,научный,9125,0.9976
2026-04-05T05:31:38.584427,74340,0.3↔1.0,0.828,3.0,словосочетания,1,бытовой,9126,0.9978
2026-04-05T05:31:38.789428,74344,0.1↔0.3,0.831,1.0,слова,2,научный,9127,0.9977
2026-04-05T05:31:38.942425,74347,0.1↔0.3,0.813,100.0,целые тексты,3,,9128,0.9976
2026-04-05T05:31:40.013426,74368,0.3↔1.0,0.810,3.0,словосочетания,2,научный,9129,0.9966
2026-04-05T05:31:40.064426,74369,0.3↔1.0,0.835,100.0,целые тексты,4,метафорический,9130,0.9968
2026-04-05T05:31:41.189432,74391,0.1↔0.3,0.819,3.0,словосочетания,1,бытовой,9131,0.9967
2026-04-05T05:31:41.597427,74399,0.1↔0.3,0.819,3.0,словосочетания,4,метафорический,9132,0.9966
2026-04-05T05:31:42.874426,74424,0.1↔0.3,0.837,100.0,целые тексты,3,,9133,0.9965
2026-04-05T05:31:43.078430,74428,0.3↔1.0,0.809,10.0,предложения,1,бытовой,9134,0.9967
2026-04-05T05:31:43.540426,74437,0.1↔0.3,0.836,100.0,целые тексты,1,бытовой,9135,0.9963
2026-04-05T05:31:43.846433,74443,0.1↔0.3,0.809,3.0,словосочетания,4,метафорический,9136,0.9965
2026-04-05T05:31:44.203427,74450,0.3↔1.0,0.834,0.1,буквы/слоги,1,бытовой,9137,0.9967
2026-04-05T05:31:44.254428,74451,0.3↔1.0,0.834,10.0,предложения,2,научный,9138,0.9969
2026-04-05T05:31:44.714423,74460,0.1↔0.3,0.810,10.0,предложения,1,бытовой,9139,0.9968
2026-04-05T05:31:46.040429,74486,0.3↔1.0,0.837,100.0,целые тексты,3,,9140,0.9967
2026-04-05T05:31:46.142426,74488,0.1↔0.3,0.824,0.3,буквы/слоги,4,метафорический,9141,0.9969
2026-04-05T05:31:46.346429,74492,0.3↔1.0,0.809,3.0,словосочетания,1,бытовой,9142,0.9971
2026-04-05T05:31:46.601427,74497,0.1↔0.3,0.822,10.0,предложения,2,научный,9143,0.9973
2026-04-05T05:31:46.703425,74499,0.1↔0.3,0.826,0.1,буквы/слоги,3,,9144,0.9975
2026-04-05T05:31:46.754426,74500,0.1↔0.3,0.825,0.1,буквы/слоги,1,бытовой,9145,0.9977
2026-04-05T05:31:47.724426,74519,0.1↔0.3,0.825,0.3,буквы/слоги,3,,9146,0.9973
2026-04-05T05:31:48.132430,74527,0.1↔0.3,0.830,10.0,предложения,4,метафорический,9147,0.9975
2026-04-05T05:31:49.459426,74553,0.1↔0.3,0.811,0.1,буквы/слоги,1,бытовой,9148,0.9977
2026-04-05T05:31:49.613426,74556,0.1↔0.3,0.828,0.3,буквы/слоги,1,бытовой,9149,0.9979
2026-04-05T05:31:50.174426,74567,0.3↔1.0,0.828,10.0,предложения,4,метафорический,9150,0.9978
2026-04-05T05:31:50.254427,74568,0.1↔0.3,0.830,0.1,буквы/слоги,3,,9151,0.9980
2026-04-05T05:31:50.604425,74574,0.3↔1.0,0.813,10.0,предложения,3,,9152,0.9980
2026-04-05T05:31:50.706426,74576,0.1↔0.3,0.823,0.3,буквы/слоги,4,метафорический,9153,0.9980
2026-04-05T05:31:51.114427,74584,0.1↔0.3,0.834,0.3,буквы/слоги,3,,9154,0.9980
2026-04-05T05:31:51.726428,74596,0.1↔0.3,0.811,30.0,абзацы,2,научный,9155,0.9976
2026-04-05T05:31:51.981426,74601,0.1↔0.3,0.810,1.0,слова,1,бытовой,9156,0.9978
2026-04-05T05:31:52.950426,74620,0.3↔1.0,0.811,0.3,буквы/слоги,1,бытовой,9157,0.9968
2026-04-05T05:31:53.206426,74625,0.3↔1.0,0.817,10.0,предложения,1,бытовой,9158,0.9964
2026-04-05T05:31:53.512425,74631,0.1↔0.3,0.812,100.0,целые тексты,1,бытовой,9159,0.9963
2026-04-05T05:31:53.665426,74634,0.1↔0.3,0.820,0.3,буквы/слоги,4,метафорический,9160,0.9965
2026-04-05T05:31:54.430426,74649,0.1↔0.3,0.819,10.0,предложения,2,научный,9161,0.9958
2026-04-05T05:31:54.787423,74656,0.3↔1.0,0.831,0.1,буквы/слоги,2,научный,9162,0.9960
2026-04-05T05:31:55.705424,74674,0.3↔1.0,0.810,100.0,целые тексты,1,бытовой,9163,0.9962
2026-04-05T05:31:57.286423,74705,0.1↔0.3,0.820,0.3,буквы/слоги,3,,9164,0.9952
2026-04-05T05:31:57.337423,74706,0.1↔0.3,0.823,10.0,предложения,2,научный,9165,0.9954
2026-04-05T05:31:57.388423,74707,0.1↔0.3,0.830,10.0,предложения,4,метафорический,9166,0.9956
2026-04-05T05:31:57.490424,74709,0.1↔0.3,0.831,10.0,предложения,3,,9167,0.9958
2026-04-05T05:31:57.592423,74711,0.1↔0.3,0.823,0.3,буквы/слоги,2,научный,9168,0.9960
2026-04-05T05:31:57.847423,74716,0.3↔1.0,0.836,0.1,буквы/слоги,1,бытовой,9169,0.9959
2026-04-05T05:31:58.306425,74725,0.1↔0.3,0.818,0.1,буквы/слоги,2,научный,9170,0.9958
2026-04-05T05:31:58.765424,74734,0.1↔0.3,0.829,1.0,слова,3,,9171,0.9960
2026-04-05T05:31:59.993452,74758,0.3↔1.0,0.816,0.3,буквы/слоги,2,научный,9172,0.9959
2026-04-05T05:32:00.044452,74759,0.1↔0.3,0.834,0.1,буквы/слоги,1,бытовой,9173,0.9961
2026-04-05T05:32:00.095433,74760,0.1↔0.3,0.813,100.0,целые тексты,2,научный,9174,0.9963
2026-04-05T05:32:00.660451,74771,0.3↔1.0,0.811,3.0,словосочетания,3,,9175,0.9965
2026-04-05T05:32:00.818451,74774,0.1↔0.3,0.824,30.0,абзацы,4,метафорический,9176,0.9964
2026-04-05T05:32:01.175451,74781,0.1↔0.3,0.837,0.3,буквы/слоги,3,,9177,0.9966
2026-04-05T05:32:03.225452,74821,0.3↔1.0,0.815,1.0,слова,3,,9178,0.9959
2026-04-05T05:32:03.703452,74830,0.3↔1.0,0.836,100.0,целые тексты,1,бытовой,9179,0.9961
2026-04-05T05:32:04.010452,74836,0.1↔0.3,0.811,30.0,абзацы,3,,9180,0.9963
2026-04-05T05:32:04.877451,74853,0.1↔0.3,0.817,100.0,целые тексты,2,научный,9181,0.9959
2026-04-05T05:32:05.848452,74872,0.1↔0.3,0.815,30.0,абзацы,1,бытовой,9182,0.9952
2026-04-05T05:32:06.600422,74886,0.3↔1.0,0.811,1.0,слова,3,,9183,0.9951
2026-04-05T05:32:06.750452,74888,0.3↔1.0,0.827,0.3,буквы/слоги,4,метафорический,9184,0.9953
2026-04-05T05:32:07.260452,74898,0.3↔1.0,0.832,3.0,словосочетания,2,научный,9185,0.9955
2026-04-05T05:32:08.689452,74926,0.3↔1.0,0.818,0.3,буквы/слоги,4,метафорический,9186,0.9945
2026-04-05T05:32:08.740428,74927,0.3↔1.0,0.832,100.0,целые тексты,4,метафорический,9187,0.9947
2026-04-05T05:32:09.526452,74942,0.1↔0.3,0.831,30.0,абзацы,2,научный,9188,0.9946
2026-04-05T05:32:10.036452,74952,0.3↔1.0,0.825,100.0,целые тексты,1,бытовой,9189,0.9942
2026-04-05T05:32:10.801451,74967,0.3↔1.0,0.821,30.0,абзацы,2,научный,9190,0.9944
2026-04-05T05:32:11.548452,74981,0.1↔0.3,0.833,10.0,предложения,1,бытовой,9191,0.9940
2026-04-05T05:32:12.373451,74996,0.1↔0.3,0.836,1.0,слова,1,бытовой,9192,0.9939
2026-04-05T05:32:12.832452,75005,0.1↔0.3,0.836,0.3,буквы/слоги,3,,9193,0.9938
2026-04-05T05:32:13.138451,75011,0.3↔1.0,0.830,0.1,буквы/слоги,2,научный,9194,0.9940
2026-04-05T05:32:13.699452,75022,0.1↔0.3,0.810,1.0,слова,3,,9195,0.9942
2026-04-05T05:32:14.719451,75042,0.3↔1.0,0.821,3.0,словосочетания,4,метафорический,9196,0.9935
2026-04-05T05:32:15.128452,75050,0.1↔0.3,0.825,30.0,абзацы,2,научный,9197,0.9937
2026-04-05T05:32:15.487451,75057,0.3↔1.0,0.822,3.0,словосочетания,1,бытовой,9198,0.9936
2026-04-05T05:32:16.218452,75071,0.1↔0.3,0.831,1.0,слова,1,бытовой,9199,0.9938
2026-04-05T05:32:16.322429,75073,0.1↔0.3,0.822,3.0,словосочетания,1,бытовой,9200,0.9937
2026-04-05T05:32:17.076427,75087,0.3↔1.0,0.827,10.0,предложения,2,научный,9201,0.9939
2026-04-05T05:32:17.283451,75091,0.3↔1.0,0.809,30.0,абзацы,1,бытовой,9202,0.9941
2026-04-05T05:32:17.487452,75095,0.1↔0.3,0.831,0.3,буквы/слоги,2,научный,9203,0.9943
2026-04-05T05:32:17.901452,75103,0.1↔0.3,0.810,100.0,целые тексты,1,бытовой,9204,0.9945
2026-04-05T05:32:18.921451,75123,0.1↔0.3,0.813,3.0,словосочетания,4,метафорический,9205,0.9941
2026-04-05T05:32:18.972451,75124,0.1↔0.3,0.829,0.1,буквы/слоги,2,научный,9206,0.9943
2026-04-05T05:32:19.738452,75139,0.1↔0.3,0.818,10.0,предложения,1,бытовой,9207,0.9933
2026-04-05T05:32:19.800427,75140,0.1↔0.3,0.817,30.0,абзацы,2,научный,9208,0.9935
2026-04-05T05:32:20.568451,75155,0.3↔1.0,0.818,10.0,предложения,2,научный,9209,0.9928
2026-04-05T05:32:22.822451,75198,0.3↔1.0,0.830,1.0,слова,1,бытовой,9210,0.9924
2026-04-05T05:32:23.187452,75205,0.1↔0.3,0.837,0.1,буквы/слоги,2,научный,9211,0.9923
2026-04-05T05:32:23.289452,75207,0.3↔1.0,0.824,1.0,слова,3,,9212,0.9925
2026-04-05T05:32:24.589451,75232,0.1↔0.3,0.813,100.0,целые тексты,3,,9213,0.9924
2026-04-05T05:32:24.965451,75239,0.1↔0.3,0.818,1.0,слова,1,бытовой,9214,0.9926
2026-04-05T05:32:25.324452,75246,0.3↔1.0,0.812,10.0,предложения,3,,9215,0.9919
2026-04-05T05:32:25.579452,75251,0.1↔0.3,0.829,0.1,буквы/слоги,1,бытовой,9216,0.9921
2026-04-05T05:32:25.681452,75253,0.3↔1.0,0.837,30.0,абзацы,3,,9217,0.9923
2026-04-05T05:32:26.609452,75271,0.1↔0.3,0.825,0.3,буквы/слоги,4,метафорический,9218,0.9919
2026-04-05T05:32:28.344426,75305,0.3↔1.0,0.817,30.0,абзацы,1,бытовой,9219,0.9909
2026-04-05T05:32:28.863452,75315,0.3↔1.0,0.815,30.0,абзацы,3,,9220,0.9911
2026-04-05T05:32:29.527451,75328,0.1↔0.3,0.825,100.0,целые тексты,1,бытовой,9221,0.9910
2026-04-05T05:32:29.641452,75330,0.3↔1.0,0.815,0.1,буквы/слоги,1,бытовой,9222,0.9912
2026-04-05T05:32:29.744427,75332,0.3↔1.0,0.823,1.0,слова,2,научный,9223,0.9914
2026-04-05T05:32:30.511452,75347,0.1↔0.3,0.835,0.3,буквы/слоги,1,бытовой,9224,0.9913
2026-04-05T05:32:30.562428,75348,0.1↔0.3,0.811,100.0,целые тексты,1,бытовой,9225,0.9915
2026-04-05T05:32:31.072452,75358,0.1↔0.3,0.813,0.1,буквы/слоги,2,научный,9226,0.9914
2026-04-05T05:32:31.123451,75359,0.1↔0.3,0.818,0.1,буквы/слоги,1,бытовой,9227,0.9916
2026-04-05T05:32:32.273452,75381,0.1↔0.3,0.810,0.3,буквы/слоги,2,научный,9228,0.9915
2026-04-05T05:32:32.326427,75382,0.1↔0.3,0.829,0.1,буквы/слоги,1,бытовой,9229,0.9917
2026-04-05T05:32:32.585452,75387,0.3↔1.0,0.835,3.0,словосочетания,1,бытовой,9230,0.9919
2026-04-05T05:32:32.891451,75393,0.1↔0.3,0.809,100.0,целые тексты,4,метафорический,9231,0.9918
2026-04-05T05:32:32.942451,75394,0.1↔0.3,0.817,0.3,буквы/слоги,1,бытовой,9232,0.9920
2026-04-05T05:32:33.146452,75398,0.1↔0.3,0.831,30.0,абзацы,4,метафорический,9233,0.9919
2026-04-05T05:32:33.503451,75405,0.1↔0.3,0.827,0.3,буквы/слоги,2,научный,9234,0.9918
2026-04-05T05:32:34.430426,75423,0.3↔1.0,0.836,1.0,слова,3,,9235,0.9917
2026-04-05T05:32:34.788452,75430,0.1↔0.3,0.815,0.3,буквы/слоги,4,метафорический,9236,0.9919
2026-04-05T05:32:35.247452,75439,0.3↔1.0,0.808,0.3,буквы/слоги,3,,9237,0.9918
2026-04-05T05:32:35.349452,75441,0.3↔1.0,0.828,100.0,целые тексты,3,,9238,0.9920
2026-04-05T05:32:35.502427,75444,0.1↔0.3,0.833,10.0,предложения,4,метафорический,9239,0.9919
2026-04-05T05:32:35.709452,75448,0.1↔0.3,0.817,0.3,буквы/слоги,4,метафорический,9240,0.9918
2026-04-05T05:32:35.760434,75449,0.1↔0.3,0.836,100.0,целые тексты,2,научный,9241,0.9920
2026-04-05T05:32:36.045422,75454,0.1↔0.3,0.818,3.0,словосочетания,2,научный,9242,0.9922
2026-04-05T05:32:36.864452,75470,0.1↔0.3,0.815,3.0,словосочетания,1,бытовой,9243,0.9915
2026-04-05T05:32:36.966452,75472,0.1↔0.3,0.813,30.0,абзацы,1,бытовой,9244,0.9917
2026-04-05T05:32:37.017432,75473,0.1↔0.3,0.822,1.0,слова,2,научный,9245,0.9919
2026-04-05T05:32:37.171451,75476,0.1↔0.3,0.809,10.0,предложения,3,,9246,0.9921
2026-04-05T05:32:37.785452,75488,0.1↔0.3,0.816,1.0,слова,4,метафорический,9247,0.9911
2026-04-05T05:32:37.938452,75491,0.3↔1.0,0.836,0.3,буквы/слоги,4,метафорический,9248,0.9913
2026-04-05T05:32:38.193451,75496,0.1↔0.3,0.833,0.1,буквы/слоги,1,бытовой,9249,0.9912
2026-04-05T05:32:38.825452,75508,0.1↔0.3,0.821,3.0,словосочетания,2,научный,9250,0.9911
2026-04-05T05:32:39.030451,75512,0.3↔1.0,0.810,10.0,предложения,3,,9251,0.9913
2026-04-05T05:32:39.081452,75513,0.1↔0.3,0.814,1.0,слова,4,метафорический,9252,0.9915
2026-04-05T05:32:39.438451,75520,0.3↔1.0,0.831,0.3,буквы/слоги,2,научный,9253,0.9917
2026-04-05T05:32:40.104451,75533,0.3↔1.0,0.826,1.0,слова,1,бытовой,9254,0.9919
2026-04-05T05:32:40.614452,75543,0.1↔0.3,0.813,0.3,буквы/слоги,2,научный,9255,0.9921
2026-04-05T05:32:40.716452,75545,0.1↔0.3,0.824,30.0,абзацы,1,бытовой,9256,0.9923
2026-04-05T05:32:41.176452,75554,0.3↔1.0,0.830,100.0,целые тексты,2,научный,9257,0.9919
2026-04-05T05:32:41.278452,75556,0.3↔1.0,0.810,0.3,буквы/слоги,1,бытовой,9258,0.9921
2026-04-05T05:32:42.337446,75576,0.1↔0.3,0.823,100.0,целые тексты,1,бытовой,9259,0.9923
2026-04-05T05:32:42.950452,75588,0.3↔1.0,0.825,0.3,буквы/слоги,1,бытовой,9260,0.9922
2026-04-05T05:32:43.053451,75590,0.1↔0.3,0.837,100.0,целые тексты,2,научный,9261,0.9924
2026-04-05T05:32:43.947452,75607,0.3↔1.0,0.829,100.0,целые тексты,2,научный,9262,0.9926
2026-04-05T05:32:44.304432,75614,0.3↔1.0,0.825,0.1,буквы/слоги,3,,9263,0.9925
2026-04-05T05:32:44.610452,75620,0.1↔0.3,0.828,10.0,предложения,2,научный,9264,0.9927
2026-04-05T05:32:45.071452,75629,0.3↔1.0,0.826,0.1,буквы/слоги,2,научный,9265,0.9929
2026-04-05T05:32:45.179451,75631,0.1↔0.3,0.821,10.0,предложения,1,бытовой,9266,0.9931
2026-04-05T05:32:45.485452,75637,0.1↔0.3,0.830,3.0,словосочетания,3,,9267,0.9933
2026-04-05T05:32:45.536451,75638,0.1↔0.3,0.813,100.0,целые тексты,2,научный,9268,0.9935
2026-04-05T05:32:45.638452,75640,0.3↔1.0,0.817,3.0,словосочетания,1,бытовой,9269,0.9937
2026-04-05T05:32:45.740426,75642,0.1↔0.3,0.815,100.0,целые тексты,2,научный,9270,0.9939
2026-04-05T05:32:45.895451,75645,0.3↔1.0,0.836,10.0,предложения,4,метафорический,9271,0.9941
2026-04-05T05:32:48.765452,75700,0.3↔1.0,0.832,1.0,слова,3,,9272,0.9934
2026-04-05T05:32:49.174452,75708,0.3↔1.0,0.827,10.0,предложения,2,научный,9273,0.9933
2026-04-05T05:32:49.684452,75718,0.3↔1.0,0.819,100.0,целые тексты,2,научный,9274,0.9932
2026-04-05T05:32:49.837451,75721,0.1↔0.3,0.808,3.0,словосочетания,1,бытовой,9275,0.9934
2026-04-05T05:32:50.367452,75731,0.3↔1.0,0.817,1.0,слова,1,бытовой,9276,0.9936
2026-04-05T05:32:50.724452,75738,0.1↔0.3,0.829,30.0,абзацы,1,бытовой,9277,0.9932
2026-04-05T05:32:51.183451,75747,0.3↔1.0,0.822,100.0,целые тексты,3,,9278,0.9931
2026-04-05T05:32:51.234428,75748,0.1↔0.3,0.812,3.0,словосочетания,1,бытовой,9279,0.9933
2026-04-05T05:32:51.387451,75751,0.1↔0.3,0.829,0.1,буквы/слоги,2,научный,9280,0.9935
2026-04-05T05:32:51.489452,75753,0.1↔0.3,0.822,30.0,абзацы,2,научный,9281,0.9937
2026-04-05T05:32:51.962452,75762,0.1↔0.3,0.837,0.3,буквы/слоги,1,бытовой,9282,0.9939
2026-04-05T05:32:52.166452,75766,0.3↔1.0,0.834,3.0,словосочетания,1,бытовой,9283,0.9941
2026-04-05T05:32:52.625451,75775,0.1↔0.3,0.837,30.0,абзацы,2,научный,9284,0.9937
2026-04-05T05:32:52.829452,75779,0.3↔1.0,0.819,30.0,абзацы,1,бытовой,9285,0.9939
2026-04-05T05:32:52.982452,75782,0.1↔0.3,0.824,0.1,буквы/слоги,1,бытовой,9286,0.9941
2026-04-05T05:32:53.135452,75785,0.3↔1.0,0.819,3.0,словосочетания,3,,9287,0.9940
2026-04-05T05:32:53.186433,75786,0.1↔0.3,0.837,1.0,слова,1,бытовой,9288,0.9942
2026-04-05T05:32:53.441452,75791,0.1↔0.3,0.817,30.0,абзацы,2,научный,9289,0.9944
2026-04-05T05:32:53.748425,75797,0.1↔0.3,0.832,0.3,буквы/слоги,2,научный,9290,0.9943
2026-04-05T05:32:55.023451,75822,0.1↔0.3,0.810,10.0,предложения,1,бытовой,9291,0.9942
2026-04-05T05:32:55.431451,75830,0.1↔0.3,0.832,10.0,предложения,1,бытовой,9292,0.9944
2026-04-05T05:32:55.483427,75831,0.1↔0.3,0.838,0.3,буквы/слоги,4,метафорический,9293,0.9946
2026-04-05T05:32:55.638452,75834,0.3↔1.0,0.827,30.0,абзацы,2,научный,9294,0.9948
2026-04-05T05:32:55.740452,75836,0.1↔0.3,0.835,1.0,слова,3,,9295,0.9950
2026-04-05T05:32:56.676451,75854,0.1↔0.3,0.834,3.0,словосочетания,2,научный,9296,0.9952
2026-04-05T05:32:56.829433,75857,0.3↔1.0,0.817,0.1,буквы/слоги,2,научный,9297,0.9954
2026-04-05T05:32:56.880426,75858,0.1↔0.3,0.835,30.0,абзацы,1,бытовой,9298,0.9956
2026-04-05T05:32:56.931451,75859,0.1↔0.3,0.820,10.0,предложения,2,научный,9299,0.9958
2026-04-05T05:32:57.339452,75867,0.3↔1.0,0.824,100.0,целые тексты,3,,9300,0.9960
2026-04-05T05:32:57.696452,75874,0.3↔1.0,0.815,0.1,буквы/слоги,1,бытовой,9301,0.9959
2026-04-05T05:32:59.503452,75908,0.1↔0.3,0.819,3.0,словосочетания,1,бытовой,9302,0.9949
2026-04-05T05:33:01.117426,75939,0.3↔1.0,0.833,100.0,целые тексты,2,научный,9303,0.9945
2026-04-05T05:33:01.183428,75940,0.1↔0.3,0.831,0.1,буквы/слоги,4,метафорический,9304,0.9947
2026-04-05T05:33:02.613452,75968,0.1↔0.3,0.834,0.1,буквы/слоги,1,бытовой,9305,0.9943
2026-04-05T05:33:03.749452,75990,0.1↔0.3,0.817,3.0,словосочетания,4,метафорический,9306,0.9945
2026-04-05T05:33:03.902451,75993,0.1↔0.3,0.835,0.1,буквы/слоги,1,бытовой,9307,0.9947
2026-04-05T05:33:04.055451,75996,0.1↔0.3,0.831,10.0,предложения,1,бытовой,9308,0.9946
2026-04-05T05:33:05.079451,76016,0.1↔0.3,0.815,0.1,буквы/слоги,2,научный,9309,0.9939
2026-04-05T05:33:05.436452,76023,0.1↔0.3,0.837,0.3,буквы/слоги,2,научный,9310,0.9941
2026-04-05T05:33:06.615452,76046,0.1↔0.3,0.827,30.0,абзацы,1,бытовой,9311,0.9934
2026-04-05T05:33:06.717452,76048,0.1↔0.3,0.812,0.3,буквы/слоги,3,,9312,0.9936
2026-04-05T05:33:06.921451,76052,0.1↔0.3,0.823,10.0,предложения,3,,9313,0.9938
2026-04-05T05:33:07.278451,76059,0.1↔0.3,0.828,0.1,буквы/слоги,3,,9314,0.9940
2026-04-05T05:33:07.483427,76063,0.1↔0.3,0.832,10.0,предложения,3,,9315,0.9942
2026-04-05T05:33:07.585452,76065,0.1↔0.3,0.825,30.0,абзацы,4,метафорический,9316,0.9944
2026-04-05T05:33:07.789452,76069,0.1↔0.3,0.818,0.1,буквы/слоги,1,бытовой,9317,0.9946
2026-04-05T05:33:09.269428,76098,0.1↔0.3,0.812,10.0,предложения,1,бытовой,9318,0.9939
2026-04-05T05:33:09.422451,76101,0.1↔0.3,0.822,0.1,буквы/слоги,2,научный,9319,0.9941
2026-04-05T05:33:09.524451,76103,0.3↔1.0,0.823,3.0,словосочетания,4,метафорический,9320,0.9943
2026-04-05T05:33:09.779452,76108,0.3↔1.0,0.821,1.0,слова,3,,9321,0.9945
2026-04-05T05:33:10.555427,76123,0.1↔0.3,0.832,0.1,буквы/слоги,3,,9322,0.9944
2026-04-05T05:33:10.877426,76126,0.3↔1.0,0.821,100.0,целые тексты,2,научный,9323,0.9943
2026-04-05T05:33:11.031452,76129,0.1↔0.3,0.833,10.0,предложения,3,,9324,0.9942
2026-04-05T05:33:11.343442,76135,0.3↔1.0,0.819,3.0,словосочетания,3,,9325,0.9944
2026-04-05T05:33:12.825451,76164,0.1↔0.3,0.827,0.3,буквы/слоги,1,бытовой,9326,0.9937
2026-04-05T05:33:13.725452,76181,0.1↔0.3,0.820,100.0,целые тексты,3,,9327,0.9936
2026-04-05T05:33:13.827452,76183,0.1↔0.3,0.823,30.0,абзацы,3,,9328,0.9938
2026-04-05T05:33:14.490451,76196,0.1↔0.3,0.830,0.1,буквы/слоги,1,бытовой,9329,0.9937
2026-04-05T05:33:14.643452,76199,0.1↔0.3,0.831,10.0,предложения,1,бытовой,9330,0.9939
2026-04-05T05:33:15.153452,76209,0.3↔1.0,0.831,0.1,буквы/слоги,2,научный,9331,0.9941
2026-04-05T05:33:15.817452,76222,0.3↔1.0,0.817,30.0,абзацы,2,научный,9332,0.9940
2026-04-05T05:33:15.927452,76224,0.1↔0.3,0.832,10.0,предложения,2,научный,9333,0.9942
2026-04-05T05:33:16.905426,76242,0.1↔0.3,0.823,0.3,буквы/слоги,1,бытовой,9334,0.9941
2026-04-05T05:33:17.262452,76249,0.3↔1.0,0.832,0.3,буквы/слоги,1,бытовой,9335,0.9940
2026-04-05T05:33:17.516452,76253,0.1↔0.3,0.821,100.0,целые тексты,4,метафорический,9336,0.9939
2026-04-05T05:33:17.669452,76256,0.3↔1.0,0.812,30.0,абзацы,3,,9337,0.9941
2026-04-05T05:33:17.975452,76262,0.1↔0.3,0.824,0.1,буквы/слоги,2,научный,9338,0.9943
2026-04-05T05:33:18.128452,76265,0.1↔0.3,0.828,0.1,буквы/слоги,1,бытовой,9339,0.9945
2026-04-05T05:33:19.050433,76283,0.1↔0.3,0.824,100.0,целые тексты,1,бытовой,9340,0.9935
2026-04-05T05:33:19.203451,76286,0.1↔0.3,0.828,1.0,слова,1,бытовой,9341,0.9937
2026-04-05T05:33:19.254433,76287,0.1↔0.3,0.829,1.0,слова,2,научный,9342,0.9939
2026-04-05T05:33:19.509451,76292,0.1↔0.3,0.822,3.0,словосочетания,2,научный,9343,0.9941
2026-04-05T05:33:19.560452,76293,0.3↔1.0,0.816,0.1,буквы/слоги,2,научный,9344,0.9943
2026-04-05T05:33:19.905422,76299,0.1↔0.3,0.818,10.0,предложения,2,научный,9345,0.9945
2026-04-05T05:33:20.366427,76308,0.3↔1.0,0.820,1.0,слова,1,бытовой,9346,0.9944
2026-04-05T05:33:20.724451,76315,0.1↔0.3,0.831,30.0,абзацы,2,научный,9347,0.9943
2026-04-05T05:33:21.314452,76326,0.1↔0.3,0.824,100.0,целые тексты,2,научный,9348,0.9942
2026-04-05T05:33:22.038452,76340,0.1↔0.3,0.834,0.1,буквы/слоги,2,научный,9349,0.9938
2026-04-05T05:33:22.089452,76341,0.1↔0.3,0.835,0.3,буквы/слоги,1,бытовой,9350,0.9940
2026-04-05T05:33:22.191452,76343,0.1↔0.3,0.834,30.0,абзацы,3,,9351,0.9942
2026-04-05T05:33:22.537452,76349,0.1↔0.3,0.820,0.1,буквы/слоги,2,научный,9352,0.9944
2026-04-05T05:33:22.843452,76355,0.1↔0.3,0.810,0.3,буквы/слоги,4,метафорический,9353,0.9946
2026-04-05T05:33:23.925451,76376,0.1↔0.3,0.816,100.0,целые тексты,2,научный,9354,0.9945
2026-04-05T05:33:24.902452,76395,0.3↔1.0,0.829,100.0,целые тексты,1,бытовой,9355,0.9938
2026-04-05T05:33:25.262452,76402,0.1↔0.3,0.832,30.0,абзацы,3,,9356,0.9940
2026-04-05T05:33:25.517427,76407,0.1↔0.3,0.821,3.0,словосочетания,3,,9357,0.9942
2026-04-05T05:33:25.621452,76409,0.3↔1.0,0.835,1.0,слова,2,научный,9358,0.9944
2026-04-05T05:33:26.131452,76419,0.3↔1.0,0.819,10.0,предложения,3,,9359,0.9946
2026-04-05T05:33:26.236452,76421,0.1↔0.3,0.820,30.0,абзацы,1,бытовой,9360,0.9945
2026-04-05T05:33:26.338425,76423,0.3↔1.0,0.834,10.0,предложения,1,бытовой,9361,0.9947
2026-04-05T05:33:26.644452,76429,0.1↔0.3,0.808,1.0,слова,1,бытовой,9362,0.9949
2026-04-05T05:33:26.899426,76434,0.3↔1.0,0.829,0.1,буквы/слоги,3,,9363,0.9951
2026-04-05T05:33:27.845452,76452,0.3↔1.0,0.832,30.0,абзацы,4,метафорический,9364,0.9950
2026-04-05T05:33:27.896452,76453,0.3↔1.0,0.831,0.3,буквы/слоги,2,научный,9365,0.9952
2026-04-05T05:33:27.998452,76455,0.1↔0.3,0.810,10.0,предложения,1,бытовой,9366,0.9954
2026-04-05T05:33:28.867452,76472,0.3↔1.0,0.833,10.0,предложения,3,,9367,0.9950
2026-04-05T05:33:29.179451,76478,0.3↔1.0,0.831,3.0,словосочетания,3,,9368,0.9952
2026-04-05T05:33:30.097451,76496,0.3↔1.0,0.820,100.0,целые тексты,1,бытовой,9369,0.9951
2026-04-05T05:33:31.280451,76519,0.3↔1.0,0.823,10.0,предложения,3,,9370,0.9944
2026-04-05T05:33:32.260451,76538,0.3↔1.0,0.829,0.1,буквы/слоги,2,научный,9371,0.9937
2026-04-05T05:33:32.464432,76542,0.3↔1.0,0.829,1.0,слова,1,бытовой,9372,0.9939
2026-04-05T05:33:32.720452,76547,0.3↔1.0,0.833,30.0,абзацы,1,бытовой,9373,0.9938
2026-04-05T05:33:32.873452,76550,0.3↔1.0,0.808,10.0,предложения,1,бытовой,9374,0.9937
2026-04-05T05:33:33.026452,76553,0.1↔0.3,0.812,100.0,целые тексты,1,бытовой,9375,0.9939
2026-04-05T05:33:34.245452,76576,0.1↔0.3,0.819,10.0,предложения,3,,9376,0.9935
2026-04-05T05:33:34.788451,76586,0.1↔0.3,0.815,100.0,целые тексты,2,научный,9377,0.9934
2026-04-05T05:33:34.942452,76589,0.1↔0.3,0.819,10.0,предложения,2,научный,9378,0.9936
2026-04-05T05:33:36.415451,76617,0.1↔0.3,0.836,1.0,слова,4,метафорический,9379,0.9929
2026-04-05T05:33:36.670451,76622,0.1↔0.3,0.823,1.0,слова,2,научный,9380,0.9931
2026-04-05T05:33:37.231452,76633,0.3↔1.0,0.815,3.0,словосочетания,3,,9381,0.9927
2026-04-05T05:33:38.303452,76654,0.1↔0.3,0.813,100.0,целые тексты,3,,9382,0.9914
2026-04-05T05:33:38.560451,76659,0.1↔0.3,0.813,0.3,буквы/слоги,3,,9383,0.9916
2026-04-05T05:33:39.122451,76670,0.1↔0.3,0.836,10.0,предложения,4,метафорический,9384,0.9915
2026-04-05T05:33:39.830432,76683,0.1↔0.3,0.823,100.0,целые тексты,1,бытовой,9385,0.9917
2026-04-05T05:33:40.552452,76697,0.1↔0.3,0.828,3.0,словосочетания,3,,9386,0.9919
2026-04-05T05:33:41.267452,76711,0.1↔0.3,0.809,3.0,словосочетания,1,бытовой,9387,0.9912
2026-04-05T05:33:41.369451,76713,0.1↔0.3,0.815,0.1,буквы/слоги,3,,9388,0.9914
2026-04-05T05:33:41.573451,76717,0.3↔1.0,0.832,0.1,буквы/слоги,1,бытовой,9389,0.9913
2026-04-05T05:33:42.343425,76731,0.3↔1.0,0.830,100.0,целые тексты,1,бытовой,9390,0.9912
2026-04-05T05:33:42.396426,76732,0.3↔1.0,0.817,3.0,словосочетания,2,научный,9391,0.9914
2026-04-05T05:33:43.168451,76747,0.3↔1.0,0.812,30.0,абзацы,1,бытовой,9392,0.9916
2026-04-05T05:33:43.824432,76759,0.1↔0.3,0.835,30.0,абзацы,2,научный,9393,0.9918
2026-04-05T05:33:43.927452,76761,0.1↔0.3,0.824,10.0,предложения,4,метафорический,9394,0.9920
2026-04-05T05:33:43.978432,76762,0.1↔0.3,0.832,100.0,целые тексты,3,,9395,0.9922
2026-04-05T05:33:44.029432,76763,0.3↔1.0,0.823,10.0,предложения,3,,9396,0.9924
2026-04-05T05:33:44.080452,76764,0.3↔1.0,0.826,0.3,буквы/слоги,3,,9397,0.9926
2026-04-05T05:33:44.335426,76769,0.3↔1.0,0.824,100.0,целые тексты,3,,9398,0.9925
2026-04-05T05:33:44.644451,76775,0.1↔0.3,0.835,1.0,слова,4,метафорический,9399,0.9927
2026-04-05T05:33:45.523426,76792,0.1↔0.3,0.828,0.3,буквы/слоги,1,бытовой,9400,0.9929
2026-04-05T05:33:45.862451,76798,0.1↔0.3,0.837,1.0,слова,3,,9401,0.9928
2026-04-05T05:33:46.168452,76804,0.1↔0.3,0.823,10.0,предложения,1,бытовой,9402,0.9930
2026-04-05T05:33:46.321451,76807,0.3↔1.0,0.833,3.0,словосочетания,3,,9403,0.9932
2026-04-05T05:33:46.426452,76809,0.1↔0.3,0.828,0.3,буквы/слоги,3,,9404,0.9934
2026-04-05T05:33:46.893451,76817,0.3↔1.0,0.818,0.3,буквы/слоги,3,,9405,0.9936
2026-04-05T05:33:46.989425,76818,0.3↔1.0,0.811,100.0,целые тексты,2,научный,9406,0.9938
2026-04-05T05:33:47.562422,76828,0.1↔0.3,0.817,10.0,предложения,2,научный,9407,0.9940
2026-04-05T05:33:48.127427,76839,0.3↔1.0,0.815,100.0,целые тексты,3,,9408,0.9939
2026-04-05T05:33:48.331432,76843,0.1↔0.3,0.831,1.0,слова,1,бытовой,9409,0.9941
2026-04-05T05:33:48.688433,76850,0.1↔0.3,0.828,0.3,буквы/слоги,4,метафорический,9410,0.9937
2026-04-05T05:33:49.249451,76861,0.1↔0.3,0.813,30.0,абзацы,3,,9411,0.9939
2026-04-05T05:33:49.810451,76872,0.3↔1.0,0.836,100.0,целые тексты,1,бытовой,9412,0.9938
2026-04-05T05:33:50.121427,76878,0.1↔0.3,0.818,30.0,абзацы,3,,9413,0.9940
2026-04-05T05:33:50.281452,76881,0.1↔0.3,0.833,30.0,абзацы,1,бытовой,9414,0.9939
2026-04-05T05:33:50.485451,76885,0.3↔1.0,0.811,1.0,слова,1,бытовой,9415,0.9941
2026-04-05T05:33:50.800452,76891,0.1↔0.3,0.822,0.3,буквы/слоги,1,бытовой,9416,0.9940
2026-04-05T05:33:51.004452,76895,0.1↔0.3,0.818,1.0,слова,4,метафорический,9417,0.9942
2026-04-05T05:33:51.106452,76897,0.1↔0.3,0.827,1.0,слова,1,бытовой,9418,0.9944
2026-04-05T05:33:51.211427,76899,0.3↔1.0,0.825,1.0,слова,1,бытовой,9419,0.9946
2026-04-05T05:33:51.367452,76902,0.1↔0.3,0.818,3.0,словосочетания,1,бытовой,9420,0.9948
2026-04-05T05:33:52.787451,76929,0.3↔1.0,0.825,10.0,предложения,3,,9421,0.9950
2026-04-05T05:33:54.419451,76960,0.1↔0.3,0.822,100.0,целые тексты,1,бытовой,9422,0.9952
2026-04-05T05:33:54.522452,76962,0.1↔0.3,0.819,10.0,предложения,2,научный,9423,0.9954
2026-04-05T05:33:55.083451,76973,0.1↔0.3,0.820,1.0,слова,3,,9424,0.9953
2026-04-05T05:33:55.441452,76980,0.3↔1.0,0.828,30.0,абзацы,3,,9425,0.9955
2026-04-05T05:33:56.053451,76992,0.1↔0.3,0.815,0.1,буквы/слоги,2,научный,9426,0.9957
2026-04-05T05:33:56.462452,77000,0.1↔0.3,0.834,100.0,целые тексты,1,бытовой,9427,0.9959
2026-04-05T05:33:56.537423,77001,0.1↔0.3,0.824,1.0,слова,2,научный,9428,0.9961
2026-04-05T05:33:56.596425,77002,0.1↔0.3,0.833,100.0,целые тексты,1,бытовой,9429,0.9963
2026-04-05T05:33:56.803452,77006,0.1↔0.3,0.827,0.3,буквы/слоги,2,научный,9430,0.9965
2026-04-05T05:33:57.568452,77021,0.1↔0.3,0.832,1.0,слова,3,,9431,0.9967
2026-04-05T05:33:57.721452,77024,0.1↔0.3,0.817,0.3,буквы/слоги,4,метафорический,9432,0.9969
2026-04-05T05:33:58.181452,77033,0.1↔0.3,0.833,1.0,слова,3,,9433,0.9968
2026-04-05T05:33:58.284451,77035,0.3↔1.0,0.838,0.3,буквы/слоги,2,научный,9434,0.9970
2026-04-05T05:33:58.335426,77036,0.1↔0.3,0.824,0.1,буквы/слоги,1,бытовой,9435,0.9972
2026-04-05T05:33:59.089452,77050,0.1↔0.3,0.825,0.1,буквы/слоги,3,,9436,0.9974
2026-04-05T05:33:59.293451,77054,0.1↔0.3,0.832,0.1,буквы/слоги,2,научный,9437,0.9973
2026-04-05T05:34:00.469452,77077,0.1↔0.3,0.816,30.0,абзацы,1,бытовой,9438,0.9972
2026-04-05T05:34:00.630452,77080,0.1↔0.3,0.825,100.0,целые тексты,1,бытовой,9439,0.9974
2026-04-05T05:34:00.835452,77084,0.1↔0.3,0.826,1.0,слова,4,метафорический,9440,0.9976
2026-04-05T05:34:01.498452,77097,0.3↔1.0,0.830,10.0,предложения,2,научный,9441,0.9975
2026-04-05T05:34:01.906451,77105,0.1↔0.3,0.813,100.0,целые тексты,2,научный,9442,0.9977
2026-04-05T05:34:02.168451,77110,0.1↔0.3,0.834,10.0,предложения,4,метафорический,9443,0.9979
2026-04-05T05:34:02.270451,77112,0.3↔1.0,0.828,100.0,целые тексты,1,бытовой,9444,0.9980
2026-04-05T05:34:02.321433,77113,0.1↔0.3,0.835,100.0,целые тексты,3,,9445,0.9980
2026-04-05T05:34:02.627452,77119,0.3↔1.0,0.824,0.1,буквы/слоги,2,научный,9446,0.9980
2026-04-05T05:34:05.327446,77171,0.3↔1.0,0.819,0.3,буквы/слоги,3,,9447,0.9967
2026-04-05T05:34:05.480452,77174,0.1↔0.3,0.810,0.1,буквы/слоги,2,научный,9448,0.9966
2026-04-05T05:34:06.342425,77190,0.1↔0.3,0.809,1.0,слова,2,научный,9449,0.9965
2026-04-05T05:34:06.498452,77193,0.1↔0.3,0.815,10.0,предложения,1,бытовой,9450,0.9961
2026-04-05T05:34:06.954452,77201,0.1↔0.3,0.837,3.0,словосочетания,1,бытовой,9451,0.9960
2026-04-05T05:34:07.518452,77212,0.1↔0.3,0.832,30.0,абзацы,1,бытовой,9452,0.9959
2026-04-05T05:34:07.825452,77218,0.1↔0.3,0.814,100.0,целые тексты,3,,9453,0.9961
2026-04-05T05:34:09.662452,77254,0.1↔0.3,0.817,100.0,целые тексты,2,научный,9454,0.9954
2026-04-05T05:34:09.769451,77256,0.1↔0.3,0.812,0.3,буквы/слоги,3,,9455,0.9956
2026-04-05T05:34:10.075451,77262,0.1↔0.3,0.826,3.0,словосочетания,1,бытовой,9456,0.9958
2026-04-05T05:34:10.126452,77263,0.1↔0.3,0.815,0.1,буквы/слоги,3,,9457,0.9960
2026-04-05T05:34:10.534452,77271,0.1↔0.3,0.812,100.0,целые тексты,2,научный,9458,0.9962
2026-04-05T05:34:10.892452,77278,0.3↔1.0,0.823,0.1,буквы/слоги,2,научный,9459,0.9964
2026-04-05T05:34:11.606433,77292,0.1↔0.3,0.819,3.0,словосочетания,3,,9460,0.9963
2026-04-05T05:34:12.090422,77301,0.1↔0.3,0.818,100.0,целые тексты,2,научный,9461,0.9965
2026-04-05T05:34:13.098451,77320,0.3↔1.0,0.815,30.0,абзацы,3,,9462,0.9964
2026-04-05T05:34:13.353451,77325,0.1↔0.3,0.825,0.1,буквы/слоги,3,,9463,0.9966
2026-04-05T05:34:13.814452,77334,0.1↔0.3,0.835,0.3,буквы/слоги,1,бытовой,9464,0.9965
2026-04-05T05:34:13.865426,77335,0.1↔0.3,0.825,10.0,предложения,1,бытовой,9465,0.9967
2026-04-05T05:34:13.916451,77336,0.1↔0.3,0.829,30.0,абзацы,1,бытовой,9466,0.9969
2026-04-05T05:34:14.936451,77356,0.3↔1.0,0.816,100.0,целые тексты,3,,9467,0.9968
2026-04-05T05:34:15.600451,77369,0.1↔0.3,0.819,30.0,абзацы,1,бытовой,9468,0.9970
2026-04-05T05:34:16.213452,77381,0.3↔1.0,0.835,0.3,буквы/слоги,1,бытовой,9469,0.9972
2026-04-05T05:34:16.826427,77393,0.1↔0.3,0.819,0.1,буквы/слоги,2,научный,9470,0.9968
2026-04-05T05:34:18.256452,77421,0.1↔0.3,0.817,100.0,целые тексты,1,бытовой,9471,0.9958
2026-04-05T05:34:18.707452,77429,0.3↔1.0,0.829,0.3,буквы/слоги,3,,9472,0.9960
2026-04-05T05:34:18.815451,77431,0.1↔0.3,0.810,10.0,предложения,1,бытовой,9473,0.9962
2026-04-05T05:34:18.917452,77433,0.3↔1.0,0.809,100.0,целые тексты,3,,9474,0.9964
2026-04-05T05:34:19.070451,77436,0.3↔1.0,0.828,0.1,буквы/слоги,3,,9475,0.9966
2026-04-05T05:34:19.683452,77448,0.3↔1.0,0.824,100.0,целые тексты,4,метафорический,9476,0.9962
2026-04-05T05:34:21.939426,77491,0.3↔1.0,0.820,10.0,предложения,3,,9477,0.9949
2026-04-05T05:34:23.476438,77520,0.1↔0.3,0.832,0.1,буквы/слоги,3,,9478,0.9939
2026-04-05T05:34:23.578426,77522,0.3↔1.0,0.824,3.0,словосочетания,1,бытовой,9479,0.9941
2026-04-05T05:34:23.682452,77524,0.1↔0.3,0.827,30.0,абзацы,2,научный,9480,0.9943
2026-04-05T05:34:23.836427,77527,0.3↔1.0,0.810,3.0,словосочетания,3,,9481,0.9945
2026-04-05T05:34:23.888452,77528,0.1↔0.3,0.833,0.1,буквы/слоги,2,научный,9482,0.9947
2026-04-05T05:34:23.990451,77530,0.1↔0.3,0.809,10.0,предложения,3,,9483,0.9949
2026-04-05T05:34:24.653451,77543,0.3↔1.0,0.835,30.0,абзацы,3,,9484,0.9951
2026-04-05T05:34:24.908452,77548,0.3↔1.0,0.823,10.0,предложения,3,,9485,0.9953
2026-04-05T05:34:25.469452,77559,0.1↔0.3,0.808,10.0,предложения,1,бытовой,9486,0.9949
2026-04-05T05:34:26.156452,77572,0.1↔0.3,0.827,10.0,предложения,4,метафорический,9487,0.9948
2026-04-05T05:34:26.258451,77574,0.3↔1.0,0.810,1.0,слова,3,,9488,0.9950
2026-04-05T05:34:27.788428,77604,0.1↔0.3,0.822,1.0,слова,2,научный,9489,0.9943
2026-04-05T05:34:27.995452,77608,0.1↔0.3,0.831,1.0,слова,2,научный,9490,0.9942
2026-04-05T05:34:28.352447,77615,0.1↔0.3,0.812,3.0,словосочетания,2,научный,9491,0.9944
2026-04-05T05:34:28.506451,77618,0.3↔1.0,0.836,30.0,абзацы,2,научный,9492,0.9946
2026-04-05T05:34:28.710452,77622,0.1↔0.3,0.812,10.0,предложения,3,,9493,0.9948
2026-04-05T05:34:29.198451,77631,0.3↔1.0,0.826,100.0,целые тексты,1,бытовой,9494,0.9950
2026-04-05T05:34:29.606428,77639,0.3↔1.0,0.838,100.0,целые тексты,1,бытовой,9495,0.9949
2026-04-05T05:34:30.666451,77659,0.1↔0.3,0.815,10.0,предложения,4,метафорический,9496,0.9945
2026-04-05T05:34:31.646452,77678,0.1↔0.3,0.821,0.3,буквы/слоги,1,бытовой,9497,0.9941
2026-04-05T05:34:31.697451,77679,0.1↔0.3,0.811,100.0,целые тексты,1,бытовой,9498,0.9943
2026-04-05T05:34:32.517452,77695,0.3↔1.0,0.823,0.3,буквы/слоги,3,,9499,0.9939
2026-04-05T05:34:32.952422,77702,0.3↔1.0,0.813,30.0,абзацы,1,бытовой,9500,0.9941
2026-04-05T05:34:33.260452,77708,0.3↔1.0,0.832,3.0,словосочетания,2,научный,9501,0.9943
2026-04-05T05:34:33.648433,77715,0.1↔0.3,0.809,3.0,словосочетания,3,,9502,0.9939
2026-04-05T05:34:33.957452,77721,0.1↔0.3,0.833,30.0,абзацы,1,бытовой,9503,0.9938
2026-04-05T05:34:34.620452,77734,0.1↔0.3,0.834,10.0,предложения,2,научный,9504,0.9940
2026-04-05T05:34:35.134452,77744,0.1↔0.3,0.826,100.0,целые тексты,3,,9505,0.9939
2026-04-05T05:34:35.914452,77759,0.1↔0.3,0.829,3.0,словосочетания,1,бытовой,9506,0.9938
2026-04-05T05:34:35.966427,77760,0.1↔0.3,0.819,30.0,абзацы,2,научный,9507,0.9940
2026-04-05T05:34:36.171452,77764,0.1↔0.3,0.833,0.3,буквы/слоги,3,,9508,0.9939
2026-04-05T05:34:36.375452,77768,0.1↔0.3,0.813,1.0,слова,3,,9509,0.9941
2026-04-05T05:34:36.427423,77769,0.3↔1.0,0.818,100.0,целые тексты,3,,9510,0.9943
2026-04-05T05:34:36.480452,77770,0.1↔0.3,0.815,10.0,предложения,2,научный,9511,0.9945
2026-04-05T05:34:36.531451,77771,0.1↔0.3,0.819,0.1,буквы/слоги,3,,9512,0.9947
2026-04-05T05:34:36.735452,77775,0.1↔0.3,0.826,30.0,абзацы,1,бытовой,9513,0.9946
2026-04-05T05:34:36.889452,77778,0.1↔0.3,0.816,1.0,слова,3,,9514,0.9948
2026-04-05T05:34:37.093451,77782,0.1↔0.3,0.811,0.1,буквы/слоги,2,научный,9515,0.9950
2026-04-05T05:34:37.195451,77784,0.3↔1.0,0.827,0.3,буквы/слоги,1,бытовой,9516,0.9952
2026-04-05T05:34:37.909451,77798,0.1↔0.3,0.827,100.0,целые тексты,3,,9517,0.9951
2026-04-05T05:34:38.215451,77804,0.3↔1.0,0.809,30.0,абзацы,3,,9518,0.9950
2026-04-05T05:34:38.572452,77811,0.3↔1.0,0.816,30.0,абзацы,3,,9519,0.9952
2026-04-05T05:34:39.201452,77823,0.1↔0.3,0.833,10.0,предложения,2,научный,9520,0.9954
2026-04-05T05:34:39.252423,77824,0.3↔1.0,0.811,3.0,словосочетания,4,метафорический,9521,0.9956
2026-04-05T05:34:41.063451,77859,0.1↔0.3,0.823,100.0,целые тексты,1,бытовой,9522,0.9952
2026-04-05T05:34:42.448452,77886,0.1↔0.3,0.831,10.0,предложения,2,научный,9523,0.9948
2026-04-05T05:34:42.499428,77887,0.1↔0.3,0.811,100.0,целые тексты,4,метафорический,9524,0.9950
2026-04-05T05:34:43.074452,77898,0.1↔0.3,0.830,100.0,целые тексты,3,,9525,0.9949
2026-04-05T05:34:43.227451,77901,0.1↔0.3,0.814,100.0,целые тексты,3,,9526,0.9951
2026-04-05T05:34:43.584451,77908,0.3↔1.0,0.824,0.1,буквы/слоги,2,научный,9527,0.9953
2026-04-05T05:34:43.813452,77912,0.1↔0.3,0.810,3.0,словосочетания,1,бытовой,9528,0.9955
2026-04-05T05:34:44.018451,77916,0.3↔1.0,0.825,0.3,буквы/слоги,1,бытовой,9529,0.9957
2026-04-05T05:34:44.426451,77924,0.3↔1.0,0.822,100.0,целые тексты,3,,9530,0.9959
2026-04-05T05:34:45.522452,77945,0.3↔1.0,0.813,100.0,целые тексты,2,научный,9531,0.9958
2026-04-05T05:34:45.573452,77946,0.3↔1.0,0.808,100.0,целые тексты,2,научный,9532,0.9960
2026-04-05T05:34:45.675428,77948,0.1↔0.3,0.814,100.0,целые тексты,1,бытовой,9533,0.9962
2026-04-05T05:34:46.213451,77958,0.1↔0.3,0.808,0.3,буквы/слоги,2,научный,9534,0.9964
2026-04-05T05:34:46.417432,77962,0.3↔1.0,0.831,100.0,целые тексты,1,бытовой,9535,0.9963
2026-04-05T05:34:47.340425,77980,0.1↔0.3,0.809,10.0,предложения,1,бытовой,9536,0.9959
2026-04-05T05:34:47.494452,77983,0.3↔1.0,0.829,30.0,абзацы,1,бытовой,9537,0.9961
2026-04-05T05:34:48.313452,77999,0.3↔1.0,0.828,0.1,буквы/слоги,1,бытовой,9538,0.9957
2026-04-05T05:34:48.364452,78000,0.3↔1.0,0.829,1.0,слова,1,бытовой,9539,0.9959
2026-04-05T05:34:48.670452,78006,0.3↔1.0,0.835,0.1,буквы/слоги,3,,9540,0.9961
2026-04-05T05:34:49.398452,78020,0.3↔1.0,0.827,30.0,абзацы,3,,9541,0.9963
2026-04-05T05:34:49.604451,78024,0.3↔1.0,0.819,3.0,словосочетания,2,научный,9542,0.9962
2026-04-05T05:34:49.706452,78026,0.1↔0.3,0.820,30.0,абзацы,2,научный,9543,0.9964
2026-04-05T05:34:49.757451,78027,0.3↔1.0,0.832,0.3,буквы/слоги,3,,9544,0.9966
2026-04-05T05:34:50.485452,78041,0.1↔0.3,0.828,10.0,предложения,3,,9545,0.9965
2026-04-05T05:34:50.600451,78043,0.1↔0.3,0.816,0.1,буквы/слоги,4,метафорический,9546,0.9967
2026-04-05T05:34:50.702451,78045,0.1↔0.3,0.815,0.1,буквы/слоги,3,,9547,0.9969
2026-04-05T05:34:51.162432,78054,0.1↔0.3,0.834,100.0,целые тексты,2,научный,9548,0.9968
2026-04-05T05:34:52.030451,78071,0.1↔0.3,0.829,10.0,предложения,1,бытовой,9549,0.9970
2026-04-05T05:34:52.133451,78073,0.3↔1.0,0.837,30.0,абзацы,3,,9550,0.9972
2026-04-05T05:34:52.185452,78074,0.3↔1.0,0.814,0.3,буквы/слоги,3,,9551,0.9974
2026-04-05T05:34:52.493451,78080,0.1↔0.3,0.813,3.0,словосочетания,3,,9552,0.9973
2026-04-05T05:34:53.309451,78096,0.3↔1.0,0.833,30.0,абзацы,2,научный,9553,0.9966
2026-04-05T05:34:54.198452,78113,0.1↔0.3,0.818,0.1,буквы/слоги,3,,9554,0.9965
2026-04-05T05:34:55.032422,78129,0.1↔0.3,0.823,100.0,целые тексты,1,бытовой,9555,0.9958
2026-04-05T05:34:55.288452,78134,0.1↔0.3,0.814,0.3,буквы/слоги,2,научный,9556,0.9957
2026-04-05T05:34:55.390452,78136,0.1↔0.3,0.814,1.0,слова,3,,9557,0.9959
2026-04-05T05:34:55.543452,78139,0.3↔1.0,0.811,0.1,буквы/слоги,2,научный,9558,0.9961
2026-04-05T05:34:55.900451,78146,0.1↔0.3,0.822,10.0,предложения,4,метафорический,9559,0.9963
2026-04-05T05:34:57.552451,78178,0.1↔0.3,0.816,0.1,буквы/слоги,3,,9560,0.9947
2026-04-05T05:34:58.164452,78190,0.1↔0.3,0.811,30.0,абзацы,2,научный,9561,0.9949
2026-04-05T05:34:58.317452,78193,0.1↔0.3,0.810,0.3,буквы/слоги,1,бытовой,9562,0.9951
2026-04-05T05:34:58.624452,78199,0.1↔0.3,0.820,0.3,буквы/слоги,1,бытовой,9563,0.9953
2026-04-05T05:34:59.409452,78214,0.3↔1.0,0.832,1.0,слова,1,бытовой,9564,0.9952
2026-04-05T05:34:59.974451,78225,0.1↔0.3,0.831,100.0,целые тексты,1,бытовой,9565,0.9951
2026-04-05T05:35:00.077432,78227,0.1↔0.3,0.824,0.3,буквы/слоги,2,научный,9566,0.9950
2026-04-05T05:35:00.128452,78228,0.3↔1.0,0.818,30.0,абзацы,2,научный,9567,0.9952
2026-04-05T05:35:00.230451,78230,0.1↔0.3,0.819,0.3,буквы/слоги,3,,9568,0.9954
2026-04-05T05:35:00.333425,78232,0.1↔0.3,0.838,0.1,буквы/слоги,1,бытовой,9569,0.9956
2026-04-05T05:35:00.436427,78234,0.3↔1.0,0.810,10.0,предложения,2,научный,9570,0.9958
2026-04-05T05:35:00.895451,78243,0.1↔0.3,0.818,100.0,целые тексты,1,бытовой,9571,0.9960
2026-04-05T05:35:01.062422,78246,0.1↔0.3,0.824,3.0,словосочетания,1,бытовой,9572,0.9962
2026-04-05T05:35:01.419451,78253,0.3↔1.0,0.816,3.0,словосочетания,3,,9573,0.9964
2026-04-05T05:35:01.532426,78255,0.3↔1.0,0.823,0.1,буквы/слоги,4,метафорический,9574,0.9963
2026-04-05T05:35:01.842422,78261,0.3↔1.0,0.809,100.0,целые тексты,1,бытовой,9575,0.9962
2026-04-05T05:35:02.353425,78271,0.1↔0.3,0.833,30.0,абзацы,2,научный,9576,0.9961
2026-04-05T05:35:02.660452,78277,0.3↔1.0,0.831,0.1,буквы/слоги,2,научный,9577,0.9960
2026-04-05T05:35:02.915451,78282,0.1↔0.3,0.821,30.0,абзацы,1,бытовой,9578,0.9956
2026-04-05T05:35:03.527452,78294,0.3↔1.0,0.824,30.0,абзацы,3,,9579,0.9958
2026-04-05T05:35:03.884452,78301,0.1↔0.3,0.838,30.0,абзацы,2,научный,9580,0.9960
2026-04-05T05:35:04.038452,78304,0.1↔0.3,0.817,10.0,предложения,3,,9581,0.9962
2026-04-05T05:35:04.701452,78317,0.1↔0.3,0.811,100.0,целые тексты,1,бытовой,9582,0.9958
2026-04-05T05:35:05.420452,78331,0.3↔1.0,0.817,3.0,словосочетания,2,научный,9583,0.9957
2026-04-05T05:35:06.102422,78344,0.1↔0.3,0.809,10.0,предложения,2,научный,9584,0.9953
2026-04-05T05:35:06.205451,78346,0.1↔0.3,0.826,10.0,предложения,2,научный,9585,0.9955
2026-04-05T05:35:06.256452,78347,0.1↔0.3,0.835,0.3,буквы/слоги,2,научный,9586,0.9957
2026-04-05T05:35:06.324424,78348,0.1↔0.3,0.821,1.0,слова,1,бытовой,9587,0.9959
2026-04-05T05:35:06.493452,78350,0.1↔0.3,0.837,100.0,целые тексты,3,,9588,0.9961
2026-04-05T05:35:06.697452,78354,0.1↔0.3,0.812,0.1,буквы/слоги,3,,9589,0.9963
2026-04-05T05:35:07.106451,78362,0.3↔1.0,0.828,100.0,целые тексты,3,,9590,0.9962
2026-04-05T05:35:07.514451,78370,0.1↔0.3,0.815,0.1,буквы/слоги,4,метафорический,9591,0.9964
2026-04-05T05:35:07.565426,78371,0.1↔0.3,0.818,0.1,буквы/слоги,2,научный,9592,0.9966
2026-04-05T05:35:07.769452,78375,0.3↔1.0,0.814,1.0,слова,2,научный,9593,0.9968
2026-04-05T05:35:08.586452,78391,0.1↔0.3,0.813,0.3,буквы/слоги,4,метафорический,9594,0.9967
2026-04-05T05:35:08.790428,78395,0.1↔0.3,0.835,0.3,буквы/слоги,1,бытовой,9595,0.9969
2026-04-05T05:35:09.046425,78400,0.3↔1.0,0.813,30.0,абзацы,2,научный,9596,0.9968
2026-04-05T05:35:09.710451,78413,0.1↔0.3,0.825,3.0,словосочетания,3,,9597,0.9967
2026-04-05T05:35:10.275452,78424,0.1↔0.3,0.814,0.1,буквы/слоги,2,научный,9598,0.9969
2026-04-05T05:35:10.536452,78429,0.1↔0.3,0.808,0.1,буквы/слоги,3,,9599,0.9968
2026-04-05T05:35:10.587452,78430,0.3↔1.0,0.824,30.0,абзацы,2,научный,9600,0.9970
2026-04-05T05:35:12.586452,78469,0.1↔0.3,0.813,30.0,абзацы,2,научный,9601,0.9963
2026-04-05T05:35:12.895432,78475,0.1↔0.3,0.830,0.1,буквы/слоги,2,научный,9602,0.9965
2026-04-05T05:35:12.946452,78476,0.1↔0.3,0.826,3.0,словосочетания,3,,9603,0.9967
2026-04-05T05:35:15.144452,78519,0.1↔0.3,0.816,1.0,слова,1,бытовой,9604,0.9951
2026-04-05T05:35:15.348425,78523,0.1↔0.3,0.815,3.0,словосочетания,2,научный,9605,0.9953
2026-04-05T05:35:15.756452,78531,0.3↔1.0,0.824,10.0,предложения,2,научный,9606,0.9952
2026-04-05T05:35:16.012452,78536,0.3↔1.0,0.835,3.0,словосочетания,3,,9607,0.9954
2026-04-05T05:35:16.522452,78546,0.1↔0.3,0.821,30.0,абзацы,3,,9608,0.9950
2026-04-05T05:35:16.736451,78550,0.3↔1.0,0.837,0.1,буквы/слоги,2,научный,9609,0.9952
2026-04-05T05:35:16.896451,78553,0.1↔0.3,0.834,0.1,буквы/слоги,2,научный,9610,0.9951
2026-04-05T05:35:17.791452,78570,0.1↔0.3,0.835,3.0,словосочетания,4,метафорический,9611,0.9944
2026-04-05T05:35:18.445451,78582,0.1↔0.3,0.828,0.1,буквы/слоги,3,,9612,0.9946
2026-04-05T05:35:18.959452,78592,0.1↔0.3,0.832,3.0,словосочетания,1,бытовой,9613,0.9948
2026-04-05T05:35:19.062451,78594,0.1↔0.3,0.835,3.0,словосочетания,4,метафорический,9614,0.9950
2026-04-05T05:35:19.115427,78595,0.1↔0.3,0.815,0.1,буквы/слоги,2,научный,9615,0.9952
2026-04-05T05:35:19.682452,78606,0.1↔0.3,0.809,100.0,целые тексты,3,,9616,0.9948
2026-04-05T05:35:20.294432,78618,0.3↔1.0,0.818,0.3,буквы/слоги,4,метафорический,9617,0.9947
2026-04-05T05:35:20.806451,78628,0.1↔0.3,0.832,30.0,абзацы,3,,9618,0.9949
2026-04-05T05:35:21.419452,78640,0.1↔0.3,0.812,100.0,целые тексты,3,,9619,0.9945
2026-04-05T05:35:21.521451,78642,0.1↔0.3,0.824,1.0,слова,3,,9620,0.9947
2026-04-05T05:35:21.623432,78644,0.1↔0.3,0.833,30.0,абзацы,2,научный,9621,0.9946
2026-04-05T05:35:22.133452,78654,0.3↔1.0,0.822,30.0,абзацы,1,бытовой,9622,0.9942
2026-04-05T05:35:22.388452,78659,0.1↔0.3,0.808,10.0,предложения,1,бытовой,9623,0.9944
2026-04-05T05:35:22.441428,78660,0.3↔1.0,0.811,0.1,буквы/слоги,2,научный,9624,0.9946
2026-04-05T05:35:23.384452,78678,0.1↔0.3,0.836,10.0,предложения,2,научный,9625,0.9945
2026-04-05T05:35:23.894452,78688,0.1↔0.3,0.832,30.0,абзацы,2,научный,9626,0.9947
2026-04-05T05:35:24.098452,78692,0.1↔0.3,0.815,30.0,абзацы,3,,9627,0.9949
2026-04-05T05:35:24.661452,78703,0.3↔1.0,0.825,10.0,предложения,2,научный,9628,0.9948
2026-04-05T05:35:24.916452,78708,0.1↔0.3,0.827,30.0,абзацы,3,,9629,0.9950
2026-04-05T05:35:24.967451,78709,0.1↔0.3,0.810,3.0,словосочетания,1,бытовой,9630,0.9952
2026-04-05T05:35:26.400451,78737,0.3↔1.0,0.831,30.0,абзацы,4,метафорический,9631,0.9945
2026-04-05T05:35:27.116452,78751,0.1↔0.3,0.830,1.0,слова,2,научный,9632,0.9941
2026-04-05T05:35:27.524452,78759,0.3↔1.0,0.810,100.0,целые тексты,2,научный,9633,0.9940
2026-04-05T05:35:27.714452,78762,0.1↔0.3,0.820,100.0,целые тексты,3,,9634,0.9942
2026-04-05T05:35:28.293452,78773,0.1↔0.3,0.814,0.3,буквы/слоги,2,научный,9635,0.9935
2026-04-05T05:35:28.655452,78780,0.3↔1.0,0.837,0.1,буквы/слоги,3,,9636,0.9934
2026-04-05T05:35:28.706433,78781,0.1↔0.3,0.838,0.1,буквы/слоги,3,,9637,0.9936
2026-04-05T05:35:29.012452,78787,0.3↔1.0,0.835,1.0,слова,4,метафорический,9638,0.9938
2026-04-05T05:35:30.150451,78809,0.1↔0.3,0.820,30.0,абзацы,3,,9639,0.9940
2026-04-05T05:35:30.524451,78816,0.3↔1.0,0.826,3.0,словосочетания,3,,9640,0.9939
2026-04-05T05:35:31.241452,78830,0.1↔0.3,0.827,1.0,слова,1,бытовой,9641,0.9938
2026-04-05T05:35:32.314452,78851,0.3↔1.0,0.828,0.1,буквы/слоги,2,научный,9642,0.9937
2026-04-05T05:35:33.246451,78869,0.1↔0.3,0.818,0.3,буквы/слоги,1,бытовой,9643,0.9930
2026-04-05T05:35:33.858452,78881,0.3↔1.0,0.816,3.0,словосочетания,1,бытовой,9644,0.9932
2026-04-05T05:35:34.066452,78885,0.1↔0.3,0.832,0.1,буквы/слоги,3,,9645,0.9934
2026-04-05T05:35:34.423452,78892,0.1↔0.3,0.813,0.3,буквы/слоги,2,научный,9646,0.9936
2026-04-05T05:35:34.884452,78901,0.3↔1.0,0.825,30.0,абзацы,3,,9647,0.9935
2026-04-05T05:35:36.414452,78931,0.1↔0.3,0.835,10.0,предложения,2,научный,9648,0.9934
2026-04-05T05:35:37.026427,78943,0.3↔1.0,0.820,1.0,слова,2,научный,9649,0.9936
2026-04-05T05:35:37.234452,78947,0.1↔0.3,0.810,10.0,предложения,1,бытовой,9650,0.9938
2026-04-05T05:35:37.591452,78954,0.1↔0.3,0.812,0.3,буквы/слоги,1,бытовой,9651,0.9940
2026-04-05T05:35:38.064451,78963,0.3↔1.0,0.811,3.0,словосочетания,3,,9652,0.9939
2026-04-05T05:35:38.217451,78966,0.1↔0.3,0.808,100.0,целые тексты,2,научный,9653,0.9941
2026-04-05T05:35:38.319433,78968,0.3↔1.0,0.822,1.0,слова,2,научный,9654,0.9943
2026-04-05T05:35:38.370432,78969,0.1↔0.3,0.828,30.0,абзацы,1,бытовой,9655,0.9945
2026-04-05T05:35:38.421452,78970,0.1↔0.3,0.826,0.1,буквы/слоги,4,метафорический,9656,0.9947
2026-04-05T05:35:38.676451,78975,0.3↔1.0,0.818,0.1,буквы/слоги,2,научный,9657,0.9949
2026-04-05T05:35:39.596452,78993,0.1↔0.3,0.821,3.0,словосочетания,1,бытовой,9658,0.9945
2026-04-05T05:35:39.698452,78995,0.1↔0.3,0.820,100.0,целые тексты,3,,9659,0.9947
2026-04-05T05:35:39.953451,79000,0.3↔1.0,0.819,3.0,словосочетания,3,,9660,0.9949
2026-04-05T05:35:40.275451,79006,0.1↔0.3,0.831,1.0,слова,1,бытовой,9661,0.9945
2026-04-05T05:35:40.326433,79007,0.3↔1.0,0.820,0.3,буквы/слоги,4,метафорический,9662,0.9947
2026-04-05T05:35:40.633427,79013,0.3↔1.0,0.836,0.3,буквы/слоги,2,научный,9663,0.9946
2026-04-05T05:35:40.795452,79016,0.3↔1.0,0.828,3.0,словосочетания,3,,9664,0.9948
2026-04-05T05:35:41.305451,79026,0.3↔1.0,0.820,1.0,слова,1,бытовой,9665,0.9950
2026-04-05T05:35:42.454426,79047,0.3↔1.0,0.825,0.3,буквы/слоги,1,бытовой,9666,0.9949
2026-04-05T05:35:43.377452,79065,0.1↔0.3,0.809,10.0,предложения,2,научный,9667,0.9939
2026-04-05T05:35:43.632452,79070,0.1↔0.3,0.821,0.1,буквы/слоги,3,,9668,0.9941
2026-04-05T05:35:43.990452,79077,0.1↔0.3,0.815,1.0,слова,1,бытовой,9669,0.9940
2026-04-05T05:35:44.194452,79081,0.1↔0.3,0.825,0.3,буквы/слоги,3,,9670,0.9942
2026-04-05T05:35:44.347452,79084,0.1↔0.3,0.814,0.1,буквы/слоги,1,бытовой,9671,0.9941
2026-04-05T05:35:44.602451,79089,0.1↔0.3,0.817,1.0,слова,2,научный,9672,0.9940
2026-04-05T05:35:44.656428,79090,0.3↔1.0,0.832,30.0,абзацы,3,,9673,0.9942
2026-04-05T05:35:44.812452,79093,0.3↔1.0,0.829,0.3,буквы/слоги,2,научный,9674,0.9944
2026-04-05T05:35:46.325451,79122,0.1↔0.3,0.833,30.0,абзацы,3,,9675,0.9940
2026-04-05T05:35:46.856452,79132,0.1↔0.3,0.811,100.0,целые тексты,3,,9676,0.9939
2026-04-05T05:35:46.958452,79134,0.1↔0.3,0.821,100.0,целые тексты,1,бытовой,9677,0.9941
2026-04-05T05:35:47.111452,79137,0.1↔0.3,0.813,0.1,буквы/слоги,4,метафорический,9678,0.9943
2026-04-05T05:35:47.264452,79140,0.3↔1.0,0.832,0.3,буквы/слоги,1,бытовой,9679,0.9945
2026-04-05T05:35:47.799452,79150,0.1↔0.3,0.823,0.1,буквы/слоги,3,,9680,0.9944
2026-04-05T05:35:47.850452,79151,0.3↔1.0,0.812,10.0,предложения,1,бытовой,9681,0.9946
2026-04-05T05:35:49.441452,79182,0.3↔1.0,0.821,30.0,абзацы,1,бытовой,9682,0.9936
2026-04-05T05:35:49.798451,79189,0.1↔0.3,0.823,1.0,слова,3,,9683,0.9935
2026-04-05T05:35:50.105452,79195,0.1↔0.3,0.829,30.0,абзацы,2,научный,9684,0.9937
2026-04-05T05:35:50.309452,79199,0.3↔1.0,0.809,30.0,абзацы,2,научный,9685,0.9939
2026-04-05T05:35:50.411452,79201,0.1↔0.3,0.828,100.0,целые тексты,3,,9686,0.9941
2026-04-05T05:35:51.023452,79213,0.3↔1.0,0.818,0.3,буквы/слоги,1,бытовой,9687,0.9940
2026-04-05T05:35:51.075432,79214,0.1↔0.3,0.814,0.1,буквы/слоги,2,научный,9688,0.9942
2026-04-05T05:35:51.658452,79225,0.3↔1.0,0.816,10.0,предложения,2,научный,9689,0.9944
2026-04-05T05:35:53.052427,79252,0.1↔0.3,0.816,30.0,абзацы,2,научный,9690,0.9943
2026-04-05T05:35:53.367452,79258,0.3↔1.0,0.810,1.0,слова,1,бытовой,9691,0.9942
2026-04-05T05:35:53.571426,79262,0.1↔0.3,0.810,30.0,абзацы,1,бытовой,9692,0.9944
2026-04-05T05:35:53.623452,79263,0.1↔0.3,0.826,30.0,абзацы,2,научный,9693,0.9946
2026-04-05T05:35:54.190422,79274,0.1↔0.3,0.808,1.0,слова,2,научный,9694,0.9948
2026-04-05T05:35:57.142452,79331,0.3↔1.0,0.836,0.1,буквы/слоги,3,,9695,0.9932
2026-04-05T05:35:57.194428,79332,0.1↔0.3,0.833,1.0,слова,1,бытовой,9696,0.9934
2026-04-05T05:35:57.656452,79341,0.1↔0.3,0.823,100.0,целые тексты,2,научный,9697,0.9936
2026-04-05T05:35:57.860452,79345,0.1↔0.3,0.808,0.3,буквы/слоги,3,,9698,0.9938
2026-04-05T05:35:59.063451,79368,0.1↔0.3,0.822,10.0,предложения,1,бытовой,9699,0.9937
2026-04-05T05:35:59.420452,79375,0.1↔0.3,0.813,30.0,абзацы,2,научный,9700,0.9936
2026-04-05T05:35:59.471451,79376,0.1↔0.3,0.813,100.0,целые тексты,1,бытовой,9701,0.9938
2026-04-05T05:35:59.880452,79384,0.3↔1.0,0.813,10.0,предложения,3,,9702,0.9934
2026-04-05T05:35:59.983452,79386,0.1↔0.3,0.829,3.0,словосочетания,1,бытовой,9703,0.9933
2026-04-05T05:36:00.238429,79391,0.3↔1.0,0.835,100.0,целые тексты,3,,9704,0.9935
2026-04-05T05:36:00.443452,79395,0.3↔1.0,0.826,30.0,абзацы,3,,9705,0.9937
2026-04-05T05:36:01.363451,79413,0.3↔1.0,0.815,1.0,слова,3,,9706,0.9924
2026-04-05T05:36:02.109452,79427,0.1↔0.3,0.822,1.0,слова,3,,9707,0.9926
2026-04-05T05:36:04.477433,79473,0.1↔0.3,0.814,10.0,предложения,1,бытовой,9708,0.9916
2026-04-05T05:36:04.733452,79478,0.1↔0.3,0.814,0.1,буквы/слоги,3,,9709,0.9918
2026-04-05T05:36:04.937452,79482,0.1↔0.3,0.837,3.0,словосочетания,2,научный,9710,0.9920
2026-04-05T05:36:05.192451,79487,0.1↔0.3,0.820,10.0,предложения,2,научный,9711,0.9922
2026-04-05T05:36:05.703452,79497,0.1↔0.3,0.834,1.0,слова,2,научный,9712,0.9918
2026-04-05T05:36:05.959451,79502,0.1↔0.3,0.831,3.0,словосочетания,2,научный,9713,0.9917
2026-04-05T05:36:06.010452,79503,0.1↔0.3,0.822,10.0,предложения,4,метафорический,9714,0.9919
2026-04-05T05:36:06.571452,79514,0.3↔1.0,0.832,3.0,словосочетания,1,бытовой,9715,0.9918
2026-04-05T05:36:07.547451,79533,0.1↔0.3,0.816,30.0,абзацы,2,научный,9716,0.9920
2026-04-05T05:36:07.700452,79536,0.3↔1.0,0.813,3.0,словосочетания,1,бытовой,9717,0.9922
2026-04-05T05:36:08.057452,79543,0.3↔1.0,0.819,0.1,буквы/слоги,1,бытовой,9718,0.9924
2026-04-05T05:36:08.224452,79546,0.1↔0.3,0.830,30.0,абзацы,1,бытовой,9719,0.9926
2026-04-05T05:36:08.479451,79551,0.1↔0.3,0.826,0.1,буквы/слоги,3,,9720,0.9928
2026-04-05T05:36:09.194452,79565,0.1↔0.3,0.835,10.0,предложения,1,бытовой,9721,0.9924
2026-04-05T05:36:10.133452,79583,0.1↔0.3,0.821,100.0,целые тексты,2,научный,9722,0.9923
2026-04-05T05:36:10.184428,79584,0.3↔1.0,0.824,1.0,слова,2,научный,9723,0.9925
2026-04-05T05:36:10.339426,79587,0.3↔1.0,0.828,100.0,целые тексты,2,научный,9724,0.9924
2026-04-05T05:36:11.694451,79613,0.1↔0.3,0.836,30.0,абзацы,1,бытовой,9725,0.9920
2026-04-05T05:36:11.747428,79614,0.1↔0.3,0.824,0.1,буквы/слоги,2,научный,9726,0.9922
2026-04-05T05:36:12.003451,79619,0.3↔1.0,0.819,1.0,слова,3,,9727,0.9918
2026-04-05T05:36:12.514451,79629,0.1↔0.3,0.814,3.0,словосочетания,3,,9728,0.9914
2026-04-05T05:36:12.616451,79631,0.1↔0.3,0.830,30.0,абзацы,4,метафорический,9729,0.9916
2026-04-05T05:36:14.615452,79670,0.3↔1.0,0.813,0.1,буквы/слоги,3,,9730,0.9906
2026-04-05T05:36:15.533452,79688,0.3↔1.0,0.821,0.1,буквы/слоги,3,,9731,0.9899
2026-04-05T05:36:15.891451,79695,0.1↔0.3,0.813,0.3,буквы/слоги,1,бытовой,9732,0.9901
2026-04-05T05:36:16.044451,79698,0.1↔0.3,0.810,0.3,буквы/слоги,3,,9733,0.9903
2026-04-05T05:36:16.554452,79708,0.1↔0.3,0.829,0.1,буквы/слоги,3,,9734,0.9905
2026-04-05T05:36:17.426452,79725,0.3↔1.0,0.831,100.0,целые тексты,1,бытовой,9735,0.9898
2026-04-05T05:36:17.630452,79729,0.3↔1.0,0.828,10.0,предложения,2,научный,9736,0.9897
2026-04-05T05:36:17.987452,79736,0.3↔1.0,0.814,10.0,предложения,3,,9737,0.9896
2026-04-05T05:36:18.038427,79737,0.3↔1.0,0.813,0.3,буквы/слоги,4,метафорический,9738,0.9898
2026-04-05T05:36:18.242451,79741,0.3↔1.0,0.823,30.0,абзацы,3,,9739,0.9900
2026-04-05T05:36:18.447452,79745,0.3↔1.0,0.820,100.0,целые тексты,3,,9740,0.9902
2026-04-05T05:36:18.753452,79751,0.1↔0.3,0.812,10.0,предложения,1,бытовой,9741,0.9901
2026-04-05T05:36:19.112451,79758,0.1↔0.3,0.818,0.1,буквы/слоги,2,научный,9742,0.9900
2026-04-05T05:36:19.572427,79767,0.1↔0.3,0.821,100.0,целые тексты,4,метафорический,9743,0.9899
2026-04-05T05:36:19.828451,79772,0.3↔1.0,0.832,10.0,предложения,2,научный,9744,0.9901
2026-04-05T05:36:20.288451,79781,0.1↔0.3,0.810,30.0,абзацы,3,,9745,0.9897
2026-04-05T05:36:21.983451,79814,0.3↔1.0,0.818,0.3,буквы/слоги,3,,9746,0.9893
2026-04-05T05:36:22.195452,79817,0.1↔0.3,0.812,0.1,буквы/слоги,1,бытовой,9747,0.9895
2026-04-05T05:36:22.382426,79820,0.1↔0.3,0.812,1.0,слова,1,бытовой,9748,0.9897
2026-04-05T05:36:22.851452,79829,0.1↔0.3,0.811,0.1,буквы/слоги,1,бытовой,9749,0.9899
2026-04-05T05:36:23.055451,79833,0.1↔0.3,0.832,0.1,буквы/слоги,1,бытовой,9750,0.9901
2026-04-05T05:36:23.820452,79848,0.1↔0.3,0.815,3.0,словосочетания,1,бытовой,9751,0.9903
2026-04-05T05:36:24.126452,79854,0.3↔1.0,0.816,10.0,предложения,4,метафорический,9752,0.9902
2026-04-05T05:36:25.672452,79884,0.3↔1.0,0.834,0.1,буквы/слоги,1,бытовой,9753,0.9892
2026-04-05T05:36:25.825451,79887,0.1↔0.3,0.820,0.3,буквы/слоги,4,метафорический,9754,0.9891
2026-04-05T05:36:25.927451,79889,0.3↔1.0,0.830,0.3,буквы/слоги,2,научный,9755,0.9893
2026-04-05T05:36:26.029451,79891,0.3↔1.0,0.812,0.1,буквы/слоги,1,бытовой,9756,0.9895
2026-04-05T05:36:26.336435,79897,0.1↔0.3,0.820,0.1,буквы/слоги,3,,9757,0.9894
2026-04-05T05:36:26.387432,79898,0.1↔0.3,0.829,10.0,предложения,3,,9758,0.9896
2026-04-05T05:36:26.856451,79907,0.3↔1.0,0.818,0.3,буквы/слоги,1,бытовой,9759,0.9895
2026-04-05T05:36:26.907451,79908,0.3↔1.0,0.834,1.0,слова,2,научный,9760,0.9897
2026-04-05T05:36:27.009452,79910,0.3↔1.0,0.808,1.0,слова,1,бытовой,9761,0.9899
2026-04-05T05:36:27.060452,79911,0.3↔1.0,0.837,10.0,предложения,1,бытовой,9762,0.9901
2026-04-05T05:36:28.002452,79929,0.1↔0.3,0.837,30.0,абзацы,2,научный,9763,0.9894
2026-04-05T05:36:28.155452,79932,0.1↔0.3,0.826,100.0,целые тексты,1,бытовой,9764,0.9893
2026-04-05T05:36:28.261427,79934,0.1↔0.3,0.810,30.0,абзацы,3,,9765,0.9895
2026-04-05T05:36:29.193452,79951,0.3↔1.0,0.815,3.0,словосочетания,3,,9766,0.9897
2026-04-05T05:36:29.295425,79953,0.1↔0.3,0.838,0.3,буквы/слоги,2,научный,9767,0.9899
2026-04-05T05:36:29.808452,79963,0.3↔1.0,0.812,100.0,целые тексты,1,бытовой,9768,0.9898
2026-04-05T05:36:29.910451,79965,0.1↔0.3,0.830,3.0,словосочетания,3,,9769,0.9900
2026-04-05T05:36:30.931452,79985,0.3↔1.0,0.813,30.0,абзацы,1,бытовой,9770,0.9896
2026-04-05T05:36:30.982452,79986,0.1↔0.3,0.829,10.0,предложения,3,,9771,0.9898
2026-04-05T05:36:31.237451,79991,0.1↔0.3,0.815,30.0,абзацы,3,,9772,0.9900
2026-04-05T05:36:31.288432,79992,0.1↔0.3,0.816,3.0,словосочетания,2,научный,9773,0.9902
2026-04-05T05:36:31.698452,80000,0.1↔0.3,0.809,30.0,абзацы,2,научный,9774,0.9904
2026-04-05T05:36:32.828452,80022,0.3↔1.0,0.825,10.0,предложения,2,научный,9775,0.9903
2026-04-05T05:36:33.187452,80029,0.1↔0.3,0.827,1.0,слова,1,бытовой,9776,0.9905
2026-04-05T05:36:33.653451,80038,0.1↔0.3,0.823,1.0,слова,2,научный,9777,0.9904
2026-04-05T05:36:33.704432,80039,0.3↔1.0,0.835,3.0,словосочетания,2,научный,9778,0.9906
2026-04-05T05:36:35.337427,80071,0.3↔1.0,0.808,0.3,буквы/слоги,3,,9779,0.9893
2026-04-05T05:36:35.694451,80078,0.1↔0.3,0.812,100.0,целые тексты,2,научный,9780,0.9895
2026-04-05T05:36:35.799451,80080,0.1↔0.3,0.827,10.0,предложения,1,бытовой,9781,0.9897
2026-04-05T05:36:36.207452,80088,0.1↔0.3,0.813,10.0,предложения,2,научный,9782,0.9896
2026-04-05T05:36:36.871432,80101,0.1↔0.3,0.813,0.3,буквы/слоги,2,научный,9783,0.9895
2026-04-05T05:36:38.369452,80130,0.3↔1.0,0.810,0.3,буквы/слоги,2,научный,9784,0.9891
2026-04-05T05:36:38.828432,80139,0.1↔0.3,0.817,30.0,абзацы,2,научный,9785,0.9890
2026-04-05T05:36:39.135452,80145,0.3↔1.0,0.831,10.0,предложения,3,,9786,0.9892
2026-04-05T05:36:40.020452,80162,0.3↔1.0,0.838,3.0,словосочетания,1,бытовой,9787,0.9882
2026-04-05T05:36:40.276451,80167,0.3↔1.0,0.833,3.0,словосочетания,3,,9788,0.9884
2026-04-05T05:36:40.786452,80177,0.3↔1.0,0.810,1.0,слова,3,,9789,0.9883
2026-04-05T05:36:41.143427,80184,0.1↔0.3,0.816,3.0,словосочетания,1,бытовой,9790,0.9885
2026-04-05T05:36:41.705452,80195,0.1↔0.3,0.829,30.0,абзацы,1,бытовой,9791,0.9887
2026-04-05T05:36:41.757452,80196,0.3↔1.0,0.828,10.0,предложения,4,метафорический,9792,0.9889
2026-04-05T05:36:42.132422,80202,0.1↔0.3,0.835,0.3,буквы/слоги,2,научный,9793,0.9891
2026-04-05T05:36:42.445452,80208,0.3↔1.0,0.821,10.0,предложения,2,научный,9794,0.9890
2026-04-05T05:36:42.598452,80211,0.1↔0.3,0.835,3.0,словосочетания,1,бытовой,9795,0.9892
2026-04-05T05:36:42.700433,80213,0.3↔1.0,0.819,3.0,словосочетания,1,бытовой,9796,0.9894
2026-04-05T05:36:43.035452,80218,0.3↔1.0,0.837,1.0,слова,3,,9797,0.9896
2026-04-05T05:36:43.597452,80229,0.1↔0.3,0.810,3.0,словосочетания,2,научный,9798,0.9895
2026-04-05T05:36:43.648452,80230,0.1↔0.3,0.822,0.1,буквы/слоги,1,бытовой,9799,0.9897
2026-04-05T05:36:44.618452,80249,0.1↔0.3,0.817,0.3,буквы/слоги,2,научный,9800,0.9890
2026-04-05T05:36:44.822452,80253,0.1↔0.3,0.836,0.1,буквы/слоги,2,научный,9801,0.9892
2026-04-05T05:36:45.384451,80264,0.1↔0.3,0.823,3.0,словосочетания,1,бытовой,9802,0.9891
2026-04-05T05:36:46.149451,80279,0.1↔0.3,0.826,100.0,целые тексты,1,бытовой,9803,0.9893
2026-04-05T05:36:46.354452,80283,0.1↔0.3,0.822,30.0,абзацы,1,бытовой,9804,0.9895
2026-04-05T05:36:46.558451,80287,0.1↔0.3,0.826,1.0,слова,1,бытовой,9805,0.9897
2026-04-05T05:36:47.170451,80299,0.3↔1.0,0.838,0.1,буквы/слоги,3,,9806,0.9896
2026-04-05T05:36:47.221432,80300,0.3↔1.0,0.837,0.3,буквы/слоги,1,бытовой,9807,0.9898
2026-04-05T05:36:47.732452,80310,0.3↔1.0,0.826,0.3,буквы/слоги,1,бытовой,9808,0.9894
2026-04-05T05:36:47.886452,80313,0.3↔1.0,0.820,1.0,слова,1,бытовой,9809,0.9896
2026-04-05T05:36:49.163452,80338,0.3↔1.0,0.817,30.0,абзацы,3,,9810,0.9892
2026-04-05T05:36:49.316452,80341,0.1↔0.3,0.834,100.0,целые тексты,2,научный,9811,0.9894
2026-04-05T05:36:49.673451,80348,0.3↔1.0,0.821,0.1,буквы/слоги,1,бытовой,9812,0.9896
2026-04-05T05:36:50.607452,80366,0.1↔0.3,0.829,10.0,предложения,4,метафорический,9813,0.9895
2026-04-05T05:36:51.606452,80385,0.3↔1.0,0.809,1.0,слова,2,научный,9814,0.9894
2026-04-05T05:36:52.116451,80395,0.3↔1.0,0.810,10.0,предложения,2,научный,9815,0.9890
2026-04-05T05:36:52.626452,80405,0.3↔1.0,0.838,1.0,слова,2,научный,9816,0.9892
2026-04-05T05:36:52.830452,80409,0.1↔0.3,0.836,1.0,слова,2,научный,9817,0.9894
2026-04-05T05:36:52.983452,80412,0.3↔1.0,0.837,0.1,буквы/слоги,3,,9818,0.9896
2026-04-05T05:36:53.085451,80414,0.1↔0.3,0.824,0.1,буквы/слоги,3,,9819,0.9898
2026-04-05T05:36:53.700452,80426,0.3↔1.0,0.835,100.0,целые тексты,3,,9820,0.9894
2026-04-05T05:36:53.802452,80428,0.3↔1.0,0.822,3.0,словосочетания,3,,9821,0.9896
2026-04-05T05:36:54.057452,80433,0.3↔1.0,0.837,100.0,целые тексты,1,бытовой,9822,0.9898
2026-04-05T05:36:54.822451,80448,0.3↔1.0,0.829,1.0,слова,4,метафорический,9823,0.9900
2026-04-05T05:36:55.443452,80460,0.1↔0.3,0.819,100.0,целые тексты,1,бытовой,9824,0.9896
2026-04-05T05:36:56.080452,80472,0.1↔0.3,0.815,10.0,предложения,1,бытовой,9825,0.9895
2026-04-05T05:36:57.050432,80491,0.3↔1.0,0.836,100.0,целые тексты,3,,9826,0.9891
2026-04-05T05:36:57.764452,80505,0.1↔0.3,0.824,100.0,целые тексты,1,бытовой,9827,0.9890
2026-04-05T05:36:57.815452,80506,0.3↔1.0,0.809,30.0,абзацы,2,научный,9828,0.9892
2026-04-05T05:36:57.968451,80509,0.3↔1.0,0.813,3.0,словосочетания,1,бытовой,9829,0.9894
2026-04-05T05:36:58.376451,80517,0.3↔1.0,0.828,100.0,целые тексты,3,,9830,0.9890
2026-04-05T05:36:58.955452,80528,0.1↔0.3,0.829,100.0,целые тексты,2,научный,9831,0.9886
2026-04-05T05:36:59.108451,80531,0.1↔0.3,0.813,10.0,предложения,1,бытовой,9832,0.9888
2026-04-05T05:36:59.618452,80541,0.1↔0.3,0.817,10.0,предложения,4,метафорический,9833,0.9890
2026-04-05T05:36:59.772452,80544,0.3↔1.0,0.833,0.1,буквы/слоги,2,научный,9834,0.9892
2026-04-05T05:37:00.552452,80559,0.1↔0.3,0.809,0.3,буквы/слоги,3,,9835,0.9891
2026-04-05T05:37:00.603428,80560,0.3↔1.0,0.834,0.3,буквы/слоги,3,,9836,0.9893
2026-04-05T05:37:00.659428,80561,0.1↔0.3,0.830,1.0,слова,2,научный,9837,0.9895
2026-04-05T05:37:01.542422,80578,0.1↔0.3,0.820,0.1,буквы/слоги,2,научный,9838,0.9897
2026-04-05T05:37:01.747451,80582,0.1↔0.3,0.835,3.0,словосочетания,1,бытовой,9839,0.9899
2026-04-05T05:37:01.798452,80583,0.1↔0.3,0.837,100.0,целые тексты,1,бытовой,9840,0.9901
2026-04-05T05:37:02.155452,80590,0.1↔0.3,0.833,30.0,абзацы,1,бытовой,9841,0.9900
2026-04-05T05:37:02.257452,80592,0.3↔1.0,0.814,3.0,словосочетания,1,бытовой,9842,0.9902
2026-04-05T05:37:02.513452,80597,0.1↔0.3,0.833,100.0,целые тексты,2,научный,9843,0.9904
2026-04-05T05:37:03.911432,80623,0.1↔0.3,0.812,30.0,абзацы,2,научный,9844,0.9897
2026-04-05T05:37:04.013452,80625,0.1↔0.3,0.833,100.0,целые тексты,3,,9845,0.9899
2026-04-05T05:37:04.217427,80629,0.1↔0.3,0.812,100.0,целые тексты,3,,9846,0.9898
2026-04-05T05:37:04.984452,80644,0.1↔0.3,0.827,0.1,буквы/слоги,2,научный,9847,0.9897
2026-04-05T05:37:05.698451,80658,0.1↔0.3,0.826,30.0,абзацы,3,,9848,0.9896
2026-04-05T05:37:06.208452,80668,0.1↔0.3,0.833,1.0,слова,1,бытовой,9849,0.9898
2026-04-05T05:37:06.413451,80672,0.3↔1.0,0.833,1.0,слова,3,,9850,0.9900
2026-04-05T05:37:07.437452,80692,0.3↔1.0,0.817,0.1,буквы/слоги,1,бытовой,9851,0.9896
2026-04-05T05:37:07.642452,80696,0.1↔0.3,0.816,30.0,абзацы,2,научный,9852,0.9898
2026-04-05T05:37:07.744432,80698,0.3↔1.0,0.825,0.3,буквы/слоги,1,бытовой,9853,0.9900
2026-04-05T05:37:08.662452,80716,0.1↔0.3,0.838,10.0,предложения,2,научный,9854,0.9896
2026-04-05T05:37:08.917452,80721,0.3↔1.0,0.826,100.0,целые тексты,2,научный,9855,0.9898
2026-04-05T05:37:09.478452,80732,0.1↔0.3,0.837,1.0,слова,3,,9856,0.9900
2026-04-05T05:37:10.215452,80746,0.3↔1.0,0.832,0.1,буквы/слоги,1,бытовой,9857,0.9899
2026-04-05T05:37:10.732451,80756,0.1↔0.3,0.826,0.3,буквы/слоги,1,бытовой,9858,0.9895
2026-04-05T05:37:11.216452,80765,0.3↔1.0,0.817,0.1,буквы/слоги,3,,9859,0.9894
2026-04-05T05:37:11.421452,80769,0.3↔1.0,0.828,0.3,буквы/слоги,3,,9860,0.9896
2026-04-05T05:37:12.071452,80781,0.3↔1.0,0.826,10.0,предложения,3,,9861,0.9892
2026-04-05T05:37:12.173451,80783,0.1↔0.3,0.813,0.3,буквы/слоги,2,научный,9862,0.9894
2026-04-05T05:37:12.888452,80797,0.1↔0.3,0.826,0.3,буквы/слоги,2,научный,9863,0.9890
2026-04-05T05:37:13.041452,80800,0.3↔1.0,0.810,10.0,предложения,3,,9864,0.9892
2026-04-05T05:37:13.245452,80804,0.3↔1.0,0.813,1.0,слова,1,бытовой,9865,0.9894
2026-04-05T05:37:13.686451,80812,0.1↔0.3,0.834,0.1,буквы/слоги,1,бытовой,9866,0.9896
2026-04-05T05:37:13.891452,80816,0.1↔0.3,0.836,100.0,целые тексты,2,научный,9867,0.9895
2026-04-05T05:37:14.248452,80823,0.1↔0.3,0.817,0.3,буквы/слоги,1,бытовой,9868,0.9888
2026-04-05T05:37:14.350452,80825,0.3↔1.0,0.837,100.0,целые тексты,3,,9869,0.9890
2026-04-05T05:37:14.758452,80833,0.1↔0.3,0.836,100.0,целые тексты,3,,9870,0.9889
2026-04-05T05:37:14.809452,80834,0.1↔0.3,0.831,10.0,предложения,2,научный,9871,0.9891
2026-04-05T05:37:15.064451,80839,0.1↔0.3,0.810,1.0,слова,1,бытовой,9872,0.9893
2026-04-05T05:37:16.187452,80861,0.3↔1.0,0.811,100.0,целые тексты,3,,9873,0.9886
2026-04-05T05:37:16.493452,80867,0.1↔0.3,0.810,0.1,буквы/слоги,2,научный,9874,0.9882
2026-04-05T05:37:16.902452,80875,0.1↔0.3,0.826,10.0,предложения,1,бытовой,9875,0.9884
2026-04-05T05:37:16.968427,80876,0.1↔0.3,0.827,3.0,словосочетания,1,бытовой,9876,0.9886
2026-04-05T05:37:17.685451,80890,0.1↔0.3,0.820,3.0,словосочетания,2,научный,9877,0.9882
2026-04-05T05:37:17.940452,80895,0.1↔0.3,0.822,3.0,словосочетания,3,,9878,0.9884
2026-04-05T05:37:20.373452,80942,0.3↔1.0,0.809,1.0,слова,3,,9879,0.9874
2026-04-05T05:37:21.297452,80960,0.1↔0.3,0.836,3.0,словосочетания,1,бытовой,9880,0.9870
2026-04-05T05:37:21.705452,80968,0.3↔1.0,0.827,1.0,слова,3,,9881,0.9869
2026-04-05T05:37:22.115452,80976,0.1↔0.3,0.818,3.0,словосочетания,3,,9882,0.9871
2026-04-05T05:37:23.023452,80993,0.3↔1.0,0.836,0.1,буквы/слоги,1,бытовой,9883,0.9864
2026-04-05T05:37:23.533451,81003,0.3↔1.0,0.829,1.0,слова,2,научный,9884,0.9866
2026-04-05T05:37:24.247452,81017,0.1↔0.3,0.834,30.0,абзацы,2,научный,9885,0.9862
2026-04-05T05:37:24.349426,81019,0.3↔1.0,0.836,1.0,слова,1,бытовой,9886,0.9864
2026-04-05T05:37:24.502452,81022,0.3↔1.0,0.813,30.0,абзацы,1,бытовой,9887,0.9866
2026-04-05T05:37:24.810452,81028,0.1↔0.3,0.817,3.0,словосочетания,3,,9888,0.9865
2026-04-05T05:37:25.225452,81036,0.1↔0.3,0.831,30.0,абзацы,2,научный,9889,0.9867
2026-04-05T05:37:25.328452,81038,0.1↔0.3,0.813,3.0,словосочетания,3,,9890,0.9869
2026-04-05T05:37:26.206452,81055,0.1↔0.3,0.833,30.0,абзацы,1,бытовой,9891,0.9868
2026-04-05T05:37:26.411451,81059,0.1↔0.3,0.838,0.1,буквы/слоги,3,,9892,0.9870
2026-04-05T05:37:26.718429,81065,0.1↔0.3,0.809,100.0,целые тексты,1,бытовой,9893,0.9872
2026-04-05T05:37:26.821451,81067,0.3↔1.0,0.820,0.1,буквы/слоги,4,метафорический,9894,0.9874
2026-04-05T05:37:27.927451,81088,0.1↔0.3,0.817,1.0,слова,3,,9895,0.9876
2026-04-05T05:37:29.276452,81114,0.1↔0.3,0.830,100.0,целые тексты,1,бытовой,9896,0.9878
2026-04-05T05:37:29.480452,81118,0.1↔0.3,0.830,3.0,словосочетания,2,научный,9897,0.9880
2026-04-05T05:37:30.353452,81135,0.3↔1.0,0.838,0.3,буквы/слоги,4,метафорический,9898,0.9873
2026-04-05T05:37:30.710452,81142,0.3↔1.0,0.821,0.1,буквы/слоги,3,,9899,0.9875
2026-04-05T05:37:30.817452,81144,0.3↔1.0,0.813,10.0,предложения,2,научный,9900,0.9877
2026-04-05T05:37:31.331426,81154,0.1↔0.3,0.818,1.0,слова,4,метафорический,9901,0.9876
2026-04-05T05:37:32.368452,81174,0.3↔1.0,0.830,0.1,буквы/слоги,1,бытовой,9902,0.9866
2026-04-05T05:37:32.419452,81175,0.1↔0.3,0.809,0.1,буквы/слоги,3,,9903,0.9868
2026-04-05T05:37:32.725452,81181,0.1↔0.3,0.825,100.0,целые тексты,3,,9904,0.9867
2026-04-05T05:37:33.088452,81188,0.1↔0.3,0.810,100.0,целые тексты,2,научный,9905,0.9869
2026-04-05T05:37:33.241451,81191,0.1↔0.3,0.821,1.0,слова,2,научный,9906,0.9871
2026-04-05T05:37:33.598451,81198,0.1↔0.3,0.817,100.0,целые тексты,1,бытовой,9907,0.9873
2026-04-05T05:37:33.752452,81201,0.3↔1.0,0.815,0.3,буквы/слоги,1,бытовой,9908,0.9875
2026-04-05T05:37:34.671451,81219,0.1↔0.3,0.832,1.0,слова,2,научный,9909,0.9871
2026-04-05T05:37:35.532422,81235,0.3↔1.0,0.822,30.0,абзацы,3,,9910,0.9873
2026-04-05T05:37:35.992451,81244,0.1↔0.3,0.813,3.0,словосочетания,1,бытовой,9911,0.9875
2026-04-05T05:37:36.145452,81247,0.1↔0.3,0.824,0.3,буквы/слоги,3,,9912,0.9877
2026-04-05T05:37:36.247452,81249,0.3↔1.0,0.816,10.0,предложения,3,,9913,0.9879
2026-04-05T05:37:36.859452,81261,0.3↔1.0,0.819,30.0,абзацы,3,,9914,0.9881
2026-04-05T05:37:37.472452,81273,0.1↔0.3,0.822,0.3,буквы/слоги,2,научный,9915,0.9877
2026-04-05T05:37:37.523427,81274,0.1↔0.3,0.828,3.0,словосочетания,1,бытовой,9916,0.9879
2026-04-05T05:37:37.761452,81278,0.1↔0.3,0.815,10.0,предложения,1,бытовой,9917,0.9878
2026-04-05T05:37:37.812451,81279,0.3↔1.0,0.821,1.0,слова,3,,9918,0.9880
2026-04-05T05:37:37.914425,81281,0.3↔1.0,0.820,0.1,буквы/слоги,1,бытовой,9919,0.9882
2026-04-05T05:37:38.221452,81287,0.1↔0.3,0.835,30.0,абзацы,3,,9920,0.9884
2026-04-05T05:37:38.272452,81288,0.1↔0.3,0.828,10.0,предложения,3,,9921,0.9886
2026-04-05T05:37:38.476451,81292,0.3↔1.0,0.822,0.1,буквы/слоги,3,,9922,0.9888
2026-04-05T05:37:38.884432,81300,0.1↔0.3,0.820,0.1,буквы/слоги,3,,9923,0.9884
2026-04-05T05:37:39.090452,81304,0.3↔1.0,0.826,30.0,абзацы,3,,9924,0.9883
2026-04-05T05:37:39.816452,81318,0.1↔0.3,0.808,30.0,абзацы,4,метафорический,9925,0.9882
2026-04-05T05:37:40.887452,81339,0.3↔1.0,0.815,0.3,буквы/слоги,1,бытовой,9926,0.9881
2026-04-05T05:37:41.958452,81360,0.1↔0.3,0.836,3.0,словосочетания,1,бытовой,9927,0.9880
2026-04-05T05:37:42.519452,81371,0.1↔0.3,0.833,0.3,буквы/слоги,1,бытовой,9928,0.9879
2026-04-05T05:37:43.459452,81389,0.1↔0.3,0.818,0.3,буквы/слоги,3,,9929,0.9878
2026-04-05T05:37:44.939451,81418,0.1↔0.3,0.812,0.1,буквы/слоги,4,метафорический,9930,0.9871
2026-04-05T05:37:45.245452,81424,0.1↔0.3,0.813,1.0,слова,3,,9931,0.9870
2026-04-05T05:37:45.296452,81425,0.1↔0.3,0.811,30.0,абзацы,3,,9932,0.9872
2026-04-05T05:37:45.398433,81427,0.1↔0.3,0.809,10.0,предложения,3,,9933,0.9874
2026-04-05T05:37:45.449427,81428,0.1↔0.3,0.830,10.0,предложения,1,бытовой,9934,0.9876
2026-04-05T05:37:45.603452,81431,0.3↔1.0,0.824,30.0,абзацы,1,бытовой,9935,0.9875
2026-04-05T05:37:46.062452,81440,0.1↔0.3,0.838,1.0,слова,1,бытовой,9936,0.9877
2026-04-05T05:37:46.318452,81445,0.1↔0.3,0.827,3.0,словосочетания,3,,9937,0.9876
2026-04-05T05:37:47.139452,81461,0.1↔0.3,0.817,3.0,словосочетания,1,бытовой,9938,0.9878
2026-04-05T05:37:47.600451,81470,0.3↔1.0,0.831,1.0,слова,3,,9939,0.9877
2026-04-05T05:37:47.702452,81472,0.1↔0.3,0.808,3.0,словосочетания,3,,9940,0.9879
2026-04-05T05:37:47.753452,81473,0.3↔1.0,0.835,3.0,словосочетания,3,,9941,0.9881
2026-04-05T05:37:48.161452,81481,0.1↔0.3,0.822,10.0,предложения,1,бытовой,9942,0.9880
2026-04-05T05:37:48.633451,81490,0.1↔0.3,0.830,100.0,целые тексты,2,научный,9943,0.9882
2026-04-05T05:37:49.144452,81500,0.3↔1.0,0.820,0.3,буквы/слоги,3,,9944,0.9872
2026-04-05T05:37:49.196452,81501,0.3↔1.0,0.824,0.3,буквы/слоги,3,,9945,0.9874
2026-04-05T05:37:50.166452,81520,0.1↔0.3,0.829,3.0,словосочетания,2,научный,9946,0.9870
2026-04-05T05:37:50.220428,81521,0.1↔0.3,0.824,10.0,предложения,1,бытовой,9947,0.9872
2026-04-05T05:37:50.580451,81528,0.1↔0.3,0.829,0.3,буквы/слоги,2,научный,9948,0.9874
2026-04-05T05:37:51.195451,81540,0.1↔0.3,0.818,0.1,буквы/слоги,2,научный,9949,0.9867
2026-04-05T05:37:51.603451,81548,0.3↔1.0,0.826,10.0,предложения,3,,9950,0.9866
2026-04-05T05:37:52.164451,81559,0.1↔0.3,0.828,10.0,предложения,2,научный,9951,0.9868
2026-04-05T05:37:52.369451,81563,0.3↔1.0,0.810,0.1,буквы/слоги,1,бытовой,9952,0.9870
2026-04-05T05:37:53.032451,81576,0.3↔1.0,0.819,30.0,абзацы,3,,9953,0.9872
2026-04-05T05:37:53.134452,81578,0.1↔0.3,0.818,1.0,слова,1,бытовой,9954,0.9874
2026-04-05T05:37:53.185452,81579,0.1↔0.3,0.818,100.0,целые тексты,2,научный,9955,0.9876
2026-04-05T05:37:53.287451,81581,0.3↔1.0,0.834,100.0,целые тексты,2,научный,9956,0.9878
2026-04-05T05:37:53.389452,81583,0.3↔1.0,0.822,3.0,словосочетания,2,научный,9957,0.9880
2026-04-05T05:37:53.644452,81588,0.1↔0.3,0.829,10.0,предложения,3,,9958,0.9882
2026-04-05T05:37:53.695428,81589,0.1↔0.3,0.822,10.0,предложения,1,бытовой,9959,0.9884
2026-04-05T05:37:53.950426,81594,0.1↔0.3,0.834,3.0,словосочетания,4,метафорический,9960,0.9886
2026-04-05T05:37:54.052427,81596,0.1↔0.3,0.831,0.3,буквы/слоги,3,,9961,0.9888
2026-04-05T05:37:54.358451,81602,0.1↔0.3,0.817,10.0,предложения,3,,9962,0.9890
2026-04-05T05:37:54.820451,81611,0.1↔0.3,0.812,30.0,абзацы,2,научный,9963,0.9886
2026-04-05T05:37:55.585432,81626,0.1↔0.3,0.833,100.0,целые тексты,1,бытовой,9964,0.9885
2026-04-05T05:37:56.657451,81647,0.1↔0.3,0.813,30.0,абзацы,3,,9965,0.9884
2026-04-05T05:37:56.708425,81648,0.3↔1.0,0.838,0.1,буквы/слоги,3,,9966,0.9886
2026-04-05T05:37:56.759428,81649,0.1↔0.3,0.812,100.0,целые тексты,1,бытовой,9967,0.9888
2026-04-05T05:37:57.022452,81654,0.1↔0.3,0.825,0.3,буквы/слоги,2,научный,9968,0.9890
2026-04-05T05:37:57.124452,81656,0.1↔0.3,0.828,10.0,предложения,1,бытовой,9969,0.9892
2026-04-05T05:37:57.638451,81666,0.3↔1.0,0.808,0.3,буквы/слоги,3,,9970,0.9891
2026-04-05T05:37:58.113451,81675,0.3↔1.0,0.814,3.0,словосочетания,1,бытовой,9971,0.9893
2026-04-05T05:37:58.266451,81678,0.1↔0.3,0.835,30.0,абзацы,1,бытовой,9972,0.9895
2026-04-05T05:37:58.931452,81691,0.1↔0.3,0.818,30.0,абзацы,1,бытовой,9973,0.9885
2026-04-05T05:37:59.445452,81701,0.3↔1.0,0.821,100.0,целые тексты,2,научный,9974,0.9887
2026-04-05T05:37:59.496428,81702,0.1↔0.3,0.810,30.0,абзацы,3,,9975,0.9889
2026-04-05T05:37:59.854452,81709,0.3↔1.0,0.830,3.0,словосочетания,3,,9976,0.9888
2026-04-05T05:37:59.956451,81711,0.3↔1.0,0.837,0.3,буквы/слоги,2,научный,9977,0.9890
2026-04-05T05:38:00.467451,81721,0.3↔1.0,0.819,0.3,буквы/слоги,3,,9978,0.9886
2026-04-05T05:38:00.875452,81729,0.1↔0.3,0.821,1.0,слова,3,,9979,0.9885
2026-04-05T05:38:01.334452,81738,0.3↔1.0,0.827,0.1,буквы/слоги,2,научный,9980,0.9884
2026-04-05T05:38:01.538451,81742,0.3↔1.0,0.816,10.0,предложения,2,научный,9981,0.9886
2026-04-05T05:38:01.896452,81749,0.1↔0.3,0.828,100.0,целые тексты,1,бытовой,9982,0.9885
2026-04-05T05:38:01.948424,81750,0.1↔0.3,0.819,1.0,слова,3,,9983,0.9887
2026-04-05T05:38:02.052452,81752,0.1↔0.3,0.825,0.1,буквы/слоги,4,метафорический,9984,0.9889
2026-04-05T05:38:03.188452,81773,0.1↔0.3,0.828,1.0,слова,3,,9985,0.9882
2026-04-05T05:38:03.446452,81778,0.3↔1.0,0.811,3.0,словосочетания,3,,9986,0.9881
2026-04-05T05:38:04.012425,81789,0.1↔0.3,0.825,30.0,абзацы,1,бытовой,9987,0.9880
2026-04-05T05:38:04.420451,81797,0.1↔0.3,0.821,3.0,словосочетания,2,научный,9988,0.9879
2026-04-05T05:38:04.637452,81801,0.3↔1.0,0.808,30.0,абзацы,1,бытовой,9989,0.9881
2026-04-05T05:38:05.250452,81813,0.1↔0.3,0.836,10.0,предложения,1,бытовой,9990,0.9883
2026-04-05T05:38:05.505451,81818,0.1↔0.3,0.811,100.0,целые тексты,2,научный,9991,0.9885
2026-04-05T05:38:05.607432,81820,0.1↔0.3,0.823,100.0,целые тексты,2,научный,9992,0.9887
2026-04-05T05:38:06.066452,81829,0.3↔1.0,0.831,0.3,буквы/слоги,3,,9993,0.9889
2026-04-05T05:38:06.270452,81833,0.1↔0.3,0.825,100.0,целые тексты,2,научный,9994,0.9891
2026-04-05T05:38:06.627451,81840,0.1↔0.3,0.826,100.0,целые тексты,1,бытовой,9995,0.9890
2026-04-05T05:38:07.196451,81851,0.1↔0.3,0.835,0.3,буквы/слоги,3,,9996,0.9886
2026-04-05T05:38:07.298452,81853,0.1↔0.3,0.828,10.0,предложения,3,,9997,0.9888
2026-04-05T05:38:08.016451,81867,0.1↔0.3,0.815,10.0,предложения,1,бытовой,9998,0.9887
2026-04-05T05:38:08.476451,81876,0.1↔0.3,0.825,3.0,словосочетания,2,научный,9999,0.9886
2026-04-05T05:38:08.888451,81884,0.1↔0.3,0.831,10.0,предложения,1,бытовой,10000,0.9882
2026-04-05T05:38:09.732422,81900,0.1↔0.3,0.816,0.1,буквы/слоги,3,,10001,0.9881
2026-04-05T05:38:09.887452,81903,0.1↔0.3,0.834,10.0,предложения,4,метафорический,10002,0.9883
2026-04-05T05:38:10.245451,81910,0.1↔0.3,0.835,1.0,слова,4,метафорический,10003,0.9885
2026-04-05T05:38:10.559451,81916,0.3↔1.0,0.831,1.0,слова,1,бытовой,10004,0.9887
2026-04-05T05:38:10.610426,81917,0.1↔0.3,0.809,100.0,целые тексты,2,научный,10005,0.9889
2026-04-05T05:38:11.223452,81929,0.1↔0.3,0.830,10.0,предложения,1,бытовой,10006,0.9888
2026-04-05T05:38:12.221452,81948,0.1↔0.3,0.837,0.3,буквы/слоги,3,,10007,0.9881
2026-04-05T05:38:12.476452,81953,0.3↔1.0,0.822,0.3,буквы/слоги,1,бытовой,10008,0.9880
2026-04-05T05:38:13.090452,81965,0.3↔1.0,0.828,0.1,буквы/слоги,3,,10009,0.9876
2026-04-05T05:38:13.141432,81966,0.1↔0.3,0.831,1.0,слова,1,бытовой,10010,0.9878
2026-04-05T05:38:14.979452,82002,0.1↔0.3,0.814,1.0,слова,2,научный,10011,0.9868
2026-04-05T05:38:15.708451,82016,0.3↔1.0,0.823,1.0,слова,3,,10012,0.9867
2026-04-05T05:38:15.913451,82020,0.3↔1.0,0.820,0.3,буквы/слоги,2,научный,10013,0.9869
2026-04-05T05:38:17.128451,82043,0.1↔0.3,0.815,10.0,предложения,3,,10014,0.9868
2026-04-05T05:38:17.792452,82056,0.1↔0.3,0.810,0.3,буквы/слоги,2,научный,10015,0.9867
2026-04-05T05:38:18.455451,82069,0.3↔1.0,0.821,0.1,буквы/слоги,2,научный,10016,0.9869
2026-04-05T05:38:18.506452,82070,0.1↔0.3,0.815,0.1,буквы/слоги,3,,10017,0.9871
2026-04-05T05:38:18.660452,82073,0.3↔1.0,0.822,3.0,словосочетания,1,бытовой,10018,0.9870
2026-04-05T05:38:19.935451,82098,0.3↔1.0,0.812,0.3,буквы/слоги,1,бытовой,10019,0.9866
2026-04-05T05:38:20.292452,82105,0.1↔0.3,0.818,100.0,целые тексты,2,научный,10020,0.9868
2026-04-05T05:38:21.111451,82121,0.1↔0.3,0.825,100.0,целые тексты,3,,10021,0.9867
2026-04-05T05:38:21.163452,82122,0.1↔0.3,0.814,30.0,абзацы,2,научный,10022,0.9869
2026-04-05T05:38:21.215428,82123,0.3↔1.0,0.816,3.0,словосочетания,1,бытовой,10023,0.9871
2026-04-05T05:38:21.268431,82124,0.1↔0.3,0.826,10.0,предложения,3,,10024,0.9873
2026-04-05T05:38:21.319452,82125,0.1↔0.3,0.818,3.0,словосочетания,2,научный,10025,0.9875
2026-04-05T05:38:21.829452,82135,0.1↔0.3,0.811,1.0,слова,3,,10026,0.9877
2026-04-05T05:38:21.933452,82137,0.1↔0.3,0.831,3.0,словосочетания,3,,10027,0.9879
2026-04-05T05:38:23.056432,82159,0.1↔0.3,0.832,0.1,буквы/слоги,4,метафорический,10028,0.9872
2026-04-05T05:38:23.770452,82173,0.1↔0.3,0.828,100.0,целые тексты,3,,10029,0.9871
2026-04-05T05:38:24.241452,82182,0.1↔0.3,0.829,100.0,целые тексты,4,метафорический,10030,0.9873
2026-04-05T05:38:24.804451,82193,0.1↔0.3,0.822,0.3,буквы/слоги,4,метафорический,10031,0.9872
2026-04-05T05:38:25.110452,82199,0.3↔1.0,0.829,100.0,целые тексты,3,,10032,0.9874
2026-04-05T05:38:25.416451,82205,0.3↔1.0,0.821,100.0,целые тексты,1,бытовой,10033,0.9876
2026-04-05T05:38:26.181452,82220,0.3↔1.0,0.833,10.0,предложения,3,,10034,0.9878
2026-04-05T05:38:26.385451,82224,0.1↔0.3,0.820,1.0,слова,3,,10035,0.9877
2026-04-05T05:38:26.743451,82231,0.1↔0.3,0.817,10.0,предложения,3,,10036,0.9876
2026-04-05T05:38:26.947425,82235,0.1↔0.3,0.833,0.3,буквы/слоги,3,,10037,0.9878
2026-04-05T05:38:27.151427,82239,0.3↔1.0,0.825,1.0,слова,2,научный,10038,0.9877
2026-04-05T05:38:27.202429,82240,0.1↔0.3,0.817,0.3,буквы/слоги,1,бытовой,10039,0.9879
2026-04-05T05:38:27.714451,82250,0.1↔0.3,0.825,1.0,слова,1,бытовой,10040,0.9878
2026-04-05T05:38:28.071451,82257,0.1↔0.3,0.812,0.1,буквы/слоги,1,бытовой,10041,0.9877
2026-04-05T05:38:28.718427,82269,0.3↔1.0,0.836,1.0,слова,2,научный,10042,0.9873
2026-04-05T05:38:29.434452,82283,0.3↔1.0,0.834,10.0,предложения,2,научный,10043,0.9875
2026-04-05T05:38:29.485426,82284,0.1↔0.3,0.830,100.0,целые тексты,2,научный,10044,0.9877
2026-04-05T05:38:30.364452,82301,0.1↔0.3,0.824,0.1,буквы/слоги,4,метафорический,10045,0.9876
2026-04-05T05:38:30.883427,82311,0.1↔0.3,0.825,3.0,словосочетания,1,бытовой,10046,0.9875
2026-04-05T05:38:31.300451,82319,0.3↔1.0,0.818,10.0,предложения,2,научный,10047,0.9874
2026-04-05T05:38:33.876425,82368,0.1↔0.3,0.816,1.0,слова,1,бытовой,10048,0.9873
2026-04-05T05:38:34.753428,82385,0.1↔0.3,0.830,1.0,слова,2,научный,10049,0.9869
2026-04-05T05:38:34.855451,82387,0.3↔1.0,0.830,100.0,целые тексты,3,,10050,0.9871
2026-04-05T05:38:35.314451,82396,0.3↔1.0,0.829,0.1,буквы/слоги,3,,10051,0.9873
2026-04-05T05:38:35.621452,82402,0.3↔1.0,0.810,100.0,целые тексты,2,научный,10052,0.9875
2026-04-05T05:38:36.438432,82418,0.3↔1.0,0.832,3.0,словосочетания,2,научный,10053,0.9868
2026-04-05T05:38:36.744452,82424,0.3↔1.0,0.827,0.3,буквы/слоги,1,бытовой,10054,0.9867
2026-04-05T05:38:36.795423,82425,0.1↔0.3,0.810,3.0,словосочетания,4,метафорический,10055,0.9869
2026-04-05T05:38:37.156452,82432,0.3↔1.0,0.817,3.0,словосочетания,1,бытовой,10056,0.9871
2026-04-05T05:38:37.462452,82438,0.1↔0.3,0.834,3.0,словосочетания,1,бытовой,10057,0.9873
2026-04-05T05:38:37.902422,82446,0.1↔0.3,0.836,3.0,словосочетания,3,,10058,0.9875
2026-04-05T05:38:39.042452,82468,0.1↔0.3,0.818,10.0,предложения,4,метафорический,10059,0.9877
2026-04-05T05:38:39.348451,82474,0.3↔1.0,0.825,30.0,абзацы,2,научный,10060,0.9876
2026-04-05T05:38:39.450451,82476,0.1↔0.3,0.827,3.0,словосочетания,3,,10061,0.9878
2026-04-05T05:38:39.807452,82483,0.3↔1.0,0.820,30.0,абзацы,2,научный,10062,0.9880
2026-04-05T05:38:40.797452,82502,0.1↔0.3,0.831,0.1,буквы/слоги,3,,10063,0.9870
2026-04-05T05:38:41.103451,82508,0.3↔1.0,0.823,0.1,буквы/слоги,3,,10064,0.9872
2026-04-05T05:38:42.021452,82525,0.1↔0.3,0.818,30.0,абзацы,3,,10065,0.9868
2026-04-05T05:38:42.124452,82527,0.3↔1.0,0.836,100.0,целые тексты,2,научный,10066,0.9870
2026-04-05T05:38:42.838427,82541,0.3↔1.0,0.821,100.0,целые тексты,1,бытовой,10067,0.9869
2026-04-05T05:38:42.991452,82544,0.3↔1.0,0.827,3.0,словосочетания,1,бытовой,10068,0.9871
2026-04-05T05:38:43.042429,82545,0.3↔1.0,0.809,10.0,предложения,2,научный,10069,0.9873
2026-04-05T05:38:43.452452,82553,0.3↔1.0,0.809,10.0,предложения,3,,10070,0.9875
2026-04-05T05:38:43.505428,82554,0.1↔0.3,0.823,3.0,словосочетания,1,бытовой,10071,0.9877
2026-04-05T05:38:45.097451,82584,0.1↔0.3,0.819,10.0,предложения,2,научный,10072,0.9873
2026-04-05T05:38:45.556452,82593,0.3↔1.0,0.811,1.0,слова,2,научный,10073,0.9875
2026-04-05T05:38:46.678451,82615,0.3↔1.0,0.825,100.0,целые тексты,2,научный,10074,0.9877
2026-04-05T05:38:47.955452,82640,0.3↔1.0,0.816,0.3,буквы/слоги,3,,10075,0.9876
2026-04-05T05:38:48.415451,82649,0.3↔1.0,0.822,100.0,целые тексты,2,научный,10076,0.9878
2026-04-05T05:38:48.824451,82657,0.3↔1.0,0.837,100.0,целые тексты,1,бытовой,10077,0.9877
2026-04-05T05:38:49.233452,82665,0.1↔0.3,0.835,10.0,предложения,3,,10078,0.9876
2026-04-05T05:38:49.285433,82666,0.3↔1.0,0.822,100.0,целые тексты,1,бытовой,10079,0.9878
2026-04-05T05:38:49.440452,82669,0.1↔0.3,0.815,3.0,словосочетания,2,научный,10080,0.9880
2026-04-05T05:38:49.695452,82674,0.3↔1.0,0.837,0.1,буквы/слоги,1,бытовой,10081,0.9882
2026-04-05T05:38:50.103451,82682,0.3↔1.0,0.820,0.1,буквы/слоги,4,метафорический,10082,0.9884
2026-04-05T05:38:50.307452,82686,0.3↔1.0,0.819,30.0,абзацы,1,бытовой,10083,0.9886
2026-04-05T05:38:50.360423,82687,0.1↔0.3,0.815,3.0,словосочетания,2,научный,10084,0.9888
2026-04-05T05:38:50.626451,82692,0.3↔1.0,0.808,10.0,предложения,3,,10085,0.9887
2026-04-05T05:38:51.289451,82705,0.1↔0.3,0.811,10.0,предложения,4,метафорический,10086,0.9889
2026-04-05T05:38:51.493451,82709,0.1↔0.3,0.818,30.0,абзацы,1,бытовой,10087,0.9888
2026-04-05T05:38:51.901452,82717,0.1↔0.3,0.814,0.1,буквы/слоги,2,научный,10088,0.9890
2026-04-05T05:38:52.260451,82724,0.1↔0.3,0.837,10.0,предложения,1,бытовой,10089,0.9892
2026-04-05T05:38:52.327425,82725,0.1↔0.3,0.834,0.1,буквы/слоги,2,научный,10090,0.9894
2026-04-05T05:38:52.585427,82730,0.1↔0.3,0.818,0.3,буквы/слоги,3,,10091,0.9896
2026-04-05T05:38:55.965452,82793,0.1↔0.3,0.820,1.0,слова,2,научный,10092,0.9886
2026-04-05T05:38:56.067451,82795,0.1↔0.3,0.821,0.3,буквы/слоги,3,,10093,0.9888
2026-04-05T05:38:56.271451,82799,0.1↔0.3,0.814,100.0,целые тексты,3,,10094,0.9890
2026-04-05T05:38:56.425451,82802,0.3↔1.0,0.815,100.0,целые тексты,1,бытовой,10095,0.9892
2026-04-05T05:38:56.884452,82811,0.1↔0.3,0.831,100.0,целые тексты,1,бытовой,10096,0.9894
2026-04-05T05:38:56.988452,82813,0.1↔0.3,0.832,0.1,буквы/слоги,4,метафорический,10097,0.9896
2026-04-05T05:38:58.182422,82836,0.1↔0.3,0.838,10.0,предложения,4,метафорический,10098,0.9892
2026-04-05T05:38:58.289451,82838,0.1↔0.3,0.821,1.0,слова,1,бытовой,10099,0.9894
2026-04-05T05:38:58.442426,82841,0.1↔0.3,0.831,0.3,буквы/слоги,2,научный,10100,0.9896
2026-04-05T05:38:59.210452,82856,0.3↔1.0,0.812,0.1,буквы/слоги,3,,10101,0.9895
2026-04-05T05:38:59.415452,82860,0.1↔0.3,0.819,1.0,слова,1,бытовой,10102,0.9897
2026-04-05T05:38:59.466432,82861,0.1↔0.3,0.827,3.0,словосочетания,3,,10103,0.9899
2026-04-05T05:38:59.519451,82862,0.3↔1.0,0.822,3.0,словосочетания,2,научный,10104,0.9901
2026-04-05T05:38:59.927452,82870,0.3↔1.0,0.837,1.0,слова,2,научный,10105,0.9900
2026-04-05T05:39:00.539451,82882,0.3↔1.0,0.823,0.3,буквы/слоги,3,,10106,0.9902
2026-04-05T05:39:00.947452,82890,0.1↔0.3,0.822,30.0,абзацы,4,метафорический,10107,0.9904
2026-04-05T05:39:01.357451,82898,0.3↔1.0,0.821,0.3,буквы/слоги,1,бытовой,10108,0.9903
2026-04-05T05:39:02.293452,82916,0.3↔1.0,0.833,10.0,предложения,1,бытовой,10109,0.9902
2026-04-05T05:39:02.701452,82924,0.3↔1.0,0.831,0.1,буквы/слоги,1,бытовой,10110,0.9904
2026-04-05T05:39:03.416452,82938,0.1↔0.3,0.821,3.0,словосочетания,3,,10111,0.9906
2026-04-05T05:39:03.467432,82939,0.1↔0.3,0.817,0.1,буквы/слоги,1,бытовой,10112,0.9908
2026-04-05T05:39:03.875452,82947,0.3↔1.0,0.811,10.0,предложения,3,,10113,0.9907
2026-04-05T05:39:04.436451,82958,0.1↔0.3,0.810,0.1,буквы/слоги,1,бытовой,10114,0.9909
2026-04-05T05:39:04.920452,82967,0.1↔0.3,0.832,30.0,абзацы,1,бытовой,10115,0.9908
2026-04-05T05:39:05.328425,82975,0.1↔0.3,0.811,0.1,буквы/слоги,3,,10116,0.9907
2026-04-05T05:39:05.481452,82978,0.3↔1.0,0.829,3.0,словосочетания,2,научный,10117,0.9906
2026-04-05T05:39:05.893452,82986,0.3↔1.0,0.816,100.0,целые тексты,2,научный,10118,0.9908
2026-04-05T05:39:06.048424,82989,0.1↔0.3,0.820,0.1,буквы/слоги,2,научный,10119,0.9910
2026-04-05T05:39:06.103452,82990,0.1↔0.3,0.825,3.0,словосочетания,1,бытовой,10120,0.9912
2026-04-05T05:39:06.205452,82992,0.3↔1.0,0.812,10.0,предложения,3,,10121,0.9914
2026-04-05T05:39:06.511452,82998,0.1↔0.3,0.820,1.0,слова,3,,10122,0.9916
2026-04-05T05:39:07.180452,83011,0.1↔0.3,0.823,3.0,словосочетания,1,бытовой,10123,0.9912
2026-04-05T05:39:07.742451,83022,0.3↔1.0,0.821,10.0,предложения,3,,10124,0.9914
2026-04-05T05:39:07.849452,83024,0.1↔0.3,0.824,30.0,абзацы,2,научный,10125,0.9916
2026-04-05T05:39:08.424452,83035,0.3↔1.0,0.830,1.0,слова,1,бытовой,10126,0.9915
2026-04-05T05:39:08.526451,83037,0.3↔1.0,0.812,10.0,предложения,2,научный,10127,0.9917
2026-04-05T05:39:08.679451,83040,0.1↔0.3,0.834,1.0,слова,3,,10128,0.9919
2026-04-05T05:39:09.054451,83047,0.3↔1.0,0.811,0.3,буквы/слоги,1,бытовой,10129,0.9921
2026-04-05T05:39:09.156452,83049,0.3↔1.0,0.817,3.0,словосочетания,1,бытовой,10130,0.9923
2026-04-05T05:39:09.513452,83056,0.3↔1.0,0.837,0.3,буквы/слоги,1,бытовой,10131,0.9922
2026-04-05T05:39:09.833451,83062,0.3↔1.0,0.816,30.0,абзацы,3,,10132,0.9921
2026-04-05T05:39:10.649451,83078,0.1↔0.3,0.816,0.3,буквы/слоги,4,метафорический,10133,0.9914
2026-04-05T05:39:11.008452,83085,0.3↔1.0,0.819,30.0,абзацы,3,,10134,0.9916
2026-04-05T05:39:11.161452,83088,0.1↔0.3,0.836,100.0,целые тексты,2,научный,10135,0.9918
2026-04-05T05:39:11.314452,83091,0.1↔0.3,0.834,3.0,словосочетания,1,бытовой,10136,0.9920
2026-04-05T05:39:11.365429,83092,0.1↔0.3,0.818,100.0,целые тексты,4,метафорический,10137,0.9922
2026-04-05T05:39:11.722426,83099,0.1↔0.3,0.823,0.3,буквы/слоги,2,научный,10138,0.9921
2026-04-05T05:39:11.827452,83101,0.1↔0.3,0.835,0.1,буквы/слоги,1,бытовой,10139,0.9923
2026-04-05T05:39:12.592452,83116,0.1↔0.3,0.828,100.0,целые тексты,2,научный,10140,0.9916
2026-04-05T05:39:12.949452,83123,0.1↔0.3,0.837,100.0,целые тексты,1,бытовой,10141,0.9915
2026-04-05T05:39:13.357451,83131,0.3↔1.0,0.826,0.1,буквы/слоги,1,бытовой,10142,0.9917
2026-04-05T05:39:13.613452,83136,0.1↔0.3,0.826,100.0,целые тексты,1,бытовой,10143,0.9919
2026-04-05T05:39:14.072426,83145,0.1↔0.3,0.812,0.1,буквы/слоги,1,бытовой,10144,0.9918
2026-04-05T05:39:14.531452,83154,0.3↔1.0,0.809,0.1,буквы/слоги,4,метафорический,10145,0.9920
2026-04-05T05:39:14.637452,83156,0.1↔0.3,0.810,100.0,целые тексты,2,научный,10146,0.9922
2026-04-05T05:39:14.943452,83162,0.1↔0.3,0.828,3.0,словосочетания,3,,10147,0.9921
2026-04-05T05:39:16.074426,83184,0.1↔0.3,0.828,3.0,словосочетания,2,научный,10148,0.9917
2026-04-05T05:39:16.177451,83186,0.1↔0.3,0.821,0.1,буквы/слоги,3,,10149,0.9919
2026-04-05T05:39:16.483452,83192,0.3↔1.0,0.834,0.3,буквы/слоги,3,,10150,0.9921
2026-04-05T05:39:16.687452,83196,0.1↔0.3,0.837,100.0,целые тексты,2,научный,10151,0.9923
2026-04-05T05:39:17.308451,83208,0.3↔1.0,0.817,0.1,буквы/слоги,2,научный,10152,0.9925
2026-04-05T05:39:17.721452,83216,0.1↔0.3,0.835,3.0,словосочетания,4,метафорический,10153,0.9924
2026-04-05T05:39:18.496452,83231,0.3↔1.0,0.821,1.0,слова,2,научный,10154,0.9917
2026-04-05T05:39:19.262452,83246,0.1↔0.3,0.821,1.0,слова,2,научный,10155,0.9910
2026-04-05T05:39:19.774451,83256,0.3↔1.0,0.836,30.0,абзацы,3,,10156,0.9906
2026-04-05T05:39:20.236451,83265,0.1↔0.3,0.825,3.0,словосочетания,3,,10157,0.9905
2026-04-05T05:39:20.493452,83270,0.3↔1.0,0.823,1.0,слова,1,бытовой,10158,0.9904
2026-04-05T05:39:20.646452,83273,0.1↔0.3,0.822,1.0,слова,2,научный,10159,0.9906
2026-04-05T05:39:20.850452,83277,0.1↔0.3,0.823,100.0,целые тексты,4,метафорический,10160,0.9908
2026-04-05T05:39:21.994451,83299,0.1↔0.3,0.833,1.0,слова,1,бытовой,10161,0.9907
2026-04-05T05:39:22.711452,83313,0.1↔0.3,0.838,3.0,словосочетания,2,научный,10162,0.9909
2026-04-05T05:39:22.919452,83317,0.3↔1.0,0.833,0.1,буквы/слоги,1,бытовой,10163,0.9911
2026-04-05T05:39:23.582451,83330,0.1↔0.3,0.810,1.0,слова,2,научный,10164,0.9913
2026-04-05T05:39:24.092452,83340,0.1↔0.3,0.837,3.0,словосочетания,1,бытовой,10165,0.9909
2026-04-05T05:39:24.500452,83348,0.3↔1.0,0.816,30.0,абзацы,3,,10166,0.9911
2026-04-05T05:39:24.961452,83357,0.3↔1.0,0.825,3.0,словосочетания,1,бытовой,10167,0.9913
2026-04-05T05:39:25.728451,83372,0.3↔1.0,0.832,100.0,целые тексты,2,научный,10168,0.9912
2026-04-05T05:39:25.779426,83373,0.1↔0.3,0.812,10.0,предложения,4,метафорический,10169,0.9914
2026-04-05T05:39:25.881452,83375,0.1↔0.3,0.814,0.3,буквы/слоги,3,,10170,0.9916
2026-04-05T05:39:26.238451,83382,0.1↔0.3,0.812,100.0,целые тексты,3,,10171,0.9918
2026-04-05T05:39:26.393452,83385,0.3↔1.0,0.822,3.0,словосочетания,2,научный,10172,0.9917
2026-04-05T05:39:26.496451,83387,0.3↔1.0,0.822,3.0,словосочетания,2,научный,10173,0.9919
2026-04-05T05:39:27.173431,83400,0.1↔0.3,0.836,0.1,буквы/слоги,3,,10174,0.9912
2026-04-05T05:39:28.190452,83419,0.3↔1.0,0.832,0.3,буквы/слоги,2,научный,10175,0.9911
2026-04-05T05:39:28.292426,83421,0.1↔0.3,0.831,0.3,буквы/слоги,4,метафорический,10176,0.9913
2026-04-05T05:39:28.751427,83430,0.1↔0.3,0.823,1.0,слова,1,бытовой,10177,0.9912
2026-04-05T05:39:29.465452,83444,0.1↔0.3,0.838,30.0,абзацы,3,,10178,0.9905
2026-04-05T05:39:29.852452,83451,0.1↔0.3,0.836,0.1,буквы/слоги,3,,10179,0.9904
2026-04-05T05:39:30.006426,83454,0.3↔1.0,0.811,30.0,абзацы,2,научный,10180,0.9906
2026-04-05T05:39:30.314452,83460,0.1↔0.3,0.833,0.3,буквы/слоги,4,метафорический,10181,0.9902
2026-04-05T05:39:30.518451,83464,0.1↔0.3,0.811,0.3,буквы/слоги,1,бытовой,10182,0.9904
2026-04-05T05:39:30.785451,83469,0.3↔1.0,0.826,0.3,буквы/слоги,3,,10183,0.9903
2026-04-05T05:39:31.143452,83476,0.1↔0.3,0.813,0.3,буквы/слоги,2,научный,10184,0.9905
2026-04-05T05:39:31.399451,83481,0.1↔0.3,0.817,1.0,слова,1,бытовой,10185,0.9907
2026-04-05T05:39:32.113452,83495,0.1↔0.3,0.811,10.0,предложения,2,научный,10186,0.9906
2026-04-05T05:39:32.726452,83507,0.1↔0.3,0.813,1.0,слова,1,бытовой,10187,0.9902
2026-04-05T05:39:33.188451,83516,0.3↔1.0,0.818,10.0,предложения,2,научный,10188,0.9901
2026-04-05T05:39:33.598452,83524,0.1↔0.3,0.837,0.3,буквы/слоги,2,научный,10189,0.9894
2026-04-05T05:39:34.006451,83532,0.1↔0.3,0.811,0.1,буквы/слоги,1,бытовой,10190,0.9896
2026-04-05T05:39:34.619452,83544,0.1↔0.3,0.826,0.3,буквы/слоги,2,научный,10191,0.9898
2026-04-05T05:39:35.904452,83569,0.3↔1.0,0.811,3.0,словосочетания,2,научный,10192,0.9891
2026-04-05T05:39:36.773451,83586,0.1↔0.3,0.810,3.0,словосочетания,1,бытовой,10193,0.9890
2026-04-05T05:39:36.926452,83589,0.1↔0.3,0.809,0.1,буквы/слоги,3,,10194,0.9892
2026-04-05T05:39:37.130452,83593,0.1↔0.3,0.820,100.0,целые тексты,2,научный,10195,0.9894
2026-04-05T05:39:37.232431,83595,0.3↔1.0,0.823,10.0,предложения,1,бытовой,10196,0.9896
2026-04-05T05:39:37.691451,83604,0.3↔1.0,0.809,10.0,предложения,2,научный,10197,0.9895
2026-04-05T05:39:37.997451,83610,0.1↔0.3,0.829,3.0,словосочетания,3,,10198,0.9897
2026-04-05T05:39:38.304452,83616,0.1↔0.3,0.837,0.1,буквы/слоги,3,,10199,0.9899
2026-04-05T05:39:38.610452,83622,0.3↔1.0,0.819,10.0,предложения,2,научный,10200,0.9898
2026-04-05T05:39:39.222452,83634,0.1↔0.3,0.817,1.0,слова,2,научный,10201,0.9897
2026-04-05T05:39:39.274426,83635,0.3↔1.0,0.821,0.1,буквы/слоги,1,бытовой,10202,0.9899
2026-04-05T05:39:39.427432,83638,0.1↔0.3,0.832,10.0,предложения,1,бытовой,10203,0.9901
2026-04-05T05:39:39.835451,83646,0.1↔0.3,0.824,1.0,слова,2,научный,10204,0.9900
2026-04-05T05:39:40.193452,83653,0.1↔0.3,0.837,100.0,целые тексты,2,научный,10205,0.9902
2026-04-05T05:39:42.564452,83698,0.1↔0.3,0.834,0.1,буквы/слоги,1,бытовой,10206,0.9889
2026-04-05T05:39:43.329425,83713,0.1↔0.3,0.819,30.0,абзацы,3,,10207,0.9888
2026-04-05T05:39:43.393427,83714,0.3↔1.0,0.833,0.3,буквы/слоги,2,научный,10208,0.9890
2026-04-05T05:39:43.498427,83716,0.1↔0.3,0.828,0.1,буквы/слоги,2,научный,10209,0.9892
2026-04-05T05:39:43.806451,83722,0.1↔0.3,0.821,10.0,предложения,2,научный,10210,0.9894
2026-04-05T05:39:44.061432,83727,0.3↔1.0,0.817,0.1,буквы/слоги,2,научный,10211,0.9893
2026-04-05T05:39:44.368452,83733,0.3↔1.0,0.829,0.1,буквы/слоги,3,,10212,0.9895
2026-04-05T05:39:45.184451,83749,0.1↔0.3,0.829,0.3,буквы/слоги,4,метафорический,10213,0.9894
2026-04-05T05:39:45.235429,83750,0.1↔0.3,0.826,30.0,абзацы,1,бытовой,10214,0.9896
2026-04-05T05:39:45.544452,83756,0.3↔1.0,0.828,30.0,абзацы,1,бытовой,10215,0.9895
2026-04-05T05:39:45.799452,83761,0.3↔1.0,0.810,30.0,абзацы,3,,10216,0.9897
2026-04-05T05:39:45.903451,83763,0.1↔0.3,0.810,0.3,буквы/слоги,1,бытовой,10217,0.9899
2026-04-05T05:39:45.954452,83764,0.3↔1.0,0.831,30.0,абзацы,2,научный,10218,0.9901
2026-04-05T05:39:46.209452,83769,0.3↔1.0,0.823,0.3,буквы/слоги,3,,10219,0.9903
2026-04-05T05:39:46.464452,83774,0.1↔0.3,0.828,0.1,буквы/слоги,3,,10220,0.9902
2026-04-05T05:39:47.229426,83789,0.3↔1.0,0.837,10.0,предложения,1,бытовой,10221,0.9901
2026-04-05T05:39:47.791452,83800,0.3↔1.0,0.818,30.0,абзацы,2,научный,10222,0.9900
2026-04-05T05:39:47.893452,83802,0.3↔1.0,0.835,0.1,буквы/слоги,1,бытовой,10223,0.9902
2026-04-05T05:39:49.375451,83831,0.1↔0.3,0.823,3.0,словосочетания,2,научный,10224,0.9895
2026-04-05T05:39:49.987452,83843,0.3↔1.0,0.810,100.0,целые тексты,2,научный,10225,0.9894
2026-04-05T05:39:50.293451,83849,0.1↔0.3,0.822,100.0,целые тексты,1,бытовой,10226,0.9896
2026-04-05T05:39:50.548452,83854,0.3↔1.0,0.811,1.0,слова,3,,10227,0.9898
2026-04-05T05:39:50.701452,83857,0.1↔0.3,0.812,3.0,словосочетания,3,,10228,0.9900
2026-04-05T05:39:50.856451,83860,0.1↔0.3,0.837,30.0,абзацы,3,,10229,0.9902
2026-04-05T05:39:52.399423,83890,0.1↔0.3,0.813,1.0,слова,3,,10230,0.9892
2026-04-05T05:39:52.809452,83898,0.1↔0.3,0.823,10.0,предложения,3,,10231,0.9894
2026-04-05T05:39:54.123451,83922,0.3↔1.0,0.821,3.0,словосочетания,3,,10232,0.9890
2026-04-05T05:39:54.582452,83931,0.1↔0.3,0.816,3.0,словосочетания,2,научный,10233,0.9886
2026-04-05T05:39:54.990451,83939,0.1↔0.3,0.811,30.0,абзацы,3,,10234,0.9888
2026-04-05T05:39:55.319451,83945,0.3↔1.0,0.825,3.0,словосочетания,1,бытовой,10235,0.9887
2026-04-05T05:39:55.472452,83948,0.1↔0.3,0.810,30.0,абзацы,3,,10236,0.9889
2026-04-05T05:39:55.829452,83955,0.1↔0.3,0.828,0.3,буквы/слоги,3,,10237,0.9888
2026-04-05T05:39:56.392452,83966,0.1↔0.3,0.813,1.0,слова,4,метафорический,10238,0.9887
2026-04-05T05:39:56.647452,83971,0.1↔0.3,0.820,10.0,предложения,1,бытовой,10239,0.9889
2026-04-05T05:39:56.851452,83975,0.1↔0.3,0.835,0.3,буквы/слоги,2,научный,10240,0.9891
2026-04-05T05:39:56.902452,83976,0.1↔0.3,0.833,3.0,словосочетания,3,,10241,0.9893
2026-04-05T05:39:57.055452,83979,0.3↔1.0,0.817,3.0,словосочетания,2,научный,10242,0.9895
2026-04-05T05:39:57.310451,83984,0.3↔1.0,0.834,10.0,предложения,3,,10243,0.9897
2026-04-05T05:39:57.667451,83991,0.1↔0.3,0.823,10.0,предложения,1,бытовой,10244,0.9899
2026-04-05T05:39:57.718452,83992,0.1↔0.3,0.809,10.0,предложения,1,бытовой,10245,0.9901
2026-04-05T05:39:58.127426,84000,0.1↔0.3,0.827,3.0,словосочетания,1,бытовой,10246,0.9903
2026-04-05T05:39:58.233452,84002,0.3↔1.0,0.829,10.0,предложения,2,научный,10247,0.9905
2026-04-05T05:39:58.284428,84003,0.1↔0.3,0.813,0.1,буквы/слоги,3,,10248,0.9907
2026-04-05T05:39:58.437451,84006,0.1↔0.3,0.833,1.0,слова,2,научный,10249,0.9909
2026-04-05T05:39:58.488451,84007,0.3↔1.0,0.817,30.0,абзацы,3,,10250,0.9911
2026-04-05T05:39:58.641451,84010,0.1↔0.3,0.820,0.3,буквы/слоги,2,научный,10251,0.9913
2026-04-05T05:39:59.101452,84019,0.1↔0.3,0.820,0.1,буквы/слоги,3,,10252,0.9912
2026-04-05T05:40:00.122427,84039,0.1↔0.3,0.830,3.0,словосочетания,4,метафорический,10253,0.9914
2026-04-05T05:40:00.327451,84043,0.1↔0.3,0.825,100.0,целые тексты,2,научный,10254,0.9916
2026-04-05T05:40:00.429452,84045,0.1↔0.3,0.822,0.1,буквы/слоги,3,,10255,0.9918
2026-04-05T05:40:00.582451,84048,0.1↔0.3,0.830,0.1,буквы/слоги,3,,10256,0.9920
2026-04-05T05:40:00.990452,84056,0.3↔1.0,0.815,3.0,словосочетания,1,бытовой,10257,0.9913
2026-04-05T05:40:01.398451,84064,0.1↔0.3,0.820,3.0,словосочетания,1,бытовой,10258,0.9915
2026-04-05T05:40:01.961452,84075,0.1↔0.3,0.825,3.0,словосочетания,4,метафорический,10259,0.9914
2026-04-05T05:40:02.217451,84080,0.1↔0.3,0.835,3.0,словосочетания,1,бытовой,10260,0.9913
2026-04-05T05:40:02.472423,84085,0.3↔1.0,0.820,1.0,слова,1,бытовой,10261,0.9912
2026-04-05T05:40:03.601451,84107,0.1↔0.3,0.811,0.1,буквы/слоги,1,бытовой,10262,0.9905
2026-04-05T05:40:04.585452,84126,0.3↔1.0,0.820,1.0,слова,3,,10263,0.9904
2026-04-05T05:40:04.943452,84133,0.1↔0.3,0.825,1.0,слова,1,бытовой,10264,0.9906
2026-04-05T05:40:05.302451,84140,0.3↔1.0,0.824,30.0,абзацы,3,,10265,0.9908
2026-04-05T05:40:05.353428,84141,0.3↔1.0,0.816,1.0,слова,2,научный,10266,0.9910
2026-04-05T05:40:05.954452,84152,0.3↔1.0,0.830,30.0,абзацы,2,научный,10267,0.9909
2026-04-05T05:40:06.209452,84157,0.1↔0.3,0.831,100.0,целые тексты,2,научный,10268,0.9911
2026-04-05T05:40:07.077452,84174,0.1↔0.3,0.826,100.0,целые тексты,1,бытовой,10269,0.9910
2026-04-05T05:40:07.485452,84182,0.3↔1.0,0.835,3.0,словосочетания,4,метафорический,10270,0.9912
2026-04-05T05:40:07.690452,84186,0.3↔1.0,0.828,0.1,буквы/слоги,2,научный,10271,0.9914
2026-04-05T05:40:07.894452,84190,0.1↔0.3,0.818,3.0,словосочетания,2,научный,10272,0.9916
2026-04-05T05:40:08.098452,84194,0.1↔0.3,0.830,3.0,словосочетания,1,бытовой,10273,0.9918
2026-04-05T05:40:08.200452,84196,0.1↔0.3,0.818,30.0,абзацы,3,,10274,0.9920
2026-04-05T05:40:08.727451,84205,0.1↔0.3,0.823,3.0,словосочетания,1,бытовой,10275,0.9922
2026-04-05T05:40:08.935452,84209,0.3↔1.0,0.826,1.0,слова,3,,10276,0.9924
2026-04-05T05:40:09.547452,84221,0.3↔1.0,0.820,100.0,целые тексты,2,научный,10277,0.9923
2026-04-05T05:40:09.854452,84227,0.1↔0.3,0.832,10.0,предложения,4,метафорический,10278,0.9925
2026-04-05T05:40:09.956452,84229,0.1↔0.3,0.821,0.3,буквы/слоги,3,,10279,0.9927
2026-04-05T05:40:10.007432,84230,0.1↔0.3,0.823,3.0,словосочетания,2,научный,10280,0.9929
2026-04-05T05:40:10.823451,84246,0.3↔1.0,0.811,10.0,предложения,1,бытовой,10281,0.9928
2026-04-05T05:40:10.875451,84247,0.3↔1.0,0.833,1.0,слова,2,научный,10282,0.9930
2026-04-05T05:40:10.992452,84249,0.3↔1.0,0.827,0.3,буквы/слоги,4,метафорический,10283,0.9932
2026-04-05T05:40:11.043432,84250,0.3↔1.0,0.815,1.0,слова,2,научный,10284,0.9934
2026-04-05T05:40:12.184452,84272,0.1↔0.3,0.808,10.0,предложения,1,бытовой,10285,0.9930
2026-04-05T05:40:12.694452,84282,0.1↔0.3,0.834,1.0,слова,4,метафорический,10286,0.9929
2026-04-05T05:40:13.154452,84291,0.1↔0.3,0.816,30.0,абзацы,1,бытовой,10287,0.9928
2026-04-05T05:40:13.876452,84305,0.3↔1.0,0.814,3.0,словосочетания,1,бытовой,10288,0.9924
2026-04-05T05:40:14.511452,84317,0.3↔1.0,0.826,3.0,словосочетания,2,научный,10289,0.9926
2026-04-05T05:40:15.480427,84336,0.3↔1.0,0.813,0.1,буквы/слоги,1,бытовой,10290,0.9922
2026-04-05T05:40:15.636452,84339,0.1↔0.3,0.826,3.0,словосочетания,3,,10291,0.9921
2026-04-05T05:40:15.993452,84346,0.1↔0.3,0.821,100.0,целые тексты,4,метафорический,10292,0.9923
2026-04-05T05:40:16.044451,84347,0.3↔1.0,0.812,30.0,абзацы,1,бытовой,10293,0.9925
2026-04-05T05:40:16.147451,84349,0.3↔1.0,0.837,30.0,абзацы,1,бытовой,10294,0.9927
2026-04-05T05:40:16.555452,84357,0.3↔1.0,0.832,1.0,слова,3,,10295,0.9926
2026-04-05T05:40:16.963452,84365,0.3↔1.0,0.812,1.0,слова,2,научный,10296,0.9922
2026-04-05T05:40:17.065428,84367,0.3↔1.0,0.823,30.0,абзацы,3,,10297,0.9921
2026-04-05T05:40:17.218452,84370,0.1↔0.3,0.835,0.3,буквы/слоги,2,научный,10298,0.9923
2026-04-05T05:40:17.269433,84371,0.3↔1.0,0.812,3.0,словосочетания,2,научный,10299,0.9925
2026-04-05T05:40:17.372427,84373,0.1↔0.3,0.828,100.0,целые тексты,1,бытовой,10300,0.9927
2026-04-05T05:40:17.934451,84384,0.1↔0.3,0.822,3.0,словосочетания,3,,10301,0.9920
2026-04-05T05:40:18.196451,84389,0.1↔0.3,0.823,10.0,предложения,2,научный,10302,0.9919
2026-04-05T05:40:18.405452,84393,0.3↔1.0,0.826,3.0,словосочетания,3,,10303,0.9921
2026-04-05T05:40:18.611452,84397,0.3↔1.0,0.814,0.1,буквы/слоги,4,метафорический,10304,0.9920
2026-04-05T05:40:19.376452,84412,0.3↔1.0,0.837,10.0,предложения,1,бытовой,10305,0.9919
2026-04-05T05:40:19.735452,84419,0.1↔0.3,0.819,3.0,словосочетания,3,,10306,0.9921
2026-04-05T05:40:19.837451,84421,0.3↔1.0,0.821,0.1,буквы/слоги,4,метафорический,10307,0.9923
2026-04-05T05:40:19.990452,84424,0.1↔0.3,0.812,10.0,предложения,1,бытовой,10308,0.9925
2026-04-05T05:40:20.449427,84433,0.1↔0.3,0.836,30.0,абзацы,1,бытовой,10309,0.9927
2026-04-05T05:40:20.858452,84441,0.1↔0.3,0.822,3.0,словосочетания,2,научный,10310,0.9926
2026-04-05T05:40:21.680452,84457,0.3↔1.0,0.837,10.0,предложения,2,научный,10311,0.9925
2026-04-05T05:40:21.833452,84460,0.3↔1.0,0.809,30.0,абзацы,2,научный,10312,0.9927
2026-04-05T05:40:22.445452,84472,0.3↔1.0,0.829,30.0,абзацы,1,бытовой,10313,0.9929
2026-04-05T05:40:22.802452,84479,0.3↔1.0,0.837,30.0,абзацы,2,научный,10314,0.9931
2026-04-05T05:40:23.412422,84490,0.1↔0.3,0.814,100.0,целые тексты,3,,10315,0.9933
2026-04-05T05:40:24.331425,84508,0.3↔1.0,0.822,0.1,буквы/слоги,1,бытовой,10316,0.9935
2026-04-05T05:40:24.640452,84514,0.1↔0.3,0.832,30.0,абзацы,4,метафорический,10317,0.9937
2026-04-05T05:40:25.946452,84539,0.3↔1.0,0.811,100.0,целые тексты,2,научный,10318,0.9939
2026-04-05T05:40:26.494452,84549,0.1↔0.3,0.809,0.1,буквы/слоги,1,бытовой,10319,0.9938
2026-04-05T05:40:26.648452,84552,0.1↔0.3,0.808,0.3,буквы/слоги,3,,10320,0.9937
2026-04-05T05:40:26.903451,84557,0.3↔1.0,0.836,100.0,целые тексты,3,,10321,0.9939
2026-04-05T05:40:27.771451,84574,0.3↔1.0,0.820,0.3,буквы/слоги,3,,10322,0.9935
2026-04-05T05:40:27.924451,84577,0.1↔0.3,0.810,100.0,целые тексты,2,научный,10323,0.9937
2026-04-05T05:40:28.383452,84586,0.1↔0.3,0.809,0.3,буквы/слоги,1,бытовой,10324,0.9939
2026-04-05T05:40:28.842452,84595,0.1↔0.3,0.836,100.0,целые тексты,3,,10325,0.9938
2026-04-05T05:40:29.302451,84604,0.3↔1.0,0.829,1.0,слова,2,научный,10326,0.9937
2026-04-05T05:40:30.637452,84629,0.3↔1.0,0.818,3.0,словосочетания,2,научный,10327,0.9933
2026-04-05T05:40:30.790451,84632,0.1↔0.3,0.829,3.0,словосочетания,1,бытовой,10328,0.9932
2026-04-05T05:40:30.892452,84634,0.3↔1.0,0.815,10.0,предложения,2,научный,10329,0.9934
2026-04-05T05:40:31.504452,84646,0.3↔1.0,0.828,0.3,буквы/слоги,1,бытовой,10330,0.9933
2026-04-05T05:40:31.810452,84652,0.1↔0.3,0.812,30.0,абзацы,2,научный,10331,0.9935
2026-04-05T05:40:32.167432,84659,0.1↔0.3,0.833,0.3,буквы/слоги,3,,10332,0.9937
2026-04-05T05:40:32.221426,84660,0.1↔0.3,0.818,1.0,слова,2,научный,10333,0.9939
2026-04-05T05:40:32.376451,84663,0.3↔1.0,0.825,100.0,целые тексты,3,,10334,0.9941
2026-04-05T05:40:33.141451,84678,0.1↔0.3,0.832,10.0,предложения,1,бытовой,10335,0.9943
2026-04-05T05:40:33.294452,84681,0.1↔0.3,0.808,1.0,слова,3,,10336,0.9945
2026-04-05T05:40:33.345426,84682,0.3↔1.0,0.821,0.1,буквы/слоги,1,бытовой,10337,0.9947
2026-04-05T05:40:33.703426,84689,0.1↔0.3,0.814,1.0,слова,3,,10338,0.9940
2026-04-05T05:40:34.116452,84697,0.1↔0.3,0.811,1.0,слова,2,научный,10339,0.9939
2026-04-05T05:40:34.167432,84698,0.3↔1.0,0.822,30.0,абзацы,3,,10340,0.9941
2026-04-05T05:40:35.567451,84725,0.1↔0.3,0.826,10.0,предложения,3,,10341,0.9940
2026-04-05T05:40:35.720452,84728,0.1↔0.3,0.826,0.3,буквы/слоги,3,,10342,0.9942
2026-04-05T05:40:35.975451,84733,0.1↔0.3,0.830,0.1,буквы/слоги,3,,10343,0.9944
2026-04-05T05:40:36.027451,84734,0.3↔1.0,0.826,30.0,абзацы,3,,10344,0.9946
2026-04-05T05:40:36.334425,84740,0.3↔1.0,0.824,3.0,словосочетания,1,бытовой,10345,0.9948
2026-04-05T05:40:36.640451,84746,0.3↔1.0,0.810,0.3,буквы/слоги,3,,10346,0.9950
2026-04-05T05:40:36.844451,84750,0.1↔0.3,0.811,3.0,словосочетания,1,бытовой,10347,0.9952
2026-04-05T05:40:37.661451,84766,0.3↔1.0,0.833,3.0,словосочетания,3,,10348,0.9951
2026-04-05T05:40:39.194446,84796,0.3↔1.0,0.830,1.0,слова,3,,10349,0.9947
2026-04-05T05:40:39.383425,84799,0.1↔0.3,0.821,30.0,абзацы,1,бытовой,10350,0.9949
2026-04-05T05:40:39.537452,84802,0.3↔1.0,0.835,0.1,буквы/слоги,1,бытовой,10351,0.9951
2026-04-05T05:40:40.506452,84821,0.3↔1.0,0.819,0.3,буквы/слоги,3,,10352,0.9953
2026-04-05T05:40:40.916452,84829,0.1↔0.3,0.808,100.0,целые тексты,2,научный,10353,0.9952
2026-04-05T05:40:41.222451,84835,0.3↔1.0,0.821,10.0,предложения,2,научный,10354,0.9954
2026-04-05T05:40:41.288426,84836,0.1↔0.3,0.834,10.0,предложения,3,,10355,0.9956
2026-04-05T05:40:41.340426,84837,0.1↔0.3,0.809,10.0,предложения,2,научный,10356,0.9958
2026-04-05T05:40:41.393451,84838,0.1↔0.3,0.834,30.0,абзацы,1,бытовой,10357,0.9960
2026-04-05T05:40:41.495452,84840,0.3↔1.0,0.837,0.3,буквы/слоги,1,бытовой,10358,0.9962
2026-04-05T05:40:41.546451,84841,0.3↔1.0,0.811,0.1,буквы/слоги,2,научный,10359,0.9964
2026-04-05T05:40:41.750452,84845,0.1↔0.3,0.829,3.0,словосочетания,3,,10360,0.9966
2026-04-05T05:40:42.056452,84851,0.1↔0.3,0.822,30.0,абзацы,3,,10361,0.9968
2026-04-05T05:40:42.430426,84858,0.1↔0.3,0.819,3.0,словосочетания,2,научный,10362,0.9964
2026-04-05T05:40:42.570452,84860,0.3↔1.0,0.821,0.1,буквы/слоги,3,,10363,0.9966
2026-04-05T05:40:42.927451,84867,0.3↔1.0,0.808,1.0,слова,2,научный,10364,0.9968
2026-04-05T05:40:43.080452,84870,0.1↔0.3,0.834,0.1,буквы/слоги,1,бытовой,10365,0.9970
2026-04-05T05:40:43.386452,84876,0.1↔0.3,0.837,100.0,целые тексты,3,,10366,0.9969
2026-04-05T05:40:43.675452,84881,0.3↔1.0,0.815,0.3,буквы/слоги,3,,10367,0.9968
2026-04-05T05:40:43.779451,84883,0.1↔0.3,0.810,3.0,словосочетания,1,бытовой,10368,0.9970
2026-04-05T05:40:44.085451,84889,0.1↔0.3,0.832,0.3,буквы/слоги,2,научный,10369,0.9972
2026-04-05T05:40:44.136452,84890,0.1↔0.3,0.809,0.3,буквы/слоги,1,бытовой,10370,0.9974
2026-04-05T05:40:44.297451,84893,0.1↔0.3,0.835,1.0,слова,2,научный,10371,0.9976
2026-04-05T05:40:44.402452,84895,0.3↔1.0,0.816,0.3,буквы/слоги,1,бытовой,10372,0.9978
2026-04-05T05:40:45.222451,84911,0.1↔0.3,0.818,10.0,предложения,3,,10373,0.9980
2026-04-05T05:40:45.334425,84913,0.1↔0.3,0.834,3.0,словосочетания,2,научный,10374,0.9980
2026-04-05T05:40:46.363451,84933,0.1↔0.3,0.809,1.0,слова,4,метафорический,10375,0.9970
2026-04-05T05:40:46.414451,84934,0.3↔1.0,0.826,100.0,целые тексты,2,научный,10376,0.9972
2026-04-05T05:40:46.465451,84935,0.3↔1.0,0.836,30.0,абзацы,2,научный,10377,0.9974
2026-04-05T05:40:47.283452,84951,0.1↔0.3,0.822,0.1,буквы/слоги,2,научный,10378,0.9973
2026-04-05T05:40:47.487451,84955,0.1↔0.3,0.833,0.3,буквы/слоги,4,метафорический,10379,0.9975
2026-04-05T05:40:47.590451,84957,0.1↔0.3,0.835,0.1,буквы/слоги,3,,10380,0.9977
2026-04-05T05:40:48.355451,84972,0.1↔0.3,0.812,1.0,слова,1,бытовой,10381,0.9976
2026-04-05T05:40:48.610452,84977,0.1↔0.3,0.826,3.0,словосочетания,2,научный,10382,0.9978
2026-04-05T05:40:48.663428,84978,0.1↔0.3,0.828,0.3,буквы/слоги,2,научный,10383,0.9980
2026-04-05T05:40:49.277451,84990,0.1↔0.3,0.817,100.0,целые тексты,1,бытовой,10384,0.9976
2026-04-05T05:40:50.195452,85008,0.1↔0.3,0.814,1.0,слова,4,метафорический,10385,0.9969
2026-04-05T05:40:50.450452,85013,0.1↔0.3,0.826,30.0,абзацы,3,,10386,0.9971
2026-04-05T05:40:50.705452,85018,0.3↔1.0,0.815,100.0,целые тексты,3,,10387,0.9970
2026-04-05T05:40:51.633451,85036,0.1↔0.3,0.830,3.0,словосочетания,2,научный,10388,0.9963
2026-04-05T05:40:51.786426,85039,0.1↔0.3,0.827,0.3,буквы/слоги,3,,10389,0.9965
2026-04-05T05:40:51.991427,85043,0.1↔0.3,0.824,0.1,буквы/слоги,2,научный,10390,0.9964
2026-04-05T05:40:52.093451,85045,0.1↔0.3,0.823,0.1,буквы/слоги,1,бытовой,10391,0.9966
2026-04-05T05:40:52.246452,85048,0.3↔1.0,0.829,10.0,предложения,3,,10392,0.9968
2026-04-05T05:40:52.298427,85049,0.1↔0.3,0.815,3.0,словосочетания,1,бытовой,10393,0.9970
2026-04-05T05:40:52.504452,85053,0.3↔1.0,0.834,0.1,буквы/слоги,3,,10394,0.9972
2026-04-05T05:40:52.606451,85055,0.1↔0.3,0.821,30.0,абзацы,2,научный,10395,0.9974
2026-04-05T05:40:53.409422,85070,0.1↔0.3,0.811,10.0,предложения,1,бытовой,10396,0.9976
2026-04-05T05:40:53.463426,85071,0.1↔0.3,0.816,30.0,абзацы,3,,10397,0.9978
2026-04-05T05:40:53.719452,85076,0.1↔0.3,0.835,1.0,слова,2,научный,10398,0.9980
2026-04-05T05:40:53.770452,85077,0.1↔0.3,0.820,30.0,абзацы,3,,10399,0.9980
2026-04-05T05:40:53.821451,85078,0.1↔0.3,0.822,30.0,абзацы,2,научный,10400,0.9980
2026-04-05T05:40:54.127432,85084,0.1↔0.3,0.810,100.0,целые тексты,1,бытовой,10401,0.9980
2026-04-05T05:40:54.587451,85093,0.1↔0.3,0.835,10.0,предложения,1,бытовой,10402,0.9976
2026-04-05T05:40:54.689451,85095,0.3↔1.0,0.821,3.0,словосочетания,3,,10403,0.9978
2026-04-05T05:40:56.346425,85127,0.1↔0.3,0.814,100.0,целые тексты,1,бытовой,10404,0.9971
2026-04-05T05:40:56.659452,85133,0.1↔0.3,0.816,1.0,слова,1,бытовой,10405,0.9973
2026-04-05T05:40:56.812452,85136,0.3↔1.0,0.813,0.1,буквы/слоги,2,научный,10406,0.9975
2026-04-05T05:40:57.016452,85140,0.1↔0.3,0.812,30.0,абзацы,3,,10407,0.9977
2026-04-05T05:40:57.221452,85144,0.1↔0.3,0.814,30.0,абзацы,2,научный,10408,0.9979
2026-04-05T05:40:57.476452,85149,0.3↔1.0,0.832,1.0,слова,4,метафорический,10409,0.9980
2026-04-05T05:40:57.629452,85152,0.3↔1.0,0.811,0.3,буквы/слоги,1,бытовой,10410,0.9980
2026-04-05T05:40:58.090427,85161,0.1↔0.3,0.827,0.3,буквы/слоги,1,бытовой,10411,0.9979
2026-04-05T05:40:58.704452,85173,0.1↔0.3,0.809,30.0,абзацы,1,бытовой,10412,0.9978
2026-04-05T05:40:59.164452,85182,0.1↔0.3,0.828,100.0,целые тексты,3,,10413,0.9980
2026-04-05T05:40:59.419451,85187,0.3↔1.0,0.819,0.1,буквы/слоги,3,,10414,0.9980
2026-04-05T05:41:00.797451,85214,0.1↔0.3,0.813,3.0,словосочетания,2,научный,10415,0.9976
2026-04-05T05:41:00.899452,85216,0.3↔1.0,0.829,1.0,слова,1,бытовой,10416,0.9978
2026-04-05T05:41:01.001451,85218,0.1↔0.3,0.834,10.0,предложения,1,бытовой,10417,0.9980
2026-04-05T05:41:01.103432,85220,0.3↔1.0,0.821,30.0,абзацы,3,,10418,0.9980
2026-04-05T05:41:01.409428,85226,0.3↔1.0,0.816,10.0,предложения,4,метафорический,10419,0.9979
2026-04-05T05:41:01.517452,85228,0.1↔0.3,0.817,1.0,слова,1,бытовой,10420,0.9980
2026-04-05T05:41:01.619452,85230,0.1↔0.3,0.834,0.1,буквы/слоги,2,научный,10421,0.9980
2026-04-05T05:41:01.874452,85235,0.1↔0.3,0.833,100.0,целые тексты,2,научный,10422,0.9980
2026-04-05T05:41:02.130452,85240,0.1↔0.3,0.829,1.0,слова,2,научный,10423,0.9980
2026-04-05T05:41:02.613452,85249,0.1↔0.3,0.820,10.0,предложения,3,,10424,0.9979
2026-04-05T05:41:02.766451,85252,0.1↔0.3,0.836,0.1,буквы/слоги,1,бытовой,10425,0.9980
2026-04-05T05:41:02.970452,85256,0.1↔0.3,0.828,0.1,буквы/слоги,1,бытовой,10426,0.9980
2026-04-05T05:41:04.248452,85281,0.3↔1.0,0.811,30.0,абзацы,2,научный,10427,0.9967
2026-04-05T05:41:04.911452,85294,0.1↔0.3,0.819,0.1,буквы/слоги,3,,10428,0.9969
2026-04-05T05:41:05.167426,85299,0.1↔0.3,0.835,30.0,абзацы,2,научный,10429,0.9968
2026-04-05T05:41:05.218427,85300,0.3↔1.0,0.829,1.0,слова,3,,10430,0.9970
2026-04-05T05:41:06.000452,85315,0.3↔1.0,0.833,0.1,буквы/слоги,1,бытовой,10431,0.9966
2026-04-05T05:41:06.510452,85325,0.1↔0.3,0.833,1.0,слова,3,,10432,0.9965
2026-04-05T05:41:07.378452,85342,0.3↔1.0,0.827,0.3,буквы/слоги,1,бытовой,10433,0.9961
2026-04-05T05:41:07.582452,85346,0.3↔1.0,0.817,10.0,предложения,3,,10434,0.9963
2026-04-05T05:41:07.837452,85351,0.1↔0.3,0.816,100.0,целые тексты,1,бытовой,10435,0.9962
2026-04-05T05:41:08.093451,85356,0.3↔1.0,0.834,100.0,целые тексты,2,научный,10436,0.9961
2026-04-05T05:41:09.020452,85374,0.3↔1.0,0.819,0.3,буквы/слоги,2,научный,10437,0.9957
2026-04-05T05:41:09.889452,85391,0.3↔1.0,0.829,100.0,целые тексты,2,научный,10438,0.9956
2026-04-05T05:41:09.941452,85392,0.1↔0.3,0.834,30.0,абзацы,2,научный,10439,0.9958
2026-04-05T05:41:10.725426,85407,0.3↔1.0,0.834,1.0,слова,1,бытовой,10440,0.9948
2026-04-05T05:41:10.984451,85412,0.3↔1.0,0.832,30.0,абзацы,1,бытовой,10441,0.9950
2026-04-05T05:41:11.291452,85418,0.1↔0.3,0.819,0.1,буквы/слоги,2,научный,10442,0.9952
2026-04-05T05:41:11.342452,85419,0.3↔1.0,0.837,100.0,целые тексты,4,метафорический,10443,0.9954
2026-04-05T05:41:11.444452,85421,0.1↔0.3,0.831,0.1,буквы/слоги,4,метафорический,10444,0.9956
2026-04-05T05:41:12.166452,85435,0.1↔0.3,0.833,3.0,словосочетания,3,,10445,0.9955
2026-04-05T05:41:12.933452,85450,0.3↔1.0,0.810,0.1,буквы/слоги,2,научный,10446,0.9948
2026-04-05T05:41:13.867452,85468,0.1↔0.3,0.817,30.0,абзацы,3,,10447,0.9950
2026-04-05T05:41:14.530452,85481,0.3↔1.0,0.812,3.0,словосочетания,1,бытовой,10448,0.9952
2026-04-05T05:41:14.683451,85484,0.1↔0.3,0.822,100.0,целые тексты,4,метафорический,10449,0.9954
2026-04-05T05:41:15.097452,85492,0.1↔0.3,0.834,30.0,абзацы,1,бытовой,10450,0.9953
2026-04-05T05:41:15.304452,85496,0.3↔1.0,0.829,0.1,буквы/слоги,2,научный,10451,0.9952
2026-04-05T05:41:15.661452,85503,0.3↔1.0,0.811,1.0,слова,4,метафорический,10452,0.9954
2026-04-05T05:41:16.079452,85511,0.3↔1.0,0.827,30.0,абзацы,2,научный,10453,0.9950
2026-04-05T05:41:16.334425,85516,0.3↔1.0,0.814,3.0,словосочетания,4,метафорический,10454,0.9949
2026-04-05T05:41:17.017452,85528,0.3↔1.0,0.820,10.0,предложения,3,,10455,0.9942
2026-04-05T05:41:17.068452,85529,0.1↔0.3,0.820,3.0,словосочетания,2,научный,10456,0.9944
2026-04-05T05:41:17.170451,85531,0.3↔1.0,0.828,0.3,буквы/слоги,4,метафорический,10457,0.9946
2026-04-05T05:41:17.374452,85535,0.1↔0.3,0.810,0.3,буквы/слоги,2,научный,10458,0.9948
2026-04-05T05:41:17.885452,85545,0.1↔0.3,0.828,0.3,буквы/слоги,1,бытовой,10459,0.9944
2026-04-05T05:41:18.242427,85552,0.1↔0.3,0.834,10.0,предложения,1,бытовой,10460,0.9946
2026-04-05T05:41:18.754452,85562,0.1↔0.3,0.836,1.0,слова,3,,10461,0.9948
2026-04-05T05:41:19.937452,85585,0.3↔1.0,0.815,0.3,буквы/слоги,3,,10462,0.9938
2026-04-05T05:41:20.710452,85600,0.3↔1.0,0.836,1.0,слова,2,научный,10463,0.9937
2026-04-05T05:41:21.068451,85607,0.3↔1.0,0.822,3.0,словосочетания,3,,10464,0.9939
2026-04-05T05:41:21.179452,85609,0.3↔1.0,0.820,3.0,словосочетания,2,научный,10465,0.9941
2026-04-05T05:41:21.434452,85614,0.1↔0.3,0.831,100.0,целые тексты,2,научный,10466,0.9940
2026-04-05T05:41:21.485432,85615,0.1↔0.3,0.820,30.0,абзацы,2,научный,10467,0.9942
2026-04-05T05:41:21.944452,85624,0.1↔0.3,0.829,10.0,предложения,3,,10468,0.9944
2026-04-05T05:41:22.505452,85635,0.3↔1.0,0.832,0.3,буквы/слоги,1,бытовой,10469,0.9943
2026-04-05T05:41:22.556452,85636,0.1↔0.3,0.815,0.1,буквы/слоги,1,бытовой,10470,0.9945
2026-04-05T05:41:23.272451,85650,0.3↔1.0,0.830,10.0,предложения,3,,10471,0.9941
2026-04-05T05:41:24.324452,85670,0.3↔1.0,0.824,1.0,слова,2,научный,10472,0.9937
2026-04-05T05:41:24.375452,85671,0.1↔0.3,0.818,100.0,целые тексты,2,научный,10473,0.9939
2026-04-05T05:41:24.477452,85673,0.3↔1.0,0.830,0.3,буквы/слоги,4,метафорический,10474,0.9941
2026-04-05T05:41:24.836452,85680,0.1↔0.3,0.819,3.0,словосочетания,3,,10475,0.9940
2026-04-05T05:41:25.091452,85685,0.1↔0.3,0.830,3.0,словосочетания,2,научный,10476,0.9942
2026-04-05T05:41:25.193451,85687,0.1↔0.3,0.814,0.3,буквы/слоги,2,научный,10477,0.9941
2026-04-05T05:41:25.397452,85691,0.1↔0.3,0.836,1.0,слова,2,научный,10478,0.9943
2026-04-05T05:41:25.856452,85700,0.3↔1.0,0.836,0.3,буквы/слоги,3,,10479,0.9945
2026-04-05T05:41:26.010452,85703,0.3↔1.0,0.820,1.0,слова,1,бытовой,10480,0.9947
2026-04-05T05:41:26.418452,85711,0.3↔1.0,0.820,10.0,предложения,3,,10481,0.9949
2026-04-05T05:41:26.469432,85712,0.3↔1.0,0.837,30.0,абзацы,1,бытовой,10482,0.9951
2026-04-05T05:41:26.521452,85713,0.3↔1.0,0.832,100.0,целые тексты,3,,10483,0.9953
2026-04-05T05:41:26.623451,85715,0.3↔1.0,0.824,10.0,предложения,1,бытовой,10484,0.9955
2026-04-05T05:41:26.674451,85716,0.3↔1.0,0.834,0.3,буквы/слоги,2,научный,10485,0.9957
2026-04-05T05:41:26.827451,85719,0.1↔0.3,0.827,0.1,буквы/слоги,2,научный,10486,0.9956
2026-04-05T05:41:27.745451,85737,0.1↔0.3,0.835,10.0,предложения,2,научный,10487,0.9952
2026-04-05T05:41:27.899452,85740,0.1↔0.3,0.835,30.0,абзацы,3,,10488,0.9954
2026-04-05T05:41:28.001451,85742,0.3↔1.0,0.821,30.0,абзацы,4,метафорический,10489,0.9956
2026-04-05T05:41:28.562452,85753,0.1↔0.3,0.813,0.3,буквы/слоги,1,бытовой,10490,0.9958
2026-04-05T05:41:28.817432,85758,0.1↔0.3,0.835,0.1,буквы/слоги,2,научный,10491,0.9954
2026-04-05T05:41:29.174426,85765,0.1↔0.3,0.832,10.0,предложения,3,,10492,0.9953
2026-04-05T05:41:30.703451,85794,0.1↔0.3,0.815,0.3,буквы/слоги,1,бытовой,10493,0.9946
2026-04-05T05:41:30.911452,85798,0.1↔0.3,0.816,0.1,буквы/слоги,2,научный,10494,0.9948
2026-04-05T05:41:31.271451,85805,0.1↔0.3,0.810,1.0,слова,2,научный,10495,0.9950
2026-04-05T05:41:31.374452,85807,0.3↔1.0,0.838,0.3,буквы/слоги,4,метафорический,10496,0.9952
2026-04-05T05:41:31.425427,85808,0.1↔0.3,0.836,0.3,буквы/слоги,3,,10497,0.9954
2026-04-05T05:41:31.630451,85812,0.1↔0.3,0.821,3.0,словосочетания,3,,10498,0.9956
2026-04-05T05:41:32.804452,85835,0.3↔1.0,0.837,3.0,словосочетания,1,бытовой,10499,0.9955
2026-04-05T05:41:33.212452,85843,0.3↔1.0,0.811,3.0,словосочетания,2,научный,10500,0.9957
2026-04-05T05:41:33.314451,85845,0.3↔1.0,0.822,1.0,слова,1,бытовой,10501,0.9959
2026-04-05T05:41:33.569452,85850,0.1↔0.3,0.826,0.1,буквы/слоги,2,научный,10502,0.9961
2026-04-05T05:41:33.671452,85852,0.3↔1.0,0.835,100.0,целые тексты,3,,10503,0.9963
2026-04-05T05:41:33.773452,85854,0.3↔1.0,0.823,10.0,предложения,4,метафорический,10504,0.9965
2026-04-05T05:41:34.812422,85874,0.3↔1.0,0.819,30.0,абзацы,1,бытовой,10505,0.9964
2026-04-05T05:41:34.967428,85877,0.1↔0.3,0.830,100.0,целые тексты,1,бытовой,10506,0.9963
2026-04-05T05:41:35.375452,85885,0.3↔1.0,0.826,1.0,слова,3,,10507,0.9959
2026-04-05T05:41:35.942451,85896,0.1↔0.3,0.830,100.0,целые тексты,1,бытовой,10508,0.9958
2026-04-05T05:41:36.159451,85900,0.3↔1.0,0.836,3.0,словосочетания,1,бытовой,10509,0.9957
2026-04-05T05:41:36.772451,85912,0.1↔0.3,0.831,3.0,словосочетания,2,научный,10510,0.9956
2026-04-05T05:41:37.235452,85921,0.1↔0.3,0.813,0.1,буквы/слоги,2,научный,10511,0.9949
2026-04-05T05:41:37.388451,85924,0.3↔1.0,0.811,1.0,слова,2,научный,10512,0.9948
2026-04-05T05:41:37.441426,85925,0.1↔0.3,0.821,30.0,абзацы,3,,10513,0.9950
2026-04-05T05:41:38.106432,85938,0.3↔1.0,0.826,10.0,предложения,2,научный,10514,0.9946
2026-04-05T05:41:38.362452,85943,0.1↔0.3,0.828,100.0,целые тексты,3,,10515,0.9948
2026-04-05T05:41:38.669452,85949,0.3↔1.0,0.822,1.0,слова,4,метафорический,10516,0.9947
2026-04-05T05:41:38.723428,85950,0.3↔1.0,0.812,30.0,абзацы,4,метафорический,10517,0.9949
2026-04-05T05:41:39.081452,85957,0.1↔0.3,0.838,30.0,абзацы,3,,10518,0.9948
2026-04-05T05:41:39.132428,85958,0.3↔1.0,0.837,100.0,целые тексты,3,,10519,0.9950
2026-04-05T05:41:39.541452,85966,0.3↔1.0,0.826,1.0,слова,1,бытовой,10520,0.9949
2026-04-05T05:41:39.949452,85974,0.3↔1.0,0.837,1.0,слова,3,,10521,0.9945
2026-04-05T05:41:40.307452,85981,0.1↔0.3,0.820,0.3,буквы/слоги,4,метафорический,10522,0.9944
2026-04-05T05:41:41.382452,86002,0.1↔0.3,0.810,0.3,буквы/слоги,3,,10523,0.9946
2026-04-05T05:41:41.434452,86003,0.1↔0.3,0.829,1.0,слова,2,научный,10524,0.9948
2026-04-05T05:41:41.536452,86005,0.3↔1.0,0.815,0.1,буквы/слоги,3,,10525,0.9950
2026-04-05T05:41:42.360452,86021,0.3↔1.0,0.821,0.1,буквы/слоги,1,бытовой,10526,0.9943
2026-04-05T05:41:42.564452,86025,0.3↔1.0,0.818,1.0,слова,2,научный,10527,0.9945
2026-04-05T05:41:42.769452,86029,0.1↔0.3,0.826,100.0,целые тексты,3,,10528,0.9944
2026-04-05T05:41:43.026452,86034,0.1↔0.3,0.825,3.0,словосочетания,2,научный,10529,0.9943
2026-04-05T05:41:44.418452,86060,0.1↔0.3,0.820,30.0,абзацы,2,научный,10530,0.9942
2026-04-05T05:41:44.673452,86065,0.3↔1.0,0.817,0.3,буквы/слоги,1,бытовой,10531,0.9944
2026-04-05T05:41:44.826451,86068,0.1↔0.3,0.830,30.0,абзацы,3,,10532,0.9946
2026-04-05T05:41:45.234452,86076,0.3↔1.0,0.813,0.1,буквы/слоги,1,бытовой,10533,0.9948
2026-04-05T05:41:45.693451,86085,0.1↔0.3,0.825,0.3,буквы/слоги,3,,10534,0.9944
2026-04-05T05:41:45.897451,86089,0.3↔1.0,0.810,30.0,абзацы,1,бытовой,10535,0.9946
2026-04-05T05:41:46.305427,86097,0.3↔1.0,0.830,3.0,словосочетания,3,,10536,0.9942
2026-04-05T05:41:46.407452,86099,0.3↔1.0,0.825,100.0,целые тексты,1,бытовой,10537,0.9944
2026-04-05T05:41:46.825432,86107,0.3↔1.0,0.821,3.0,словосочетания,1,бытовой,10538,0.9943
2026-04-05T05:41:47.132426,86113,0.3↔1.0,0.837,0.3,буквы/слоги,2,научный,10539,0.9945
2026-04-05T05:41:47.442451,86119,0.1↔0.3,0.825,30.0,абзацы,2,научный,10540,0.9944
2026-04-05T05:41:47.647451,86123,0.1↔0.3,0.836,1.0,слова,3,,10541,0.9943
2026-04-05T05:41:47.851451,86127,0.1↔0.3,0.810,1.0,слова,3,,10542,0.9945
2026-04-05T05:41:48.432451,86138,0.3↔1.0,0.829,0.3,буквы/слоги,3,,10543,0.9947
2026-04-05T05:41:48.483452,86139,0.1↔0.3,0.833,10.0,предложения,3,,10544,0.9949
2026-04-05T05:41:48.636452,86142,0.3↔1.0,0.818,0.1,буквы/слоги,1,бытовой,10545,0.9951
2026-04-05T05:41:48.816452,86145,0.3↔1.0,0.818,3.0,словосочетания,3,,10546,0.9953
2026-04-05T05:41:49.225452,86153,0.1↔0.3,0.810,30.0,абзацы,3,,10547,0.9952
2026-04-05T05:41:49.276452,86154,0.1↔0.3,0.817,0.3,буквы/слоги,2,научный,10548,0.9954
2026-04-05T05:41:49.633452,86161,0.1↔0.3,0.823,1.0,слова,2,научный,10549,0.9953
2026-04-05T05:41:49.941451,86167,0.3↔1.0,0.818,0.3,буквы/слоги,1,бытовой,10550,0.9955
2026-04-05T05:41:50.049452,86169,0.1↔0.3,0.834,30.0,абзацы,3,,10551,0.9957
2026-04-05T05:41:50.763452,86183,0.3↔1.0,0.823,1.0,слова,1,бытовой,10552,0.9959
2026-04-05T05:41:51.702451,86200,0.3↔1.0,0.838,0.3,буквы/слоги,1,бытовой,10553,0.9961
2026-04-05T05:41:51.907451,86204,0.1↔0.3,0.819,30.0,абзацы,2,научный,10554,0.9963
2026-04-05T05:41:52.111452,86208,0.1↔0.3,0.815,0.1,буквы/слоги,3,,10555,0.9965
2026-04-05T05:41:52.419452,86214,0.1↔0.3,0.826,0.3,буквы/слоги,1,бытовой,10556,0.9964
2026-04-05T05:41:52.623425,86218,0.1↔0.3,0.820,0.3,буквы/слоги,4,метафорический,10557,0.9966
2026-04-05T05:41:53.225452,86229,0.3↔1.0,0.816,0.3,буквы/слоги,3,,10558,0.9965
2026-04-05T05:41:53.735452,86239,0.3↔1.0,0.825,0.1,буквы/слоги,1,бытовой,10559,0.9967
2026-04-05T05:41:53.893452,86242,0.1↔0.3,0.819,0.1,буквы/слоги,1,бытовой,10560,0.9969
2026-04-05T05:41:54.615452,86256,0.1↔0.3,0.824,3.0,словосочетания,1,бытовой,10561,0.9965
2026-04-05T05:41:55.331452,86270,0.3↔1.0,0.821,30.0,абзацы,2,научный,10562,0.9964
2026-04-05T05:41:55.438452,86272,0.1↔0.3,0.833,1.0,слова,1,бытовой,10563,0.9966
2026-04-05T05:41:55.489432,86273,0.3↔1.0,0.836,1.0,слова,2,научный,10564,0.9968
2026-04-05T05:41:55.591432,86275,0.1↔0.3,0.831,10.0,предложения,1,бытовой,10565,0.9970
2026-04-05T05:41:55.847452,86280,0.1↔0.3,0.818,30.0,абзацы,1,бытовой,10566,0.9969
2026-04-05T05:41:56.921452,86301,0.3↔1.0,0.820,1.0,слова,4,метафорический,10567,0.9965
2026-04-05T05:41:57.687452,86316,0.3↔1.0,0.813,100.0,целые тексты,1,бытовой,10568,0.9967
2026-04-05T05:41:57.738452,86317,0.1↔0.3,0.809,1.0,слова,2,научный,10569,0.9969
2026-04-05T05:41:59.166427,86345,0.3↔1.0,0.824,0.1,буквы/слоги,1,бытовой,10570,0.9965
2026-04-05T05:41:59.472452,86351,0.3↔1.0,0.815,100.0,целые тексты,2,научный,10571,0.9967
2026-04-05T05:41:59.954428,86360,0.3↔1.0,0.826,3.0,словосочетания,2,научный,10572,0.9960
2026-04-05T05:42:00.363452,86368,0.3↔1.0,0.834,100.0,целые тексты,3,,10573,0.9962
2026-04-05T05:42:00.824429,86377,0.3↔1.0,0.812,100.0,целые тексты,2,научный,10574,0.9961
2026-04-05T05:42:01.336443,86387,0.1↔0.3,0.823,0.1,буквы/слоги,2,научный,10575,0.9963
2026-04-05T05:42:01.490451,86390,0.1↔0.3,0.820,0.1,буквы/слоги,1,бытовой,10576,0.9965
2026-04-05T05:42:01.643452,86393,0.1↔0.3,0.833,30.0,абзацы,1,бытовой,10577,0.9967
2026-04-05T05:42:02.000452,86400,0.3↔1.0,0.808,100.0,целые тексты,1,бытовой,10578,0.9969
2026-04-05T05:42:02.409452,86408,0.3↔1.0,0.829,3.0,словосочетания,3,,10579,0.9968
2026-04-05T05:42:02.970452,86419,0.1↔0.3,0.816,0.3,буквы/слоги,2,научный,10580,0.9967
2026-04-05T05:42:03.385452,86427,0.1↔0.3,0.815,30.0,абзацы,1,бытовой,10581,0.9966
2026-04-05T05:42:03.844451,86436,0.1↔0.3,0.828,0.1,буквы/слоги,3,,10582,0.9968
2026-04-05T05:42:05.171451,86462,0.3↔1.0,0.822,0.1,буквы/слоги,1,бытовой,10583,0.9964
2026-04-05T05:42:05.273452,86464,0.1↔0.3,0.821,1.0,слова,4,метафорический,10584,0.9966
2026-04-05T05:42:05.528452,86469,0.3↔1.0,0.808,1.0,слова,3,,10585,0.9968
2026-04-05T05:42:05.987452,86478,0.1↔0.3,0.814,3.0,словосочетания,3,,10586,0.9970
2026-04-05T05:42:06.960452,86497,0.1↔0.3,0.808,30.0,абзацы,2,научный,10587,0.9969
2026-04-05T05:42:07.368452,86505,0.1↔0.3,0.814,1.0,слова,3,,10588,0.9965
2026-04-05T05:42:08.210452,86520,0.3↔1.0,0.824,1.0,слова,3,,10589,0.9964
2026-04-05T05:42:10.302452,86561,0.3↔1.0,0.830,100.0,целые тексты,1,бытовой,10590,0.9951
2026-04-05T05:42:10.353452,86562,0.3↔1.0,0.822,0.3,буквы/слоги,2,научный,10591,0.9953
2026-04-05T05:42:11.118452,86577,0.3↔1.0,0.812,30.0,абзацы,2,научный,10592,0.9949
2026-04-05T05:42:11.832452,86591,0.3↔1.0,0.832,1.0,слова,1,бытовой,10593,0.9951
2026-04-05T05:42:11.935452,86593,0.3↔1.0,0.809,3.0,словосочетания,2,научный,10594,0.9953
2026-04-05T05:42:12.037452,86595,0.1↔0.3,0.836,0.1,буквы/слоги,1,бытовой,10595,0.9955
2026-04-05T05:42:12.088422,86596,0.1↔0.3,0.809,30.0,абзацы,2,научный,10596,0.9957
2026-04-05T05:42:12.346425,86601,0.3↔1.0,0.821,100.0,целые тексты,1,бытовой,10597,0.9959
2026-04-05T05:42:13.167424,86617,0.3↔1.0,0.827,3.0,словосочетания,2,научный,10598,0.9961
2026-04-05T05:42:13.219426,86618,0.1↔0.3,0.827,10.0,предложения,4,метафорический,10599,0.9963
2026-04-05T05:42:13.475451,86623,0.3↔1.0,0.810,30.0,абзацы,2,научный,10600,0.9962
2026-04-05T05:42:13.883452,86631,0.1↔0.3,0.816,10.0,предложения,1,бытовой,10601,0.9961
2026-04-05T05:42:14.292452,86639,0.3↔1.0,0.828,0.3,буквы/слоги,2,научный,10602,0.9960
2026-04-05T05:42:14.343427,86640,0.3↔1.0,0.823,100.0,целые тексты,4,метафорический,10603,0.9962
2026-04-05T05:42:14.445451,86642,0.3↔1.0,0.835,0.3,буквы/слоги,3,,10604,0.9964
2026-04-05T05:42:14.649452,86646,0.3↔1.0,0.830,30.0,абзацы,3,,10605,0.9966
2026-04-05T05:42:14.803452,86649,0.1↔0.3,0.827,3.0,словосочетания,1,бытовой,10606,0.9968
2026-04-05T05:42:15.167425,86656,0.1↔0.3,0.816,1.0,слова,3,,10607,0.9970
2026-04-05T05:42:15.686452,86666,0.1↔0.3,0.825,100.0,целые тексты,3,,10608,0.9969
2026-04-05T05:42:16.350425,86679,0.1↔0.3,0.832,30.0,абзацы,1,бытовой,10609,0.9971
2026-04-05T05:42:16.657452,86685,0.3↔1.0,0.829,10.0,предложения,1,бытовой,10610,0.9973
2026-04-05T05:42:16.810432,86688,0.3↔1.0,0.827,0.3,буквы/слоги,1,бытовой,10611,0.9972
2026-04-05T05:42:16.912433,86690,0.1↔0.3,0.832,30.0,абзацы,1,бытовой,10612,0.9974
2026-04-05T05:42:17.488451,86701,0.1↔0.3,0.818,100.0,целые тексты,2,научный,10613,0.9970
2026-04-05T05:42:17.693452,86705,0.1↔0.3,0.818,0.3,буквы/слоги,2,научный,10614,0.9972
2026-04-05T05:42:18.306428,86717,0.1↔0.3,0.811,10.0,предложения,3,,10615,0.9971
2026-04-05T05:42:18.460432,86720,0.1↔0.3,0.827,100.0,целые тексты,3,,10616,0.9970
2026-04-05T05:42:18.716451,86725,0.1↔0.3,0.819,0.3,буквы/слоги,1,бытовой,10617,0.9969
2026-04-05T05:42:18.818452,86727,0.3↔1.0,0.830,30.0,абзацы,3,,10618,0.9971
2026-04-05T05:42:19.532452,86741,0.1↔0.3,0.815,0.1,буквы/слоги,3,,10619,0.9970
2026-04-05T05:42:19.789451,86746,0.3↔1.0,0.814,30.0,абзацы,3,,10620,0.9969
2026-04-05T05:42:20.636452,86762,0.1↔0.3,0.816,1.0,слова,4,метафорический,10621,0.9968
2026-04-05T05:42:20.687426,86763,0.1↔0.3,0.808,100.0,целые тексты,1,бытовой,10622,0.9970
2026-04-05T05:42:20.840452,86766,0.1↔0.3,0.823,1.0,слова,3,,10623,0.9972
2026-04-05T05:42:21.095452,86771,0.3↔1.0,0.835,30.0,абзацы,2,научный,10624,0.9971
2026-04-05T05:42:21.408452,86777,0.3↔1.0,0.830,0.3,буквы/слоги,3,,10625,0.9973
2026-04-05T05:42:21.459452,86778,0.1↔0.3,0.826,10.0,предложения,1,бытовой,10626,0.9975
2026-04-05T05:42:23.202452,86812,0.3↔1.0,0.833,10.0,предложения,4,метафорический,10627,0.9968
2026-04-05T05:42:23.612452,86820,0.1↔0.3,0.819,10.0,предложения,3,,10628,0.9970
2026-04-05T05:42:24.243451,86832,0.1↔0.3,0.812,10.0,предложения,1,бытовой,10629,0.9972
2026-04-05T05:42:24.652452,86840,0.1↔0.3,0.813,0.1,буквы/слоги,3,,10630,0.9971
2026-04-05T05:42:25.520452,86857,0.1↔0.3,0.824,0.1,буквы/слоги,2,научный,10631,0.9970
2026-04-05T05:42:25.572452,86858,0.3↔1.0,0.824,0.3,буквы/слоги,2,научный,10632,0.9972
2026-04-05T05:42:25.725425,86861,0.3↔1.0,0.815,0.1,буквы/слоги,1,бытовой,10633,0.9974
2026-04-05T05:42:25.776425,86862,0.1↔0.3,0.811,0.1,буквы/слоги,1,бытовой,10634,0.9976
2026-04-05T05:42:26.592452,86878,0.1↔0.3,0.811,0.3,буквы/слоги,4,метафорический,10635,0.9975
2026-04-05T05:42:27.104452,86887,0.3↔1.0,0.831,0.3,буквы/слоги,1,бытовой,10636,0.9977
2026-04-05T05:42:28.348425,86911,0.1↔0.3,0.825,0.1,буквы/слоги,2,научный,10637,0.9964
2026-04-05T05:42:28.450452,86913,0.3↔1.0,0.827,10.0,предложения,4,метафорический,10638,0.9966
2026-04-05T05:42:28.798423,86919,0.3↔1.0,0.826,100.0,целые тексты,1,бытовой,10639,0.9965
2026-04-05T05:42:29.167451,86926,0.1↔0.3,0.812,30.0,абзацы,1,бытовой,10640,0.9967
2026-04-05T05:42:29.580451,86934,0.3↔1.0,0.827,10.0,предложения,1,бытовой,10641,0.9966
2026-04-05T05:42:30.705452,86956,0.1↔0.3,0.828,10.0,предложения,3,,10642,0.9965
2026-04-05T05:42:31.015452,86962,0.1↔0.3,0.835,3.0,словосочетания,2,научный,10643,0.9967
2026-04-05T05:42:31.168452,86965,0.1↔0.3,0.822,30.0,абзацы,3,,10644,0.9969
2026-04-05T05:42:32.152452,86984,0.1↔0.3,0.833,0.3,буквы/слоги,3,,10645,0.9971
2026-04-05T05:42:32.362452,86988,0.3↔1.0,0.825,100.0,целые тексты,3,,10646,0.9970
2026-04-05T05:42:32.413451,86989,0.3↔1.0,0.815,1.0,слова,1,бытовой,10647,0.9972
2026-04-05T05:42:32.975451,87000,0.1↔0.3,0.821,10.0,предложения,4,метафорический,10648,0.9968
2026-04-05T05:42:33.281451,87006,0.1↔0.3,0.810,100.0,целые тексты,1,бытовой,10649,0.9970
2026-04-05T05:42:33.957451,87019,0.1↔0.3,0.815,3.0,словосочетания,3,,10650,0.9972
2026-04-05T05:42:34.059452,87021,0.3↔1.0,0.809,100.0,целые тексты,1,бытовой,10651,0.9974
2026-04-05T05:42:34.314425,87026,0.1↔0.3,0.827,0.1,буквы/слоги,3,,10652,0.9976
2026-04-05T05:42:36.004452,87058,0.1↔0.3,0.813,100.0,целые тексты,2,научный,10653,0.9966
2026-04-05T05:42:36.464451,87067,0.1↔0.3,0.812,1.0,слова,4,метафорический,10654,0.9968
2026-04-05T05:42:37.130451,87080,0.3↔1.0,0.832,10.0,предложения,3,,10655,0.9964
2026-04-05T05:42:37.336425,87084,0.1↔0.3,0.821,10.0,предложения,4,метафорический,10656,0.9963
2026-04-05T05:42:37.693452,87091,0.1↔0.3,0.832,30.0,абзацы,2,научный,10657,0.9965
2026-04-05T05:42:37.949452,87096,0.3↔1.0,0.821,0.3,буквы/слоги,3,,10658,0.9967
2026-04-05T05:42:38.672451,87110,0.1↔0.3,0.809,1.0,слова,2,научный,10659,0.9966
2026-04-05T05:42:38.927452,87115,0.3↔1.0,0.814,100.0,целые тексты,1,бытовой,10660,0.9965
2026-04-05T05:42:39.080452,87118,0.1↔0.3,0.828,10.0,предложения,3,,10661,0.9967
2026-04-05T05:42:39.131452,87119,0.3↔1.0,0.817,10.0,предложения,3,,10662,0.9969
2026-04-05T05:42:39.287428,87122,0.3↔1.0,0.817,3.0,словосочетания,2,научный,10663,0.9968
2026-04-05T05:42:39.952452,87135,0.1↔0.3,0.825,10.0,предложения,1,бытовой,10664,0.9970
2026-04-05T05:42:40.361452,87143,0.1↔0.3,0.833,0.3,буквы/слоги,1,бытовой,10665,0.9969
2026-04-05T05:42:40.769451,87151,0.1↔0.3,0.815,0.3,буквы/слоги,1,бытовой,10666,0.9971
2026-04-05T05:42:41.705452,87169,0.1↔0.3,0.831,1.0,слова,3,,10667,0.9973
2026-04-05T05:42:42.062451,87176,0.3↔1.0,0.814,100.0,целые тексты,1,бытовой,10668,0.9975
2026-04-05T05:42:42.266452,87180,0.1↔0.3,0.809,0.1,буквы/слоги,3,,10669,0.9977
2026-04-05T05:42:42.368452,87182,0.3↔1.0,0.810,0.1,буквы/слоги,2,научный,10670,0.9979
2026-04-05T05:42:42.572451,87186,0.1↔0.3,0.821,0.3,буквы/слоги,2,научный,10671,0.9980
2026-04-05T05:42:42.635428,87187,0.1↔0.3,0.832,10.0,предложения,3,,10672,0.9980
2026-04-05T05:42:42.892451,87192,0.1↔0.3,0.831,100.0,целые тексты,2,научный,10673,0.9980
2026-04-05T05:42:44.116452,87216,0.3↔1.0,0.837,100.0,целые тексты,1,бытовой,10674,0.9973
2026-04-05T05:42:44.167432,87217,0.3↔1.0,0.816,1.0,слова,3,,10675,0.9975
2026-04-05T05:42:44.218452,87218,0.1↔0.3,0.822,0.1,буквы/слоги,3,,10676,0.9977
2026-04-05T05:42:46.005451,87253,0.1↔0.3,0.822,3.0,словосочетания,3,,10677,0.9964
2026-04-05T05:42:46.211452,87257,0.3↔1.0,0.838,3.0,словосочетания,3,,10678,0.9966
2026-04-05T05:42:47.334425,87279,0.3↔1.0,0.827,0.1,буквы/слоги,3,,10679,0.9962
2026-04-05T05:42:47.436426,87281,0.1↔0.3,0.815,3.0,словосочетания,2,научный,10680,0.9964
2026-04-05T05:42:48.053452,87293,0.1↔0.3,0.817,10.0,предложения,1,бытовой,10681,0.9960
2026-04-05T05:42:48.411451,87300,0.1↔0.3,0.812,100.0,целые тексты,1,бытовой,10682,0.9959
2026-04-05T05:42:50.012452,87330,0.1↔0.3,0.819,100.0,целые тексты,4,метафорический,10683,0.9955
2026-04-05T05:42:51.135452,87352,0.1↔0.3,0.827,10.0,предложения,2,научный,10684,0.9951
2026-04-05T05:42:51.645451,87362,0.1↔0.3,0.822,0.3,буквы/слоги,1,бытовой,10685,0.9947
2026-04-05T05:42:51.960451,87368,0.1↔0.3,0.814,0.1,буквы/слоги,1,бытовой,10686,0.9949
2026-04-05T05:42:52.113451,87371,0.1↔0.3,0.819,1.0,слова,1,бытовой,10687,0.9951
2026-04-05T05:42:53.292422,87394,0.3↔1.0,0.825,10.0,предложения,2,научный,10688,0.9950
2026-04-05T05:42:53.854451,87405,0.1↔0.3,0.829,1.0,слова,1,бытовой,10689,0.9952
2026-04-05T05:42:53.910428,87406,0.3↔1.0,0.835,30.0,абзацы,3,,10690,0.9954
2026-04-05T05:42:54.455451,87416,0.1↔0.3,0.820,10.0,предложения,2,научный,10691,0.9956
2026-04-05T05:42:54.608452,87419,0.1↔0.3,0.826,0.3,буквы/слоги,3,,10692,0.9958
2026-04-05T05:42:55.222451,87431,0.3↔1.0,0.821,3.0,словосочетания,2,научный,10693,0.9957
2026-04-05T05:42:55.822452,87442,0.1↔0.3,0.827,100.0,целые тексты,3,,10694,0.9956
2026-04-05T05:42:56.386451,87453,0.3↔1.0,0.834,1.0,слова,3,,10695,0.9952
2026-04-05T05:42:56.437452,87454,0.1↔0.3,0.811,10.0,предложения,2,научный,10696,0.9954
2026-04-05T05:42:56.539452,87456,0.1↔0.3,0.811,0.1,буквы/слоги,1,бытовой,10697,0.9956
2026-04-05T05:42:56.593427,87457,0.1↔0.3,0.822,1.0,слова,1,бытовой,10698,0.9958
2026-04-05T05:42:56.802452,87461,0.1↔0.3,0.838,3.0,словосочетания,2,научный,10699,0.9960
2026-04-05T05:42:58.030451,87485,0.3↔1.0,0.813,10.0,предложения,1,бытовой,10700,0.9956
2026-04-05T05:42:58.183452,87488,0.3↔1.0,0.818,0.3,буквы/слоги,2,научный,10701,0.9958
2026-04-05T05:42:58.643428,87497,0.1↔0.3,0.830,30.0,абзацы,4,метафорический,10702,0.9957
2026-04-05T05:42:59.785451,87518,0.3↔1.0,0.817,30.0,абзацы,4,метафорический,10703,0.9953
2026-04-05T05:42:59.836429,87519,0.3↔1.0,0.835,10.0,предложения,2,научный,10704,0.9955
2026-04-05T05:43:00.244452,87527,0.3↔1.0,0.825,10.0,предложения,3,,10705,0.9957
2026-04-05T05:43:00.807452,87538,0.1↔0.3,0.826,0.1,буквы/слоги,3,,10706,0.9950
2026-04-05T05:43:01.734451,87556,0.1↔0.3,0.831,0.3,буквы/слоги,2,научный,10707,0.9946
2026-04-05T05:43:02.246452,87566,0.1↔0.3,0.824,3.0,словосочетания,1,бытовой,10708,0.9942
2026-04-05T05:43:02.705452,87575,0.1↔0.3,0.821,0.3,буквы/слоги,3,,10709,0.9944
2026-04-05T05:43:03.113451,87583,0.1↔0.3,0.832,0.1,буквы/слоги,3,,10710,0.9946
2026-04-05T05:43:04.344425,87607,0.1↔0.3,0.819,1.0,слова,1,бытовой,10711,0.9942
2026-04-05T05:43:04.450452,87609,0.3↔1.0,0.810,0.3,буквы/слоги,2,научный,10712,0.9944
2026-04-05T05:43:06.035452,87640,0.1↔0.3,0.812,0.3,буквы/слоги,2,научный,10713,0.9940
2026-04-05T05:43:06.291452,87645,0.1↔0.3,0.830,3.0,словосочетания,3,,10714,0.9942
2026-04-05T05:43:07.829452,87675,0.1↔0.3,0.835,10.0,предложения,3,,10715,0.9938
2026-04-05T05:43:08.086451,87680,0.1↔0.3,0.832,30.0,абзацы,3,,10716,0.9940
2026-04-05T05:43:08.291452,87684,0.1↔0.3,0.826,3.0,словосочетания,2,научный,10717,0.9942
2026-04-05T05:43:08.597451,87690,0.1↔0.3,0.811,0.3,буквы/слоги,2,научный,10718,0.9944
2026-04-05T05:43:08.971452,87697,0.1↔0.3,0.832,100.0,целые тексты,1,бытовой,10719,0.9940
2026-04-05T05:43:09.328451,87704,0.1↔0.3,0.820,3.0,словосочетания,3,,10720,0.9939
2026-04-05T05:43:09.544451,87708,0.1↔0.3,0.822,0.3,буквы/слоги,2,научный,10721,0.9938
2026-04-05T05:43:09.799452,87713,0.3↔1.0,0.835,30.0,абзацы,2,научный,10722,0.9940
2026-04-05T05:43:10.029452,87717,0.1↔0.3,0.833,10.0,предложения,3,,10723,0.9942
2026-04-05T05:43:10.233452,87721,0.1↔0.3,0.827,0.3,буквы/слоги,1,бытовой,10724,0.9944
2026-04-05T05:43:10.747451,87731,0.1↔0.3,0.834,10.0,предложения,2,научный,10725,0.9946
2026-04-05T05:43:11.615452,87748,0.1↔0.3,0.837,1.0,слова,1,бытовой,10726,0.9942
2026-04-05T05:43:12.280452,87761,0.1↔0.3,0.837,1.0,слова,3,,10727,0.9938
2026-04-05T05:43:12.804452,87770,0.1↔0.3,0.822,30.0,абзацы,2,научный,10728,0.9931
2026-04-05T05:43:13.263452,87779,0.1↔0.3,0.821,100.0,целые тексты,4,метафорический,10729,0.9930
2026-04-05T05:43:13.621451,87786,0.1↔0.3,0.834,100.0,целые тексты,3,,10730,0.9932
2026-04-05T05:43:13.826452,87790,0.1↔0.3,0.808,0.1,буквы/слоги,1,бытовой,10731,0.9931
2026-04-05T05:43:14.081451,87795,0.3↔1.0,0.816,100.0,целые тексты,3,,10732,0.9930
2026-04-05T05:43:14.837452,87809,0.1↔0.3,0.837,10.0,предложения,2,научный,10733,0.9929
2026-04-05T05:43:14.939452,87811,0.1↔0.3,0.812,1.0,слова,2,научный,10734,0.9931
2026-04-05T05:43:15.573451,87823,0.1↔0.3,0.830,3.0,словосочетания,2,научный,10735,0.9930
2026-04-05T05:43:15.881452,87829,0.1↔0.3,0.821,30.0,абзацы,2,научный,10736,0.9932
2026-04-05T05:43:16.085433,87833,0.1↔0.3,0.812,0.3,буквы/слоги,3,,10737,0.9934
2026-04-05T05:43:16.341452,87838,0.1↔0.3,0.810,100.0,целые тексты,1,бытовой,10738,0.9933
2026-04-05T05:43:16.392452,87839,0.3↔1.0,0.811,100.0,целые тексты,4,метафорический,10739,0.9935
2026-04-05T05:43:17.584432,87862,0.1↔0.3,0.830,10.0,предложения,1,бытовой,10740,0.9928
2026-04-05T05:43:17.689452,87864,0.1↔0.3,0.833,100.0,целые тексты,3,,10741,0.9930
2026-04-05T05:43:17.893451,87868,0.1↔0.3,0.830,0.1,буквы/слоги,1,бытовой,10742,0.9932
2026-04-05T05:43:18.302426,87876,0.1↔0.3,0.823,30.0,абзацы,2,научный,10743,0.9931
2026-04-05T05:43:18.405452,87878,0.1↔0.3,0.824,30.0,абзацы,3,,10744,0.9933
2026-04-05T05:43:18.558452,87881,0.1↔0.3,0.822,0.1,буквы/слоги,1,бытовой,10745,0.9935
2026-04-05T05:43:19.629451,87902,0.1↔0.3,0.818,0.3,буквы/слоги,2,научный,10746,0.9934
2026-04-05T05:43:19.683428,87903,0.1↔0.3,0.817,10.0,предложения,3,,10747,0.9936
2026-04-05T05:43:20.041452,87910,0.1↔0.3,0.837,100.0,целые тексты,1,бытовой,10748,0.9938
2026-04-05T05:43:20.755427,87924,0.3↔1.0,0.812,1.0,слова,1,бытовой,10749,0.9940
2026-04-05T05:43:21.370452,87936,0.3↔1.0,0.816,10.0,предложения,4,метафорический,10750,0.9939
2026-04-05T05:43:21.474452,87938,0.1↔0.3,0.812,1.0,слова,3,,10751,0.9941
2026-04-05T05:43:21.576452,87940,0.3↔1.0,0.823,0.3,буквы/слоги,1,бытовой,10752,0.9943
2026-04-05T05:43:21.678451,87942,0.1↔0.3,0.810,10.0,предложения,3,,10753,0.9945
2026-04-05T05:43:21.780427,87944,0.3↔1.0,0.838,30.0,абзацы,2,научный,10754,0.9947
2026-04-05T05:43:21.831452,87945,0.1↔0.3,0.815,0.1,буквы/слоги,1,бытовой,10755,0.9949
2026-04-05T05:43:22.035451,87949,0.3↔1.0,0.822,0.1,буквы/слоги,2,научный,10756,0.9948
2026-04-05T05:43:22.700452,87962,0.1↔0.3,0.814,100.0,целые тексты,1,бытовой,10757,0.9947
2026-04-05T05:43:22.853452,87965,0.3↔1.0,0.816,10.0,предложения,2,научный,10758,0.9949
2026-04-05T05:43:24.129451,87990,0.1↔0.3,0.811,1.0,слова,3,,10759,0.9942
2026-04-05T05:43:25.310452,88013,0.1↔0.3,0.822,0.3,буквы/слоги,2,научный,10760,0.9938
2026-04-05T05:43:25.361425,88014,0.1↔0.3,0.828,3.0,словосочетания,1,бытовой,10761,0.9940
2026-04-05T05:43:25.769452,88022,0.1↔0.3,0.808,0.1,буквы/слоги,2,научный,10762,0.9942
2026-04-05T05:43:25.974452,88026,0.3↔1.0,0.834,10.0,предложения,1,бытовой,10763,0.9944
2026-04-05T05:43:26.025433,88027,0.1↔0.3,0.813,1.0,слова,2,научный,10764,0.9946
2026-04-05T05:43:26.127452,88029,0.3↔1.0,0.825,30.0,абзацы,1,бытовой,10765,0.9948
2026-04-05T05:43:26.657452,88039,0.1↔0.3,0.817,10.0,предложения,3,,10766,0.9950
2026-04-05T05:43:26.710452,88040,0.3↔1.0,0.835,30.0,абзацы,1,бытовой,10767,0.9952
2026-04-05T05:43:26.965423,88045,0.1↔0.3,0.823,30.0,абзацы,2,научный,10768,0.9954
2026-04-05T05:43:27.118452,88048,0.1↔0.3,0.813,10.0,предложения,2,научный,10769,0.9956
2026-04-05T05:43:27.679451,88059,0.1↔0.3,0.819,100.0,целые тексты,1,бытовой,10770,0.9955
2026-04-05T05:43:28.036451,88066,0.1↔0.3,0.826,30.0,абзацы,3,,10771,0.9954
2026-04-05T05:43:28.397426,88073,0.1↔0.3,0.826,30.0,абзацы,2,научный,10772,0.9950
2026-04-05T05:43:28.822451,88081,0.3↔1.0,0.822,100.0,целые тексты,3,,10773,0.9952
2026-04-05T05:43:29.083452,88086,0.3↔1.0,0.828,0.3,буквы/слоги,1,бытовой,10774,0.9954
2026-04-05T05:43:29.799452,88100,0.1↔0.3,0.808,10.0,предложения,3,,10775,0.9956
2026-04-05T05:43:30.055451,88105,0.1↔0.3,0.829,0.3,буквы/слоги,1,бытовой,10776,0.9958
2026-04-05T05:43:30.362451,88111,0.3↔1.0,0.836,30.0,абзацы,2,научный,10777,0.9954
2026-04-05T05:43:30.413432,88112,0.1↔0.3,0.818,100.0,целые тексты,2,научный,10778,0.9956
2026-04-05T05:43:30.464452,88113,0.3↔1.0,0.823,100.0,целые тексты,2,научный,10779,0.9958
2026-04-05T05:43:31.281427,88129,0.1↔0.3,0.835,100.0,целые тексты,2,научный,10780,0.9951
2026-04-05T05:43:31.945451,88142,0.3↔1.0,0.820,0.1,буквы/слоги,1,бытовой,10781,0.9950
2026-04-05T05:43:31.996423,88143,0.3↔1.0,0.836,30.0,абзацы,3,,10782,0.9952
2026-04-05T05:43:32.252425,88148,0.3↔1.0,0.809,0.3,буквы/слоги,1,бытовой,10783,0.9954
2026-04-05T05:43:32.507451,88153,0.1↔0.3,0.819,1.0,слова,1,бытовой,10784,0.9956
2026-04-05T05:43:33.080451,88164,0.1↔0.3,0.810,0.1,буквы/слоги,1,бытовой,10785,0.9949
2026-04-05T05:43:33.182452,88166,0.3↔1.0,0.835,0.1,буквы/слоги,3,,10786,0.9951
2026-04-05T05:43:33.539451,88173,0.1↔0.3,0.831,3.0,словосочетания,2,научный,10787,0.9953
2026-04-05T05:43:33.591428,88174,0.1↔0.3,0.815,100.0,целые тексты,1,бытовой,10788,0.9955
2026-04-05T05:43:34.258452,88187,0.3↔1.0,0.828,30.0,абзацы,2,научный,10789,0.9951
2026-04-05T05:43:34.513452,88192,0.1↔0.3,0.819,1.0,слова,1,бытовой,10790,0.9953
2026-04-05T05:43:35.682422,88214,0.1↔0.3,0.828,30.0,абзацы,1,бытовой,10791,0.9943
2026-04-05T05:43:36.041452,88221,0.3↔1.0,0.828,0.3,буквы/слоги,1,бытовой,10792,0.9945
2026-04-05T05:43:36.348452,88227,0.1↔0.3,0.816,0.1,буквы/слоги,2,научный,10793,0.9947
2026-04-05T05:43:36.603452,88232,0.3↔1.0,0.819,1.0,слова,3,,10794,0.9949
2026-04-05T05:43:37.011452,88240,0.1↔0.3,0.834,30.0,абзацы,3,,10795,0.9951
2026-04-05T05:43:37.216451,88244,0.3↔1.0,0.828,0.3,буквы/слоги,2,научный,10796,0.9953
2026-04-05T05:43:37.267424,88245,0.1↔0.3,0.831,10.0,предложения,2,научный,10797,0.9955
2026-04-05T05:43:38.232452,88263,0.1↔0.3,0.810,100.0,целые тексты,2,научный,10798,0.9951
2026-04-05T05:43:40.318427,88303,0.3↔1.0,0.826,0.3,буквы/слоги,1,бытовой,10799,0.9938
2026-04-05T05:43:40.989452,88316,0.1↔0.3,0.838,10.0,предложения,2,научный,10800,0.9934
2026-04-05T05:43:41.091433,88318,0.1↔0.3,0.816,10.0,предложения,3,,10801,0.9936
2026-04-05T05:43:41.499451,88326,0.1↔0.3,0.812,3.0,словосочетания,2,научный,10802,0.9935
2026-04-05T05:43:41.959451,88335,0.1↔0.3,0.834,3.0,словосочетания,3,,10803,0.9934
2026-04-05T05:43:42.061452,88337,0.1↔0.3,0.808,30.0,абзацы,1,бытовой,10804,0.9936
2026-04-05T05:43:43.127452,88357,0.1↔0.3,0.825,100.0,целые тексты,2,научный,10805,0.9935
2026-04-05T05:43:43.792452,88370,0.1↔0.3,0.823,0.3,буквы/слоги,2,научный,10806,0.9934
2026-04-05T05:43:43.873424,88371,0.1↔0.3,0.831,0.1,буквы/слоги,3,,10807,0.9936
2026-04-05T05:43:44.348452,88379,0.3↔1.0,0.811,10.0,предложения,3,,10808,0.9935
2026-04-05T05:43:44.450451,88381,0.1↔0.3,0.827,3.0,словосочетания,2,научный,10809,0.9934
2026-04-05T05:43:44.655452,88385,0.1↔0.3,0.834,30.0,абзацы,1,бытовой,10810,0.9936
2026-04-05T05:43:46.116452,88413,0.1↔0.3,0.827,3.0,словосочетания,2,научный,10811,0.9926
2026-04-05T05:43:47.650433,88443,0.1↔0.3,0.833,0.1,буквы/слоги,1,бытовой,10812,0.9922
2026-04-05T05:43:47.803452,88446,0.1↔0.3,0.816,100.0,целые тексты,1,бытовой,10813,0.9924
2026-04-05T05:43:47.854452,88447,0.1↔0.3,0.834,0.1,буквы/слоги,3,,10814,0.9926
2026-04-05T05:43:48.415452,88458,0.1↔0.3,0.816,0.1,буквы/слоги,3,,10815,0.9922
2026-04-05T05:43:48.621427,88462,0.3↔1.0,0.835,100.0,целые тексты,1,бытовой,10816,0.9921
2026-04-05T05:43:48.724451,88464,0.1↔0.3,0.826,0.3,буквы/слоги,1,бытовой,10817,0.9923
2026-04-05T05:43:49.368451,88476,0.1↔0.3,0.831,30.0,абзацы,1,бытовой,10818,0.9925
2026-04-05T05:43:49.424426,88477,0.1↔0.3,0.816,10.0,предложения,1,бытовой,10819,0.9927
2026-04-05T05:43:50.255451,88493,0.1↔0.3,0.811,100.0,целые тексты,1,бытовой,10820,0.9929
2026-04-05T05:43:50.460452,88497,0.3↔1.0,0.811,10.0,предложения,3,,10821,0.9928
2026-04-05T05:43:52.225451,88531,0.3↔1.0,0.816,3.0,словосочетания,4,метафорический,10822,0.9918
2026-04-05T05:43:52.773452,88541,0.1↔0.3,0.834,30.0,абзацы,1,бытовой,10823,0.9920
2026-04-05T05:43:53.389451,88553,0.3↔1.0,0.830,3.0,словосочетания,2,научный,10824,0.9919
2026-04-05T05:43:53.746452,88560,0.3↔1.0,0.817,0.1,буквы/слоги,3,,10825,0.9921
2026-04-05T05:43:53.802422,88561,0.1↔0.3,0.821,100.0,целые тексты,2,научный,10826,0.9923
2026-04-05T05:43:54.211451,88569,0.3↔1.0,0.822,100.0,целые тексты,3,,10827,0.9925
2026-04-05T05:43:55.468452,88593,0.1↔0.3,0.818,100.0,целые тексты,2,научный,10828,0.9915
2026-04-05T05:43:55.570427,88595,0.3↔1.0,0.829,0.3,буквы/слоги,3,,10829,0.9917
2026-04-05T05:43:55.673452,88597,0.3↔1.0,0.835,0.1,буквы/слоги,4,метафорический,10830,0.9919
2026-04-05T05:43:55.889452,88601,0.1↔0.3,0.810,1.0,слова,4,метафорический,10831,0.9921
2026-04-05T05:43:55.991452,88603,0.1↔0.3,0.812,0.1,буквы/слоги,3,,10832,0.9923
2026-04-05T05:43:56.399451,88611,0.1↔0.3,0.830,100.0,целые тексты,3,,10833,0.9922
2026-04-05T05:43:56.887427,88620,0.1↔0.3,0.834,30.0,абзацы,2,научный,10834,0.9921
2026-04-05T05:43:56.992451,88622,0.1↔0.3,0.833,3.0,словосочетания,4,метафорический,10835,0.9923
2026-04-05T05:43:57.043451,88623,0.1↔0.3,0.836,1.0,слова,3,,10836,0.9925
2026-04-05T05:43:57.145452,88625,0.1↔0.3,0.814,30.0,абзацы,1,бытовой,10837,0.9927
2026-04-05T05:43:57.655452,88635,0.3↔1.0,0.832,10.0,предложения,3,,10838,0.9929
2026-04-05T05:43:58.689452,88655,0.1↔0.3,0.828,0.1,буквы/слоги,1,бытовой,10839,0.9928
2026-04-05T05:43:58.944452,88660,0.1↔0.3,0.833,1.0,слова,2,научный,10840,0.9930
2026-04-05T05:43:59.404452,88669,0.1↔0.3,0.816,0.3,буквы/слоги,1,бытовой,10841,0.9929
2026-04-05T05:44:00.287422,88686,0.1↔0.3,0.810,30.0,абзацы,1,бытовой,10842,0.9931
2026-04-05T05:44:00.960432,88699,0.1↔0.3,0.827,0.1,буквы/слоги,3,,10843,0.9927
2026-04-05T05:44:01.114452,88702,0.3↔1.0,0.823,0.1,буквы/слоги,4,метафорический,10844,0.9929
2026-04-05T05:44:01.624452,88712,0.1↔0.3,0.818,0.1,буквы/слоги,2,научный,10845,0.9931
2026-04-05T05:44:01.930452,88718,0.3↔1.0,0.823,100.0,целые тексты,2,научный,10846,0.9933
2026-04-05T05:44:02.032451,88720,0.3↔1.0,0.826,3.0,словосочетания,1,бытовой,10847,0.9935
2026-04-05T05:44:02.288452,88725,0.3↔1.0,0.812,0.1,буквы/слоги,1,бытовой,10848,0.9934
2026-04-05T05:44:03.149426,88741,0.1↔0.3,0.814,0.3,буквы/слоги,1,бытовой,10849,0.9936
2026-04-05T05:44:03.356439,88745,0.3↔1.0,0.826,0.3,буквы/слоги,3,,10850,0.9938
2026-04-05T05:44:03.560451,88749,0.1↔0.3,0.810,100.0,целые тексты,1,бытовой,10851,0.9940
2026-04-05T05:44:05.056451,88778,0.1↔0.3,0.828,0.1,буквы/слоги,1,бытовой,10852,0.9927
2026-04-05T05:44:05.158452,88780,0.1↔0.3,0.819,0.1,буквы/слоги,2,научный,10853,0.9929
2026-04-05T05:44:05.362452,88784,0.1↔0.3,0.811,0.1,буквы/слоги,3,,10854,0.9931
2026-04-05T05:44:05.977452,88796,0.3↔1.0,0.809,10.0,предложения,4,метафорический,10855,0.9927
2026-04-05T05:44:06.079452,88798,0.3↔1.0,0.818,100.0,целые тексты,4,метафорический,10856,0.9929
2026-04-05T05:44:06.130452,88799,0.1↔0.3,0.817,30.0,абзацы,2,научный,10857,0.9931
2026-04-05T05:44:06.181452,88800,0.3↔1.0,0.816,3.0,словосочетания,1,бытовой,10858,0.9933
2026-04-05T05:44:06.692452,88810,0.1↔0.3,0.821,30.0,абзацы,3,,10859,0.9932
2026-04-05T05:44:07.100451,88818,0.3↔1.0,0.831,30.0,абзацы,2,научный,10860,0.9931
2026-04-05T05:44:07.753426,88830,0.1↔0.3,0.832,1.0,слова,3,,10861,0.9930
2026-04-05T05:44:07.958452,88834,0.1↔0.3,0.833,0.1,буквы/слоги,3,,10862,0.9932
2026-04-05T05:44:08.522451,88845,0.1↔0.3,0.812,10.0,предложения,3,,10863,0.9931
2026-04-05T05:44:08.573451,88846,0.3↔1.0,0.813,0.3,буквы/слоги,3,,10864,0.9933
2026-04-05T05:44:08.675452,88848,0.1↔0.3,0.816,100.0,целые тексты,1,бытовой,10865,0.9935
2026-04-05T05:44:09.102422,88856,0.1↔0.3,0.830,1.0,слова,2,научный,10866,0.9937
2026-04-05T05:44:09.206452,88858,0.1↔0.3,0.823,0.1,буквы/слоги,3,,10867,0.9939
2026-04-05T05:44:09.360452,88861,0.1↔0.3,0.817,100.0,целые тексты,1,бытовой,10868,0.9941
2026-04-05T05:44:09.513451,88864,0.3↔1.0,0.811,10.0,предложения,2,научный,10869,0.9943
2026-04-05T05:44:09.666433,88867,0.3↔1.0,0.816,0.3,буквы/слоги,1,бытовой,10870,0.9939
2026-04-05T05:44:11.043426,88894,0.1↔0.3,0.837,1.0,слова,1,бытовой,10871,0.9938
2026-04-05T05:44:11.605452,88905,0.1↔0.3,0.824,1.0,слова,2,научный,10872,0.9934
2026-04-05T05:44:11.760451,88908,0.1↔0.3,0.833,1.0,слова,2,научный,10873,0.9936
2026-04-05T05:44:12.425425,88921,0.3↔1.0,0.835,10.0,предложения,2,научный,10874,0.9938
2026-04-05T05:44:12.834452,88929,0.1↔0.3,0.834,100.0,целые тексты,2,научный,10875,0.9937
2026-04-05T05:44:13.142452,88935,0.1↔0.3,0.835,3.0,словосочетания,3,,10876,0.9936
2026-04-05T05:44:13.346451,88939,0.3↔1.0,0.830,100.0,целые тексты,2,научный,10877,0.9935
2026-04-05T05:44:13.397452,88940,0.1↔0.3,0.826,0.3,буквы/слоги,1,бытовой,10878,0.9937
2026-04-05T05:44:14.423427,88960,0.3↔1.0,0.834,100.0,целые тексты,4,метафорический,10879,0.9927
2026-04-05T05:44:14.627426,88964,0.1↔0.3,0.818,0.3,буквы/слоги,4,метафорический,10880,0.9929
2026-04-05T05:44:14.681429,88965,0.1↔0.3,0.834,0.3,буквы/слоги,2,научный,10881,0.9931
2026-04-05T05:44:14.941452,88970,0.1↔0.3,0.831,0.1,буквы/слоги,3,,10882,0.9933
2026-04-05T05:44:15.043452,88972,0.3↔1.0,0.823,3.0,словосочетания,1,бытовой,10883,0.9935
2026-04-05T05:44:15.094451,88973,0.1↔0.3,0.833,0.1,буквы/слоги,1,бытовой,10884,0.9937
2026-04-05T05:44:16.213452,88994,0.3↔1.0,0.837,30.0,абзацы,2,научный,10885,0.9927
2026-04-05T05:44:17.539452,89020,0.3↔1.0,0.812,1.0,слова,1,бытовой,10886,0.9926
2026-04-05T05:44:17.641452,89022,0.1↔0.3,0.814,1.0,слова,3,,10887,0.9928
2026-04-05T05:44:17.794451,89025,0.1↔0.3,0.815,100.0,целые тексты,1,бытовой,10888,0.9930
2026-04-05T05:44:18.355451,89036,0.3↔1.0,0.812,3.0,словосочетания,2,научный,10889,0.9932
2026-04-05T05:44:18.715452,89043,0.3↔1.0,0.833,100.0,целые тексты,3,,10890,0.9931
2026-04-05T05:44:19.228451,89052,0.1↔0.3,0.810,10.0,предложения,1,бытовой,10891,0.9927
2026-04-05T05:44:19.330451,89054,0.1↔0.3,0.812,100.0,целые тексты,4,метафорический,10892,0.9929
2026-04-05T05:44:20.401452,89075,0.3↔1.0,0.814,30.0,абзацы,3,,10893,0.9928
2026-04-05T05:44:21.166452,89090,0.1↔0.3,0.821,10.0,предложения,3,,10894,0.9930
2026-04-05T05:44:21.217433,89091,0.1↔0.3,0.814,30.0,абзацы,3,,10895,0.9932
2026-04-05T05:44:22.403452,89114,0.1↔0.3,0.810,1.0,слова,3,,10896,0.9928
2026-04-05T05:44:22.663451,89119,0.1↔0.3,0.829,1.0,слова,2,научный,10897,0.9930
2026-04-05T05:44:23.429452,89134,0.1↔0.3,0.813,3.0,словосочетания,3,,10898,0.9929
2026-04-05T05:44:24.096451,89147,0.3↔1.0,0.810,0.1,буквы/слоги,4,метафорический,10899,0.9931
2026-04-05T05:44:24.250452,89150,0.1↔0.3,0.814,100.0,целые тексты,1,бытовой,10900,0.9933
2026-04-05T05:44:24.404452,89153,0.1↔0.3,0.812,10.0,предложения,2,научный,10901,0.9932
2026-04-05T05:44:24.710427,89159,0.1↔0.3,0.833,3.0,словосочетания,1,бытовой,10902,0.9931
2026-04-05T05:44:24.863452,89162,0.3↔1.0,0.836,10.0,предложения,1,бытовой,10903,0.9933
2026-04-05T05:44:24.914451,89163,0.3↔1.0,0.828,0.1,буквы/слоги,3,,10904,0.9935
2026-04-05T05:44:25.322452,89171,0.3↔1.0,0.820,100.0,целые тексты,3,,10905,0.9937
2026-04-05T05:44:26.046452,89185,0.1↔0.3,0.825,10.0,предложения,2,научный,10906,0.9936
2026-04-05T05:44:26.711452,89198,0.3↔1.0,0.811,30.0,абзацы,2,научный,10907,0.9929
2026-04-05T05:44:26.966452,89203,0.1↔0.3,0.815,1.0,слова,2,научный,10908,0.9931
2026-04-05T05:44:27.938452,89222,0.1↔0.3,0.837,10.0,предложения,2,научный,10909,0.9930
2026-04-05T05:44:27.989452,89223,0.1↔0.3,0.816,30.0,абзацы,1,бытовой,10910,0.9932
2026-04-05T05:44:28.347425,89230,0.1↔0.3,0.810,10.0,предложения,4,метафорический,10911,0.9934
2026-04-05T05:44:28.604432,89235,0.1↔0.3,0.811,1.0,слова,4,метафорический,10912,0.9930
2026-04-05T05:44:28.655452,89236,0.1↔0.3,0.820,0.1,буквы/слоги,2,научный,10913,0.9932
2026-04-05T05:44:29.215451,89246,0.3↔1.0,0.811,30.0,абзацы,3,,10914,0.9928
2026-04-05T05:44:31.449452,89289,0.1↔0.3,0.821,10.0,предложения,1,бытовой,10915,0.9915
2026-04-05T05:44:31.551451,89291,0.1↔0.3,0.823,1.0,слова,1,бытовой,10916,0.9917
2026-04-05T05:44:32.868452,89316,0.3↔1.0,0.826,30.0,абзацы,2,научный,10917,0.9916
2026-04-05T05:44:33.074451,89320,0.1↔0.3,0.815,100.0,целые тексты,2,научный,10918,0.9915
2026-04-05T05:44:33.177452,89322,0.1↔0.3,0.825,30.0,абзацы,2,научный,10919,0.9917
2026-04-05T05:44:33.330451,89325,0.1↔0.3,0.832,0.1,буквы/слоги,3,,10920,0.9919
2026-04-05T05:44:33.739451,89333,0.1↔0.3,0.837,30.0,абзацы,2,научный,10921,0.9918
2026-04-05T05:44:34.458452,89347,0.1↔0.3,0.814,0.1,буквы/слоги,1,бытовой,10922,0.9920
2026-04-05T05:44:35.414426,89365,0.3↔1.0,0.819,10.0,предложения,1,бытовой,10923,0.9910
2026-04-05T05:44:36.284452,89382,0.3↔1.0,0.831,30.0,абзацы,2,научный,10924,0.9909
2026-04-05T05:44:36.335452,89383,0.3↔1.0,0.834,1.0,слова,1,бытовой,10925,0.9911
2026-04-05T05:44:36.845451,89393,0.1↔0.3,0.825,10.0,предложения,1,бытовой,10926,0.9913
2026-04-05T05:44:37.055452,89397,0.1↔0.3,0.822,10.0,предложения,1,бытовой,10927,0.9912
2026-04-05T05:44:37.208451,89400,0.1↔0.3,0.824,100.0,целые тексты,2,научный,10928,0.9914
2026-04-05T05:44:37.973452,89415,0.1↔0.3,0.821,10.0,предложения,2,научный,10929,0.9916
2026-04-05T05:44:38.550452,89426,0.3↔1.0,0.816,0.3,буквы/слоги,1,бытовой,10930,0.9918
2026-04-05T05:44:38.760452,89430,0.3↔1.0,0.838,10.0,предложения,3,,10931,0.9917
2026-04-05T05:44:38.913451,89433,0.1↔0.3,0.820,30.0,абзацы,1,бытовой,10932,0.9919
2026-04-05T05:44:38.964452,89434,0.3↔1.0,0.813,0.1,буквы/слоги,1,бытовой,10933,0.9921
2026-04-05T05:44:39.015433,89435,0.3↔1.0,0.814,30.0,абзацы,1,бытовой,10934,0.9923
2026-04-05T05:44:39.997452,89453,0.3↔1.0,0.820,30.0,абзацы,2,научный,10935,0.9922
2026-04-05T05:44:40.048452,89454,0.1↔0.3,0.822,10.0,предложения,3,,10936,0.9924
2026-04-05T05:44:42.620451,89504,0.1↔0.3,0.814,0.3,буквы/слоги,1,бытовой,10937,0.9908
2026-04-05T05:44:42.728451,89506,0.3↔1.0,0.828,10.0,предложения,2,научный,10938,0.9910
2026-04-05T05:44:42.881451,89509,0.3↔1.0,0.829,10.0,предложения,1,бытовой,10939,0.9912
2026-04-05T05:44:43.646452,89524,0.1↔0.3,0.834,10.0,предложения,3,,10940,0.9905
2026-04-05T05:44:45.074452,89552,0.1↔0.3,0.822,100.0,целые тексты,3,,10941,0.9895
2026-04-05T05:44:45.584452,89562,0.1↔0.3,0.811,3.0,словосочетания,2,научный,10942,0.9894
2026-04-05T05:44:45.686427,89564,0.1↔0.3,0.817,0.3,буквы/слоги,2,научный,10943,0.9896
2026-04-05T05:44:45.739427,89565,0.1↔0.3,0.818,3.0,словосочетания,3,,10944,0.9898
2026-04-05T05:44:45.953451,89569,0.1↔0.3,0.820,10.0,предложения,1,бытовой,10945,0.9900
2026-04-05T05:44:46.363451,89577,0.3↔1.0,0.836,100.0,целые тексты,2,научный,10946,0.9902
2026-04-05T05:44:47.897451,89607,0.3↔1.0,0.827,100.0,целые тексты,1,бытовой,10947,0.9901
2026-04-05T05:44:48.101452,89611,0.1↔0.3,0.822,10.0,предложения,2,научный,10948,0.9903
2026-04-05T05:44:48.307452,89615,0.1↔0.3,0.809,1.0,слова,3,,10949,0.9902
2026-04-05T05:44:48.818452,89625,0.1↔0.3,0.828,0.3,буквы/слоги,2,научный,10950,0.9901
2026-04-05T05:44:49.892452,89646,0.3↔1.0,0.809,0.3,буквы/слоги,1,бытовой,10951,0.9900
2026-04-05T05:44:50.249452,89653,0.1↔0.3,0.827,100.0,целые тексты,2,научный,10952,0.9899
2026-04-05T05:44:50.402452,89656,0.1↔0.3,0.815,100.0,целые тексты,1,бытовой,10953,0.9901
2026-04-05T05:44:51.084451,89669,0.3↔1.0,0.834,100.0,целые тексты,1,бытовой,10954,0.9900
2026-04-05T05:44:51.442452,89676,0.3↔1.0,0.814,1.0,слова,2,научный,10955,0.9902
2026-04-05T05:44:51.559451,89678,0.1↔0.3,0.822,30.0,абзацы,3,,10956,0.9904
2026-04-05T05:44:51.765451,89682,0.1↔0.3,0.817,30.0,абзацы,1,бытовой,10957,0.9906
2026-04-05T05:44:52.174452,89690,0.3↔1.0,0.831,3.0,словосочетания,3,,10958,0.9908
2026-04-05T05:44:52.328426,89693,0.1↔0.3,0.825,3.0,словосочетания,4,метафорический,10959,0.9910
2026-04-05T05:44:52.635452,89699,0.3↔1.0,0.832,0.3,буквы/слоги,1,бытовой,10960,0.9909
2026-04-05T05:44:52.686451,89700,0.3↔1.0,0.820,3.0,словосочетания,2,научный,10961,0.9911
2026-04-05T05:44:52.737430,89701,0.1↔0.3,0.835,0.3,буквы/слоги,2,научный,10962,0.9913
2026-04-05T05:44:52.839426,89703,0.3↔1.0,0.812,1.0,слова,1,бытовой,10963,0.9915
2026-04-05T05:44:53.655451,89719,0.3↔1.0,0.836,3.0,словосочетания,4,метафорический,10964,0.9917
2026-04-05T05:44:53.860452,89723,0.1↔0.3,0.823,100.0,целые тексты,2,научный,10965,0.9919
2026-04-05T05:44:54.064451,89727,0.3↔1.0,0.812,30.0,абзацы,3,,10966,0.9921
2026-04-05T05:44:54.319451,89732,0.1↔0.3,0.834,30.0,абзацы,1,бытовой,10967,0.9923
2026-04-05T05:44:54.779452,89741,0.1↔0.3,0.823,0.1,буквы/слоги,1,бытовой,10968,0.9922
2026-04-05T05:44:55.586452,89756,0.3↔1.0,0.829,30.0,абзацы,3,,10969,0.9921
2026-04-05T05:44:55.994451,89764,0.1↔0.3,0.837,0.3,буквы/слоги,3,,10970,0.9920
2026-04-05T05:44:56.097452,89766,0.3↔1.0,0.823,100.0,целые тексты,2,научный,10971,0.9922
2026-04-05T05:44:56.251452,89769,0.3↔1.0,0.820,3.0,словосочетания,1,бытовой,10972,0.9924
2026-04-05T05:44:56.353451,89771,0.3↔1.0,0.818,3.0,словосочетания,3,,10973,0.9926
2026-04-05T05:44:56.609451,89776,0.3↔1.0,0.812,0.1,буквы/слоги,1,бытовой,10974,0.9928
2026-04-05T05:44:57.333432,89790,0.1↔0.3,0.814,0.3,буквы/слоги,2,научный,10975,0.9930
2026-04-05T05:44:58.355425,89810,0.3↔1.0,0.809,3.0,словосочетания,1,бытовой,10976,0.9926
2026-04-05T05:44:58.408452,89811,0.1↔0.3,0.823,10.0,предложения,1,бытовой,10977,0.9928
2026-04-05T05:44:59.054451,89822,0.1↔0.3,0.823,0.1,буквы/слоги,1,бытовой,10978,0.9927
2026-04-05T05:45:00.024432,89841,0.1↔0.3,0.836,100.0,целые тексты,3,,10979,0.9926
2026-04-05T05:45:00.127451,89843,0.1↔0.3,0.827,0.1,буквы/слоги,3,,10980,0.9928
2026-04-05T05:45:00.229451,89845,0.3↔1.0,0.834,100.0,целые тексты,3,,10981,0.9930
2026-04-05T05:45:00.688452,89854,0.1↔0.3,0.828,0.3,буквы/слоги,3,,10982,0.9929
2026-04-05T05:45:01.312426,89866,0.1↔0.3,0.822,1.0,слова,2,научный,10983,0.9925
2026-04-05T05:45:02.744451,89894,0.1↔0.3,0.816,10.0,предложения,2,научный,10984,0.9918
2026-04-05T05:45:02.795432,89895,0.1↔0.3,0.811,3.0,словосочетания,3,,10985,0.9920
2026-04-05T05:45:03.546452,89909,0.1↔0.3,0.833,100.0,целые тексты,1,бытовой,10986,0.9916
2026-04-05T05:45:04.789452,89933,0.3↔1.0,0.820,1.0,слова,2,научный,10987,0.9909
2026-04-05T05:45:05.401452,89945,0.1↔0.3,0.813,3.0,словосочетания,2,научный,10988,0.9911
2026-04-05T05:45:05.606451,89949,0.1↔0.3,0.836,30.0,абзацы,3,,10989,0.9913
2026-04-05T05:45:05.963452,89956,0.1↔0.3,0.828,10.0,предложения,4,метафорический,10990,0.9912
2026-04-05T05:45:06.066432,89958,0.3↔1.0,0.822,1.0,слова,2,научный,10991,0.9914
2026-04-05T05:45:06.169451,89960,0.1↔0.3,0.811,1.0,слова,2,научный,10992,0.9916
2026-04-05T05:45:06.373452,89964,0.3↔1.0,0.820,1.0,слова,2,научный,10993,0.9918
2026-04-05T05:45:08.329426,90002,0.1↔0.3,0.824,10.0,предложения,4,метафорический,10994,0.9914
2026-04-05T05:45:08.431451,90004,0.3↔1.0,0.817,0.1,буквы/слоги,4,метафорический,10995,0.9916
2026-04-05T05:45:09.153451,90018,0.1↔0.3,0.821,1.0,слова,2,научный,10996,0.9915
2026-04-05T05:45:09.256452,90020,0.1↔0.3,0.829,100.0,целые тексты,3,,10997,0.9917
2026-04-05T05:45:09.461452,90024,0.1↔0.3,0.821,30.0,абзацы,3,,10998,0.9916
2026-04-05T05:45:09.563452,90026,0.1↔0.3,0.821,30.0,абзацы,3,,10999,0.9918
2026-04-05T05:45:09.922452,90033,0.3↔1.0,0.826,0.3,буквы/слоги,3,,11000,0.9917
2026-04-05T05:45:10.279452,90040,0.1↔0.3,0.819,0.1,буквы/слоги,4,метафорический,11001,0.9916
2026-04-05T05:45:10.484426,90044,0.1↔0.3,0.836,0.3,буквы/слоги,1,бытовой,11002,0.9918
2026-04-05T05:45:10.740452,90049,0.3↔1.0,0.827,0.3,буквы/слоги,3,,11003,0.9917
2026-04-05T05:45:10.791435,90050,0.1↔0.3,0.826,1.0,слова,3,,11004,0.9919
2026-04-05T05:45:10.893451,90052,0.3↔1.0,0.835,1.0,слова,3,,11005,0.9921
2026-04-05T05:45:11.148451,90057,0.1↔0.3,0.829,0.3,буквы/слоги,2,научный,11006,0.9923
2026-04-05T05:45:11.360452,90061,0.3↔1.0,0.816,0.3,буквы/слоги,2,научный,11007,0.9925
2026-04-05T05:45:11.720451,90068,0.1↔0.3,0.825,0.3,буквы/слоги,2,научный,11008,0.9924
2026-04-05T05:45:11.822452,90070,0.1↔0.3,0.815,100.0,целые тексты,1,бытовой,11009,0.9926
2026-04-05T05:45:12.026451,90074,0.3↔1.0,0.835,1.0,слова,2,научный,11010,0.9928
2026-04-05T05:45:12.976452,90092,0.3↔1.0,0.835,30.0,абзацы,3,,11011,0.9927
2026-04-05T05:45:13.027451,90093,0.1↔0.3,0.825,0.1,буквы/слоги,1,бытовой,11012,0.9929
2026-04-05T05:45:13.231451,90097,0.1↔0.3,0.818,0.3,буквы/слоги,3,,11013,0.9931
2026-04-05T05:45:13.333427,90099,0.1↔0.3,0.826,0.1,буквы/слоги,1,бытовой,11014,0.9933
2026-04-05T05:45:14.047452,90113,0.3↔1.0,0.828,30.0,абзацы,3,,11015,0.9932
2026-04-05T05:45:14.101428,90114,0.1↔0.3,0.818,10.0,предложения,1,бытовой,11016,0.9934
2026-04-05T05:45:14.473426,90121,0.3↔1.0,0.816,0.3,буквы/слоги,2,научный,11017,0.9936
2026-04-05T05:45:14.710452,90125,0.1↔0.3,0.823,30.0,абзацы,3,,11018,0.9938
2026-04-05T05:45:15.435451,90139,0.3↔1.0,0.813,3.0,словосочетания,3,,11019,0.9937
2026-04-05T05:45:16.214451,90154,0.1↔0.3,0.831,10.0,предложения,3,,11020,0.9936
2026-04-05T05:45:16.469451,90159,0.1↔0.3,0.818,0.1,буквы/слоги,4,метафорический,11021,0.9938
2026-04-05T05:45:16.775452,90165,0.3↔1.0,0.828,0.3,буквы/слоги,1,бытовой,11022,0.9931
2026-04-05T05:45:17.489452,90179,0.3↔1.0,0.827,0.1,буквы/слоги,4,метафорический,11023,0.9927
2026-04-05T05:45:17.591451,90181,0.1↔0.3,0.834,0.3,буквы/слоги,1,бытовой,11024,0.9929
2026-04-05T05:45:17.795452,90185,0.1↔0.3,0.818,10.0,предложения,1,бытовой,11025,0.9931
2026-04-05T05:45:18.153452,90192,0.1↔0.3,0.820,1.0,слова,1,бытовой,11026,0.9933
2026-04-05T05:45:19.530452,90219,0.1↔0.3,0.833,0.3,буквы/слоги,1,бытовой,11027,0.9926
2026-04-05T05:45:19.887451,90226,0.3↔1.0,0.818,1.0,слова,3,,11028,0.9922
2026-04-05T05:45:20.040452,90229,0.1↔0.3,0.833,1.0,слова,3,,11029,0.9924
2026-04-05T05:45:20.143427,90231,0.1↔0.3,0.832,0.3,буквы/слоги,1,бытовой,11030,0.9926
2026-04-05T05:45:20.246451,90233,0.1↔0.3,0.810,0.1,буквы/слоги,1,бытовой,11031,0.9928
2026-04-05T05:45:20.757452,90243,0.1↔0.3,0.822,100.0,целые тексты,4,метафорический,11032,0.9930
2026-04-05T05:45:20.911452,90246,0.1↔0.3,0.811,100.0,целые тексты,4,метафорический,11033,0.9932
2026-04-05T05:45:21.457422,90256,0.3↔1.0,0.816,0.3,буквы/слоги,2,научный,11034,0.9931
2026-04-05T05:45:21.768453,90262,0.1↔0.3,0.836,10.0,предложения,1,бытовой,11035,0.9930
2026-04-05T05:45:22.176451,90270,0.1↔0.3,0.812,1.0,слова,3,,11036,0.9932
2026-04-05T05:45:22.431452,90275,0.1↔0.3,0.837,0.1,буквы/слоги,2,научный,11037,0.9931
2026-04-05T05:45:22.482435,90276,0.3↔1.0,0.836,0.1,буквы/слоги,1,бытовой,11038,0.9933
2026-04-05T05:45:22.737451,90281,0.3↔1.0,0.824,0.1,буквы/слоги,2,научный,11039,0.9932
2026-04-05T05:45:23.455423,90295,0.3↔1.0,0.838,0.1,буквы/слоги,1,бытовой,11040,0.9931
2026-04-05T05:45:23.814432,90302,0.3↔1.0,0.819,0.3,буквы/слоги,3,,11041,0.9930
2026-04-05T05:45:24.612451,90317,0.1↔0.3,0.836,0.3,буквы/слоги,3,,11042,0.9932
2026-04-05T05:45:25.282452,90330,0.3↔1.0,0.814,0.3,буквы/слоги,2,научный,11043,0.9928
2026-04-05T05:45:25.486452,90334,0.1↔0.3,0.825,3.0,словосочетания,4,метафорический,11044,0.9930
2026-04-05T05:45:26.829451,90360,0.1↔0.3,0.831,0.3,буквы/слоги,3,,11045,0.9929
2026-04-05T05:45:27.350451,90370,0.3↔1.0,0.827,0.3,буквы/слоги,2,научный,11046,0.9928
2026-04-05T05:45:27.708451,90377,0.3↔1.0,0.819,3.0,словосочетания,4,метафорический,11047,0.9930
2026-04-05T05:45:27.761426,90378,0.1↔0.3,0.832,30.0,абзацы,2,научный,11048,0.9932
2026-04-05T05:45:28.587428,90394,0.1↔0.3,0.814,0.1,буквы/слоги,3,,11049,0.9925
2026-04-05T05:45:29.037427,90402,0.1↔0.3,0.819,30.0,абзацы,2,научный,11050,0.9924
2026-04-05T05:45:30.286427,90421,0.1↔0.3,0.822,100.0,целые тексты,1,бытовой,11051,0.9914
2026-04-05T05:45:30.856452,90432,0.3↔1.0,0.835,10.0,предложения,2,научный,11052,0.9910
2026-04-05T05:45:31.417452,90443,0.1↔0.3,0.829,100.0,целые тексты,2,научный,11053,0.9909
2026-04-05T05:45:31.528428,90445,0.1↔0.3,0.809,0.1,буквы/слоги,3,,11054,0.9911
2026-04-05T05:45:31.905426,90452,0.3↔1.0,0.818,3.0,словосочетания,1,бытовой,11055,0.9910
2026-04-05T05:45:32.553451,90463,0.1↔0.3,0.820,30.0,абзацы,1,бытовой,11056,0.9912
2026-04-05T05:45:32.783451,90467,0.1↔0.3,0.813,0.3,буквы/слоги,2,научный,11057,0.9914
2026-04-05T05:45:33.120422,90473,0.1↔0.3,0.828,1.0,слова,3,,11058,0.9913
2026-04-05T05:45:33.173427,90474,0.3↔1.0,0.838,0.3,буквы/слоги,1,бытовой,11059,0.9915
2026-04-05T05:45:34.376429,90495,0.1↔0.3,0.818,0.1,буквы/слоги,3,,11060,0.9911
2026-04-05T05:45:34.573430,90498,0.3↔1.0,0.813,0.3,буквы/слоги,4,метафорический,11061,0.9913
2026-04-05T05:45:34.849451,90503,0.1↔0.3,0.818,3.0,словосочетания,1,бытовой,11062,0.9912
2026-04-05T05:45:35.163451,90509,0.1↔0.3,0.837,100.0,целые тексты,4,метафорический,11063,0.9914
2026-04-05T05:45:35.810452,90521,0.3↔1.0,0.837,30.0,абзацы,3,,11064,0.9916
2026-04-05T05:45:36.070432,90525,0.3↔1.0,0.829,100.0,целые тексты,1,бытовой,11065,0.9915
2026-04-05T05:45:36.172433,90527,0.1↔0.3,0.832,0.1,буквы/слоги,1,бытовой,11066,0.9917
2026-04-05T05:45:36.583427,90535,0.1↔0.3,0.811,0.3,буквы/слоги,3,,11067,0.9916
2026-04-05T05:45:38.191427,90564,0.1↔0.3,0.836,10.0,предложения,1,бытовой,11068,0.9915
2026-04-05T05:45:39.139452,90581,0.1↔0.3,0.832,100.0,целые тексты,2,научный,11069,0.9911
2026-04-05T05:45:39.528451,90588,0.3↔1.0,0.815,1.0,слова,2,научный,11070,0.9910
2026-04-05T05:45:40.141453,90600,0.1↔0.3,0.826,1.0,слова,1,бытовой,11071,0.9912
2026-04-05T05:45:40.394435,90604,0.3↔1.0,0.812,30.0,абзацы,2,научный,11072,0.9911
2026-04-05T05:45:40.553432,90607,0.1↔0.3,0.809,0.1,буквы/слоги,2,научный,11073,0.9913
2026-04-05T05:45:40.612426,90608,0.1↔0.3,0.837,1.0,слова,1,бытовой,11074,0.9915
2026-04-05T05:45:40.777423,90611,0.3↔1.0,0.811,30.0,абзацы,3,,11075,0.9911
2026-04-05T05:45:41.095452,90617,0.1↔0.3,0.815,1.0,слова,2,научный,11076,0.9913
2026-04-05T05:45:41.440451,90623,0.1↔0.3,0.819,1.0,слова,2,научный,11077,0.9909
2026-04-05T05:45:42.426425,90642,0.1↔0.3,0.821,100.0,целые тексты,2,научный,11078,0.9908
2026-04-05T05:45:42.490423,90643,0.3↔1.0,0.810,10.0,предложения,4,метафорический,11079,0.9910
2026-04-05T05:45:43.123427,90655,0.1↔0.3,0.822,0.3,буквы/слоги,2,научный,11080,0.9909
2026-04-05T05:45:43.428423,90660,0.1↔0.3,0.827,10.0,предложения,1,бытовой,11081,0.9908
2026-04-05T05:45:44.251452,90676,0.1↔0.3,0.808,0.1,буквы/слоги,2,научный,11082,0.9910
2026-04-05T05:45:45.242452,90694,0.3↔1.0,0.824,100.0,целые тексты,2,научный,11083,0.9912
2026-04-05T05:45:45.854429,90705,0.3↔1.0,0.817,100.0,целые тексты,1,бытовой,11084,0.9908
2026-04-05T05:45:47.203451,90730,0.3↔1.0,0.825,1.0,слова,2,научный,11085,0.9910
2026-04-05T05:45:47.277429,90731,0.1↔0.3,0.832,30.0,абзацы,2,научный,11086,0.9912
2026-04-05T05:45:47.598451,90737,0.1↔0.3,0.819,0.1,буквы/слоги,2,научный,11087,0.9914
2026-04-05T05:45:47.673428,90738,0.1↔0.3,0.829,10.0,предложения,2,научный,11088,0.9916
2026-04-05T05:45:47.906429,90742,0.1↔0.3,0.812,100.0,целые тексты,4,метафорический,11089,0.9915
